event_id_cnty,event_date,year,time_precision,disorder_type,event_type,sub_event_type,actor1,assoc_actor_1,inter1,interaction,civilian_targeting,iso,region,country,admin1,admin2,admin3,location,latitude,longitude,geo_precision,source,source_scale,notes,fatalities,tags,timestamp,population_1km,population_2km,population_5km
SOM46640,2024-09-28,2024,1,"Political violence",Battles,"Armed clash","Al Shabaab",,2,28,,706,"Eastern Africa",Somalia,"Lower Shabelle",Baraawe,,Baraawe,1.1132,44.0297,2,"Al Furqaan; Calamada; Undisclosed Source","Local partner-Other","On 28 September 2024, overnight, Al Shabaab attacked ATMIS UPDF at a forward operating base in Buur-Colow village near Baraawe town (Baraawe, Lower Juba). The clash was initiated with RPGs and followed by exchange of gunfire. There were no casualties and Al Shabaab claimed responsibility.",0,"Foreign military engagement; Insurgency",1753970711,25015,35365,39278
SOM46640,2024-09-28,2024,1,"Political violence",Battles,"Armed clash","ATMIS: African Union Transition Mission in Somalia (2022-2024) (Uganda)",,8,28,,706,"Eastern Africa",Somalia,"Lower Shabelle",Baraawe,,Baraawe,1.1132,44.0297,2,"Al Furqaan; Calamada; Undisclosed Source","Local partner-Other","On 28 September 2024, overnight, Al Shabaab attacked ATMIS UPDF at a forward operating base in Buur-Colow village near Baraawe town (Baraawe, Lower Juba). The clash was initiated with RPGs and followed by exchange of gunfire. There were no casualties and Al Shabaab claimed responsibility.",0,"Foreign military engagement; Insurgency",1753970711,25015,35365,39278
SOM46642,2024-09-28,2024,1,"Political violence",Battles,"Armed clash","Al Shabaab",,2,28,,706,"Eastern Africa",Somalia,"Lower Shabelle",Qoryooley,,Qoryooley,1.7878,44.5300,1,"Al Furqaan; Calamada; Undisclosed Source","Local partner-Other","On 28 September 2024, overnight, Al Shabaab launched an attack against ATMIS UPDF troops at a forward base in Qoryooley town (Qoryooley, Lower Shabelle). The clash was initiated with RPGs and followed by an exchange of heavy gunfire. There were no casualties and Al Shabaab claimed responsibility.",0,"Foreign military engagement; Insurgency",1754354914,21744,30637,42192
SOM46642,2024-09-28,2024,1,"Political violence",Battles,"Armed clash","ATMIS: African Union Transition Mission in Somalia (2022-2024) (Uganda)",,8,28,,706,"Eastern Africa",Somalia,"Lower Shabelle",Qoryooley,,Qoryooley,1.7878,44.5300,1,"Al Furqaan; Calamada; Undisclosed Source","Local partner-Other","On 28 September 2024, overnight, Al Shabaab launched an attack against ATMIS UPDF troops at a forward base in Qoryooley town (Qoryooley, Lower Shabelle). The clash was initiated with RPGs and followed by an exchange of heavy gunfire. There were no casualties and Al Shabaab claimed responsibility.",0,"Foreign military engagement; Insurgency",1754354914,21744,30637,42192
NIG38763,2024-09-30,2024,2,"Political violence",Battles,"Armed clash","MNJTF: Multinational Joint Task Force",,8,28,,566,"Western Africa",Nigeria,Borno,Magumeri,,Magumeri,12.1131,12.8274,2,"Daily Trust (Nigeria)",National,"Around 30 September 2024, the Sector 3 MNJTF engaged Boko Haram militants in a firefight along the Magumeri-Maiduguri, coded to Magumeri (Magumeri, Borno). The militants were planning an attack around the Maiduguri axis when the MNJTF foiled their plan. They fled and left two AK-47 rifles, 51 rounds of 7.62mm special ammunition, two magazines, and 61 rounds of 7.62 NATO ammunition. There were no fatalities.",0,"Foreign military engagement; Insurgency; Terrorist activity",1753970711,10480,13651,18253
NIG38763,2024-09-30,2024,2,"Political violence",Battles,"Armed clash","Boko Haram - Jamaatu Ahli is-Sunnah lid-Dawati wal-Jihad",,2,28,,566,"Western Africa",Nigeria,Borno,Magumeri,,Magumeri,12.1131,12.8274,2,"Daily Trust (Nigeria)",National,"Around 30 September 2024, the Sector 3 MNJTF engaged Boko Haram militants in a firefight along the Magumeri-Maiduguri, coded to Magumeri (Magumeri, Borno). The militants were planning an attack around the Maiduguri axis when the MNJTF foiled their plan. They fled and left two AK-47 rifles, 51 rounds of 7.62mm special ammunition, two magazines, and 61 rounds of 7.62 NATO ammunition. There were no fatalities.",0,"Foreign military engagement; Insurgency; Terrorist activity",1753970711,10480,13651,18253
SOM46663,2024-09-30,2024,1,"Political violence",Battles,"Armed clash","Al Shabaab",,2,28,,706,"Eastern Africa",Somalia,"Lower Shabelle",Marka,,Golweyn,1.6584,44.5800,1,"Al Furqaan; Undisclosed Source","Local partner-Other","On 30 September 2024, Al Shabaab carried out an attack against ATMIS UPDF at a forward operation base in Golweyn village (Marka, Lower Shabelle). The clash was initiated with RPGs and followed by an exchange of gunfire. There were no casualties and Al Shabaab claimed responsibility.",0,"Foreign military engagement; Insurgency",1753970711,12280,13169,18635
SOM46663,2024-09-30,2024,1,"Political violence",Battles,"Armed clash","ATMIS: African Union Transition Mission in Somalia (2022-2024) (Uganda)",,8,28,,706,"Eastern Africa",Somalia,"Lower Shabelle",Marka,,Golweyn,1.6584,44.5800,1,"Al Furqaan; Undisclosed Source","Local partner-Other","On 30 September 2024, Al Shabaab carried out an attack against ATMIS UPDF at a forward operation base in Golweyn village (Marka, Lower Shabelle). The clash was initiated with RPGs and followed by an exchange of gunfire. There were no casualties and Al Shabaab claimed responsibility.",0,"Foreign military engagement; Insurgency",1753970711,12280,13169,18635
SOM46672,2024-10-01,2024,1,"Political violence","Explosions/Remote violence","Remote explosive/landmine/IED","Al Shabaab",,2,28,,706,"Eastern Africa",Somalia,"Lower Shabelle",Marka,,Danow,1.7317,44.6253,2,"Al Furqaan; Calamada; Somali Memo; Undisclosed Source","Local partner-Other","On 1 October 2024, a remote-controlled IED detonated targeting ATMIS UPDF soldiers on foot patrol in between Shalambood and Danow town (Marka, Lower Shabelle). Al Shabaab claimed killing three soldiers and injured 11 others.",3,"Foreign military engagement; Insurgency",1753970711,590,1707,5113
SOM46672,2024-10-01,2024,1,"Political violence","Explosions/Remote violence","Remote explosive/landmine/IED","ATMIS: African Union Transition Mission in Somalia (2022-2024) (Uganda)",,8,28,,706,"Eastern Africa",Somalia,"Lower Shabelle",Marka,,Danow,1.7317,44.6253,2,"Al Furqaan; Calamada; Somali Memo; Undisclosed Source","Local partner-Other","On 1 October 2024, a remote-controlled IED detonated targeting ATMIS UPDF soldiers on foot patrol in between Shalambood and Danow town (Marka, Lower Shabelle). Al Shabaab claimed killing three soldiers and injured 11 others.",3,"Foreign military engagement; Insurgency",1753970711,590,1707,5113
SOM46674,2024-10-01,2024,1,"Political violence",Battles,"Armed clash","Al Shabaab",,2,28,,706,"Eastern Africa",Somalia,"Lower Shabelle",Marka,,Shalaambood,1.7087,44.6961,1,"Al Furqaan; Calamada; Undisclosed Source","Local partner-Other","On 1 October 2024, overnight, Al Shabaab launched an attack against ATMIS UPDF troops at a forward operating base in Shalaambood town (Marka, Lower Shabelle). The clash was initiated with mortars and followed by an exchange of heavy gunfire from both sides. There were no casualties and Al Shabaab claimed responsibility.",0,"Foreign military engagement; Insurgency",1753970711,21893,32555,36097
SOM46674,2024-10-01,2024,1,"Political violence",Battles,"Armed clash","ATMIS: African Union Transition Mission in Somalia (2022-2024) (Uganda)",,8,28,,706,"Eastern Africa",Somalia,"Lower Shabelle",Marka,,Shalaambood,1.7087,44.6961,1,"Al Furqaan; Calamada; Undisclosed Source","Local partner-Other","On 1 October 2024, overnight, Al Shabaab launched an attack against ATMIS UPDF troops at a forward operating base in Shalaambood town (Marka, Lower Shabelle). The clash was initiated with mortars and followed by an exchange of heavy gunfire from both sides. There were no casualties and Al Shabaab claimed responsibility.",0,"Foreign military engagement; Insurgency",1753970711,21893,32555,36097
UGA9229,2024-10-02,2024,1,"Strategic developments","Strategic developments",Agreement,"Military Forces of the Democratic Republic of Congo (2019-)",,8,18,,800,"Eastern Africa",Uganda,Kabarole,"Fort Portal","Western Division","Fort Portal",0.6939,30.2664,1,Mediacongo.net,Regional,"On 2 October 2024, FARDC signed an agreement with UPDF at Fort Portal (Western Division, Fort Portal, Uganda) to continue joint operations against the ADF.",0,"Foreign military engagement",1753956103,1990,7401,57942
UGA9229,2024-10-02,2024,1,"Strategic developments","Strategic developments",Agreement,"Military Forces of Uganda (1986-)",,1,18,,800,"Eastern Africa",Uganda,Kabarole,"Fort Portal","Western Division","Fort Portal",0.6939,30.2664,1,Mediacongo.net,Regional,"On 2 October 2024, FARDC signed an agreement with UPDF at Fort Portal (Western Division, Fort Portal, Uganda) to continue joint operations against the ADF.",0,"Foreign military engagement",1753956103,1990,7401,57942
SOM46683,2024-10-02,2024,1,"Political violence","Explosions/Remote violence","Remote explosive/landmine/IED","Al Shabaab",,2,28,,706,"Eastern Africa",Somalia,"Lower Shabelle",Marka,,Danow,1.7317,44.6253,1,"Al Furqaan; Calamada; Somali Memo; Undisclosed Source","Local partner-Other","On 2 October 2024, an IED planted by Al Shabaab detonated targeting ATMIS UPDF at a checkpoint in Danow town (Marka, Lower Shabelle). Al Shabaab claimed killing seven soldiers and injured soldiers.",3,"Foreign military engagement; Insurgency",1753970711,590,1707,5113
SOM46683,2024-10-02,2024,1,"Political violence","Explosions/Remote violence","Remote explosive/landmine/IED","ATMIS: African Union Transition Mission in Somalia (2022-2024) (Uganda)",,8,28,,706,"Eastern Africa",Somalia,"Lower Shabelle",Marka,,Danow,1.7317,44.6253,1,"Al Furqaan; Calamada; Somali Memo; Undisclosed Source","Local partner-Other","On 2 October 2024, an IED planted by Al Shabaab detonated targeting ATMIS UPDF at a checkpoint in Danow town (Marka, Lower Shabelle). Al Shabaab claimed killing seven soldiers and injured soldiers.",3,"Foreign military engagement; Insurgency",1753970711,590,1707,5113
BFO12742,2024-10-02,2024,1,"Political violence",Battles,"Armed clash","JNIM: Group for Support of Islam and Muslims",,2,28,,854,"Western Africa","Burkina Faso",Est,Kompienga,Kompienga,Fanwaligou,11.0117,0.6718,1,"aLome; BBC News; Free News (Togo); GardaWorld; International Crisis Group; Le Temps (Togo); RFI; Togoweb; Twitter; Undisclosed Source; Wamaps","Local partner-Other","On 2 October 2024, JNIM detonated a suspected IED, then attacked a construction site for trenches to stop the armed groups and clashed with the Togolese military and Turkish private security near the village of Fanworgou, 3.5 kilometers from the Kpenkankandi post near Koundjoare in Togo, location coded to the closest location Fanwaligou (Kompienga, Kompienga, Est), in Burkina Faso. 9 soldiers, including 2 Turkish military contractors, and 10 civilians, most of them workers for the EBOMAF company, were killed. The army used helicopters to repel the attackers, killing at least 3 militants. Vehicles, including a jeep equipped with a 12.7 mm heavy machine gun, as well as five backhoe loaders and a bulldozer, were set on fire by the attackers. Fatalities coded as 22 (9 soldiers + 10 civilians + 3 militants). The attack was claimed by Al-Qaeda (JNIM).",22,"Foreign military engagement; Insurgency",1788313235,387,599,2387
BFO12742,2024-10-02,2024,1,"Political violence",Battles,"Armed clash","Military Forces of Togo (2005-)","Private Security Forces (Turkey)",8,28,,854,"Western Africa","Burkina Faso",Est,Kompienga,Kompienga,Fanwaligou,11.0117,0.6718,1,"aLome; BBC News; Free News (Togo); GardaWorld; International Crisis Group; Le Temps (Togo); RFI; Togoweb; Twitter; Undisclosed Source; Wamaps","Local partner-Other","On 2 October 2024, JNIM detonated a suspected IED, then attacked a construction site for trenches to stop the armed groups and clashed with the Togolese military and Turkish private security near the village of Fanworgou, 3.5 kilometers from the Kpenkankandi post near Koundjoare in Togo, location coded to the closest location Fanwaligou (Kompienga, Kompienga, Est), in Burkina Faso. 9 soldiers, including 2 Turkish military contractors, and 10 civilians, most of them workers for the EBOMAF company, were killed. The army used helicopters to repel the attackers, killing at least 3 militants. Vehicles, including a jeep equipped with a 12.7 mm heavy machine gun, as well as five backhoe loaders and a bulldozer, were set on fire by the attackers. Fatalities coded as 22 (9 soldiers + 10 civilians + 3 militants). The attack was claimed by Al-Qaeda (JNIM).",22,"Foreign military engagement; Insurgency",1788313235,387,599,2387
SOM46682,2024-10-02,2024,1,"Political violence","Explosions/Remote violence","Remote explosive/landmine/IED","Al Shabaab",,2,28,,706,"Eastern Africa",Somalia,"Lower Shabelle",Marka,,"Bulo Mareer",1.6298,44.5196,2,"Al Furqaan; Calamada; Undisclosed Source","Local partner-Other","On 2 October 2024, two remote-controlled IEDs planted by Al Shabaab detonated targeting an ATMIS UPDF troops convoy travelling along the Danow-Shalaambood road, near Bulo Mareer town (Marka, Lower Shabelle). One truck in the convoy sustained damage from the blasts. Al Shabaab claimed killing six soldiers and injuring ten others.",6,"Foreign military engagement; Insurgency",1753970711,32256,48471,49866
SOM46682,2024-10-02,2024,1,"Political violence","Explosions/Remote violence","Remote explosive/landmine/IED","ATMIS: African Union Transition Mission in Somalia (2022-2024) (Uganda)",,8,28,,706,"Eastern Africa",Somalia,"Lower Shabelle",Marka,,"Bulo Mareer",1.6298,44.5196,2,"Al Furqaan; Calamada; Undisclosed Source","Local partner-Other","On 2 October 2024, two remote-controlled IEDs planted by Al Shabaab detonated targeting an ATMIS UPDF troops convoy travelling along the Danow-Shalaambood road, near Bulo Mareer town (Marka, Lower Shabelle). One truck in the convoy sustained damage from the blasts. Al Shabaab claimed killing six soldiers and injuring ten others.",6,"Foreign military engagement; Insurgency",1753970711,32256,48471,49866
DJI228,2024-10-04,2024,1,"Strategic developments","Strategic developments",Other,"Government of Djibouti (1999-)",,1,18,,262,"Eastern Africa",Djibouti,Djibouti,Djibouti,,Djibouti,11.5950,43.1481,1,"Addis Fortune; Al-Wahda",Regional-International,"Other: On 4 October 2024, the Djibouti government offered the Ethiopian government 100pc of management rights over the port of Tadjourah (coded to Djibouti, Djibouti) in order to defuse rising tensions between Ethiopia and Somalia. This initiative comes as an offer to give direct sea access to the Ethiopian landlocked country.",0,"Foreign military engagement",1753954337,32074,104732,263639
DJI228,2024-10-04,2024,1,"Strategic developments","Strategic developments",Other,"Government of Ethiopia (2018-)",,8,18,,262,"Eastern Africa",Djibouti,Djibouti,Djibouti,,Djibouti,11.5950,43.1481,1,"Addis Fortune; Al-Wahda",Regional-International,"Other: On 4 October 2024, the Djibouti government offered the Ethiopian government 100pc of management rights over the port of Tadjourah (coded to Djibouti, Djibouti) in order to defuse rising tensions between Ethiopia and Somalia. This initiative comes as an offer to give direct sea access to the Ethiopian landlocked country.",0,"Foreign military engagement",1753954337,32074,104732,263639
SOM46721,2024-10-04,2024,1,"Political violence",Battles,"Armed clash","Al Shabaab",,2,28,,706,"Eastern Africa",Somalia,"Lower Shabelle",Afgooye,,K60,1.9243,44.9231,1,"Al Furqaan; Calamada; Somali Memo; Undisclosed Source","Local partner-Other","On 4 October 2024, overnight, Al Shabaab carried out a hit-and-run attack against ATMIS UPDF troops at a base in K60 village (Afgooye, Lower Shabelle). Both sides exchanged heavy gunfire. There were no casualties and Al Shabaab claimed responsibility.",0,"Foreign military engagement; Insurgency",1753970711,151,277,1994
SOM46721,2024-10-04,2024,1,"Political violence",Battles,"Armed clash","ATMIS: African Union Transition Mission in Somalia (2022-2024) (Uganda)",,8,28,,706,"Eastern Africa",Somalia,"Lower Shabelle",Afgooye,,K60,1.9243,44.9231,1,"Al Furqaan; Calamada; Somali Memo; Undisclosed Source","Local partner-Other","On 4 October 2024, overnight, Al Shabaab carried out a hit-and-run attack against ATMIS UPDF troops at a base in K60 village (Afgooye, Lower Shabelle). Both sides exchanged heavy gunfire. There were no casualties and Al Shabaab claimed responsibility.",0,"Foreign military engagement; Insurgency",1753970711,151,277,1994
SOM46723,2024-10-04,2024,1,"Political violence","Explosions/Remote violence","Remote explosive/landmine/IED","Al Shabaab",,2,28,,706,"Eastern Africa",Somalia,"Lower Shabelle",Marka,,"Buufow Bacaad",1.7493,44.7437,2,"Al Furqaan; Calamada; Somali Memo; Undisclosed Source","Local partner-Other","On 4 October 2024, three to eight roadside IEDs planted by Al Shabaab detonated, targeting ATMIS UPDF troops logistic convoy heading to K60, near Buufow Bacaad village (Marka, Lower Shabelle). Al Shabaab claimed killing an unknown number of soldiers, unspecified number of fatalities coded as 3.",3,"Foreign military engagement; Insurgency",1753970711,3766,4462,7731
SOM46723,2024-10-04,2024,1,"Political violence","Explosions/Remote violence","Remote explosive/landmine/IED","ATMIS: African Union Transition Mission in Somalia (2022-2024) (Uganda)",,8,28,,706,"Eastern Africa",Somalia,"Lower Shabelle",Marka,,"Buufow Bacaad",1.7493,44.7437,2,"Al Furqaan; Calamada; Somali Memo; Undisclosed Source","Local partner-Other","On 4 October 2024, three to eight roadside IEDs planted by Al Shabaab detonated, targeting ATMIS UPDF troops logistic convoy heading to K60, near Buufow Bacaad village (Marka, Lower Shabelle). Al Shabaab claimed killing an unknown number of soldiers, unspecified number of fatalities coded as 3.",3,"Foreign military engagement; Insurgency",1753970711,3766,4462,7731
SOM46737,2024-10-06,2024,1,"Political violence","Explosions/Remote violence","Air/drone strike","Unidentified Military Forces",,8,28,,706,"Eastern Africa",Somalia,Galgaduud,"Ceel Dheer",,Galcad,4.0226,46.6180,2,"Caasimada; Radio Kulmiye; Shabelle Media Network",National,"On 6 October 2024, international forces (described as international friends, coded as Unidentified Military Forces) conducted an airstrike targeting Al Shabaab hideouts in Baraag Sheekh Caamir village near Galcad village (Ceel Dheere, Galgaduud) and Xuseen Cagey (coded separately). Casualties unknown.",0,"Foreign military engagement; Insurgency",1753970711,3471,3765,5172
SOM46737,2024-10-06,2024,1,"Political violence","Explosions/Remote violence","Air/drone strike","Al Shabaab",,2,28,,706,"Eastern Africa",Somalia,Galgaduud,"Ceel Dheer",,Galcad,4.0226,46.6180,2,"Caasimada; Radio Kulmiye; Shabelle Media Network",National,"On 6 October 2024, international forces (described as international friends, coded as Unidentified Military Forces) conducted an airstrike targeting Al Shabaab hideouts in Baraag Sheekh Caamir village near Galcad village (Ceel Dheere, Galgaduud) and Xuseen Cagey (coded separately). Casualties unknown.",0,"Foreign military engagement; Insurgency",1753970711,3471,3765,5172
SOM46738,2024-10-06,2024,1,"Political violence","Explosions/Remote violence","Air/drone strike","Unidentified Military Forces",,8,28,,706,"Eastern Africa",Somalia,Galgaduud,"Ceel Dheer",,Masagawaay,3.7048,47.0161,2,"Caasimada; Radio Kulmiye; Shabelle Media Network",National,"On 6 October 2024, international forces (described as international friends, coded as Unidentified Military Forces) conducted an airstrike targeting Al Shabaab hideouts in Xuseen Cagey village near Masagawaay village (Ceel Dheer, Galgaduud) and Baraag Sheekh Caamir (coded separately). Casualties unknown.",0,"Foreign military engagement; Insurgency",1753970711,3494,4542,4554
SOM46738,2024-10-06,2024,1,"Political violence","Explosions/Remote violence","Air/drone strike","Al Shabaab",,2,28,,706,"Eastern Africa",Somalia,Galgaduud,"Ceel Dheer",,Masagawaay,3.7048,47.0161,2,"Caasimada; Radio Kulmiye; Shabelle Media Network",National,"On 6 October 2024, international forces (described as international friends, coded as Unidentified Military Forces) conducted an airstrike targeting Al Shabaab hideouts in Xuseen Cagey village near Masagawaay village (Ceel Dheer, Galgaduud) and Baraag Sheekh Caamir (coded separately). Casualties unknown.",0,"Foreign military engagement; Insurgency",1753970711,3494,4542,4554
NIG38832,2024-10-06,2024,1,"Political violence",Battles,"Armed clash","Unidentified Armed Group (Nigeria)",,3,38,,566,"Western Africa",Nigeria,Sokoto,Gudu,,Yatagimba,13.7087,4.6010,1,"Forces Armees Nigeriennes; RTN (Niger)",Other-Regional,"On 6 October 2024, an unidentified armed group clashed with a Niger military patrol on the outskirts of the village of Tagimba (also known as Yatagimba) (Gudu, Sokoto). The military recovered a total of 104 animals, including 29 cows and 75 sheep. Casualties unknown.",0,"Foreign military engagement; Terrorist activity",1753954689,746,766,2082
NIG38832,2024-10-06,2024,1,"Political violence",Battles,"Armed clash","Military Forces of Niger (2023-)",,8,38,,566,"Western Africa",Nigeria,Sokoto,Gudu,,Yatagimba,13.7087,4.6010,1,"Forces Armees Nigeriennes; RTN (Niger)",Other-Regional,"On 6 October 2024, an unidentified armed group clashed with a Niger military patrol on the outskirts of the village of Tagimba (also known as Yatagimba) (Gudu, Sokoto). The military recovered a total of 104 animals, including 29 cows and 75 sheep. Casualties unknown.",0,"Foreign military engagement; Terrorist activity",1753954689,746,766,2082
NIG38824,2024-10-08,2024,1,"Political violence",Battles,"Armed clash","Boko Haram - Jamaatu Ahli is-Sunnah lid-Dawati wal-Jihad",,2,28,,566,"Western Africa",Nigeria,Borno,Gwoza,,Kirawa,11.1914,13.9098,1,"Daily Leadership (Nigeria); Sahara Reporters",National-Regional,"On 8 October 2024, Boko Haram (JAS) attacked the Cameroonian contingent of the MNJTF in an ambush in Kirawa (Gwoza, Borno). They killed a businessman and a woman and injured several others. A soldier was declared missing and the militia set two military vehicles ablaze. There were two fatalities.",2,"Foreign military engagement; Insurgency; Terrorist activity",1765236201,4149,4288,7141
NIG38824,2024-10-08,2024,1,"Political violence",Battles,"Armed clash","MNJTF: Multinational Joint Task Force","Military Forces of Cameroon (1982-)",8,28,,566,"Western Africa",Nigeria,Borno,Gwoza,,Kirawa,11.1914,13.9098,1,"Daily Leadership (Nigeria); Sahara Reporters",National-Regional,"On 8 October 2024, Boko Haram (JAS) attacked the Cameroonian contingent of the MNJTF in an ambush in Kirawa (Gwoza, Borno). They killed a businessman and a woman and injured several others. A soldier was declared missing and the militia set two military vehicles ablaze. There were two fatalities.",2,"Foreign military engagement; Insurgency; Terrorist activity",1765236201,4149,4288,7141
SOM46751,2024-10-08,2024,1,"Strategic developments","Strategic developments","Disrupted weapons use","ATMIS: African Union Transition Mission in Somalia (2022-2024) (Djibouti)","Military Forces of Somalia (2022-) National Intelligence and Security Agency",8,28,,706,"Eastern Africa",Somalia,Hiraan,"Bulo Burto",,"Bulo Burto",3.8519,45.5651,1,"Undisclosed Source","Local partner-Other","Defusal: On 8 October 2024, ATMIS DNDF troops and government security forces (NISA) defused an IED planted by an unknown group (likely Al Shabaab, who carry out similar attacks and explosions in Hiraan region) on the roadside near a NISA checkpoint in Bulo Burto town (Bulo Burto, Hiraan).",0,"Foreign military engagement; Insurgency",1753970711,7247,11292,14448
SOM46751,2024-10-08,2024,1,"Strategic developments","Strategic developments","Disrupted weapons use","Al Shabaab",,2,28,,706,"Eastern Africa",Somalia,Hiraan,"Bulo Burto",,"Bulo Burto",3.8519,45.5651,1,"Undisclosed Source","Local partner-Other","Defusal: On 8 October 2024, ATMIS DNDF troops and government security forces (NISA) defused an IED planted by an unknown group (likely Al Shabaab, who carry out similar attacks and explosions in Hiraan region) on the roadside near a NISA checkpoint in Bulo Burto town (Bulo Burto, Hiraan).",0,"Foreign military engagement; Insurgency",1753970711,7247,11292,14448
TAZ1176,2024-10-09,2024,1,"Political violence","Violence against civilians",Attack,"Police Forces of Mozambique (1990-)",,8,78,"Civilian targeting",834,"Eastern Africa",Tanzania,Njombe,"Njombe Urban",Utalingolo,"Njombe Town",-9.4166,34.7500,2,"IPP Media",National,"On 9 October 2024, the Chief of Makete district Police Station arrested a man, took him to a police station, and beat him in the region of Njombe (location coded to Njombe Town, Njombe Urban, Njombe), for unknown reasons. The prisoner had his arm broken by the beating.",0,"Foreign military engagement",1753956103,292,806,7410
TAZ1176,2024-10-09,2024,1,"Political violence","Violence against civilians",Attack,"Civilians (Tanzania)","Prisoners (Tanzania)",7,78,"Civilian targeting",834,"Eastern Africa",Tanzania,Njombe,"Njombe Urban",Utalingolo,"Njombe Town",-9.4166,34.7500,2,"IPP Media",National,"On 9 October 2024, the Chief of Makete district Police Station arrested a man, took him to a police station, and beat him in the region of Njombe (location coded to Njombe Town, Njombe Urban, Njombe), for unknown reasons. The prisoner had his arm broken by the beating.",0,"Foreign military engagement",1753956103,292,806,7410
MZM4249,2024-10-09,2024,2,"Strategic developments","Strategic developments",Agreement,"Military Forces of Rwanda (1994-)",,8,28,,508,"Eastern Africa",Mozambique,"Cabo Delgado",Macomia,Macomia,Napala,-12.0940,40.2444,1,"Cabo Ligado; Zitamar; Zumbo FM","Local partner-Other","Around 9 October 2024 (week of), around 20 Islamist militia surrendered at a Rwandan military base in Napala (Macomia, Cabo Delgado). The militia lacked supplies, especially food, and some suffered anemia.",0,"Foreign military engagement; Insurgency; Terrorist activity",1753954689,1,56,158
MZM4249,2024-10-09,2024,2,"Strategic developments","Strategic developments",Agreement,"Islamic State Mozambique (ISM)",,2,28,,508,"Eastern Africa",Mozambique,"Cabo Delgado",Macomia,Macomia,Napala,-12.0940,40.2444,1,"Cabo Ligado; Zitamar; Zumbo FM","Local partner-Other","Around 9 October 2024 (week of), around 20 Islamist militia surrendered at a Rwandan military base in Napala (Macomia, Cabo Delgado). The militia lacked supplies, especially food, and some suffered anemia.",0,"Foreign military engagement; Insurgency; Terrorist activity",1753954689,1,56,158
SOM46759,2024-10-09,2024,1,"Political violence",Battles,"Armed clash","Al Shabaab",,2,28,,706,"Eastern Africa",Somalia,Gedo,Garbahaarey,,Garbahaarey,3.3280,42.2199,1,"Al Furqaan; Calamada",National,"On 9 October 2024, overnight, Al Shabaab attacked ATMIS ENDF troops at a base in Garbahaarey town (Garbahaarey, Gedo). Both sides exchanged gunfire. There were no casualties. Al Shabaab claimed responsibility.",0,"Foreign military engagement; Insurgency",1753970711,24862,32209,34720
SOM46759,2024-10-09,2024,1,"Political violence",Battles,"Armed clash","ATMIS: African Union Transition Mission in Somalia (2022-2024) (Ethiopia)",,8,28,,706,"Eastern Africa",Somalia,Gedo,Garbahaarey,,Garbahaarey,3.3280,42.2199,1,"Al Furqaan; Calamada",National,"On 9 October 2024, overnight, Al Shabaab attacked ATMIS ENDF troops at a base in Garbahaarey town (Garbahaarey, Gedo). Both sides exchanged gunfire. There were no casualties. Al Shabaab claimed responsibility.",0,"Foreign military engagement; Insurgency",1753970711,24862,32209,34720
MZM4251,2024-10-10,2024,1,"Strategic developments","Strategic developments","Change to group/activity","Military Forces of Rwanda (1994-)",,8,80,,508,"Eastern Africa",Mozambique,"Cabo Delgado",Macomia,Mucojo,Mucojo,-12.0653,40.4794,1,"Cabo Ligado; Zitamar","Local partner-Other","Movement of forces: On 10 October 2024, up to 500 Rwandan military forces were seen moving to Mucojo (Macomia, Cabo Delgado), expected to establish a new base. 15 military vehicles, including four trucks, were seen driving toward Mucojo. Many soldiers were seen with equipment and food.",0,"Foreign military engagement",1754958639,3365,6857,12509
SOM46796,2024-10-15,2024,1,"Political violence",Battles,"Armed clash","Al Shabaab",,2,28,,706,"Eastern Africa",Somalia,Bay,Baydhaba,,Aawdiinle,3.1706,43.4099,1,"Al Furqaan; Calamada; Somali Memo; Undisclosed Source","Local partner-Other","On 15 October 2024, overnight, Al Shabaab launched an attack against Ethiopia security forces (non-Atmis) at a base in Aawdiinle village (Baydhaba, Bay). The clash was initiated with RPGs and followed by an exchange of gunfire. There were no casualties and Al Shabaab claimed responsibility.",0,"Foreign military engagement; Insurgency",1753956296,6542,7598,10133
SOM46796,2024-10-15,2024,1,"Political violence",Battles,"Armed clash","Military Forces of Ethiopia (2018-)",,8,28,,706,"Eastern Africa",Somalia,Bay,Baydhaba,,Aawdiinle,3.1706,43.4099,1,"Al Furqaan; Calamada; Somali Memo; Undisclosed Source","Local partner-Other","On 15 October 2024, overnight, Al Shabaab launched an attack against Ethiopia security forces (non-Atmis) at a base in Aawdiinle village (Baydhaba, Bay). The clash was initiated with RPGs and followed by an exchange of gunfire. There were no casualties and Al Shabaab claimed responsibility.",0,"Foreign military engagement; Insurgency",1753956296,6542,7598,10133
SOM46798,2024-10-15,2024,1,"Political violence",Battles,"Armed clash","Al Shabaab",,2,28,,706,"Eastern Africa",Somalia,Bay,Baydhaba,,Berdaale,3.2150,43.1983,1,"Al Furqaan; Calamada; Undisclosed Source","Local partner-Other","On 15 October 2024, Al Shabaab conducted an attack against ATMIS ENDF troops at a base in Berdaale town (Baydhaba, Bay). Both sides exchanged gunfire. There were no casualties and Al Shabaab claimed responsibility.",0,"Foreign military engagement; Insurgency",1753970711,16916,24489,26372
SOM46798,2024-10-15,2024,1,"Political violence",Battles,"Armed clash","ATMIS: African Union Transition Mission in Somalia (2022-2024) (Ethiopia)",,8,28,,706,"Eastern Africa",Somalia,Bay,Baydhaba,,Berdaale,3.2150,43.1983,1,"Al Furqaan; Calamada; Undisclosed Source","Local partner-Other","On 15 October 2024, Al Shabaab conducted an attack against ATMIS ENDF troops at a base in Berdaale town (Baydhaba, Bay). Both sides exchanged gunfire. There were no casualties and Al Shabaab claimed responsibility.",0,"Foreign military engagement; Insurgency",1753970711,16916,24489,26372
SOM46818,2024-10-16,2024,1,"Political violence",Battles,"Armed clash","Al Shabaab",,2,28,,706,"Eastern Africa",Somalia,Bay,Baydhaba,,Berdaale,3.2150,43.1983,1,"Al Furqaan; Calamada; Somali Memo",Subnational-National,"On 16 October 2024, overnight, Al Shabaab conducted a hit-and-run attack against ATMIS ENDF troops at a base in Berdaale town (Baydhaba, Bay). Both sides exchanged gunfire. Al Shabaab claimed to have injured two soldiers and destroyed a military vehicle.",0,"Foreign military engagement; Insurgency",1753970711,16916,24489,26372
SOM46818,2024-10-16,2024,1,"Political violence",Battles,"Armed clash","ATMIS: African Union Transition Mission in Somalia (2022-2024) (Ethiopia)",,8,28,,706,"Eastern Africa",Somalia,Bay,Baydhaba,,Berdaale,3.2150,43.1983,1,"Al Furqaan; Calamada; Somali Memo",Subnational-National,"On 16 October 2024, overnight, Al Shabaab conducted a hit-and-run attack against ATMIS ENDF troops at a base in Berdaale town (Baydhaba, Bay). Both sides exchanged gunfire. Al Shabaab claimed to have injured two soldiers and destroyed a military vehicle.",0,"Foreign military engagement; Insurgency",1753970711,16916,24489,26372
SOM46820,2024-10-16,2024,1,"Political violence",Battles,"Armed clash","Al Shabaab",,2,28,,706,"Eastern Africa",Somalia,Bay,Diinsoor,,Diinsoor,2.4074,42.9766,1,"Calamada; Somali Memo; Undisclosed Source","Local partner-Other","On 16 October 2024, overnight, Al Shabaab conducted a probing attack against ATMIS ENDF troops at a base in Diinsoor town (Diinsoor, Bay). The militants fired small arms fire from a distance before escaping the area and ATMIS forces did not respond. There were no casualties and Al Shabaab claimed responsibility.",0,"Foreign military engagement; Insurgency",1753970711,34797,47626,49154
SOM46820,2024-10-16,2024,1,"Political violence",Battles,"Armed clash","ATMIS: African Union Transition Mission in Somalia (2022-2024) (Ethiopia)",,8,28,,706,"Eastern Africa",Somalia,Bay,Diinsoor,,Diinsoor,2.4074,42.9766,1,"Calamada; Somali Memo; Undisclosed Source","Local partner-Other","On 16 October 2024, overnight, Al Shabaab conducted a probing attack against ATMIS ENDF troops at a base in Diinsoor town (Diinsoor, Bay). The militants fired small arms fire from a distance before escaping the area and ATMIS forces did not respond. There were no casualties and Al Shabaab claimed responsibility.",0,"Foreign military engagement; Insurgency",1753970711,34797,47626,49154
SOM46830,2024-10-17,2024,1,"Political violence",Battles,"Armed clash","Al Shabaab",,2,28,,706,"Eastern Africa",Somalia,Bay,Baydhaba,,Aawdiinle,3.1706,43.4099,1,"Al Furqaan",National,"On 17 October 2024, overnight, Al Shabaab launched an attack against Ethiopia security forces (non-Atmis) troops at a base in Aawdiinle village (Baydhaba, Bay). There were no casualties and Al Shabaab claimed responsibility.",0,"Foreign military engagement; Insurgency",1753956296,6542,7598,10133
SOM46830,2024-10-17,2024,1,"Political violence",Battles,"Armed clash","Military Forces of Ethiopia (2018-)",,8,28,,706,"Eastern Africa",Somalia,Bay,Baydhaba,,Aawdiinle,3.1706,43.4099,1,"Al Furqaan",National,"On 17 October 2024, overnight, Al Shabaab launched an attack against Ethiopia security forces (non-Atmis) troops at a base in Aawdiinle village (Baydhaba, Bay). There were no casualties and Al Shabaab claimed responsibility.",0,"Foreign military engagement; Insurgency",1753956296,6542,7598,10133
SOM46833,2024-10-17,2024,1,"Strategic developments","Strategic developments","Non-violent transfer of territory","Military Forces of Somalia (2022-)",,1,18,,706,"Eastern Africa",Somalia,"Lower Juba",Badhaadhe,,Kudhaa,-1.0351,41.9748,1,"Horseed Media",National,"On 17 October 2024, ATMIS KDF troops handed over a Forward Operation Base (FOB) in Jubaland state to the government security forces (SNA) in Koday village (Badhaadhe, Lower Juba). The event is part of the ATMIS withdrawal from Somalia by the end of December.",0,"Foreign military engagement",1769474342,6555,7454,8681
SOM46833,2024-10-17,2024,1,"Strategic developments","Strategic developments","Non-violent transfer of territory","ATMIS: African Union Transition Mission in Somalia (2022-2024) (Kenya)",,8,18,,706,"Eastern Africa",Somalia,"Lower Juba",Badhaadhe,,Kudhaa,-1.0351,41.9748,1,"Horseed Media",National,"On 17 October 2024, ATMIS KDF troops handed over a Forward Operation Base (FOB) in Jubaland state to the government security forces (SNA) in Koday village (Badhaadhe, Lower Juba). The event is part of the ATMIS withdrawal from Somalia by the end of December.",0,"Foreign military engagement",1769474342,6555,7454,8681
SOM46837,2024-10-18,2024,1,"Political violence","Explosions/Remote violence","Air/drone strike","Unidentified Military Forces",,8,28,,706,"Eastern Africa",Somalia,Galgaduud,"Ceel Dheer",,Galcad,4.0226,46.6180,2,"Caasimada; Radio Kulmiye",National,"On 18 October 2024, international forces (described as international friends, coded as Unidentified Military Forces) conducted an airstrike targeting Al Shabaab hideouts in between Ceel Dheer and Galcad village (Ceel Dheere, Galgaduud). Casualties unknown.",0,"Foreign military engagement; Insurgency",1753970711,3471,3765,5172
SOM46837,2024-10-18,2024,1,"Political violence","Explosions/Remote violence","Air/drone strike","Al Shabaab",,2,28,,706,"Eastern Africa",Somalia,Galgaduud,"Ceel Dheer",,Galcad,4.0226,46.6180,2,"Caasimada; Radio Kulmiye",National,"On 18 October 2024, international forces (described as international friends, coded as Unidentified Military Forces) conducted an airstrike targeting Al Shabaab hideouts in between Ceel Dheer and Galcad village (Ceel Dheere, Galgaduud). Casualties unknown.",0,"Foreign military engagement; Insurgency",1753970711,3471,3765,5172
SOM46836,2024-10-18,2024,1,"Political violence",Battles,"Armed clash","Al Shabaab",,2,28,,706,"Eastern Africa",Somalia,Bay,Diinsoor,,Diinsoor,2.4074,42.9766,1,"Al Furqaan",National,"On 18 October 2024, Al Shabaab carried out a hit-and-run attack against ATMIS ENDF troops at a base in Diinsoor town (Diinsoor, Bay). Both sides exchanged gunfire, and Al Shabaab claimed responsibility. There were no casualties",0,"Foreign military engagement; Insurgency",1753970711,34797,47626,49154
SOM46836,2024-10-18,2024,1,"Political violence",Battles,"Armed clash","ATMIS: African Union Transition Mission in Somalia (2022-2024) (Ethiopia)",,8,28,,706,"Eastern Africa",Somalia,Bay,Diinsoor,,Diinsoor,2.4074,42.9766,1,"Al Furqaan",National,"On 18 October 2024, Al Shabaab carried out a hit-and-run attack against ATMIS ENDF troops at a base in Diinsoor town (Diinsoor, Bay). Both sides exchanged gunfire, and Al Shabaab claimed responsibility. There were no casualties",0,"Foreign military engagement; Insurgency",1753970711,34797,47626,49154
SOM46881,2024-10-19,2024,1,"Political violence",Battles,"Armed clash","ATMIS: African Union Transition Mission in Somalia (2022-2024) (Burundi)","Military Forces of Somalia (2022-)",8,28,,706,"Eastern Africa",Somalia,"Middle Shabelle",Balcad,,Yaaqla,2.5083,45.4852,1,"Al Furqaan; Calamada; Somali Memo; Undisclosed Source","Local partner-Other","On 19 October 2024, ATMIS BNDF and government security forces (SNA) conducted joint operation in Yaaqla village (Balcad, Middle Shabelle) and Dhagaxow village (coded separately). Al Shabaab claimed killing five soldier including three BNDF and two SNA and injuring six others from both sides. 5 fatalities split across two events and coded as 3 for this event.",3,"Foreign military engagement; Insurgency",1753970711,1311,1570,3251
SOM46881,2024-10-19,2024,1,"Political violence",Battles,"Armed clash","Al Shabaab",,2,28,,706,"Eastern Africa",Somalia,"Middle Shabelle",Balcad,,Yaaqla,2.5083,45.4852,1,"Al Furqaan; Calamada; Somali Memo; Undisclosed Source","Local partner-Other","On 19 October 2024, ATMIS BNDF and government security forces (SNA) conducted joint operation in Yaaqla village (Balcad, Middle Shabelle) and Dhagaxow village (coded separately). Al Shabaab claimed killing five soldier including three BNDF and two SNA and injuring six others from both sides. 5 fatalities split across two events and coded as 3 for this event.",3,"Foreign military engagement; Insurgency",1753970711,1311,1570,3251
SOM46882,2024-10-19,2024,1,"Political violence",Battles,"Armed clash","ATMIS: African Union Transition Mission in Somalia (2022-2024) (Burundi)","Military Forces of Somalia (2022-)",8,28,,706,"Eastern Africa",Somalia,"Middle Shabelle",Balcad,,Dhagaxow,2.5265,45.4844,1,"Al Furqaan; Calamada; Somali Memo; Undisclosed Source","Local partner-Other","On 19 October 2024, ATMIS BNDF and government security forces (SNA) conducted joint operation in Dhagaxow village (Balcad, Middle Shabelle) and Yaaqla village (coded separately). Al Shabaab claimed killing five soldiers including three BNDF and two SNA and injuring six others from both sides. 5 fatalities split across two events and coded as 2 for this event.",2,"Foreign military engagement; Insurgency",1753970711,965,968,1167
SOM46882,2024-10-19,2024,1,"Political violence",Battles,"Armed clash","Al Shabaab",,2,28,,706,"Eastern Africa",Somalia,"Middle Shabelle",Balcad,,Dhagaxow,2.5265,45.4844,1,"Al Furqaan; Calamada; Somali Memo; Undisclosed Source","Local partner-Other","On 19 October 2024, ATMIS BNDF and government security forces (SNA) conducted joint operation in Dhagaxow village (Balcad, Middle Shabelle) and Yaaqla village (coded separately). Al Shabaab claimed killing five soldiers including three BNDF and two SNA and injuring six others from both sides. 5 fatalities split across two events and coded as 2 for this event.",2,"Foreign military engagement; Insurgency",1753970711,965,968,1167
SOM46845,2024-10-20,2024,1,"Political violence",Battles,"Armed clash","Al Shabaab",,2,28,,706,"Eastern Africa",Somalia,"Lower Shabelle",Baraawe,,Baraawe,1.1132,44.0297,1,"Al Furqaan; Calamada",Subnational-National,"On 20 October 2024, overnight, Al Shabaab conducted a probing attack against ATMIS UPDF troops at a the airport base in Baraawe town (Baraawe, Lower Shabelle). The clash was initiated with RPGs and followed by an exchange of heavy gunfire. There were no casualties and Al Shabaab claimed responsibility.",0,"Foreign military engagement; Insurgency",1753970711,25015,35365,39278
SOM46845,2024-10-20,2024,1,"Political violence",Battles,"Armed clash","ATMIS: African Union Transition Mission in Somalia (2022-2024) (Uganda)",,8,28,,706,"Eastern Africa",Somalia,"Lower Shabelle",Baraawe,,Baraawe,1.1132,44.0297,1,"Al Furqaan; Calamada",Subnational-National,"On 20 October 2024, overnight, Al Shabaab conducted a probing attack against ATMIS UPDF troops at a the airport base in Baraawe town (Baraawe, Lower Shabelle). The clash was initiated with RPGs and followed by an exchange of heavy gunfire. There were no casualties and Al Shabaab claimed responsibility.",0,"Foreign military engagement; Insurgency",1753970711,25015,35365,39278
SOM46846,2024-10-20,2024,1,"Political violence",Battles,"Armed clash","Al Shabaab",,2,28,,706,"Eastern Africa",Somalia,"Lower Shabelle",Marka,,Janaale,1.8000,44.7000,1,"Al Furqaan; Calamada",Subnational-National,"On 20 October 2024, overnight, Al Shabaab carried out an attack against ATMIS UPDF troops at a defensive base in Janaale town (Marka, Lower Shabelle). The clash was initiated with RPGs and followed by exchange of gunfire, there were no casualties and Al Shabaab claimed responsibility.",0,"Foreign military engagement; Insurgency",1753970711,10170,18873,18873
SOM46846,2024-10-20,2024,1,"Political violence",Battles,"Armed clash","ATMIS: African Union Transition Mission in Somalia (2022-2024) (Uganda)",,8,28,,706,"Eastern Africa",Somalia,"Lower Shabelle",Marka,,Janaale,1.8000,44.7000,1,"Al Furqaan; Calamada",Subnational-National,"On 20 October 2024, overnight, Al Shabaab carried out an attack against ATMIS UPDF troops at a defensive base in Janaale town (Marka, Lower Shabelle). The clash was initiated with RPGs and followed by exchange of gunfire, there were no casualties and Al Shabaab claimed responsibility.",0,"Foreign military engagement; Insurgency",1753970711,10170,18873,18873
SOM46847,2024-10-20,2024,1,"Political violence",Battles,"Armed clash","Al Shabaab",,2,28,,706,"Eastern Africa",Somalia,"Lower Shabelle",Baraawe,,Baraawe,1.1132,44.0297,2,"Al Furqaan; Calamada",Subnational-National,"On 20 October 2024, overnight, Al Shabaab attacked ATMIS UPDF at a forward operating base in Buur-Colow village near Baraawe town (Baraawe, Lower Shabelle). The clash was initiated with RPGs and followed by exchange of gunfire. There were no casualties and Al Shabaab claimed responsibility.",0,"Foreign military engagement; Insurgency",1753970711,25015,35365,39278
SOM46847,2024-10-20,2024,1,"Political violence",Battles,"Armed clash","ATMIS: African Union Transition Mission in Somalia (2022-2024) (Uganda)",,8,28,,706,"Eastern Africa",Somalia,"Lower Shabelle",Baraawe,,Baraawe,1.1132,44.0297,2,"Al Furqaan; Calamada",Subnational-National,"On 20 October 2024, overnight, Al Shabaab attacked ATMIS UPDF at a forward operating base in Buur-Colow village near Baraawe town (Baraawe, Lower Shabelle). The clash was initiated with RPGs and followed by exchange of gunfire. There were no casualties and Al Shabaab claimed responsibility.",0,"Foreign military engagement; Insurgency",1753970711,25015,35365,39278
SOM46848,2024-10-20,2024,1,"Political violence",Battles,"Armed clash","Al Shabaab",,2,28,,706,"Eastern Africa",Somalia,"Lower Shabelle",Marka,,"Bulo Mareer",1.6298,44.5196,1,"Al Furqaan; Calamada",Subnational-National,"On 20 October 2024, overnight, Al Shabaab carried out a hit-and-run attack against ATMIS UPDF troops at a defensive base in Bulo Mareer town (Marka, Lower Shabelle). The clash was initiated with RPGs and followed by exchange of gunfire, there were no casualties and Al Shabaab claimed responsibility.",0,"Foreign military engagement; Insurgency",1753970711,32256,48471,49866
SOM46848,2024-10-20,2024,1,"Political violence",Battles,"Armed clash","ATMIS: African Union Transition Mission in Somalia (2022-2024) (Uganda)",,8,28,,706,"Eastern Africa",Somalia,"Lower Shabelle",Marka,,"Bulo Mareer",1.6298,44.5196,1,"Al Furqaan; Calamada",Subnational-National,"On 20 October 2024, overnight, Al Shabaab carried out a hit-and-run attack against ATMIS UPDF troops at a defensive base in Bulo Mareer town (Marka, Lower Shabelle). The clash was initiated with RPGs and followed by exchange of gunfire, there were no casualties and Al Shabaab claimed responsibility.",0,"Foreign military engagement; Insurgency",1753970711,32256,48471,49866
SOM46849,2024-10-21,2024,1,"Political violence",Battles,"Armed clash","Al Shabaab",,2,28,,706,"Eastern Africa",Somalia,"Lower Shabelle",Marka,,Janaale,1.8000,44.7000,1,"Al Furqaan; Calamada; Somali Memo",Subnational-National,"On 21 October 2024, overnight, Al Shabaab carried out an attack against ATMIS UPDF troops at a base in Janaale town (Marka, Lower Shabelle). The clash was initiated with RPGs and followed by exchange of gunfire. There were no casualties and Al Shabaab claimed responsibility.",0,"Foreign military engagement; Insurgency",1753970711,10170,18873,18873
SOM46849,2024-10-21,2024,1,"Political violence",Battles,"Armed clash","ATMIS: African Union Transition Mission in Somalia (2022-2024) (Uganda)",,8,28,,706,"Eastern Africa",Somalia,"Lower Shabelle",Marka,,Janaale,1.8000,44.7000,1,"Al Furqaan; Calamada; Somali Memo",Subnational-National,"On 21 October 2024, overnight, Al Shabaab carried out an attack against ATMIS UPDF troops at a base in Janaale town (Marka, Lower Shabelle). The clash was initiated with RPGs and followed by exchange of gunfire. There were no casualties and Al Shabaab claimed responsibility.",0,"Foreign military engagement; Insurgency",1753970711,10170,18873,18873
SOM46884,2024-10-21,2024,1,"Political violence",Battles,"Armed clash","ATMIS: African Union Transition Mission in Somalia (2022-2024) (Burundi)","Military Forces of Somalia (2022-)",8,28,,706,"Eastern Africa",Somalia,"Middle Shabelle",Balcad,,Yaaqla,2.5083,45.4852,1,"Al Furqaan; Calamada; Somali Memo; Undisclosed Source","Local partner-Other","On 21 October 2024, ATMIS BNDF and government security forces (SNA) conducted joint operation in Yaaqla village (Balcad, Middle Shabelle) and Dhagaxow village (coded separately). Al Shabaab claimed killing nine soldiers and injuring 13 others including two BNDF soldier. 9 fatalities split across two events and coded as 5 for this event.",5,"Foreign military engagement; Insurgency",1753970711,1311,1570,3251
SOM46884,2024-10-21,2024,1,"Political violence",Battles,"Armed clash","Al Shabaab",,2,28,,706,"Eastern Africa",Somalia,"Middle Shabelle",Balcad,,Yaaqla,2.5083,45.4852,1,"Al Furqaan; Calamada; Somali Memo; Undisclosed Source","Local partner-Other","On 21 October 2024, ATMIS BNDF and government security forces (SNA) conducted joint operation in Yaaqla village (Balcad, Middle Shabelle) and Dhagaxow village (coded separately). Al Shabaab claimed killing nine soldiers and injuring 13 others including two BNDF soldier. 9 fatalities split across two events and coded as 5 for this event.",5,"Foreign military engagement; Insurgency",1753970711,1311,1570,3251
SOM46885,2024-10-21,2024,1,"Political violence",Battles,"Armed clash","ATMIS: African Union Transition Mission in Somalia (2022-2024) (Burundi)","Military Forces of Somalia (2022-)",8,28,,706,"Eastern Africa",Somalia,"Middle Shabelle",Balcad,,Dhagaxow,2.5265,45.4844,1,"Al Furqaan; Calamada; Somali Memo; Undisclosed Source","Local partner-Other","On 21 October 2024, ATMIS BNDF and government security forces (SNA) conducted joint operation in Dhagaxow village (Balcad, Middle Shabelle) and Yaaqla village (coded separately). Al Shabaab claimed killing nine soldiers and injuring 13 others including two BNDF soldiers. 9 fatalities split across two events and coded as 4 for this event.",4,"Foreign military engagement; Insurgency",1753970711,965,968,1167
SOM46885,2024-10-21,2024,1,"Political violence",Battles,"Armed clash","Al Shabaab",,2,28,,706,"Eastern Africa",Somalia,"Middle Shabelle",Balcad,,Dhagaxow,2.5265,45.4844,1,"Al Furqaan; Calamada; Somali Memo; Undisclosed Source","Local partner-Other","On 21 October 2024, ATMIS BNDF and government security forces (SNA) conducted joint operation in Dhagaxow village (Balcad, Middle Shabelle) and Yaaqla village (coded separately). Al Shabaab claimed killing nine soldiers and injuring 13 others including two BNDF soldiers. 9 fatalities split across two events and coded as 4 for this event.",4,"Foreign military engagement; Insurgency",1753970711,965,968,1167
SOM46850,2024-10-21,2024,1,"Political violence",Battles,"Armed clash","Al Shabaab",,2,28,,706,"Eastern Africa",Somalia,"Lower Shabelle",Afgooye,,"Lambar 50",1.9900,44.9859,1,"Al Furqaan; Calamada; Somali Memo",Subnational-National,"On 21 October 2024, overnight, Al Shabaab carried out a hit-and-run attack against ATMIS UPDF troops at a base in Lambar 50 village (Afgooye, Lower Shabelle). Both sides exchanged heavy gunfire. There were no casualties and Al Shabaab claimed responsibility.",0,"Foreign military engagement; Insurgency",1753970711,2227,4427,5405
SOM46850,2024-10-21,2024,1,"Political violence",Battles,"Armed clash","ATMIS: African Union Transition Mission in Somalia (2022-2024) (Uganda)",,8,28,,706,"Eastern Africa",Somalia,"Lower Shabelle",Afgooye,,"Lambar 50",1.9900,44.9859,1,"Al Furqaan; Calamada; Somali Memo",Subnational-National,"On 21 October 2024, overnight, Al Shabaab carried out a hit-and-run attack against ATMIS UPDF troops at a base in Lambar 50 village (Afgooye, Lower Shabelle). Both sides exchanged heavy gunfire. There were no casualties and Al Shabaab claimed responsibility.",0,"Foreign military engagement; Insurgency",1753970711,2227,4427,5405
SOM46866,2024-10-22,2024,1,"Political violence","Explosions/Remote violence","Shelling/artillery/missile attack","Al Shabaab",,2,28,,706,"Eastern Africa",Somalia,"Lower Shabelle","Wanla Weyn",,"Bali Doogle",2.6686,44.7927,1,"Al Furqaan; Calamada; Somali Memo; Undisclosed Source","Local partner-Other","On 22 October 2024, overnight, Al Shabaab fired several mortar shells towards the US forces, ATMIS UPDF, and government security forces (Danab) bases at Balidogle airfield in Bali Doogle village (Wanla Weyn, Lower Shabelle). Some of the mortars landed inside the base. There were no casualties and Al Shabaab claimed responsibility.",0,"Foreign military engagement; Insurgency",1753970711,3489,4365,7029
SOM46866,2024-10-22,2024,1,"Political violence","Explosions/Remote violence","Shelling/artillery/missile attack","ATMIS: African Union Transition Mission in Somalia (2022-2024) (Uganda)","Military Forces of Somalia (2022-) Special Forces; Military Forces of the United States (2021-2025)",8,28,,706,"Eastern Africa",Somalia,"Lower Shabelle","Wanla Weyn",,"Bali Doogle",2.6686,44.7927,1,"Al Furqaan; Calamada; Somali Memo; Undisclosed Source","Local partner-Other","On 22 October 2024, overnight, Al Shabaab fired several mortar shells towards the US forces, ATMIS UPDF, and government security forces (Danab) bases at Balidogle airfield in Bali Doogle village (Wanla Weyn, Lower Shabelle). Some of the mortars landed inside the base. There were no casualties and Al Shabaab claimed responsibility.",0,"Foreign military engagement; Insurgency",1753970711,3489,4365,7029
SOM46841,2024-10-23,2024,1,"Political violence",Battles,"Armed clash","Al Shabaab",,2,28,,706,"Eastern Africa",Somalia,Bay,Diinsoor,,Diinsoor,2.4074,42.9766,1,"Al Furqaan; Calamada; Somali Memo",Subnational-National,"On 23 October 2024, overnight, Al Shabaab carried out an attack against ATMIS ENDF troops at a base in Diinsoor town (Diinsoor, Bay). Both sides exchanged gunfire, there were no casualties and Al Shabaab claimed responsibility.",0,"Foreign military engagement; Insurgency",1753970711,34797,47626,49154
SOM46841,2024-10-23,2024,1,"Political violence",Battles,"Armed clash","ATMIS: African Union Transition Mission in Somalia (2022-2024) (Ethiopia)",,8,28,,706,"Eastern Africa",Somalia,Bay,Diinsoor,,Diinsoor,2.4074,42.9766,1,"Al Furqaan; Calamada; Somali Memo",Subnational-National,"On 23 October 2024, overnight, Al Shabaab carried out an attack against ATMIS ENDF troops at a base in Diinsoor town (Diinsoor, Bay). Both sides exchanged gunfire, there were no casualties and Al Shabaab claimed responsibility.",0,"Foreign military engagement; Insurgency",1753970711,34797,47626,49154
SOM46842,2024-10-23,2024,1,"Political violence",Battles,"Armed clash","Al Shabaab",,2,28,,706,"Eastern Africa",Somalia,"Lower Juba",Afmadow,,Tabta,0.3046,41.4394,1,"Al Furqaan; Calamada; Somali Memo",Subnational-National,"On 23 October 2024, overnight, Al Shabaab carried out an attack against ATMIS KDF troops at a base in Tabta village (Afmadow, Lower Juba). The clash was initiated with RPGs and followed by an exchange of gunfire. There were no casualties and Al Shabaab claimed responsibility.",0,"Foreign military engagement; Insurgency",1753970711,8471,9063,9171
SOM46842,2024-10-23,2024,1,"Political violence",Battles,"Armed clash","ATMIS: African Union Transition Mission in Somalia (2022-2024) (Kenya)",,8,28,,706,"Eastern Africa",Somalia,"Lower Juba",Afmadow,,Tabta,0.3046,41.4394,1,"Al Furqaan; Calamada; Somali Memo",Subnational-National,"On 23 October 2024, overnight, Al Shabaab carried out an attack against ATMIS KDF troops at a base in Tabta village (Afmadow, Lower Juba). The clash was initiated with RPGs and followed by an exchange of gunfire. There were no casualties and Al Shabaab claimed responsibility.",0,"Foreign military engagement; Insurgency",1753970711,8471,9063,9171
KEN16157,2024-10-23,2024,1,"Strategic developments","Strategic developments",Other,"Government of Kenya (2022-)",,1,18,,404,"Eastern Africa",Kenya,Nairobi,Starehe,"Nairobi Central","Nairobi - Unspecified",-1.2830,36.8170,1,"Kenya Broadcasting Corporation; Kenya Standard; Star (Kenya)",National,"Other: On 23 October 2024, Kenya and Somalia heads of state met in Nairobi (Starehe, Nairobi) and endorsed the new African Union Support and Stabilization Mission in Somalia -AUSSOM, that is meant to begin in January 2025. AUSSOM replaces the African Union Transition Mission in Somalia (ATMIS).",0,"Foreign military engagement",1782778485,19739,59254,105171
KEN16157,2024-10-23,2024,1,"Strategic developments","Strategic developments",Other,"Government of Somalia (2022-)",,8,18,,404,"Eastern Africa",Kenya,Nairobi,Starehe,"Nairobi Central","Nairobi - Unspecified",-1.2830,36.8170,1,"Kenya Broadcasting Corporation; Kenya Standard; Star (Kenya)",National,"Other: On 23 October 2024, Kenya and Somalia heads of state met in Nairobi (Starehe, Nairobi) and endorsed the new African Union Support and Stabilization Mission in Somalia -AUSSOM, that is meant to begin in January 2025. AUSSOM replaces the African Union Transition Mission in Somalia (ATMIS).",0,"Foreign military engagement",1782778485,19739,59254,105171
SOM46843,2024-10-24,2024,1,"Political violence",Battles,"Armed clash","Al Shabaab",,2,28,,706,"Eastern Africa",Somalia,"Lower Juba",Badhaadhe,,Hosingow,-0.1734,41.2695,1,"Calamada; Somali Memo",Subnational-National,"On 24 October 2024, overnight, Al Shabaab carried out an attack against ATMIS KDF troops at a base in Hosingow village (Badhaadhe, Lower Juba). The clash was initiated with RPGs and followed by an exchange of gunfire. There were no casualties and Al Shabaab claimed responsibility.",0,"Foreign military engagement; Insurgency",1753970711,8605,9785,9864
SOM46843,2024-10-24,2024,1,"Political violence",Battles,"Armed clash","ATMIS: African Union Transition Mission in Somalia (2022-2024) (Kenya)",,8,28,,706,"Eastern Africa",Somalia,"Lower Juba",Badhaadhe,,Hosingow,-0.1734,41.2695,1,"Calamada; Somali Memo",Subnational-National,"On 24 October 2024, overnight, Al Shabaab carried out an attack against ATMIS KDF troops at a base in Hosingow village (Badhaadhe, Lower Juba). The clash was initiated with RPGs and followed by an exchange of gunfire. There were no casualties and Al Shabaab claimed responsibility.",0,"Foreign military engagement; Insurgency",1753970711,8605,9785,9864
SOM46852,2024-10-24,2024,1,"Political violence",Battles,"Armed clash","Al Shabaab",,2,28,,706,"Eastern Africa",Somalia,"Lower Shabelle",Marka,,Golweyn,1.6584,44.5800,1,"Calamada; Somali Memo",Subnational-National,"On 24 October 2024, overnight, Al Shabaab carried out a attack against ATMIS UPDF troops at a base in Golweyn village (Marka, Lower Shabelle). The clash was initiated with RPGs and followed by exchange of gunfire, there were no casualties and Al Shabaab claimed responsibility.",0,"Foreign military engagement; Insurgency",1753970711,12280,13169,18647
SOM46852,2024-10-24,2024,1,"Political violence",Battles,"Armed clash","ATMIS: African Union Transition Mission in Somalia (2022-2024) (Uganda)",,8,28,,706,"Eastern Africa",Somalia,"Lower Shabelle",Marka,,Golweyn,1.6584,44.5800,1,"Calamada; Somali Memo",Subnational-National,"On 24 October 2024, overnight, Al Shabaab carried out a attack against ATMIS UPDF troops at a base in Golweyn village (Marka, Lower Shabelle). The clash was initiated with RPGs and followed by exchange of gunfire, there were no casualties and Al Shabaab claimed responsibility.",0,"Foreign military engagement; Insurgency",1753970711,12280,13169,18647
SOM46855,2024-10-24,2024,1,"Political violence","Explosions/Remote violence","Shelling/artillery/missile attack","Al Shabaab",,2,28,,706,"Eastern Africa",Somalia,Bay,Baydhaba,,Baidoa,3.1172,43.6469,1,"Calamada; Somali Memo",Subnational-National,"On 24 October 2024, overnight, Al Shabaab fired several mortar shells against ATMIS ENDF troops at the airport base in Baidoa town (Baydhaba, Bay). The mortars landed inside the base in the airport. Al Shabaab claimed killing three soldiers and injuring another.",3,"Foreign military engagement; Insurgency",1753970711,90970,222059,324698
SOM46855,2024-10-24,2024,1,"Political violence","Explosions/Remote violence","Shelling/artillery/missile attack","ATMIS: African Union Transition Mission in Somalia (2022-2024) (Ethiopia)",,8,28,,706,"Eastern Africa",Somalia,Bay,Baydhaba,,Baidoa,3.1172,43.6469,1,"Calamada; Somali Memo",Subnational-National,"On 24 October 2024, overnight, Al Shabaab fired several mortar shells against ATMIS ENDF troops at the airport base in Baidoa town (Baydhaba, Bay). The mortars landed inside the base in the airport. Al Shabaab claimed killing three soldiers and injuring another.",3,"Foreign military engagement; Insurgency",1753970711,90970,222059,324698
SOM46854,2024-10-25,2024,1,"Political violence","Explosions/Remote violence","Shelling/artillery/missile attack","Al Shabaab",,2,28,,706,"Eastern Africa",Somalia,"Middle Shabelle",Balcad,,Balcad,2.3468,45.3902,1,"Calamada; Somali Memo",National,"On 25 October 2024, Al Shabaab fired several mortar shells against ATMIS BNDF troops and government security forces (SNA) at a forward operation base at the entrance of Balcad town (Balcad, Middle Shabelle). The mortars landed inside and out side the base. One mortar hit an IDP camp near the base and killed three civilians and injured several others. Al Shabaab claimed responsibility.",3,"Foreign military engagement; Insurgency",1753970711,18844,38020,57120
SOM46854,2024-10-25,2024,1,"Political violence","Explosions/Remote violence","Shelling/artillery/missile attack","ATMIS: African Union Transition Mission in Somalia (2022-2024) (Burundi)","Civilians (Somalia); Military Forces of Somalia (2022-); Refugees/IDPs (Somalia)",8,28,,706,"Eastern Africa",Somalia,"Middle Shabelle",Balcad,,Balcad,2.3468,45.3902,1,"Calamada; Somali Memo",National,"On 25 October 2024, Al Shabaab fired several mortar shells against ATMIS BNDF troops and government security forces (SNA) at a forward operation base at the entrance of Balcad town (Balcad, Middle Shabelle). The mortars landed inside and out side the base. One mortar hit an IDP camp near the base and killed three civilians and injured several others. Al Shabaab claimed responsibility.",3,"Foreign military engagement; Insurgency",1753970711,18844,38020,57120
SOM46967,2024-10-28,2024,1,"Political violence",Battles,"Armed clash","Al Shabaab",,2,28,,706,"Eastern Africa",Somalia,"Lower Shabelle",Qoryooley,,Qoryooley,1.7878,44.5300,1,"Calamada; Undisclosed Source","Local partner-Other","On 28 October 2024, overnight, Al Shabaab attacked ATMIS UPDF troops and engaged them in an armed clash at a defensive base in Qoryooley town (Qoryooley, Lower Shabelle). There were no casualties and Al Shabaab claimed responsibility.",0,"Foreign military engagement; Insurgency",1754354914,21744,30637,42192
SOM46967,2024-10-28,2024,1,"Political violence",Battles,"Armed clash","ATMIS: African Union Transition Mission in Somalia (2022-2024) (Uganda)",,8,28,,706,"Eastern Africa",Somalia,"Lower Shabelle",Qoryooley,,Qoryooley,1.7878,44.5300,1,"Calamada; Undisclosed Source","Local partner-Other","On 28 October 2024, overnight, Al Shabaab attacked ATMIS UPDF troops and engaged them in an armed clash at a defensive base in Qoryooley town (Qoryooley, Lower Shabelle). There were no casualties and Al Shabaab claimed responsibility.",0,"Foreign military engagement; Insurgency",1754354914,21744,30637,42192
SOM46982,2024-10-30,2024,1,"Political violence",Battles,"Armed clash","Al Shabaab",,2,28,,706,"Eastern Africa",Somalia,Bay,Diinsoor,,Diinsoor,2.4074,42.9766,1,"Calamada; Undisclosed Source","Local partner-Other","On 30 October 2024, overnight, Al Shabaab launched a probing attack against ATMIS ENDF troops at a airstrip base in Diinsoor town (Diinsoor, Bay). The clash was initiated with RPGs. There were no casualties and Al Shabaab claimed responsibility.",0,"Foreign military engagement; Insurgency",1753970711,34797,47626,49154
SOM46982,2024-10-30,2024,1,"Political violence",Battles,"Armed clash","ATMIS: African Union Transition Mission in Somalia (2022-2024) (Ethiopia)",,8,28,,706,"Eastern Africa",Somalia,Bay,Diinsoor,,Diinsoor,2.4074,42.9766,1,"Calamada; Undisclosed Source","Local partner-Other","On 30 October 2024, overnight, Al Shabaab launched a probing attack against ATMIS ENDF troops at a airstrip base in Diinsoor town (Diinsoor, Bay). The clash was initiated with RPGs. There were no casualties and Al Shabaab claimed responsibility.",0,"Foreign military engagement; Insurgency",1753970711,34797,47626,49154
SOM46987,2024-10-30,2024,1,"Political violence","Explosions/Remote violence","Shelling/artillery/missile attack","Al Shabaab",,2,28,,706,"Eastern Africa",Somalia,"Lower Juba",Badhaadhe,,Hosingow,-0.1734,41.2695,1,"Calamada; Undisclosed Source","Local partner-Other","On 30 October 2024, overnight, Al Shabaab fired several mortar shells against the ATMIS KDF troops at a base in Hosingow village (Badhaadhe, Lower Juba). The mortars landed inside and outside the base. There were no casualties and Al Shabaab claimed responsibility.",0,"Foreign military engagement; Insurgency",1753970711,8605,9785,9864
SOM46987,2024-10-30,2024,1,"Political violence","Explosions/Remote violence","Shelling/artillery/missile attack","ATMIS: African Union Transition Mission in Somalia (2022-2024) (Kenya)",,8,28,,706,"Eastern Africa",Somalia,"Lower Juba",Badhaadhe,,Hosingow,-0.1734,41.2695,1,"Calamada; Undisclosed Source","Local partner-Other","On 30 October 2024, overnight, Al Shabaab fired several mortar shells against the ATMIS KDF troops at a base in Hosingow village (Badhaadhe, Lower Juba). The mortars landed inside and outside the base. There were no casualties and Al Shabaab claimed responsibility.",0,"Foreign military engagement; Insurgency",1753970711,8605,9785,9864
SOM46994,2024-10-30,2024,1,"Political violence",Battles,"Armed clash","Al Shabaab",,2,28,,706,"Eastern Africa",Somalia,"Lower Shabelle",Baraawe,,Baraawe,1.1132,44.0297,1,"Calamada; Undisclosed Source","Local partner-Other","On 30 October 2024, Al Shabaab attacked ATMIS UPDF troops and engaged them in an armed clash at an airport base in Baraawe town (Baraawe, Lower Shabelle). There were no casualties and Al Shabaab claimed responsibility.",0,"Foreign military engagement; Insurgency",1753970711,25015,35365,39278
SOM46994,2024-10-30,2024,1,"Political violence",Battles,"Armed clash","ATMIS: African Union Transition Mission in Somalia (2022-2024) (Uganda)",,8,28,,706,"Eastern Africa",Somalia,"Lower Shabelle",Baraawe,,Baraawe,1.1132,44.0297,1,"Calamada; Undisclosed Source","Local partner-Other","On 30 October 2024, Al Shabaab attacked ATMIS UPDF troops and engaged them in an armed clash at an airport base in Baraawe town (Baraawe, Lower Shabelle). There were no casualties and Al Shabaab claimed responsibility.",0,"Foreign military engagement; Insurgency",1753970711,25015,35365,39278
SOM46995,2024-10-30,2024,1,"Political violence",Battles,"Armed clash","Al Shabaab",,2,28,,706,"Eastern Africa",Somalia,"Lower Shabelle",Marka,,"Bulo Mareer",1.6298,44.5196,1,Calamada,Subnational,"On 30 October 2024, overnight, Al Shabaab carried out an attack against ATMIS UPDF troops and engaged them in an armed clash at a base in Bulo Mareer village (Marka, Lower Shabelle). There were no casualties and Al Shabaab claimed responsibility.",0,"Foreign military engagement; Insurgency",1753970711,32256,48471,49866
SOM46995,2024-10-30,2024,1,"Political violence",Battles,"Armed clash","ATMIS: African Union Transition Mission in Somalia (2022-2024) (Uganda)",,8,28,,706,"Eastern Africa",Somalia,"Lower Shabelle",Marka,,"Bulo Mareer",1.6298,44.5196,1,Calamada,Subnational,"On 30 October 2024, overnight, Al Shabaab carried out an attack against ATMIS UPDF troops and engaged them in an armed clash at a base in Bulo Mareer village (Marka, Lower Shabelle). There were no casualties and Al Shabaab claimed responsibility.",0,"Foreign military engagement; Insurgency",1753970711,32256,48471,49866
BFO12805,2024-11-01,2024,2,"Strategic developments","Strategic developments","Disrupted weapons use","Military Forces of Niger (2023-)",,8,28,,854,"Western Africa","Burkina Faso",Sahel,Seno,Seytenga,Seno-Tiondi,13.9958,0.3909,2,"Forces Armees Nigeriennes; RTN (Niger)",Other-Regional,"Defusal: Around 1 November 2024 (between 31 October - 2 November), Niger military discovered and defused an IED planted by an armed group (likely JNIM, based on location) during a convoy escort near the village of Seno-Tiondi (Seytenga, Seno) in Burkina Faso.",0,"Foreign military engagement; Insurgency",1753954337,288,1171,2884
BFO12805,2024-11-01,2024,2,"Strategic developments","Strategic developments","Disrupted weapons use","JNIM: Group for Support of Islam and Muslims",,2,28,,854,"Western Africa","Burkina Faso",Sahel,Seno,Seytenga,Seno-Tiondi,13.9958,0.3909,2,"Forces Armees Nigeriennes; RTN (Niger)",Other-Regional,"Defusal: Around 1 November 2024 (between 31 October - 2 November), Niger military discovered and defused an IED planted by an armed group (likely JNIM, based on location) during a convoy escort near the village of Seno-Tiondi (Seytenga, Seno) in Burkina Faso.",0,"Foreign military engagement; Insurgency",1753954337,288,1171,2884
SOM47018,2024-11-02,2024,1,"Political violence",Battles,"Armed clash","Al Shabaab",,2,28,,706,"Eastern Africa",Somalia,"Lower Shabelle",Marka,,"Buufow Bacaad",1.7493,44.7437,1,"Calamada; Somali Memo; Undisclosed Source","Local partner-Other","On 2 November 2024, overnight, Al Shabaab attacked ATMIS UPDF troops and engaged them in an armed clash at a forward operation base in Buufow Bacaad village (Marka, Lower Shabelle). There were no casualties and Al Shabaab claimed responsibility.",0,"Foreign military engagement; Insurgency",1753970711,3766,4462,7731
SOM47018,2024-11-02,2024,1,"Political violence",Battles,"Armed clash","ATMIS: African Union Transition Mission in Somalia (2022-2024) (Uganda)",,8,28,,706,"Eastern Africa",Somalia,"Lower Shabelle",Marka,,"Buufow Bacaad",1.7493,44.7437,1,"Calamada; Somali Memo; Undisclosed Source","Local partner-Other","On 2 November 2024, overnight, Al Shabaab attacked ATMIS UPDF troops and engaged them in an armed clash at a forward operation base in Buufow Bacaad village (Marka, Lower Shabelle). There were no casualties and Al Shabaab claimed responsibility.",0,"Foreign military engagement; Insurgency",1753970711,3766,4462,7731
SOM47022,2024-11-03,2024,1,"Political violence","Explosions/Remote violence","Shelling/artillery/missile attack","Al Shabaab",,2,28,,706,"Eastern Africa",Somalia,Banadir,Banadir,,"Mogadishu - Wadajir",2.0462,45.3341,1,"Caasimada; Calamada; Garowe Online; Horseed Media; Radio Kulmiye; Radio Risala; Shabelle Media Network; Somali Memo; Undisclosed Source","Local partner-Other","On 3 November 2024, Al Shabaab fired eight rounds of 107mm rockets toward the Halane camp in AAIA area in Mogadishu - Wadajir (Banadir). At least three were killed including two UPDF soldiers, civilian and one other was injured. Two rockets landed within the UNSOM-UNSOS camp, one impacted an ATMIS garage near the Hospital Gate, and one landed in the IC camp. Al Shabaab claimed responsibility.",3,"Foreign military engagement; Insurgency",1753970711,28735,28735,28735
SOM47022,2024-11-03,2024,1,"Political violence","Explosions/Remote violence","Shelling/artillery/missile attack","ATMIS: African Union Transition Mission in Somalia (2022-2024) (Uganda)","Civilians (International); Labor Group (International)",8,28,,706,"Eastern Africa",Somalia,Banadir,Banadir,,"Mogadishu - Wadajir",2.0462,45.3341,1,"Caasimada; Calamada; Garowe Online; Horseed Media; Radio Kulmiye; Radio Risala; Shabelle Media Network; Somali Memo; Undisclosed Source","Local partner-Other","On 3 November 2024, Al Shabaab fired eight rounds of 107mm rockets toward the Halane camp in AAIA area in Mogadishu - Wadajir (Banadir). At least three were killed including two UPDF soldiers, civilian and one other was injured. Two rockets landed within the UNSOM-UNSOS camp, one impacted an ATMIS garage near the Hospital Gate, and one landed in the IC camp. Al Shabaab claimed responsibility.",3,"Foreign military engagement; Insurgency",1753970711,28735,28735,28735
SOM47033,2024-11-04,2024,1,"Political violence","Explosions/Remote violence","Air/drone strike","Unidentified Military Forces",,8,28,,706,"Eastern Africa",Somalia,"Middle Shabelle",Balcad,,Yaaqla,2.5083,45.4852,2,"Undisclosed Source","Local partner-Other","On 4 November 2024, overnight, international forces (described as international friends, coded as Unidentified Military Forces) conducted an airstrike targeting Al Shabaab hideouts near Yaaqla village (Balcad, Middle Shabelle). Casualties unknown.",0,"Foreign military engagement; Insurgency",1753970711,1311,1570,3251
SOM47033,2024-11-04,2024,1,"Political violence","Explosions/Remote violence","Air/drone strike","Al Shabaab",,2,28,,706,"Eastern Africa",Somalia,"Middle Shabelle",Balcad,,Yaaqla,2.5083,45.4852,2,"Undisclosed Source","Local partner-Other","On 4 November 2024, overnight, international forces (described as international friends, coded as Unidentified Military Forces) conducted an airstrike targeting Al Shabaab hideouts near Yaaqla village (Balcad, Middle Shabelle). Casualties unknown.",0,"Foreign military engagement; Insurgency",1753970711,1311,1570,3251
SOM47042,2024-11-05,2024,1,"Political violence","Explosions/Remote violence","Air/drone strike","Unidentified Military Forces",,8,28,,706,"Eastern Africa",Somalia,"Middle Shabelle",Balcad,,Yaaqla,2.5083,45.4852,2,"Undisclosed Source","Local partner-Other","On 5 November 2024, international forces (described as international friends, coded as Unidentified Military Forces) conducted an airstrike targeting Al Shabaab hideouts near Yaaqla village (Balcad, Middle Shabelle). Casualties unknown.",0,"Foreign military engagement; Insurgency",1753970711,1311,1570,3251
SOM47042,2024-11-05,2024,1,"Political violence","Explosions/Remote violence","Air/drone strike","Al Shabaab",,2,28,,706,"Eastern Africa",Somalia,"Middle Shabelle",Balcad,,Yaaqla,2.5083,45.4852,2,"Undisclosed Source","Local partner-Other","On 5 November 2024, international forces (described as international friends, coded as Unidentified Military Forces) conducted an airstrike targeting Al Shabaab hideouts near Yaaqla village (Balcad, Middle Shabelle). Casualties unknown.",0,"Foreign military engagement; Insurgency",1753970711,1311,1570,3251
SOM47039,2024-11-05,2024,1,"Strategic developments","Strategic developments","Looting/property destruction","Al Shabaab",,2,28,,706,"Eastern Africa",Somalia,"Lower Shabelle",Qoryooley,,Farsoley,2.0844,44.5452,1,"Caasimada; Hiiraan (Somalia); Horseed Media; Puntland Post; Radio Kulmiye; Undisclosed Source","Local partner-Other","Looting: On 5 November 2024, Al Shabaab seized and looted a United State government owned US MQ-1C Gray Eagle UAV drone in Farsoley village (Qoryooley, Lower Shabelle) after the drone crashed in the Al Shabaab controlled village.",0,"Foreign military engagement; Insurgency",1753956296,1446,1949,5446
SOM47039,2024-11-05,2024,1,"Strategic developments","Strategic developments","Looting/property destruction","Military Forces of the United States (2021-2025)",,8,28,,706,"Eastern Africa",Somalia,"Lower Shabelle",Qoryooley,,Farsoley,2.0844,44.5452,1,"Caasimada; Hiiraan (Somalia); Horseed Media; Puntland Post; Radio Kulmiye; Undisclosed Source","Local partner-Other","Looting: On 5 November 2024, Al Shabaab seized and looted a United State government owned US MQ-1C Gray Eagle UAV drone in Farsoley village (Qoryooley, Lower Shabelle) after the drone crashed in the Al Shabaab controlled village.",0,"Foreign military engagement; Insurgency",1753956296,1446,1949,5446
ETH14075,2024-11-06,2024,2,"Political violence","Violence against civilians","Abduction/forced disappearance","Military Forces of Eritrea (1993-)",,8,78,"Civilian targeting",231,"Eastern Africa",Ethiopia,Tigray,"Eastern Tigray",Erob,Dawhan,14.5133,39.5547,1,France24,International,"Around 6 November 2024 (week of), Eritrean soldiers abducted 4-5 youths from Dawhan, Erob (Eastern Tigray, Tigray), and took them to an unknown location. The motive is unknown/not reported.",0,"Foreign military engagement",1764722056,7808,11144,30037
ETH14075,2024-11-06,2024,2,"Political violence","Violence against civilians","Abduction/forced disappearance","Civilians (Ethiopia)",,7,78,"Civilian targeting",231,"Eastern Africa",Ethiopia,Tigray,"Eastern Tigray",Erob,Dawhan,14.5133,39.5547,1,France24,International,"Around 6 November 2024 (week of), Eritrean soldiers abducted 4-5 youths from Dawhan, Erob (Eastern Tigray, Tigray), and took them to an unknown location. The motive is unknown/not reported.",0,"Foreign military engagement",1764722056,7808,11144,30037
NIG39260,2024-11-06,2024,2,"Political violence",Battles,"Armed clash","Military Forces of Chad (2021-)",,8,28,,566,"Western Africa",Nigeria,Borno,Kukawa,,Kukawa,12.9243,13.5675,2,"Daily Trust (Nigeria)",National,"Around 6 November 2024 (as reported), the Chad troops clashed with Boko Haram (JAS) militants and killed an unspecified number of militants in Kulkimi village, location coded to the Nigerian side of Lake Chad, Kukawa (Kukawa, Borno). Unknown casualties, coded as 10.",10,"Foreign military engagement; Insurgency; Terrorist activity",1788313380,5715,6243,8575
NIG39260,2024-11-06,2024,2,"Political violence",Battles,"Armed clash","Boko Haram - Jamaatu Ahli is-Sunnah lid-Dawati wal-Jihad",,2,28,,566,"Western Africa",Nigeria,Borno,Kukawa,,Kukawa,12.9243,13.5675,2,"Daily Trust (Nigeria)",National,"Around 6 November 2024 (as reported), the Chad troops clashed with Boko Haram (JAS) militants and killed an unspecified number of militants in Kulkimi village, location coded to the Nigerian side of Lake Chad, Kukawa (Kukawa, Borno). Unknown casualties, coded as 10.",10,"Foreign military engagement; Insurgency; Terrorist activity",1788313380,5715,6243,8575
MZM4408,2024-11-06,2024,1,"Political violence",Battles,"Armed clash","Islamic State Mozambique (ISM)",,2,28,,508,"Eastern Africa",Mozambique,"Cabo Delgado",Macomia,Quiterajo,Cobre,-11.8809,40.4241,2,"Al Naba; Cabo Ligado; Telegram; Zitamar","Local partner-Other","On 6 November 2024, Islamist militia clashed with Rwandan military forces between Natogo and Cobre (Macomia, Macomia, Cabo Delgado). The militia detonated an IED device on the Rwandan patrol, consisting of an armored vehicle and two vehicles. The Islamic State claimed the attack and killing one soldier (conflicting reports ranging between one and two). Soldiers fled the area. The explosion damaged the armored vehicle. The militia shared pictures of the victims wearing the uniform of Mozambique's European Union-trained Quick Reaction Force. Islamist militia seized ammunition.",1,"Foreign military engagement; Insurgency; Terrorist activity",1753954689,1224,1522,2217
MZM4408,2024-11-06,2024,1,"Political violence",Battles,"Armed clash","Military Forces of Rwanda (1994-)",,8,28,,508,"Eastern Africa",Mozambique,"Cabo Delgado",Macomia,Quiterajo,Cobre,-11.8809,40.4241,2,"Al Naba; Cabo Ligado; Telegram; Zitamar","Local partner-Other","On 6 November 2024, Islamist militia clashed with Rwandan military forces between Natogo and Cobre (Macomia, Macomia, Cabo Delgado). The militia detonated an IED device on the Rwandan patrol, consisting of an armored vehicle and two vehicles. The Islamic State claimed the attack and killing one soldier (conflicting reports ranging between one and two). Soldiers fled the area. The explosion damaged the armored vehicle. The militia shared pictures of the victims wearing the uniform of Mozambique's European Union-trained Quick Reaction Force. Islamist militia seized ammunition.",1,"Foreign military engagement; Insurgency; Terrorist activity",1753954689,1224,1522,2217
SOM47055,2024-11-06,2024,1,"Political violence","Explosions/Remote violence","Remote explosive/landmine/IED","Al Shabaab",,2,28,,706,"Eastern Africa",Somalia,"Lower Shabelle",Afgooye,,Laantabuur,2.0537,45.0548,2,"Calamada; Somali Memo",Subnational-National,"On 6 November 2024, an IED planted by Al Shabaab exploded, targeting ATMIS UPDF troops convoy passing near Laantabuur village (Afgooye, Lower Shabelle). Al Shabaab claimed killing five soldiers.",5,"Foreign military engagement; Insurgency",1753970711,607,2121,7331
SOM47055,2024-11-06,2024,1,"Political violence","Explosions/Remote violence","Remote explosive/landmine/IED","ATMIS: African Union Transition Mission in Somalia (2022-2024) (Uganda)",,8,28,,706,"Eastern Africa",Somalia,"Lower Shabelle",Afgooye,,Laantabuur,2.0537,45.0548,2,"Calamada; Somali Memo",Subnational-National,"On 6 November 2024, an IED planted by Al Shabaab exploded, targeting ATMIS UPDF troops convoy passing near Laantabuur village (Afgooye, Lower Shabelle). Al Shabaab claimed killing five soldiers.",5,"Foreign military engagement; Insurgency",1753970711,607,2121,7331
MZM4409,2024-11-07,2024,1,"Political violence",Battles,"Armed clash","Islamic State Mozambique (ISM)",,2,28,,508,"Eastern Africa",Mozambique,"Cabo Delgado",Macomia,Quiterajo,Cobre,-11.8809,40.4241,2,"Al Naba",International,"On 7 November 2024, Islamist militia clashed with Rwandan military forces in Natogo, near Cobre (Macomia, Cabo Delgado). Casualties unknown. Soldiers fled the area. The Islamic State claimed the clashes.",0,"Foreign military engagement; Insurgency; Terrorist activity",1753954689,1224,1522,2217
MZM4409,2024-11-07,2024,1,"Political violence",Battles,"Armed clash","Military Forces of Rwanda (1994-)",,8,28,,508,"Eastern Africa",Mozambique,"Cabo Delgado",Macomia,Quiterajo,Cobre,-11.8809,40.4241,2,"Al Naba",International,"On 7 November 2024, Islamist militia clashed with Rwandan military forces in Natogo, near Cobre (Macomia, Cabo Delgado). Casualties unknown. Soldiers fled the area. The Islamic State claimed the clashes.",0,"Foreign military engagement; Insurgency; Terrorist activity",1753954689,1224,1522,2217
SOM47066,2024-11-08,2024,1,"Political violence",Battles,"Armed clash","Unidentified Military Forces",,8,28,,706,"Eastern Africa",Somalia,Mudug,Xarardheere,,Camaara,5.1143,47.9303,1,"Radio Kulmiye; Shabelle Media Network",National,"On 8 November 2024, international forces (described as international friends, coded as Unidentified Military Forces) conducted an airstrike targeting Al Shabaab in a meeting in Camaara town (Xarardheere, Mudug). An unknown number of militants were killed and wounded, unspecified number of fatalities coded as 3.",3,"Foreign military engagement; Insurgency",1753970711,8,121,917
SOM47066,2024-11-08,2024,1,"Political violence",Battles,"Armed clash","Al Shabaab",,2,28,,706,"Eastern Africa",Somalia,Mudug,Xarardheere,,Camaara,5.1143,47.9303,1,"Radio Kulmiye; Shabelle Media Network",National,"On 8 November 2024, international forces (described as international friends, coded as Unidentified Military Forces) conducted an airstrike targeting Al Shabaab in a meeting in Camaara town (Xarardheere, Mudug). An unknown number of militants were killed and wounded, unspecified number of fatalities coded as 3.",3,"Foreign military engagement; Insurgency",1753970711,8,121,917
SOM47079,2024-11-08,2024,1,"Political violence",Battles,"Armed clash","Al Shabaab",,2,28,,706,"Eastern Africa",Somalia,Bay,Baydhaba,,Aawdiinle,3.1706,43.4099,1,"Al Furqaan; Calamada; Somali Memo; Undisclosed Source","Local partner-Other","On 8 November 2024, overnight, Al Shabaab launched a probing attack against Ethiopia security forces (non-atmis) and engaged them in an armed clash at a base in Aawdiinle village (Baydhaba, Bay). There were no casualties and Al Shabaab claimed responsibility.",0,"Foreign military engagement; Insurgency",1753956296,6542,7598,10133
SOM47079,2024-11-08,2024,1,"Political violence",Battles,"Armed clash","Military Forces of Ethiopia (2018-)",,8,28,,706,"Eastern Africa",Somalia,Bay,Baydhaba,,Aawdiinle,3.1706,43.4099,1,"Al Furqaan; Calamada; Somali Memo; Undisclosed Source","Local partner-Other","On 8 November 2024, overnight, Al Shabaab launched a probing attack against Ethiopia security forces (non-atmis) and engaged them in an armed clash at a base in Aawdiinle village (Baydhaba, Bay). There were no casualties and Al Shabaab claimed responsibility.",0,"Foreign military engagement; Insurgency",1753956296,6542,7598,10133
SOM47109,2024-11-08,2024,1,"Strategic developments","Strategic developments",Other,"Military Forces of Kenya (2022-)",,8,80,,706,"Eastern Africa",Somalia,Gedo,Baardheere,,"Faafax Dhuun",2.2059,41.6249,1,"Shabelle Media Network",Subnational,"Other: On 8 November 2024, overnight, Kenya military forces dropped leaflets in Faafax Dhuun village (Baardheere, Gedo) informing civilians to stay away from Al Shabaab positions in the village.",0,"Foreign military engagement",1753956296,1763,1998,2066
SOM47063,2024-11-08,2024,1,"Political violence","Explosions/Remote violence","Remote explosive/landmine/IED","Al Shabaab",,2,28,,706,"Eastern Africa",Somalia,"Lower Shabelle",Afgooye,,K60,1.9243,44.9231,1,"Somali Memo",National,"On 8 November 2024, an IED planted by Al Shabaab exploded, targeting ATMIS UPD troops convoy passing in the vicinity of K60 village (Afgooye, Lower Shabelle). At least three soldiers were killed, three others were injured and Al Shabaab claimed responsibility.",3,"Foreign military engagement; Insurgency",1753970711,151,277,1994
SOM47063,2024-11-08,2024,1,"Political violence","Explosions/Remote violence","Remote explosive/landmine/IED","ATMIS: African Union Transition Mission in Somalia (2022-2024) (Uganda)",,8,28,,706,"Eastern Africa",Somalia,"Lower Shabelle",Afgooye,,K60,1.9243,44.9231,1,"Somali Memo",National,"On 8 November 2024, an IED planted by Al Shabaab exploded, targeting ATMIS UPD troops convoy passing in the vicinity of K60 village (Afgooye, Lower Shabelle). At least three soldiers were killed, three others were injured and Al Shabaab claimed responsibility.",3,"Foreign military engagement; Insurgency",1753970711,151,277,1994
SOM47064,2024-11-08,2024,1,"Political violence","Explosions/Remote violence","Shelling/artillery/missile attack","Al Shabaab",,2,28,,706,"Eastern Africa",Somalia,"Lower Shabelle",Baraawe,,Baraawe,1.1132,44.0297,2,"Somali Memo",National,"On 8 November 2024, Al Shabaab fired several mortar shells against ATMIS UPDF troops at a forward operation base in Buur Colow village near Baraawe town (Baraawe, Lower Shabelle). There were no casualties and Al Shabaab claimed responsibility.",0,"Foreign military engagement; Insurgency",1753970711,25015,35365,39278
SOM47064,2024-11-08,2024,1,"Political violence","Explosions/Remote violence","Shelling/artillery/missile attack","ATMIS: African Union Transition Mission in Somalia (2022-2024) (Uganda)",,8,28,,706,"Eastern Africa",Somalia,"Lower Shabelle",Baraawe,,Baraawe,1.1132,44.0297,2,"Somali Memo",National,"On 8 November 2024, Al Shabaab fired several mortar shells against ATMIS UPDF troops at a forward operation base in Buur Colow village near Baraawe town (Baraawe, Lower Shabelle). There were no casualties and Al Shabaab claimed responsibility.",0,"Foreign military engagement; Insurgency",1753970711,25015,35365,39278
SOM47074,2024-11-09,2024,1,"Political violence",Battles,"Armed clash","Al Shabaab",,2,28,,706,"Eastern Africa",Somalia,"Lower Shabelle",Marka,,Danow,1.7317,44.6253,2,"Al Furqaan; Calamada; Somali Memo; Undisclosed Source","Local partner-Other","On 9 November 2024, Al Shabaab ambushed an ATMIS UPDF troops convoy and engaged them in an armed clash near Danow village (Marka, Lower Shabelle) after an IED targeted at the convoy exploded. Al Shabaab claimed killing 3 soldiers.",3,"Foreign military engagement; Insurgency",1753970711,590,1707,5113
SOM47074,2024-11-09,2024,1,"Political violence",Battles,"Armed clash","ATMIS: African Union Transition Mission in Somalia (2022-2024) (Uganda)",,8,28,,706,"Eastern Africa",Somalia,"Lower Shabelle",Marka,,Danow,1.7317,44.6253,2,"Al Furqaan; Calamada; Somali Memo; Undisclosed Source","Local partner-Other","On 9 November 2024, Al Shabaab ambushed an ATMIS UPDF troops convoy and engaged them in an armed clash near Danow village (Marka, Lower Shabelle) after an IED targeted at the convoy exploded. Al Shabaab claimed killing 3 soldiers.",3,"Foreign military engagement; Insurgency",1753970711,590,1707,5113
SOM47080,2024-11-10,2024,1,"Political violence",Battles,"Armed clash","Al Shabaab",,2,28,,706,"Eastern Africa",Somalia,Bay,Baydhaba,,Berdaale,3.2150,43.1983,1,"Al Furqaan; Calamada; Undisclosed Source","Local partner-Other","On 10 November 2024, overnight, Al Shabaab launched a probing attack against Ethiopia security forces (non-atmis) and engaged them in an armed clash at a base in Berdaale town village (Baydhaba, Bay). Al Shabaab claimed killing 3 soldiers and injured 4 others.",3,"Foreign military engagement; Insurgency",1753956296,16916,24489,26372
SOM47080,2024-11-10,2024,1,"Political violence",Battles,"Armed clash","Military Forces of Ethiopia (2018-)",,8,28,,706,"Eastern Africa",Somalia,Bay,Baydhaba,,Berdaale,3.2150,43.1983,1,"Al Furqaan; Calamada; Undisclosed Source","Local partner-Other","On 10 November 2024, overnight, Al Shabaab launched a probing attack against Ethiopia security forces (non-atmis) and engaged them in an armed clash at a base in Berdaale town village (Baydhaba, Bay). Al Shabaab claimed killing 3 soldiers and injured 4 others.",3,"Foreign military engagement; Insurgency",1753956296,16916,24489,26372
SOM47075,2024-11-10,2024,1,"Political violence",Battles,"Armed clash","Al Shabaab",,2,28,,706,"Eastern Africa",Somalia,"Lower Shabelle",Qoryooley,,Qoryooley,1.7878,44.5300,1,"Calamada; Undisclosed Source","Local partner-Other","On 10 November 2024, overnight, Al Shabaab conducted a probing attack against ATMIS UPDF troops and engaged them in an armed clash at a base in Qoryooley town (Qoryooley, Lower Shabelle). There were no casualties and Al Shabaab claimed responsibility.",0,"Foreign military engagement; Insurgency",1754354914,21744,30637,42192
SOM47075,2024-11-10,2024,1,"Political violence",Battles,"Armed clash","ATMIS: African Union Transition Mission in Somalia (2022-2024) (Uganda)",,8,28,,706,"Eastern Africa",Somalia,"Lower Shabelle",Qoryooley,,Qoryooley,1.7878,44.5300,1,"Calamada; Undisclosed Source","Local partner-Other","On 10 November 2024, overnight, Al Shabaab conducted a probing attack against ATMIS UPDF troops and engaged them in an armed clash at a base in Qoryooley town (Qoryooley, Lower Shabelle). There were no casualties and Al Shabaab claimed responsibility.",0,"Foreign military engagement; Insurgency",1754354914,21744,30637,42192
SOM47111,2024-11-10,2024,1,"Political violence","Explosions/Remote violence","Remote explosive/landmine/IED","Al Shabaab",,2,28,,706,"Eastern Africa",Somalia,"Lower Shabelle",Marka,,Gendawe,1.7220,44.7023,2,"Al Furqaan; Calamada; Somali Memo; Undisclosed Source","Local partner-Other","On 10 November 2024, a roadside IED planted by Al Shabaab exploded, targeting ATMIS UPDF troops who were passing in between Buffow and Gendawe village (Marka, Lower Shabelle). Three civilians including a female NGO worker traveling in a private vehicle were killed. Al Shabaab claimed killing two soldiers and injured five others.",3,"Foreign military engagement; Insurgency",1753970711,3601,6550,6578
SOM47111,2024-11-10,2024,1,"Political violence","Explosions/Remote violence","Remote explosive/landmine/IED","ATMIS: African Union Transition Mission in Somalia (2022-2024) (Uganda)","Aid Workers (Somalia); Civilians (Somalia)",8,28,,706,"Eastern Africa",Somalia,"Lower Shabelle",Marka,,Gendawe,1.7220,44.7023,2,"Al Furqaan; Calamada; Somali Memo; Undisclosed Source","Local partner-Other","On 10 November 2024, a roadside IED planted by Al Shabaab exploded, targeting ATMIS UPDF troops who were passing in between Buffow and Gendawe village (Marka, Lower Shabelle). Three civilians including a female NGO worker traveling in a private vehicle were killed. Al Shabaab claimed killing two soldiers and injured five others.",3,"Foreign military engagement; Insurgency",1753970711,3601,6550,6578
SOM47069,2024-11-11,2024,1,"Political violence","Explosions/Remote violence","Air/drone strike","Unidentified Military Forces","Military Forces of Somalia (2022-)",8,28,,706,"Eastern Africa",Somalia,Galgaduud,"Ceel Dheer",,"Ceel Dheer",3.8491,47.1803,2,"Radio Kulmiye; Undisclosed Source","Local partner-Other","On 11 November 2024, international forces (described as international friends, coded as Unidentified Military Forces), in coordination with government security forces (SNA), conducted an airstrike against Al Shabaab base in between Raga Bariir area near Ceel Dheer town (Ceel Dheer, Galgaduud). An unknown number of militants were killed, unspecified number of fatalities coded as 3.",3,"Foreign military engagement; Insurgency",1753970711,15967,16974,17370
SOM47069,2024-11-11,2024,1,"Political violence","Explosions/Remote violence","Air/drone strike","Al Shabaab",,2,28,,706,"Eastern Africa",Somalia,Galgaduud,"Ceel Dheer",,"Ceel Dheer",3.8491,47.1803,2,"Radio Kulmiye; Undisclosed Source","Local partner-Other","On 11 November 2024, international forces (described as international friends, coded as Unidentified Military Forces), in coordination with government security forces (SNA), conducted an airstrike against Al Shabaab base in between Raga Bariir area near Ceel Dheer town (Ceel Dheer, Galgaduud). An unknown number of militants were killed, unspecified number of fatalities coded as 3.",3,"Foreign military engagement; Insurgency",1753970711,15967,16974,17370
SOM47070,2024-11-12,2024,1,"Political violence",Battles,"Armed clash","Al Shabaab",,2,28,,706,"Eastern Africa",Somalia,Bay,Diinsoor,,Diinsoor,2.4074,42.9766,1,"Al Furqaan; Calamada; Undisclosed Source","Local partner-Other","On 12 November 2024, Al Shabaab carried out a hit-and-run attack against ATMIS ENDF troops and engaged them in an armed clash at a base in Diinsoor town (Diinsoor, Bay). The clash was initiated with RPGs. There were no casualties and Al Shabaab claimed responsibility.",0,"Foreign military engagement; Insurgency",1753970711,34797,47626,49248
SOM47070,2024-11-12,2024,1,"Political violence",Battles,"Armed clash","ATMIS: African Union Transition Mission in Somalia (2022-2024) (Ethiopia)",,8,28,,706,"Eastern Africa",Somalia,Bay,Diinsoor,,Diinsoor,2.4074,42.9766,1,"Al Furqaan; Calamada; Undisclosed Source","Local partner-Other","On 12 November 2024, Al Shabaab carried out a hit-and-run attack against ATMIS ENDF troops and engaged them in an armed clash at a base in Diinsoor town (Diinsoor, Bay). The clash was initiated with RPGs. There were no casualties and Al Shabaab claimed responsibility.",0,"Foreign military engagement; Insurgency",1753970711,34797,47626,49248
SOM47076,2024-11-12,2024,1,"Political violence",Battles,"Armed clash","Al Shabaab",,2,28,,706,"Eastern Africa",Somalia,"Lower Shabelle",Marka,,Janaale,1.8000,44.7000,1,"Al Furqaan; Calamada; Undisclosed Source","Local partner-Other","On 12 November 2024, overnight, Al Shabaab carried out a hit-and-run against ATMIS UPDF and engaged them in an armed clash at a base in Janaale town (Janaale, Marka). There were no casualties and Al Shabaab claimed responsibility.",0,"Foreign military engagement; Insurgency",1753970711,10170,18873,18873
SOM47076,2024-11-12,2024,1,"Political violence",Battles,"Armed clash","ATMIS: African Union Transition Mission in Somalia (2022-2024) (Uganda)",,8,28,,706,"Eastern Africa",Somalia,"Lower Shabelle",Marka,,Janaale,1.8000,44.7000,1,"Al Furqaan; Calamada; Undisclosed Source","Local partner-Other","On 12 November 2024, overnight, Al Shabaab carried out a hit-and-run against ATMIS UPDF and engaged them in an armed clash at a base in Janaale town (Janaale, Marka). There were no casualties and Al Shabaab claimed responsibility.",0,"Foreign military engagement; Insurgency",1753970711,10170,18873,18873
SOM47122,2024-11-12,2024,1,"Political violence","Explosions/Remote violence","Remote explosive/landmine/IED","Al Shabaab",,2,28,,706,"Eastern Africa",Somalia,"Lower Shabelle",Afgooye,,K60,1.9243,44.9231,2,"Al Furqaan; Calamada",Subnational-National,"On 12 November 2024, a roadside IED planted by Al Shabaab exploded, targeting ATMIS UPDF troops convoy traveling in between Buffow and K60 village (Afgooye, Lower Shabelle). 1 soldier was killed, six others were injured and Al Shabaab claimed responsibility.",1,"Foreign military engagement; Insurgency",1753970711,151,277,1994
SOM47122,2024-11-12,2024,1,"Political violence","Explosions/Remote violence","Remote explosive/landmine/IED","ATMIS: African Union Transition Mission in Somalia (2022-2024) (Uganda)",,8,28,,706,"Eastern Africa",Somalia,"Lower Shabelle",Afgooye,,K60,1.9243,44.9231,2,"Al Furqaan; Calamada",Subnational-National,"On 12 November 2024, a roadside IED planted by Al Shabaab exploded, targeting ATMIS UPDF troops convoy traveling in between Buffow and K60 village (Afgooye, Lower Shabelle). 1 soldier was killed, six others were injured and Al Shabaab claimed responsibility.",1,"Foreign military engagement; Insurgency",1753970711,151,277,1994
SOM47123,2024-11-12,2024,1,"Political violence","Explosions/Remote violence","Remote explosive/landmine/IED","Al Shabaab",,2,28,,706,"Eastern Africa",Somalia,"Lower Shabelle",Marka,,"Ceel Waregow",1.8087,44.7994,2,"Al Furqaan; Calamada; Undisclosed Source","Local partner-Other","On 12 November 2024, a roadside IED planted by Al Shabaab exploded, targeting ATMIS UPDF troops convoy near Ceel Waregow village (Marka, Lower Shabelle). One soldier was injured and Al Shabaab claimed responsibility.",0,"Foreign military engagement; Insurgency",1753970711,1185,1667,4548
SOM47123,2024-11-12,2024,1,"Political violence","Explosions/Remote violence","Remote explosive/landmine/IED","ATMIS: African Union Transition Mission in Somalia (2022-2024) (Uganda)",,8,28,,706,"Eastern Africa",Somalia,"Lower Shabelle",Marka,,"Ceel Waregow",1.8087,44.7994,2,"Al Furqaan; Calamada; Undisclosed Source","Local partner-Other","On 12 November 2024, a roadside IED planted by Al Shabaab exploded, targeting ATMIS UPDF troops convoy near Ceel Waregow village (Marka, Lower Shabelle). One soldier was injured and Al Shabaab claimed responsibility.",0,"Foreign military engagement; Insurgency",1753970711,1185,1667,4548
SOM47071,2024-11-13,2024,1,"Political violence",Battles,"Armed clash","Al Shabaab",,2,28,,706,"Eastern Africa",Somalia,Bakool,Xudur,,Hudur,4.1237,43.8915,1,"Al Furqaan; Calamada; Undisclosed Source","Local partner-Other","On 13 November 2024, Al Shabaab carried out a hit-and-run attack at an ATMIS ENDF and engaged them in an armed clash at a base in Hudur town (Xudur, Bakool). There were no casualties and Al Shabaab claimed responsibility.",0,"Foreign military engagement; Insurgency",1753970711,20925,30411,32908
SOM47071,2024-11-13,2024,1,"Political violence",Battles,"Armed clash","ATMIS: African Union Transition Mission in Somalia (2022-2024) (Ethiopia)",,8,28,,706,"Eastern Africa",Somalia,Bakool,Xudur,,Hudur,4.1237,43.8915,1,"Al Furqaan; Calamada; Undisclosed Source","Local partner-Other","On 13 November 2024, Al Shabaab carried out a hit-and-run attack at an ATMIS ENDF and engaged them in an armed clash at a base in Hudur town (Xudur, Bakool). There were no casualties and Al Shabaab claimed responsibility.",0,"Foreign military engagement; Insurgency",1753970711,20925,30411,32908
SOM47072,2024-11-13,2024,1,"Political violence",Battles,"Armed clash","Al Shabaab",,2,28,,706,"Eastern Africa",Somalia,Bakool,Waajid,,Waajid,3.8096,43.2463,1,"Calamada; Somali Memo; Undisclosed Source","Local partner-Other","On 13 November 2024, overnight, Al Shabaab launched an attack against ATMIS ENDF and engaged them in an armed clash at a base in Waajid town (Waajid, Bakool). There were no casualties and Al Shabaab claimed responsibility.",0,"Foreign military engagement; Insurgency",1753970711,48336,73048,73511
SOM47072,2024-11-13,2024,1,"Political violence",Battles,"Armed clash","ATMIS: African Union Transition Mission in Somalia (2022-2024) (Ethiopia)",,8,28,,706,"Eastern Africa",Somalia,Bakool,Waajid,,Waajid,3.8096,43.2463,1,"Calamada; Somali Memo; Undisclosed Source","Local partner-Other","On 13 November 2024, overnight, Al Shabaab launched an attack against ATMIS ENDF and engaged them in an armed clash at a base in Waajid town (Waajid, Bakool). There were no casualties and Al Shabaab claimed responsibility.",0,"Foreign military engagement; Insurgency",1753970711,48336,73048,73511
SOM47077,2024-11-13,2024,1,"Political violence",Battles,"Armed clash","Al Shabaab",,2,28,,706,"Eastern Africa",Somalia,"Lower Shabelle",Baraawe,,Baraawe,1.1132,44.0297,2,"Calamada; Somali Memo",Subnational-National,"On 13 November 2024, overnight, Al Shabaab attacked ATMIS UPDF and engaged them in an armed clash at a forward operating base in Buur-Colow village near Baraawe town (Baraawe, Lower Shabelle). The clash was initiated with RPGs, there were no casualties and Al Shabaab claimed responsibility.",0,"Foreign military engagement; Insurgency",1753970711,25015,35365,39278
SOM47077,2024-11-13,2024,1,"Political violence",Battles,"Armed clash","ATMIS: African Union Transition Mission in Somalia (2022-2024) (Uganda)",,8,28,,706,"Eastern Africa",Somalia,"Lower Shabelle",Baraawe,,Baraawe,1.1132,44.0297,2,"Calamada; Somali Memo",Subnational-National,"On 13 November 2024, overnight, Al Shabaab attacked ATMIS UPDF and engaged them in an armed clash at a forward operating base in Buur-Colow village near Baraawe town (Baraawe, Lower Shabelle). The clash was initiated with RPGs, there were no casualties and Al Shabaab claimed responsibility.",0,"Foreign military engagement; Insurgency",1753970711,25015,35365,39278
MZM4410,2024-11-13,2024,1,"Political violence",Battles,"Armed clash","Islamic State Mozambique (ISM)",,2,28,,508,"Eastern Africa",Mozambique,"Cabo Delgado",Macomia,Mucojo,Mucojo,-12.0653,40.4794,1,"Al Naba; Cabo Ligado","Local partner-Other","On 13 November 2024, Islamist militia surrounded and attacked Rwandan military forces in Mucojo (Macomia, Cabo Delgado). The Islamic State claimed clashing with Rwandan and Mozambican military forces and attacking civilians in the region of Macomia and Meluco (coded separately). The Islamic State claimed killing nine 'Christians' and five Rwandan and Mozambican soldiers. 14 fatalities split across two events and coded as 6 for this event.",6,"Foreign military engagement; Insurgency; Terrorist activity",1754958639,3365,6857,12509
MZM4410,2024-11-13,2024,1,"Political violence",Battles,"Armed clash","Military Forces of Rwanda (1994-)",,8,28,,508,"Eastern Africa",Mozambique,"Cabo Delgado",Macomia,Mucojo,Mucojo,-12.0653,40.4794,1,"Al Naba; Cabo Ligado","Local partner-Other","On 13 November 2024, Islamist militia surrounded and attacked Rwandan military forces in Mucojo (Macomia, Cabo Delgado). The Islamic State claimed clashing with Rwandan and Mozambican military forces and attacking civilians in the region of Macomia and Meluco (coded separately). The Islamic State claimed killing nine 'Christians' and five Rwandan and Mozambican soldiers. 14 fatalities split across two events and coded as 6 for this event.",6,"Foreign military engagement; Insurgency; Terrorist activity",1754958639,3365,6857,12509
SOM47078,2024-11-13,2024,1,"Political violence",Battles,"Armed clash","Al Shabaab",,2,28,,706,"Eastern Africa",Somalia,"Lower Shabelle",Marka,,"Bulo Mareer",1.6298,44.5196,1,"Calamada; Somali Memo",Subnational-National,"On 13 November 2024, overnight, Al Shabaab fired RPGs against ATMIS UPDF and engaged them in an armed clash at a base in Bulo Mareer town (Marka, Lower Shabelle). There were no casualties and Al Shabaab claimed responsibility.",0,"Foreign military engagement; Insurgency",1753970711,32256,48471,49368
SOM47078,2024-11-13,2024,1,"Political violence",Battles,"Armed clash","ATMIS: African Union Transition Mission in Somalia (2022-2024) (Uganda)",,8,28,,706,"Eastern Africa",Somalia,"Lower Shabelle",Marka,,"Bulo Mareer",1.6298,44.5196,1,"Calamada; Somali Memo",Subnational-National,"On 13 November 2024, overnight, Al Shabaab fired RPGs against ATMIS UPDF and engaged them in an armed clash at a base in Bulo Mareer town (Marka, Lower Shabelle). There were no casualties and Al Shabaab claimed responsibility.",0,"Foreign military engagement; Insurgency",1753970711,32256,48471,49368
SOM47104,2024-11-14,2024,1,"Strategic developments","Strategic developments","Change to group/activity","ATMIS: African Union Transition Mission in Somalia (2022-2024) (Kenya)","Military Forces of Somalia (2022-) Jubaland Security Force",8,80,,706,"Eastern Africa",Somalia,"Lower Juba",Badhaadhe,,"Buur Gaabo",-1.2201,41.8363,1,"Hiiraan (Somalia); Radio Kulmiye; Shabelle Media Network",Subnational-National,"Movement of forces: On 14 November 2024, ATMIS KDF troops handed over the Forward Operation Base (FOB) in Jubaland state to Jubaland security forces in Buur Gaabo village (Badhaadhe, Lower Juba). The event marks the start of the ATMIS withdrawal from Somalia by the end of December.",0,"Foreign military engagement",1753970711,4757,6010,6509
MZM4441,2024-11-14,2024,1,"Political violence",Battles,"Armed clash","Islamic State Mozambique (ISM)",,2,28,,508,"Eastern Africa",Mozambique,"Cabo Delgado",Macomia,Macomia,Macomia,-12.2467,40.1208,2,"Al Naba; Cabo Ligado; Telegram","Local partner-Other","On 14 November 2024, Islamist militia clashed with a patrol of the Rwandan military forces supported by helicopters near Namaneco in the district of Macomia, coded to Macomia (Macomia, Cabo Delgado). The Islamic State claimed the clashes, the killing of two soldiers and injuring an unknown number of soldiers. Soldiers fled.",2,"Foreign military engagement; Insurgency; Terrorist activity",1753954689,4827,13205,49875
MZM4441,2024-11-14,2024,1,"Political violence",Battles,"Armed clash","Military Forces of Rwanda (1994-)",,8,28,,508,"Eastern Africa",Mozambique,"Cabo Delgado",Macomia,Macomia,Macomia,-12.2467,40.1208,2,"Al Naba; Cabo Ligado; Telegram","Local partner-Other","On 14 November 2024, Islamist militia clashed with a patrol of the Rwandan military forces supported by helicopters near Namaneco in the district of Macomia, coded to Macomia (Macomia, Cabo Delgado). The Islamic State claimed the clashes, the killing of two soldiers and injuring an unknown number of soldiers. Soldiers fled.",2,"Foreign military engagement; Insurgency; Terrorist activity",1753954689,4827,13205,49875
MLI33370,2024-11-15,2024,1,"Strategic developments","Strategic developments",Agreement,"MINUSMA: United Nations Multidimensional Integrated Stabilization Mission in Mali (2021-)",,8,18,,466,"Western Africa",Mali,Bamako,Bamako,"Commune III",Bamako,12.6500,-8.0000,1,"aBamako; RFI",National-International,"On 15 November 2024, MINUSMA officially closed their last camp and offices in Bamako (Bamako, Bamako). The facilities were retroceded to the government of Mali. This marked the final closure of MINUSMA's activities in Mali.",0,"Foreign military engagement",1753970711,87144,304459,1200503
MLI33370,2024-11-15,2024,1,"Strategic developments","Strategic developments",Agreement,"Government of Mali (2021-)",,1,18,,466,"Western Africa",Mali,Bamako,Bamako,"Commune III",Bamako,12.6500,-8.0000,1,"aBamako; RFI",National-International,"On 15 November 2024, MINUSMA officially closed their last camp and offices in Bamako (Bamako, Bamako). The facilities were retroceded to the government of Mali. This marked the final closure of MINUSMA's activities in Mali.",0,"Foreign military engagement",1753970711,87144,304459,1200503
SOM47073,2024-11-15,2024,1,"Political violence",Battles,"Armed clash","Al Shabaab",,2,28,,706,"Eastern Africa",Somalia,Bakool,Xudur,,Hudur,4.1237,43.8915,1,"Calamada; Radio Kulmiye; Somali Memo",National,"On 15 November 2024, overnight, Al Shabaab attacked ATMIS ENDF and Southwest Special Police Forces (SWSPF) and engaged them in an armed clash at a checkpoint in Hudur town (Xudur, Bakool). The clash was initiated with mortar shells. 1 ENDF soldier and 5 militants were killed, 5 others were injured from both sides. Al Shabaab claimed responsibility.",6,"Foreign military engagement; Insurgency",1753970711,20925,30411,32908
SOM47073,2024-11-15,2024,1,"Political violence",Battles,"Armed clash","ATMIS: African Union Transition Mission in Somalia (2022-2024) (Ethiopia)","Police Forces of Somalia (2022-) Southwest Special Police Forces",8,28,,706,"Eastern Africa",Somalia,Bakool,Xudur,,Hudur,4.1237,43.8915,1,"Calamada; Radio Kulmiye; Somali Memo",National,"On 15 November 2024, overnight, Al Shabaab attacked ATMIS ENDF and Southwest Special Police Forces (SWSPF) and engaged them in an armed clash at a checkpoint in Hudur town (Xudur, Bakool). The clash was initiated with mortar shells. 1 ENDF soldier and 5 militants were killed, 5 others were injured from both sides. Al Shabaab claimed responsibility.",6,"Foreign military engagement; Insurgency",1753970711,20925,30411,32908
SOM47144,2024-11-16,2024,1,"Political violence","Explosions/Remote violence","Air/drone strike","Unidentified Military Forces","Military Forces of Somalia (2022-)",8,28,,706,"Eastern Africa",Somalia,Mudug,Xarardheere,,Caad,5.0116,47.9918,1,"Radio Kulmiye",National,"On 16 November 2024, international forces (described as international friends, coded as Unidentified Military Forces), in coordination with government security forces (SNA), conducted an airstrike against an Al Shabaab base in Caad village (Xarardheere, Mudug) and Shabeellow (coded separately). An unknown number of militants were killed and wounded, unspecified number of fatalities coded as 3.",3,"Foreign military engagement; Insurgency",1753970711,2617,3168,3706
SOM47144,2024-11-16,2024,1,"Political violence","Explosions/Remote violence","Air/drone strike","Al Shabaab",,2,28,,706,"Eastern Africa",Somalia,Mudug,Xarardheere,,Caad,5.0116,47.9918,1,"Radio Kulmiye",National,"On 16 November 2024, international forces (described as international friends, coded as Unidentified Military Forces), in coordination with government security forces (SNA), conducted an airstrike against an Al Shabaab base in Caad village (Xarardheere, Mudug) and Shabeellow (coded separately). An unknown number of militants were killed and wounded, unspecified number of fatalities coded as 3.",3,"Foreign military engagement; Insurgency",1753970711,2617,3168,3706
SOM47150,2024-11-16,2024,1,"Political violence","Explosions/Remote violence","Air/drone strike","Unidentified Military Forces","Military Forces of Somalia (2022-)",8,28,,706,"Eastern Africa",Somalia,Mudug,Hobyo,,Shabeellow,5.2297,48.0413,1,"Radio Kulmiye",National,"On 16 November 2024, international forces (described as international friends, coded as Unidentified Military Forces), in coordination with government security forces (SNA), conducted an airstrike against an Al Shabaab base in Shabeellow village (Hobyo Mudug) and Caad (coded separately). An unknown number of militants were killed and wounded, unspecified number of fatalities coded as 3.",3,"Foreign military engagement; Insurgency",1753970711,251,258,287
SOM47150,2024-11-16,2024,1,"Political violence","Explosions/Remote violence","Air/drone strike","Al Shabaab",,2,28,,706,"Eastern Africa",Somalia,Mudug,Hobyo,,Shabeellow,5.2297,48.0413,1,"Radio Kulmiye",National,"On 16 November 2024, international forces (described as international friends, coded as Unidentified Military Forces), in coordination with government security forces (SNA), conducted an airstrike against an Al Shabaab base in Shabeellow village (Hobyo Mudug) and Caad (coded separately). An unknown number of militants were killed and wounded, unspecified number of fatalities coded as 3.",3,"Foreign military engagement; Insurgency",1753970711,251,258,287
SOM47139,2024-11-16,2024,1,"Political violence",Battles,"Armed clash","Al Shabaab",,2,28,,706,"Eastern Africa",Somalia,"Lower Shabelle",Baraawe,,Baraawe,1.1132,44.0297,2,"Calamada; Somali Memo",Subnational-National,"On 16 November 2024, overnight, Al Shabaab attacked ATMIS UPDF and engaged them in an armed clash at a forward operating base in Buur-Colow village near Baraawe town (Baraawe, Lower Shabelle). The clash was initiated with RPGs, there were no casualties and Al Shabaab claimed responsibility.",0,"Foreign military engagement; Insurgency",1753970711,25015,35365,39278
SOM47139,2024-11-16,2024,1,"Political violence",Battles,"Armed clash","ATMIS: African Union Transition Mission in Somalia (2022-2024) (Uganda)",,8,28,,706,"Eastern Africa",Somalia,"Lower Shabelle",Baraawe,,Baraawe,1.1132,44.0297,2,"Calamada; Somali Memo",Subnational-National,"On 16 November 2024, overnight, Al Shabaab attacked ATMIS UPDF and engaged them in an armed clash at a forward operating base in Buur-Colow village near Baraawe town (Baraawe, Lower Shabelle). The clash was initiated with RPGs, there were no casualties and Al Shabaab claimed responsibility.",0,"Foreign military engagement; Insurgency",1753970711,25015,35365,39278
SOM47140,2024-11-16,2024,1,"Political violence",Battles,"Armed clash","Al Shabaab",,2,28,,706,"Eastern Africa",Somalia,"Lower Shabelle",Baraawe,,Baraawe,1.1132,44.0297,1,"Calamada; Somali Memo",Subnational-National,"On 16 November 2024, overnight, Al Shabaab carried out an attack against government security forces (SNA) and engaged them in an armed clash at an airport base in Baraawe town (Baraawe, Lower Shabelle). The clash was initiated with RPGs, there were no casualties and Al Shabaab claimed responsibility.",0,"Foreign military engagement; Insurgency",1753970711,25015,35365,39278
SOM47140,2024-11-16,2024,1,"Political violence",Battles,"Armed clash","ATMIS: African Union Transition Mission in Somalia (2022-2024) (Uganda)",,8,28,,706,"Eastern Africa",Somalia,"Lower Shabelle",Baraawe,,Baraawe,1.1132,44.0297,1,"Calamada; Somali Memo",Subnational-National,"On 16 November 2024, overnight, Al Shabaab carried out an attack against government security forces (SNA) and engaged them in an armed clash at an airport base in Baraawe town (Baraawe, Lower Shabelle). The clash was initiated with RPGs, there were no casualties and Al Shabaab claimed responsibility.",0,"Foreign military engagement; Insurgency",1753970711,25015,35365,39278
SOM47148,2024-11-16,2024,1,"Political violence",Battles,"Armed clash","Al Shabaab",,2,28,,706,"Eastern Africa",Somalia,"Lower Shabelle",Qoryooley,,Qoryooley,1.7878,44.5300,1,"Calamada; Somali Memo",Subnational-National,"On 16 November 2024, overnight, Al Shabaab conducted a probing attack against ATMIS UPDF troops and engaged them in an armed clash at a base in Qoryooley town (Qoryooley, Lower Shabelle). There were no casualties and Al Shabaab claimed responsibility.",0,"Foreign military engagement; Insurgency",1754354914,21744,30637,42192
SOM47148,2024-11-16,2024,1,"Political violence",Battles,"Armed clash","ATMIS: African Union Transition Mission in Somalia (2022-2024) (Uganda)",,8,28,,706,"Eastern Africa",Somalia,"Lower Shabelle",Qoryooley,,Qoryooley,1.7878,44.5300,1,"Calamada; Somali Memo",Subnational-National,"On 16 November 2024, overnight, Al Shabaab conducted a probing attack against ATMIS UPDF troops and engaged them in an armed clash at a base in Qoryooley town (Qoryooley, Lower Shabelle). There were no casualties and Al Shabaab claimed responsibility.",0,"Foreign military engagement; Insurgency",1754354914,21744,30637,42192
KEN16363,2024-11-16,2024,1,"Political violence","Violence against civilians","Abduction/forced disappearance","Military Forces of Uganda (1986-)","Police Forces of Kenya (2022-); Police Forces of Kenya (2022-) National Inteligence Service",8,78,"Civilian targeting",404,"Eastern Africa",Kenya,Nairobi,Starehe,"Nairobi Central","Nairobi - Unspecified",-1.2830,36.8170,1,"BBC News; Citizen (Kenya); Daily Nation (Kenya); France24; K24; Kenyans.co; NTV (Kenya); Star (Kenya)","New media-National","On 16 November 2024, Uganda's intelligence agents (likely military, since the victim was taken to a military facility) in coordination with Kenya's security agents (likely police and national intelligence service, organs responsible for maintaining law and order) trailed and abducted Uganda's opposition leader and FDC founder, alongside his aide, at an apartment complex on riverside drive in Nairobi (Starehe, Nairobi). The victim was driven to Uganda and held incommunicado in a military detention Centre for four days, before being arraigned in a military court where he was charged with planning to undermine national security and being in unlawful possession of ammunition and firearm.[@FATALITIES]",0,"Foreign military engagement",1782854978,19739,59254,105171
KEN16363,2024-11-16,2024,1,"Political violence","Violence against civilians","Abduction/forced disappearance","Civilians (Uganda)","FDC: Forum for Democratic Change; Labor Group (Uganda)",7,78,"Civilian targeting",404,"Eastern Africa",Kenya,Nairobi,Starehe,"Nairobi Central","Nairobi - Unspecified",-1.2830,36.8170,1,"BBC News; Citizen (Kenya); Daily Nation (Kenya); France24; K24; Kenyans.co; NTV (Kenya); Star (Kenya)","New media-National","On 16 November 2024, Uganda's intelligence agents (likely military, since the victim was taken to a military facility) in coordination with Kenya's security agents (likely police and national intelligence service, organs responsible for maintaining law and order) trailed and abducted Uganda's opposition leader and FDC founder, alongside his aide, at an apartment complex on riverside drive in Nairobi (Starehe, Nairobi). The victim was driven to Uganda and held incommunicado in a military detention Centre for four days, before being arraigned in a military court where he was charged with planning to undermine national security and being in unlawful possession of ammunition and firearm.[@FATALITIES]",0,"Foreign military engagement",1782854978,19739,59254,105171
SSD10190,2024-11-17,2024,1,"Strategic developments","Strategic developments",Other,"Military Forces of Uganda (1986-)",,8,78,,728,"Eastern Africa","South Sudan","Eastern Equatoria",Ikotos,Losite,Tseretenya,3.8295,33.2190,2,"Radio Tamazuj",National,"Other: On 17 November 2024, suspected Ugandan soldiers confiscated an unknown number of cattle from civilians and carted away an AK-47 rifle belonging to a herder in Nangolojore, near the Uganda-South Sudan border (location coded to Tseretenya in Ikotos County, Eastern Equatoria State). The military accused the South Sudanese herders of grazing in Ugandan territory illegally, thus the seizure. The situation created tension in the area, Ugandan and South Sudanese authorities are planning to engage to ensure the cattle are returned.",0,"Foreign military engagement",1753956296,2537,2937,6285
SSD10190,2024-11-17,2024,1,"Strategic developments","Strategic developments",Other,"Civilians (South Sudan)","Pastoralists (South Sudan)",7,78,,728,"Eastern Africa","South Sudan","Eastern Equatoria",Ikotos,Losite,Tseretenya,3.8295,33.2190,2,"Radio Tamazuj",National,"Other: On 17 November 2024, suspected Ugandan soldiers confiscated an unknown number of cattle from civilians and carted away an AK-47 rifle belonging to a herder in Nangolojore, near the Uganda-South Sudan border (location coded to Tseretenya in Ikotos County, Eastern Equatoria State). The military accused the South Sudanese herders of grazing in Ugandan territory illegally, thus the seizure. The situation created tension in the area, Ugandan and South Sudanese authorities are planning to engage to ensure the cattle are returned.",0,"Foreign military engagement",1753956296,2537,2937,6285
SOM47166,2024-11-18,2024,1,"Political violence",Battles,"Armed clash","Al Shabaab",,2,28,,706,"Eastern Africa",Somalia,"Lower Shabelle",Marka,,Golweyn,1.6584,44.5800,1,"Al Furqaan; Calamada; Radio Kulmiye; Somali Memo",Subnational-National,"On 18 November 2024, Al Shabaab attacked ATMIS UPDF and engaged them in an armed clash at a forward operating base in Golweyn village (Marka, Lower Shabelle). The clash was initiated with RPGs, there were no casualties and Al Shabaab claimed responsibility.",0,"Foreign military engagement; Insurgency",1753970711,12280,13169,17281
SOM47166,2024-11-18,2024,1,"Political violence",Battles,"Armed clash","ATMIS: African Union Transition Mission in Somalia (2022-2024) (Uganda)",,8,28,,706,"Eastern Africa",Somalia,"Lower Shabelle",Marka,,Golweyn,1.6584,44.5800,1,"Al Furqaan; Calamada; Radio Kulmiye; Somali Memo",Subnational-National,"On 18 November 2024, Al Shabaab attacked ATMIS UPDF and engaged them in an armed clash at a forward operating base in Golweyn village (Marka, Lower Shabelle). The clash was initiated with RPGs, there were no casualties and Al Shabaab claimed responsibility.",0,"Foreign military engagement; Insurgency",1753970711,12280,13169,17281
SOM47178,2024-11-19,2024,1,"Political violence",Battles,"Armed clash","Al Shabaab",,2,28,,706,"Eastern Africa",Somalia,Bay,Diinsoor,,Diinsoor,2.4074,42.9766,1,"Al Furqaan; Calamada; Radio Kulmiye; Somali Memo; Undisclosed Source","Local partner-Other","On 19 November 2024, Al Shabaab carried out a probing attack against ATMIS ENDF troops and engaged them in an armed clash at the airstrip base in Diinsoor town (Diinsoor, Bay). Casualties unknown and Al Shabaab claimed responsibility.",0,"Foreign military engagement; Insurgency",1753970711,34797,47626,49248
SOM47178,2024-11-19,2024,1,"Political violence",Battles,"Armed clash","ATMIS: African Union Transition Mission in Somalia (2022-2024) (Ethiopia)",,8,28,,706,"Eastern Africa",Somalia,Bay,Diinsoor,,Diinsoor,2.4074,42.9766,1,"Al Furqaan; Calamada; Radio Kulmiye; Somali Memo; Undisclosed Source","Local partner-Other","On 19 November 2024, Al Shabaab carried out a probing attack against ATMIS ENDF troops and engaged them in an armed clash at the airstrip base in Diinsoor town (Diinsoor, Bay). Casualties unknown and Al Shabaab claimed responsibility.",0,"Foreign military engagement; Insurgency",1753970711,34797,47626,49248
SOM47180,2024-11-19,2024,1,"Political violence","Explosions/Remote violence","Remote explosive/landmine/IED","Al Shabaab",,2,28,,706,"Eastern Africa",Somalia,"Lower Juba",Kismaayo,,Kismayo,-0.3603,42.5463,1,"Al Furqaan; Calamada; Mareeg News (Somalia); Somali Memo; Undisclosed Source","Local partner-Other","On 19 November 2024, a magnetic remote-controlled IED planted by Al Shabaab exploded at the ATMIS KDF sentry, at the third entrance gate of the Kismayo seaport in Kismayo town (Kismaayo, Lower Juba). 1 KDF soldier was killed, 2 others were injured and one suspect was arrested. Al Shabaab claimed killing 3 soldiers and injuring 2 others.",1,"Foreign military engagement; Insurgency",1753970711,54383,181357,279849
SOM47180,2024-11-19,2024,1,"Political violence","Explosions/Remote violence","Remote explosive/landmine/IED","ATMIS: African Union Transition Mission in Somalia (2022-2024) (Kenya)",,8,28,,706,"Eastern Africa",Somalia,"Lower Juba",Kismaayo,,Kismayo,-0.3603,42.5463,1,"Al Furqaan; Calamada; Mareeg News (Somalia); Somali Memo; Undisclosed Source","Local partner-Other","On 19 November 2024, a magnetic remote-controlled IED planted by Al Shabaab exploded at the ATMIS KDF sentry, at the third entrance gate of the Kismayo seaport in Kismayo town (Kismaayo, Lower Juba). 1 KDF soldier was killed, 2 others were injured and one suspect was arrested. Al Shabaab claimed killing 3 soldiers and injuring 2 others.",1,"Foreign military engagement; Insurgency",1753970711,54383,181357,279849
MLI33402,2024-11-19,2024,1,"Political violence","Explosions/Remote violence","Air/drone strike","Military Forces of Niger (2023-)",,8,28,,466,"Western Africa",Mali,Gao,Ansongo,Ouattagouna,Ouatagouna,15.1787,0.7238,1,"Forces Armees Nigeriennes; RTN (Niger)",Other-Regional,"On 19 November 2024, Niger army launched an airstrike against an armed group (likely ISSP, based on location) in Ouatagouna (Ansongo, Gao) after the group attacked civilians earlier in Kandadji. According to a government statement, there were 10 militants killed and at least 5 motorcycles destroyed.",10,"Foreign military engagement; Insurgency; Terrorist activity",1753954689,1315,2721,4611
MLI33402,2024-11-19,2024,1,"Political violence","Explosions/Remote violence","Air/drone strike","Islamic State Sahel Province (ISSP)",,2,28,,466,"Western Africa",Mali,Gao,Ansongo,Ouattagouna,Ouatagouna,15.1787,0.7238,1,"Forces Armees Nigeriennes; RTN (Niger)",Other-Regional,"On 19 November 2024, Niger army launched an airstrike against an armed group (likely ISSP, based on location) in Ouatagouna (Ansongo, Gao) after the group attacked civilians earlier in Kandadji. According to a government statement, there were 10 militants killed and at least 5 motorcycles destroyed.",10,"Foreign military engagement; Insurgency; Terrorist activity",1753954689,1315,2721,4611
SOM47190,2024-11-21,2024,1,"Political violence",Battles,"Armed clash","Al Shabaab",,2,28,,706,"Eastern Africa",Somalia,Gedo,Garbahaarey,,Garbahaarey,3.3280,42.2199,1,Calamada,National,"On 21 November 2024, overnight, Al Shabaab carried out a hit-and-run targeted at ATMIS ENDF and engaged them in an armed clash at a base in Garbahaarey town (Garbahaarey, Gedo). There were no casualties and Al Shabaab claimed responsibility.",0,"Foreign military engagement; Insurgency",1753970711,24862,32209,34720
SOM47190,2024-11-21,2024,1,"Political violence",Battles,"Armed clash","ATMIS: African Union Transition Mission in Somalia (2022-2024) (Ethiopia)",,8,28,,706,"Eastern Africa",Somalia,Gedo,Garbahaarey,,Garbahaarey,3.3280,42.2199,1,Calamada,National,"On 21 November 2024, overnight, Al Shabaab carried out a hit-and-run targeted at ATMIS ENDF and engaged them in an armed clash at a base in Garbahaarey town (Garbahaarey, Gedo). There were no casualties and Al Shabaab claimed responsibility.",0,"Foreign military engagement; Insurgency",1753970711,24862,32209,34720
SOM47205,2024-11-22,2024,1,"Political violence","Explosions/Remote violence","Air/drone strike","Unidentified Military Forces",,8,28,,706,"Eastern Africa",Somalia,"Lower Shabelle",Baraawe,,Haawaay,1.1685,43.7143,1,"Caasimada; Garowe Online; Mareeg News (Somalia); Radio Kulmiye; Shabelle Media Network; Undisclosed Source","Local partner-Other","On 22 November 2024, international forces (described as international friends, coded as Unidentified Military Forces) conducted an airstrike targeting Al Shabaab hideouts in Haawaay village (Baraawe, Lower Shabelle). At least 12 militants were killed.",12,"Foreign military engagement; Insurgency",1753970711,1512,5636,6224
SOM47205,2024-11-22,2024,1,"Political violence","Explosions/Remote violence","Air/drone strike","Al Shabaab",,2,28,,706,"Eastern Africa",Somalia,"Lower Shabelle",Baraawe,,Haawaay,1.1685,43.7143,1,"Caasimada; Garowe Online; Mareeg News (Somalia); Radio Kulmiye; Shabelle Media Network; Undisclosed Source","Local partner-Other","On 22 November 2024, international forces (described as international friends, coded as Unidentified Military Forces) conducted an airstrike targeting Al Shabaab hideouts in Haawaay village (Baraawe, Lower Shabelle). At least 12 militants were killed.",12,"Foreign military engagement; Insurgency",1753970711,1512,5636,6224
SOM47207,2024-11-23,2024,1,"Political violence",Battles,"Armed clash","Al Shabaab",,2,28,,706,"Eastern Africa",Somalia,Gedo,Baardheere,,Bardera,2.3385,42.2843,1,"Calamada; Undisclosed Source","Local partner-Other","On 23 November 2024, Al Shabaab conducted a probing attack against ATMIS ENDF troops and engaged them in an armed clash at a base in Bardera town (Baardheere, Gedo). There were no casualties and Al Shabaab claimed responsibility.",0,"Foreign military engagement; Insurgency",1753970711,48440,98532,118649
SOM47207,2024-11-23,2024,1,"Political violence",Battles,"Armed clash","ATMIS: African Union Transition Mission in Somalia (2022-2024) (Ethiopia)",,8,28,,706,"Eastern Africa",Somalia,Gedo,Baardheere,,Bardera,2.3385,42.2843,1,"Calamada; Undisclosed Source","Local partner-Other","On 23 November 2024, Al Shabaab conducted a probing attack against ATMIS ENDF troops and engaged them in an armed clash at a base in Bardera town (Baardheere, Gedo). There were no casualties and Al Shabaab claimed responsibility.",0,"Foreign military engagement; Insurgency",1753970711,48440,98532,118649
SOM47215,2024-11-24,2024,1,"Political violence",Battles,"Armed clash","Al Shabaab",,2,28,,706,"Eastern Africa",Somalia,Gedo,Garbahaarey,,Garbahaarey,3.3280,42.2199,1,"Calamada; Somali Memo; Undisclosed Source","Local partner-Other","On 24 November 2024, overnight, Al Shabaab conducted a probing attack against ATMIS ENDF troops and engaged them in an armed clash at a base in Garbahaarey town (Garbahaarey, Gedo). There were no casualties and Al Shabaab claimed responsibility.",0,"Foreign military engagement; Insurgency",1753970711,24862,32209,34720
SOM47215,2024-11-24,2024,1,"Political violence",Battles,"Armed clash","ATMIS: African Union Transition Mission in Somalia (2022-2024) (Ethiopia)",,8,28,,706,"Eastern Africa",Somalia,Gedo,Garbahaarey,,Garbahaarey,3.3280,42.2199,1,"Calamada; Somali Memo; Undisclosed Source","Local partner-Other","On 24 November 2024, overnight, Al Shabaab conducted a probing attack against ATMIS ENDF troops and engaged them in an armed clash at a base in Garbahaarey town (Garbahaarey, Gedo). There were no casualties and Al Shabaab claimed responsibility.",0,"Foreign military engagement; Insurgency",1753970711,24862,32209,34720
NIG39530,2024-11-24,2024,1,"Political violence",Battles,"Armed clash","Islamic State West Africa Province (ISWAP) and/or Boko Haram - Jamaatu Ahli is-Sunnah lid-Dawati wal-Jihad",,2,28,,566,"Western Africa",Nigeria,Borno,Kukawa,,Kukawa,12.9243,13.5675,1,"Daily Trust (Nigeria)",National,"On 24 November 2024, ISWAP/Boko Haram (JAS) attacked the MNJTF and killed three soldiers in an ambush in Kukawa (Kukawa, Borno). The resulting firefight led to the death of five ISWAP/BH fighters, while many others escaped with gunshot injuries. Nigeria Airforce later struck the militia and destroyed Vehicle Borne Improvised Explosive Devices. There were eight fatalities.",8,"Foreign military engagement; Insurgency; Terrorist activity",1788313380,5715,6243,8575
NIG39530,2024-11-24,2024,1,"Political violence",Battles,"Armed clash","MNJTF: Multinational Joint Task Force",,8,28,,566,"Western Africa",Nigeria,Borno,Kukawa,,Kukawa,12.9243,13.5675,1,"Daily Trust (Nigeria)",National,"On 24 November 2024, ISWAP/Boko Haram (JAS) attacked the MNJTF and killed three soldiers in an ambush in Kukawa (Kukawa, Borno). The resulting firefight led to the death of five ISWAP/BH fighters, while many others escaped with gunshot injuries. Nigeria Airforce later struck the militia and destroyed Vehicle Borne Improvised Explosive Devices. There were eight fatalities.",8,"Foreign military engagement; Insurgency; Terrorist activity",1788313380,5715,6243,8575
NIG39544,2024-11-25,2024,1,"Political violence",Battles,"Armed clash","MNJTF: Multinational Joint Task Force","Hybrid Forces (Nigeria)",8,28,,566,"Western Africa",Nigeria,Borno,Kukawa,,Kukawa,12.9243,13.5675,1,"Daily Leadership (Nigeria); Daily Post (Nigeria); Vanguard (Nigeria)",National,"On 25 November 2024, MNJTF and Hybrid Forces clashed with ISWAP fighters, killing fifteen in Kukawa (Guzamala, Borno). The troops captured one and injured many others. The ground troops were supported by the Air Force and launched air strikes while the militants were regrouping. Three more Vehicle Borne Improvised Explosive Devices (VBIEDs) were destroyed, bringing the total number of VBIEDs neutralized to seven.",15,"Foreign military engagement; Insurgency",1788313380,5715,6243,8575
NIG39544,2024-11-25,2024,1,"Political violence",Battles,"Armed clash","Islamic State West Africa Province (ISWAP)",,2,28,,566,"Western Africa",Nigeria,Borno,Kukawa,,Kukawa,12.9243,13.5675,1,"Daily Leadership (Nigeria); Daily Post (Nigeria); Vanguard (Nigeria)",National,"On 25 November 2024, MNJTF and Hybrid Forces clashed with ISWAP fighters, killing fifteen in Kukawa (Guzamala, Borno). The troops captured one and injured many others. The ground troops were supported by the Air Force and launched air strikes while the militants were regrouping. Three more Vehicle Borne Improvised Explosive Devices (VBIEDs) were destroyed, bringing the total number of VBIEDs neutralized to seven.",15,"Foreign military engagement; Insurgency",1788313380,5715,6243,8575
SOM47239,2024-11-26,2024,1,"Political violence",Battles,"Armed clash","Al Shabaab",,2,28,,706,"Eastern Africa",Somalia,"Lower Shabelle",Baraawe,,Baraawe,1.1132,44.0297,2,Calamada,Subnational,"On 26 November 2024, overnight, Al Shabaab attacked ATMIS UPDF and engaged them in an armed clash at a forward operating base in Buur-Colow village near Baraawe town (Baraawe, Lower Shabelle). The clash was initiated with RPGs, there were no casualties and Al Shabaab claimed responsibility.",0,"Foreign military engagement; Insurgency",1753970711,25015,35365,39278
SOM47239,2024-11-26,2024,1,"Political violence",Battles,"Armed clash","ATMIS: African Union Transition Mission in Somalia (2022-2024) (Uganda)",,8,28,,706,"Eastern Africa",Somalia,"Lower Shabelle",Baraawe,,Baraawe,1.1132,44.0297,2,Calamada,Subnational,"On 26 November 2024, overnight, Al Shabaab attacked ATMIS UPDF and engaged them in an armed clash at a forward operating base in Buur-Colow village near Baraawe town (Baraawe, Lower Shabelle). The clash was initiated with RPGs, there were no casualties and Al Shabaab claimed responsibility.",0,"Foreign military engagement; Insurgency",1753970711,25015,35365,39278
SOM47243,2024-11-26,2024,1,"Political violence",Battles,"Armed clash","Al Shabaab",,2,28,,706,"Eastern Africa",Somalia,"Lower Shabelle",Qoryooley,,Qoryooley,1.7878,44.5300,1,"Al Furqaan; Calamada; Somali Memo; Undisclosed Source","Local partner-Other","On 26 November 2024, overnight, Al Shabaab conducted a probing attack against ATMIS UPDF troops and engaged them in an armed clash at a base in Qoryooley town (Qoryooley, Lower Shabelle). The clash was initiated with RPGs, there were no casualties and Al Shabaab claimed responsibility.",0,"Foreign military engagement; Insurgency",1754354914,21744,30637,42192
SOM47243,2024-11-26,2024,1,"Political violence",Battles,"Armed clash","ATMIS: African Union Transition Mission in Somalia (2022-2024) (Uganda)",,8,28,,706,"Eastern Africa",Somalia,"Lower Shabelle",Qoryooley,,Qoryooley,1.7878,44.5300,1,"Al Furqaan; Calamada; Somali Memo; Undisclosed Source","Local partner-Other","On 26 November 2024, overnight, Al Shabaab conducted a probing attack against ATMIS UPDF troops and engaged them in an armed clash at a base in Qoryooley town (Qoryooley, Lower Shabelle). The clash was initiated with RPGs, there were no casualties and Al Shabaab claimed responsibility.",0,"Foreign military engagement; Insurgency",1754354914,21744,30637,42192
MLI33438,2024-11-26,2024,1,"Political violence","Explosions/Remote violence","Remote explosive/landmine/IED","JNIM: Group for Support of Islam and Muslims",,2,28,,466,"Western Africa",Mali,Segou,Niono,"Toridaga Ko",Bolibana,14.4244,-5.9281,2,"Al Zallaqa","New media","On 26 November 2024, JNIM claimed to have targeted a Malian gendarmerie vehicle with an IED between Bolibana and Koura (Niono, Segou). Six gendarmes were killed and three were injured, the statement said. JNIM displayed on photographs of the vehicle destroyed.",6,"Foreign military engagement; Insurgency",1776726865,1153,4834,6929
MLI33438,2024-11-26,2024,1,"Political violence","Explosions/Remote violence","Remote explosive/landmine/IED","Military Forces of Burkina Faso (2022-) Gendarmerie",,8,28,,466,"Western Africa",Mali,Segou,Niono,"Toridaga Ko",Bolibana,14.4244,-5.9281,2,"Al Zallaqa","New media","On 26 November 2024, JNIM claimed to have targeted a Malian gendarmerie vehicle with an IED between Bolibana and Koura (Niono, Segou). Six gendarmes were killed and three were injured, the statement said. JNIM displayed on photographs of the vehicle destroyed.",6,"Foreign military engagement; Insurgency",1776726865,1153,4834,6929
SOM47250,2024-11-27,2024,1,"Political violence","Explosions/Remote violence","Air/drone strike","Unidentified Military Forces",,8,28,,706,"Eastern Africa",Somalia,"Middle Shabelle",Balcad,,Xawaadleey,2.5826,45.4894,1,"Caasimada; Radio Kulmiye; Shabelle Media Network",National,"On 27 November 2024, overnight, international forces (described as international friends, coded as Unidentified Military Forces) conducted an airstrike targeting Al Shabaab hideouts in Xawaadleey village (Balcad, Middle Shabelle). An unknown number of militants were killed, unspecified number of fatalities coded as 3.",3,"Foreign military engagement; Insurgency",1753970711,3361,3662,4007
SOM47250,2024-11-27,2024,1,"Political violence","Explosions/Remote violence","Air/drone strike","Al Shabaab",,2,28,,706,"Eastern Africa",Somalia,"Middle Shabelle",Balcad,,Xawaadleey,2.5826,45.4894,1,"Caasimada; Radio Kulmiye; Shabelle Media Network",National,"On 27 November 2024, overnight, international forces (described as international friends, coded as Unidentified Military Forces) conducted an airstrike targeting Al Shabaab hideouts in Xawaadleey village (Balcad, Middle Shabelle). An unknown number of militants were killed, unspecified number of fatalities coded as 3.",3,"Foreign military engagement; Insurgency",1753970711,3361,3662,4007
SOM47267,2024-11-29,2024,1,"Political violence",Battles,"Armed clash","Al Shabaab",,2,28,,706,"Eastern Africa",Somalia,"Lower Shabelle",Qoryooley,,Qoryooley,1.7878,44.5300,1,"Al Furqaan; Calamada; Somali Memo",Subnational-National,"On 29 November 2024, overnight, Al Shabaab conducted a probing attack against ATMIS UPDF troops and engaged them in an armed clash at a base in Qoryooley town (Qoryooley, Lower Shabelle). The clash was initiated with RPGs, there were no casualties and Al Shabaab claimed responsibility.",0,"Foreign military engagement; Insurgency",1754354914,21744,30637,42192
SOM47267,2024-11-29,2024,1,"Political violence",Battles,"Armed clash","ATMIS: African Union Transition Mission in Somalia (2022-2024) (Uganda)",,8,28,,706,"Eastern Africa",Somalia,"Lower Shabelle",Qoryooley,,Qoryooley,1.7878,44.5300,1,"Al Furqaan; Calamada; Somali Memo",Subnational-National,"On 29 November 2024, overnight, Al Shabaab conducted a probing attack against ATMIS UPDF troops and engaged them in an armed clash at a base in Qoryooley town (Qoryooley, Lower Shabelle). The clash was initiated with RPGs, there were no casualties and Al Shabaab claimed responsibility.",0,"Foreign military engagement; Insurgency",1754354914,21744,30637,42192
SSD10204,2024-11-30,2024,1,"Political violence","Explosions/Remote violence","Air/drone strike","Military Forces of Sudan (2019-)",,8,78,"Civilian targeting",728,"Eastern Africa","South Sudan","Upper Nile",Renk,"North Renk",Renk,11.7431,32.8049,2,"BBC News; Radio Tamazuj; Twic Media Reports","New media-National","On 30 November 2024, Sudan Armed Forces (SAF) dropped an unspecified number of bombs using an airplane along the Sudan-South Sudan border area, near al-Tadamon locality in Sudan's Blue Nile State, in Kosovo, Dong-Tim Payam, Renk County (location coded to Renk in Renk County, Upper Nile State), injuring 3 civilians. SSPDF forces responded to the scene and transported the victims to a nearby medical facility. Motivation unknown/not reported. Local officials are engaging with their Sudanese counterparts to establish motive.",0,"Foreign military engagement",1782855118,22528,64762,109333
SSD10204,2024-11-30,2024,1,"Political violence","Explosions/Remote violence","Air/drone strike","Civilians (South Sudan)",,7,78,"Civilian targeting",728,"Eastern Africa","South Sudan","Upper Nile",Renk,"North Renk",Renk,11.7431,32.8049,2,"BBC News; Radio Tamazuj; Twic Media Reports","New media-National","On 30 November 2024, Sudan Armed Forces (SAF) dropped an unspecified number of bombs using an airplane along the Sudan-South Sudan border area, near al-Tadamon locality in Sudan's Blue Nile State, in Kosovo, Dong-Tim Payam, Renk County (location coded to Renk in Renk County, Upper Nile State), injuring 3 civilians. SSPDF forces responded to the scene and transported the victims to a nearby medical facility. Motivation unknown/not reported. Local officials are engaging with their Sudanese counterparts to establish motive.",0,"Foreign military engagement",1782855118,22528,64762,109333
SOM47276,2024-11-30,2024,1,"Political violence",Battles,"Armed clash","Al Shabaab",,2,28,,706,"Eastern Africa",Somalia,"Lower Shabelle",Baraawe,,Baraawe,1.1132,44.0297,1,"Al Furqaan; Calamada; Radio Kulmiye; Somali Memo; Undisclosed Source","Local partner-Other","On 30 November 2024, overnight, Al Shabaab attacked ATMIS UPDF and engaged them in an armed clash at a forward operating base at the airport in Baraawe town (Baraawe, Lower Shabelle). The clash was initiated with RPGs, 2 UPDF soldiers were killed, 2 others were injured and several militants were captured. Al Shabaab claimed responsibility.",2,"Foreign military engagement; Insurgency",1753970711,25015,35365,39278
SOM47276,2024-11-30,2024,1,"Political violence",Battles,"Armed clash","ATMIS: African Union Transition Mission in Somalia (2022-2024) (Uganda)",,8,28,,706,"Eastern Africa",Somalia,"Lower Shabelle",Baraawe,,Baraawe,1.1132,44.0297,1,"Al Furqaan; Calamada; Radio Kulmiye; Somali Memo; Undisclosed Source","Local partner-Other","On 30 November 2024, overnight, Al Shabaab attacked ATMIS UPDF and engaged them in an armed clash at a forward operating base at the airport in Baraawe town (Baraawe, Lower Shabelle). The clash was initiated with RPGs, 2 UPDF soldiers were killed, 2 others were injured and several militants were captured. Al Shabaab claimed responsibility.",2,"Foreign military engagement; Insurgency",1753970711,25015,35365,39278
SOM47290,2024-12-01,2024,1,"Political violence","Explosions/Remote violence","Air/drone strike","Unidentified Military Forces",,8,18,,706,"Eastern Africa",Somalia,"Middle Shabelle",Balcad,,Xawaadleey,2.5826,45.4894,2,"Caasimada; Garowe Online; Hiiraan (Somalia)",National,"On 1 December 2024, overnight, international forces (described as international friends, coded as Unidentified Military Forces) conducted an airstrike targeting Al Shabaab hideouts in between Balcad and Xawaadleey village (Balcad, Middle Shabelle). An unknown number of militants were killed, unspecified number of fatalities coded as 3.",3,"Foreign military engagement",1753970711,3361,3662,4007
SOM47290,2024-12-01,2024,1,"Political violence","Explosions/Remote violence","Air/drone strike","Military Forces of Somalia (2022-)",,1,18,,706,"Eastern Africa",Somalia,"Middle Shabelle",Balcad,,Xawaadleey,2.5826,45.4894,2,"Caasimada; Garowe Online; Hiiraan (Somalia)",National,"On 1 December 2024, overnight, international forces (described as international friends, coded as Unidentified Military Forces) conducted an airstrike targeting Al Shabaab hideouts in between Balcad and Xawaadleey village (Balcad, Middle Shabelle). An unknown number of militants were killed, unspecified number of fatalities coded as 3.",3,"Foreign military engagement",1753970711,3361,3662,4007
SOM47296,2024-12-02,2024,1,"Political violence",Battles,"Armed clash","Al Shabaab",,2,28,,706,"Eastern Africa",Somalia,Gedo,Garbahaarey,,Garbahaarey,3.3280,42.2199,1,Calamada,National,"On 2 December 2024, overnight, Al Shabaab conducted a hit-and-run attack against ATMIS ENDF troops at a base in Garbahaarey town (Garbahaarey, Gedo). The clash was initiated with RPGs, there were no casualties and Al Shabaab claimed responsibility.",0,"Foreign military engagement; Insurgency",1753970711,24862,32209,34720
SOM47296,2024-12-02,2024,1,"Political violence",Battles,"Armed clash","ATMIS: African Union Transition Mission in Somalia (2022-2024) (Ethiopia)",,8,28,,706,"Eastern Africa",Somalia,Gedo,Garbahaarey,,Garbahaarey,3.3280,42.2199,1,Calamada,National,"On 2 December 2024, overnight, Al Shabaab conducted a hit-and-run attack against ATMIS ENDF troops at a base in Garbahaarey town (Garbahaarey, Gedo). The clash was initiated with RPGs, there were no casualties and Al Shabaab claimed responsibility.",0,"Foreign military engagement; Insurgency",1753970711,24862,32209,34720
SOM47307,2024-12-03,2024,1,"Strategic developments","Strategic developments","Change to group/activity","ATMIS: African Union Transition Mission in Somalia (2022-2024) (Kenya)",,8,80,,706,"Eastern Africa",Somalia,"Lower Juba",Afmadow,,Afmadow,0.5172,42.0710,2,"Mareeg News (Somalia); Shabelle Media Network",Subnational-National,"Movement of forces: On 3 December 2024, ATMIS KDF troops withdrew from Badamadow village near Afmadow town (Afmadow, Lower Juba). The event is part of the ATMIS withdrawal from Somalia by the end of December.",0,"Foreign military engagement",1753970711,32554,59328,64645
SOM47316,2024-12-04,2024,1,"Political violence",Battles,"Armed clash","Al Shabaab",,2,28,,706,"Eastern Africa",Somalia,Bay,Baydhaba,,Baidoa,3.1172,43.6469,1,"Al Furqaan; Calamada; Somali Memo; Undisclosed Source","Local partner-Other","On 4 December 2024, overnight, Al Shabaab and ATMIS ENDF troops engaged in an armed clash at the airport base in Baidoa town (Baydhaba, Bay), after Al Shabaab fired two mortar shells which landed inside the ATMIS perimeter (near the runway). There were no casualties and Al Shabaab claimed responsibility.",0,"Foreign military engagement; Insurgency",1753970711,90970,222059,324698
SOM47316,2024-12-04,2024,1,"Political violence",Battles,"Armed clash","ATMIS: African Union Transition Mission in Somalia (2022-2024) (Ethiopia)",,8,28,,706,"Eastern Africa",Somalia,Bay,Baydhaba,,Baidoa,3.1172,43.6469,1,"Al Furqaan; Calamada; Somali Memo; Undisclosed Source","Local partner-Other","On 4 December 2024, overnight, Al Shabaab and ATMIS ENDF troops engaged in an armed clash at the airport base in Baidoa town (Baydhaba, Bay), after Al Shabaab fired two mortar shells which landed inside the ATMIS perimeter (near the runway). There were no casualties and Al Shabaab claimed responsibility.",0,"Foreign military engagement; Insurgency",1753970711,90970,222059,324698
SOM47323,2024-12-05,2024,1,"Strategic developments","Strategic developments","Change to group/activity","Military Forces of Ethiopia (2018-)",,8,80,,706,"Eastern Africa",Somalia,Gedo,Doolow,,Doolow,4.1642,42.0794,1,"Caasimada; Horseed Media",National,"Movement of forces: On 5 December 2024, an unspecified number of ENDF deployed to Somalia arrived in Doolow town (Doolow, Gedo). The deployment came amid tension between federal government and Jubaland.",0,"Foreign military engagement",1753956296,10348,15941,135985
SOM47326,2024-12-05,2024,1,"Strategic developments","Strategic developments","Change to group/activity","ATMIS: African Union Transition Mission in Somalia (2022-2024) (Kenya)",,8,80,,706,"Eastern Africa",Somalia,"Lower Juba",Badhaadhe,,"Ras Kamboni",-1.6375,41.5877,1,"Caasimada; Garowe Online",National,"Movement of forces: On 5 December 2024, ATMIS KDF troops withdrew from Ras Kamboni village (Badhaadhe, Lower Juba). The event is part of the ATMIS withdrawal from Somalia by the end of December.",0,"Foreign military engagement",1753970711,21082,23181,23351
SOM47347,2024-12-07,2024,1,"Political violence",Battles,"Armed clash","Al Shabaab",,2,28,,706,"Eastern Africa",Somalia,"Lower Shabelle",Qoryooley,,Qoryooley,1.7878,44.5300,1,"Al Furqaan; Calamada; Undisclosed Source","Local partner-Other","On 7 December 2024, overnight, Al Shabaab conducted a probing attack against ATMIS UPDF troops and engaged them in an armed clash at a base in Qoryooley town (Qoryooley, Lower Shabelle). There were no casualties and Al Shabaab claimed responsibility.",0,"Foreign military engagement; Insurgency",1754354914,21744,30637,35384
SOM47347,2024-12-07,2024,1,"Political violence",Battles,"Armed clash","ATMIS: African Union Transition Mission in Somalia (2022-2024) (Uganda)",,8,28,,706,"Eastern Africa",Somalia,"Lower Shabelle",Qoryooley,,Qoryooley,1.7878,44.5300,1,"Al Furqaan; Calamada; Undisclosed Source","Local partner-Other","On 7 December 2024, overnight, Al Shabaab conducted a probing attack against ATMIS UPDF troops and engaged them in an armed clash at a base in Qoryooley town (Qoryooley, Lower Shabelle). There were no casualties and Al Shabaab claimed responsibility.",0,"Foreign military engagement; Insurgency",1754354914,21744,30637,35384
SOM47361,2024-12-09,2024,1,"Political violence",Battles,"Armed clash","Al Shabaab",,2,28,,706,"Eastern Africa",Somalia,Bakool,Xudur,,Hudur,4.1237,43.8915,1,"Al Furqaan; Calamada; Somali Memo; Undisclosed Source","Local partner-Other","On 9 December 2024, overnight, Al Shabaab conducted a probing attack against ATMIS ENDF troops and engaged them in an armed clash at a base in Hudur town (Xudur, Bakool). There were no casualties and Al Shabaab claimed responsibility.",0,"Foreign military engagement; Insurgency",1753970711,20925,30411,32908
SOM47361,2024-12-09,2024,1,"Political violence",Battles,"Armed clash","ATMIS: African Union Transition Mission in Somalia (2022-2024) (Ethiopia)",,8,28,,706,"Eastern Africa",Somalia,Bakool,Xudur,,Hudur,4.1237,43.8915,1,"Al Furqaan; Calamada; Somali Memo; Undisclosed Source","Local partner-Other","On 9 December 2024, overnight, Al Shabaab conducted a probing attack against ATMIS ENDF troops and engaged them in an armed clash at a base in Hudur town (Xudur, Bakool). There were no casualties and Al Shabaab claimed responsibility.",0,"Foreign military engagement; Insurgency",1753970711,20925,30411,32908
MAA2061,2024-12-10,2024,1,"Strategic developments","Strategic developments",Arrests,"Military Forces of Mali (2021-)","Wagner Group",8,78,,478,"Western Africa",Mauritania,"Hodh Ech Chargi",Bassikounou,,Fassale,15.5571,-5.5160,2,"Al Akhbar (Mauritania); Cridem; Essahraa; Essirage; RFI",National-International,"On 10 December 2024, Wagner members with Malian soldiers arrested between 17 and 20 Mauritanian and Malian civilians in the villages of Lagheidhaf and Afrig situated 23km south of Fassale (Bassikounou, Hodh Ech Chargui). They also seized between four and seven 4x4 vehicles, destroyed shops and shot fire before retreating. According to the Mauritanian army the arrests took place in Mali and the civilians were released a day later while other sources claimed they were abducted inside Mauritanian territory.",0,"Foreign military engagement",1753954689,11703,18144,20433
MAA2061,2024-12-10,2024,1,"Strategic developments","Strategic developments",Arrests,"Civilians (Mauritania)","Civilians (Mali)",7,78,,478,"Western Africa",Mauritania,"Hodh Ech Chargi",Bassikounou,,Fassale,15.5571,-5.5160,2,"Al Akhbar (Mauritania); Cridem; Essahraa; Essirage; RFI",National-International,"On 10 December 2024, Wagner members with Malian soldiers arrested between 17 and 20 Mauritanian and Malian civilians in the villages of Lagheidhaf and Afrig situated 23km south of Fassale (Bassikounou, Hodh Ech Chargui). They also seized between four and seven 4x4 vehicles, destroyed shops and shot fire before retreating. According to the Mauritanian army the arrests took place in Mali and the civilians were released a day later while other sources claimed they were abducted inside Mauritanian territory.",0,"Foreign military engagement",1753954689,11703,18144,20433
SOM47371,2024-12-10,2024,1,"Political violence",Battles,"Armed clash","Al Shabaab",,2,28,,706,"Eastern Africa",Somalia,Bakool,Waajid,,Waajid,3.8096,43.2463,1,"Al Furqaan; Calamada; Somali Memo; Undisclosed Source","Local partner-Other","On 10 December 2024, overnight, Al Shabaab carried out a hit-and-run attack against Ethiopia security forces (non-ATMIS) and engaged them in an armed clash at a base in Waajid town (Waajid, Bakool). There were no casualties and Al Shabaab claimed responsibility.",0,"Foreign military engagement; Insurgency",1753956296,48336,73048,73511
SOM47371,2024-12-10,2024,1,"Political violence",Battles,"Armed clash","Military Forces of Ethiopia (2018-)",,8,28,,706,"Eastern Africa",Somalia,Bakool,Waajid,,Waajid,3.8096,43.2463,1,"Al Furqaan; Calamada; Somali Memo; Undisclosed Source","Local partner-Other","On 10 December 2024, overnight, Al Shabaab carried out a hit-and-run attack against Ethiopia security forces (non-ATMIS) and engaged them in an armed clash at a base in Waajid town (Waajid, Bakool). There were no casualties and Al Shabaab claimed responsibility.",0,"Foreign military engagement; Insurgency",1753956296,48336,73048,73511
SOM47376,2024-12-11,2024,1,"Political violence",Battles,"Armed clash","Al Shabaab",,2,28,,706,"Eastern Africa",Somalia,Bakool,Waajid,,Waajid,3.8096,43.2463,1,"Al Furqaan; Calamada; Undisclosed Source","Local partner-Other","On 11 December 2024, overnight, Al Shabaab carried out a hit-and-run attack against Ethiopia security forces (non-ATMIS) and engaged them in an armed clash at a base in Waajid town (Waajid, Bakool). There were no casualties and Al Shabaab claimed responsibility.",0,"Foreign military engagement; Insurgency",1753956296,48336,73048,73511
SOM47376,2024-12-11,2024,1,"Political violence",Battles,"Armed clash","Military Forces of Ethiopia (2018-)",,8,28,,706,"Eastern Africa",Somalia,Bakool,Waajid,,Waajid,3.8096,43.2463,1,"Al Furqaan; Calamada; Undisclosed Source","Local partner-Other","On 11 December 2024, overnight, Al Shabaab carried out a hit-and-run attack against Ethiopia security forces (non-ATMIS) and engaged them in an armed clash at a base in Waajid town (Waajid, Bakool). There were no casualties and Al Shabaab claimed responsibility.",0,"Foreign military engagement; Insurgency",1753956296,48336,73048,73511
SOM47377,2024-12-11,2024,1,"Political violence",Battles,"Armed clash","Al Shabaab",,2,28,,706,"Eastern Africa",Somalia,Bakool,Xudur,,Hudur,4.1237,43.8915,1,"Al Furqaan; Calamada; Undisclosed Source","Local partner-Other","On 11 December 2024, overnight, Al Shabaab carried out a probing attack against Ethiopia security forces (non-ATMIS) at a base in Hudur town (Xudur, Bakool). There were no casualties and Al Shabaab claimed responsibility.",0,"Foreign military engagement; Insurgency",1753956296,20925,30411,32908
SOM47377,2024-12-11,2024,1,"Political violence",Battles,"Armed clash","Military Forces of Ethiopia (2018-)",,8,28,,706,"Eastern Africa",Somalia,Bakool,Xudur,,Hudur,4.1237,43.8915,1,"Al Furqaan; Calamada; Undisclosed Source","Local partner-Other","On 11 December 2024, overnight, Al Shabaab carried out a probing attack against Ethiopia security forces (non-ATMIS) at a base in Hudur town (Xudur, Bakool). There were no casualties and Al Shabaab claimed responsibility.",0,"Foreign military engagement; Insurgency",1753956296,20925,30411,32908
KEN16586,2024-12-11,2024,1,"Strategic developments","Strategic developments",Other,"Military Forces of Kenya (2022-)",,1,18,,404,"Eastern Africa",Kenya,Lamu,"Lamu East",Kiunga,Ishakani,-1.6942,41.5271,1,"Citizen (Kenya); Daily Nation (Kenya); Star (Kenya)",National,"Other: On 11 December 2024, military officers disarmed at least 300 (other sources mention more than 900) Somalia federal government soldiers (SNA) and housed them temporarily at Ishakani primary school (Lamu East, Lamu). The soldiers were fleeing and surrendering to the Kenya security officials, following a clash with Jubaland forces in the Raskamboni camp (coded separately). The soldiers stayed for five days before returning to Somalia.",0,"Foreign military engagement",1753954518,318,330,332
KEN16586,2024-12-11,2024,1,"Strategic developments","Strategic developments",Other,"Military Forces of Somalia (2022-)",,8,18,,404,"Eastern Africa",Kenya,Lamu,"Lamu East",Kiunga,Ishakani,-1.6942,41.5271,1,"Citizen (Kenya); Daily Nation (Kenya); Star (Kenya)",National,"Other: On 11 December 2024, military officers disarmed at least 300 (other sources mention more than 900) Somalia federal government soldiers (SNA) and housed them temporarily at Ishakani primary school (Lamu East, Lamu). The soldiers were fleeing and surrendering to the Kenya security officials, following a clash with Jubaland forces in the Raskamboni camp (coded separately). The soldiers stayed for five days before returning to Somalia.",0,"Foreign military engagement",1753954518,318,330,332
SOM47382,2024-12-11,2024,1,"Political violence",Battles,"Armed clash","Al Shabaab",,2,28,,706,"Eastern Africa",Somalia,Gedo,Baardheere,,Bardera,2.3385,42.2843,1,"Al Furqaan; Calamada; Undisclosed Source","Local partner-Other","On 11 December 2024, overnight, Al Shabaab carried out a probing attack against ATMIS ENDF troops and engaged them in an armed clash at the airport base in Bardera town (Baardheere, Gedo). There were no casualties and Al Shabaab claimed responsibility.",0,"Foreign military engagement; Insurgency",1753970711,48440,98532,118649
SOM47382,2024-12-11,2024,1,"Political violence",Battles,"Armed clash","ATMIS: African Union Transition Mission in Somalia (2022-2024) (Ethiopia)",,8,28,,706,"Eastern Africa",Somalia,Gedo,Baardheere,,Bardera,2.3385,42.2843,1,"Al Furqaan; Calamada; Undisclosed Source","Local partner-Other","On 11 December 2024, overnight, Al Shabaab carried out a probing attack against ATMIS ENDF troops and engaged them in an armed clash at the airport base in Bardera town (Baardheere, Gedo). There were no casualties and Al Shabaab claimed responsibility.",0,"Foreign military engagement; Insurgency",1753970711,48440,98532,118649
KEN16656,2024-12-11,2024,2,"Strategic developments","Strategic developments","Looting/property destruction","Military Forces of Somalia (2022-)",,8,78,,404,"Eastern Africa",Kenya,Lamu,"Lamu East",Kiunga,Ishakani,-1.6942,41.5271,1,"Citizen (Kenya); Daily Nation (Kenya)",National,"Property destruction: Around 11 December 2024 (as reported), Somalia federal government soldiers (SNA) vandalized property of unknown value during their temporary stay at Ishakani primary school (Lamu East, Lamu), after fleeing and surrendering to the Kenya security officials, following a clash with Jubaland forces in the Raskamboni camp (coded separately).",0,"Foreign military engagement",1753954518,318,330,332
KEN16656,2024-12-11,2024,2,"Strategic developments","Strategic developments","Looting/property destruction","Civilians (Kenya)",,7,78,,404,"Eastern Africa",Kenya,Lamu,"Lamu East",Kiunga,Ishakani,-1.6942,41.5271,1,"Citizen (Kenya); Daily Nation (Kenya)",National,"Property destruction: Around 11 December 2024 (as reported), Somalia federal government soldiers (SNA) vandalized property of unknown value during their temporary stay at Ishakani primary school (Lamu East, Lamu), after fleeing and surrendering to the Kenya security officials, following a clash with Jubaland forces in the Raskamboni camp (coded separately).",0,"Foreign military engagement",1753954518,318,330,332
MZM4678,2024-12-11,2024,1,"Political violence",Battles,"Armed clash","Military Forces of Rwanda (1994-)",,8,28,,508,"Eastern Africa",Mozambique,"Cabo Delgado",Muidumbe,Chitunda,Miangalewa,-11.8511,40.0761,1,"Al Naba; Cabo Ligado; VOA","Local partner-Other","On 11 December 2024, Rwandan troops exchanged fire with ISM after they beheaded 2 men in Miangalewa (Muidumbe, Cabo Delgado). They also burned an unspecified number of tents and shops, raided goods and food from houses, and transported it with several tractors. The population fled into the woods and ISM escaped to Inguri. ISM claimed they killed 2 'Christians'.",2,"Foreign military engagement; Insurgency; Terrorist activity",1753954689,9,375,10128
MZM4678,2024-12-11,2024,1,"Political violence",Battles,"Armed clash","Islamic State Mozambique (ISM)",,2,28,,508,"Eastern Africa",Mozambique,"Cabo Delgado",Muidumbe,Chitunda,Miangalewa,-11.8511,40.0761,1,"Al Naba; Cabo Ligado; VOA","Local partner-Other","On 11 December 2024, Rwandan troops exchanged fire with ISM after they beheaded 2 men in Miangalewa (Muidumbe, Cabo Delgado). They also burned an unspecified number of tents and shops, raided goods and food from houses, and transported it with several tractors. The population fled into the woods and ISM escaped to Inguri. ISM claimed they killed 2 'Christians'.",2,"Foreign military engagement; Insurgency; Terrorist activity",1753954689,9,375,10128
SOM47395,2024-12-12,2024,1,"Political violence",Battles,"Armed clash","Al Shabaab",,2,28,,706,"Eastern Africa",Somalia,Bay,"Qansax Dheere",,"Qansax Dheere",2.8712,43.0043,1,"Al Furqaan; Calamada",Subnational-National,"On 12 December 2024, overnight, Al Shabaab conducted a probing attack against ATMIS ENDF troops and engaged them in an armed clash at a base in Qansax Dheere town (Qansax Dheere, Bay). There were no casualties and Al Shabaab claimed responsibility.",0,"Foreign military engagement; Insurgency",1753970711,15131,16540,18597
SOM47395,2024-12-12,2024,1,"Political violence",Battles,"Armed clash","ATMIS: African Union Transition Mission in Somalia (2022-2024) (Ethiopia)",,8,28,,706,"Eastern Africa",Somalia,Bay,"Qansax Dheere",,"Qansax Dheere",2.8712,43.0043,1,"Al Furqaan; Calamada",Subnational-National,"On 12 December 2024, overnight, Al Shabaab conducted a probing attack against ATMIS ENDF troops and engaged them in an armed clash at a base in Qansax Dheere town (Qansax Dheere, Bay). There were no casualties and Al Shabaab claimed responsibility.",0,"Foreign military engagement; Insurgency",1753970711,15131,16540,18597
SOM47397,2024-12-12,2024,1,"Political violence",Battles,"Armed clash","Al Shabaab",,2,28,,706,"Eastern Africa",Somalia,"Lower Shabelle",Marka,,Danow,1.7317,44.6253,1,"Al Furqaan; Calamada",Subnational-National,"On 12 December 2024, overnight, Al Shabaab conducted a probing attack against ATMIS UPDF troops and engaged them in an armed clash at a base in Danow village (Marka, Lower Shabelle). There were no casualties and Al Shabaab claimed responsibility.",0,"Foreign military engagement; Insurgency",1753970711,590,1707,5113
SOM47397,2024-12-12,2024,1,"Political violence",Battles,"Armed clash","ATMIS: African Union Transition Mission in Somalia (2022-2024) (Uganda)",,8,28,,706,"Eastern Africa",Somalia,"Lower Shabelle",Marka,,Danow,1.7317,44.6253,1,"Al Furqaan; Calamada",Subnational-National,"On 12 December 2024, overnight, Al Shabaab conducted a probing attack against ATMIS UPDF troops and engaged them in an armed clash at a base in Danow village (Marka, Lower Shabelle). There were no casualties and Al Shabaab claimed responsibility.",0,"Foreign military engagement; Insurgency",1753970711,590,1707,5113
SOM47463,2024-12-13,2024,1,"Political violence",Battles,"Armed clash","Al Shabaab",,2,28,,706,"Eastern Africa",Somalia,Bay,Baydhaba,,Berdaale,3.2150,43.1983,1,"Al Furqaan; Calamada; Somali Memo; Undisclosed Source","Local partner-Other","On 13 December 2024, overnight, Al Shabaab conducted a probing attack against ATMIS ENDF troops and engaged them in an armed clash at a base in Berdaale town (Baydhaba, Bay). There were no casualties and Al Shabaab claimed responsibility.",0,"Foreign military engagement; Insurgency",1753970711,16916,24489,26372
SOM47463,2024-12-13,2024,1,"Political violence",Battles,"Armed clash","ATMIS: African Union Transition Mission in Somalia (2022-2024) (Ethiopia)",,8,28,,706,"Eastern Africa",Somalia,Bay,Baydhaba,,Berdaale,3.2150,43.1983,1,"Al Furqaan; Calamada; Somali Memo; Undisclosed Source","Local partner-Other","On 13 December 2024, overnight, Al Shabaab conducted a probing attack against ATMIS ENDF troops and engaged them in an armed clash at a base in Berdaale town (Baydhaba, Bay). There were no casualties and Al Shabaab claimed responsibility.",0,"Foreign military engagement; Insurgency",1753970711,16916,24489,26372
SOM47470,2024-12-13,2024,1,"Political violence",Battles,"Armed clash","Al Shabaab",,2,28,,706,"Eastern Africa",Somalia,"Lower Shabelle",Marka,,"Bulo Mareer",1.6298,44.5196,1,"Al Furqaan; Calamada; Undisclosed Source","Local partner-Other","On 13 December 2024, overnight, Al Shabaab conducted a probing attack against ATMIS UPDF troops and engaged them in an armed clash at a base in Bulo Mareer village (Marka, Lower Shabelle). There were no casualties and Al Shabaab claimed responsibility.",0,"Foreign military engagement; Insurgency",1753970711,32256,48471,49368
SOM47470,2024-12-13,2024,1,"Political violence",Battles,"Armed clash","ATMIS: African Union Transition Mission in Somalia (2022-2024) (Uganda)",,8,28,,706,"Eastern Africa",Somalia,"Lower Shabelle",Marka,,"Bulo Mareer",1.6298,44.5196,1,"Al Furqaan; Calamada; Undisclosed Source","Local partner-Other","On 13 December 2024, overnight, Al Shabaab conducted a probing attack against ATMIS UPDF troops and engaged them in an armed clash at a base in Bulo Mareer village (Marka, Lower Shabelle). There were no casualties and Al Shabaab claimed responsibility.",0,"Foreign military engagement; Insurgency",1753970711,32256,48471,49368
SOM47480,2024-12-14,2024,1,"Political violence",Battles,"Armed clash","Al Shabaab",,2,28,,706,"Eastern Africa",Somalia,"Lower Shabelle",Afgooye,,K60,1.9243,44.9231,1,"Al Furqaan; Calamada; Somali Memo",Subnational-National,"On 14 December 2024, overnight, Al Shabaab launched a probing attack against ATMIS UPDF troops and engaged them in an armed clash at a base in K60 village (Afgooye, Lower Shabelle). The clash was initiated with RPGs, there were no casualties and Al Shabaab claimed responsibility.",0,"Foreign military engagement; Insurgency",1753970711,151,277,1994
SOM47480,2024-12-14,2024,1,"Political violence",Battles,"Armed clash","ATMIS: African Union Transition Mission in Somalia (2022-2024) (Uganda)",,8,28,,706,"Eastern Africa",Somalia,"Lower Shabelle",Afgooye,,K60,1.9243,44.9231,1,"Al Furqaan; Calamada; Somali Memo",Subnational-National,"On 14 December 2024, overnight, Al Shabaab launched a probing attack against ATMIS UPDF troops and engaged them in an armed clash at a base in K60 village (Afgooye, Lower Shabelle). The clash was initiated with RPGs, there were no casualties and Al Shabaab claimed responsibility.",0,"Foreign military engagement; Insurgency",1753970711,151,277,1994
SOM47485,2024-12-14,2024,1,"Political violence",Battles,"Armed clash","Al Shabaab",,2,28,,706,"Eastern Africa",Somalia,"Lower Shabelle",Marka,,Marka,1.7131,44.7639,1,"Al Furqaan; Calamada; Undisclosed Source","Local partner-Other","On 14 December 2024, overnight, Al Shabaab launched a probing attack against ATMIS UPDF troops and engaged them in an armed clash at a base in Marka town (Marka, Lower Shabelle). The clash was initiated with RPGs, there were no casualties and Al Shabaab claimed responsibility.",0,"Foreign military engagement; Insurgency",1753970711,27969,42517,43633
SOM47485,2024-12-14,2024,1,"Political violence",Battles,"Armed clash","ATMIS: African Union Transition Mission in Somalia (2022-2024) (Uganda)",,8,28,,706,"Eastern Africa",Somalia,"Lower Shabelle",Marka,,Marka,1.7131,44.7639,1,"Al Furqaan; Calamada; Undisclosed Source","Local partner-Other","On 14 December 2024, overnight, Al Shabaab launched a probing attack against ATMIS UPDF troops and engaged them in an armed clash at a base in Marka town (Marka, Lower Shabelle). The clash was initiated with RPGs, there were no casualties and Al Shabaab claimed responsibility.",0,"Foreign military engagement; Insurgency",1753970711,27969,42517,43633
SOM47487,2024-12-14,2024,1,"Political violence",Battles,"Armed clash","Al Shabaab",,2,28,,706,"Eastern Africa",Somalia,"Lower Shabelle",Qoryooley,,Qoryooley,1.7878,44.5300,1,"Al Furqaan; Calamada; Somali Memo; Undisclosed Source","Local partner-Other","On 14 December 2024, overnight, Al Shabaab attacked ATMIS UPDF troops and engaged them in an armed clash at a base in Qoryooley town (Qoryooley, Lower Shabelle). The clash was initiated with RPGs, there were no casualties and Al Shabaab claimed responsibility.",0,"Foreign military engagement; Insurgency",1754354914,21744,30637,35384
SOM47487,2024-12-14,2024,1,"Political violence",Battles,"Armed clash","ATMIS: African Union Transition Mission in Somalia (2022-2024) (Uganda)",,8,28,,706,"Eastern Africa",Somalia,"Lower Shabelle",Qoryooley,,Qoryooley,1.7878,44.5300,1,"Al Furqaan; Calamada; Somali Memo; Undisclosed Source","Local partner-Other","On 14 December 2024, overnight, Al Shabaab attacked ATMIS UPDF troops and engaged them in an armed clash at a base in Qoryooley town (Qoryooley, Lower Shabelle). The clash was initiated with RPGs, there were no casualties and Al Shabaab claimed responsibility.",0,"Foreign military engagement; Insurgency",1754354914,21744,30637,35384
SOM47490,2024-12-15,2024,1,"Political violence",Battles,"Armed clash","Al Shabaab",,2,28,,706,"Eastern Africa",Somalia,Bakool,Xudur,,Hudur,4.1237,43.8915,1,"Al Furqaan; Calamada; Somali Memo; Undisclosed Source","Local partner-Other","On 15 December 2024, Al Shabaab conducted a probing attack against ATMIS ENDF troops and engaged them in an armed clash at a base in Hudur town (Xudur, Bakool). There were no casualties and Al Shabaab claimed responsibility.",0,"Foreign military engagement; Insurgency",1753970711,20925,30411,32908
SOM47490,2024-12-15,2024,1,"Political violence",Battles,"Armed clash","ATMIS: African Union Transition Mission in Somalia (2022-2024) (Ethiopia)",,8,28,,706,"Eastern Africa",Somalia,Bakool,Xudur,,Hudur,4.1237,43.8915,1,"Al Furqaan; Calamada; Somali Memo; Undisclosed Source","Local partner-Other","On 15 December 2024, Al Shabaab conducted a probing attack against ATMIS ENDF troops and engaged them in an armed clash at a base in Hudur town (Xudur, Bakool). There were no casualties and Al Shabaab claimed responsibility.",0,"Foreign military engagement; Insurgency",1753970711,20925,30411,32908
SOM47499,2024-12-15,2024,1,"Political violence",Battles,"Armed clash","Al Shabaab",,2,28,,706,"Eastern Africa",Somalia,"Lower Shabelle",Qoryooley,,Qoryooley,1.7878,44.5300,1,"Al Furqaan; Calamada; Radio Kulmiye; Somali Memo; Undisclosed Source","Local partner-Other","On 15 December 2024, overnight, Al Shabaab attacked ATMIS UPDF troops and engaged them in an armed clash at a main bridge base in Qoryooley town (Qoryooley, Lower Shabelle). One UPDF soldier and three militants were killed and Al Shabaab claimed responsibility.",4,"Foreign military engagement; Insurgency",1754354914,21744,30637,35384
SOM47499,2024-12-15,2024,1,"Political violence",Battles,"Armed clash","ATMIS: African Union Transition Mission in Somalia (2022-2024) (Uganda)",,8,28,,706,"Eastern Africa",Somalia,"Lower Shabelle",Qoryooley,,Qoryooley,1.7878,44.5300,1,"Al Furqaan; Calamada; Radio Kulmiye; Somali Memo; Undisclosed Source","Local partner-Other","On 15 December 2024, overnight, Al Shabaab attacked ATMIS UPDF troops and engaged them in an armed clash at a main bridge base in Qoryooley town (Qoryooley, Lower Shabelle). One UPDF soldier and three militants were killed and Al Shabaab claimed responsibility.",4,"Foreign military engagement; Insurgency",1754354914,21744,30637,35384
SOM47518,2024-12-17,2024,1,"Political violence",Battles,"Armed clash","Al Shabaab",,2,28,,706,"Eastern Africa",Somalia,Bay,Diinsoor,,Diinsoor,2.4074,42.9766,1,"Al Furqaan; Calamada; Undisclosed Source","Local partner-Other","On 17 December 2024, overnight, Al Shabaab carried out a probing attack against ATMIS ENDF troops at a base in Diinsoor town (Baydhaba, Bay). There were no casualties and Al Shabaab claimed responsibility.",0,"Foreign military engagement; Insurgency",1753970711,34797,47626,49248
SOM47518,2024-12-17,2024,1,"Political violence",Battles,"Armed clash","ATMIS: African Union Transition Mission in Somalia (2022-2024) (Ethiopia)",,8,28,,706,"Eastern Africa",Somalia,Bay,Diinsoor,,Diinsoor,2.4074,42.9766,1,"Al Furqaan; Calamada; Undisclosed Source","Local partner-Other","On 17 December 2024, overnight, Al Shabaab carried out a probing attack against ATMIS ENDF troops at a base in Diinsoor town (Baydhaba, Bay). There were no casualties and Al Shabaab claimed responsibility.",0,"Foreign military engagement; Insurgency",1753970711,34797,47626,49248
SOM47526,2024-12-17,2024,1,"Political violence",Battles,"Armed clash","Al Shabaab",,2,28,,706,"Eastern Africa",Somalia,"Lower Shabelle",Baraawe,,Embareeso,1.1808,44.0479,1,"Al Furqaan; Calamada; Undisclosed Source","Local partner-Other","On 17 December 2024, overnight, Al Shabaab carried out a hit-and-run attack against ATMIS UPDF troops and engaged them in an armed clash at a base in Embareeso village (Baraawe, Lower Shabelle). The clash was initiated with RPGs, there were no casualties and Al Shabaab claimed responsibility.",0,"Foreign military engagement; Insurgency",1753970711,75,595,1833
SOM47526,2024-12-17,2024,1,"Political violence",Battles,"Armed clash","ATMIS: African Union Transition Mission in Somalia (2022-2024) (Uganda)",,8,28,,706,"Eastern Africa",Somalia,"Lower Shabelle",Baraawe,,Embareeso,1.1808,44.0479,1,"Al Furqaan; Calamada; Undisclosed Source","Local partner-Other","On 17 December 2024, overnight, Al Shabaab carried out a hit-and-run attack against ATMIS UPDF troops and engaged them in an armed clash at a base in Embareeso village (Baraawe, Lower Shabelle). The clash was initiated with RPGs, there were no casualties and Al Shabaab claimed responsibility.",0,"Foreign military engagement; Insurgency",1753970711,75,595,1833
MAA2080,2024-12-20,2024,1,"Strategic developments","Strategic developments",Arrests,"Military Forces of Mauritania (2019-)",,1,18,,478,"Western Africa",Mauritania,"Tiris Zemmour","Bir Moghrein","Bir Mogrein 2",Chegga,25.3700,-5.7900,1,"Akhbarona; Yabiladi",Regional,"On 20 December 2024, Mauritanian force arrested members of the Algerian army who entered 90km into Mauritanian territory in Chegat, also called Chegga, Bir Mogrein 2 (Bir Moghrein, Tiris Zemmour). The Algerian forces cited the pursuit of armed groups as justification for violating the border.",0,"Foreign military engagement",1753954689,3,3,12
MAA2080,2024-12-20,2024,1,"Strategic developments","Strategic developments",Arrests,"Military Forces of Algeria (2019-)",,8,18,,478,"Western Africa",Mauritania,"Tiris Zemmour","Bir Moghrein","Bir Mogrein 2",Chegga,25.3700,-5.7900,1,"Akhbarona; Yabiladi",Regional,"On 20 December 2024, Mauritanian force arrested members of the Algerian army who entered 90km into Mauritanian territory in Chegat, also called Chegga, Bir Mogrein 2 (Bir Moghrein, Tiris Zemmour). The Algerian forces cited the pursuit of armed groups as justification for violating the border.",0,"Foreign military engagement",1753954689,3,3,12
SOM47548,2024-12-20,2024,1,"Political violence","Explosions/Remote violence","Air/drone strike","Military Forces of Ethiopia (2018-)",,8,28,,706,"Eastern Africa",Somalia,Bakool,"Ceel Barde",,Sal-Kudhooble,4.9094,43.9917,1,"Undisclosed Source","Local partner-Other","On 20 December 2024, suspected Ethiopia security forces conducted an airstrike targeting an Al Shabaab hideout in Sal-Kudhooble village (Ceel Barde, Bakool). Casualties unknown.",0,"Foreign military engagement; Insurgency",1753956296,290,325,439
SOM47548,2024-12-20,2024,1,"Political violence","Explosions/Remote violence","Air/drone strike","Al Shabaab",,2,28,,706,"Eastern Africa",Somalia,Bakool,"Ceel Barde",,Sal-Kudhooble,4.9094,43.9917,1,"Undisclosed Source","Local partner-Other","On 20 December 2024, suspected Ethiopia security forces conducted an airstrike targeting an Al Shabaab hideout in Sal-Kudhooble village (Ceel Barde, Bakool). Casualties unknown.",0,"Foreign military engagement; Insurgency",1753956296,290,325,439
SOM47552,2024-12-20,2024,1,"Political violence",Battles,"Armed clash","Al Shabaab",,2,28,,706,"Eastern Africa",Somalia,"Lower Shabelle",Qoryooley,,Qoryooley,1.7878,44.5300,1,"Calamada; Undisclosed Source","Local partner-Other","On 20 December 2024, overnight, Al Shabaab attacked ATMIS UPDF troops and engaged them in an armed clash at a base in Qoryooley town (Qoryooley, Lower Shabelle). The clash was initiated with RPGs, there were no casualties and Al Shabaab claimed responsibility.",0,"Foreign military engagement; Insurgency",1754354914,21744,30637,35384
SOM47552,2024-12-20,2024,1,"Political violence",Battles,"Armed clash","ATMIS: African Union Transition Mission in Somalia (2022-2024) (Uganda)",,8,28,,706,"Eastern Africa",Somalia,"Lower Shabelle",Qoryooley,,Qoryooley,1.7878,44.5300,1,"Calamada; Undisclosed Source","Local partner-Other","On 20 December 2024, overnight, Al Shabaab attacked ATMIS UPDF troops and engaged them in an armed clash at a base in Qoryooley town (Qoryooley, Lower Shabelle). The clash was initiated with RPGs, there were no casualties and Al Shabaab claimed responsibility.",0,"Foreign military engagement; Insurgency",1754354914,21744,30637,35384
SOM47564,2024-12-22,2024,1,"Political violence",Battles,"Armed clash","Al Shabaab",,2,28,,706,"Eastern Africa",Somalia,Gedo,Baardheere,,Bardera,2.3385,42.2843,1,"Al Furqaan; Calamada; Radio Kulmiye; Somali Memo; Undisclosed Source","Local partner-Other","On 22 December 2024, Al Shabaab carried out a hit-and-run attack against ATMIS ENDF troops and engaged them in an armed clash at a base in Bardera town (Baardheere, Gedo). The clash was initiated with RPGs, 4 militants, 2 soldiers were killed and several others were injured. Al Shabaab claimed responsibility.",6,"Foreign military engagement; Insurgency",1753970711,48440,98532,118649
SOM47564,2024-12-22,2024,1,"Political violence",Battles,"Armed clash","ATMIS: African Union Transition Mission in Somalia (2022-2024) (Ethiopia)",,8,28,,706,"Eastern Africa",Somalia,Gedo,Baardheere,,Bardera,2.3385,42.2843,1,"Al Furqaan; Calamada; Radio Kulmiye; Somali Memo; Undisclosed Source","Local partner-Other","On 22 December 2024, Al Shabaab carried out a hit-and-run attack against ATMIS ENDF troops and engaged them in an armed clash at a base in Bardera town (Baardheere, Gedo). The clash was initiated with RPGs, 4 militants, 2 soldiers were killed and several others were injured. Al Shabaab claimed responsibility.",6,"Foreign military engagement; Insurgency",1753970711,48440,98532,118649
SOM47570,2024-12-22,2024,1,"Political violence",Battles,"Armed clash","Al Shabaab",,2,28,,706,"Eastern Africa",Somalia,"Lower Shabelle",Marka,,Janaale,1.8000,44.7000,1,"Al Furqaan; Calamada; Somali Memo; Undisclosed Source","Local partner-Other","On 22 December 2024, overnight, Al Shabaab attacked ATMIS UPDF troops and engaged in an armed clash at a forward operating base in Nation-Link neighborhood in Janaale town (Marka, Lower Shabelle). The clash was initiated with RPGs, there were no casualties and Al Shabaab claimed responsibility.",0,"Foreign military engagement; Insurgency",1753970711,10170,18873,18873
SOM47570,2024-12-22,2024,1,"Political violence",Battles,"Armed clash","ATMIS: African Union Transition Mission in Somalia (2022-2024) (Uganda)",,8,28,,706,"Eastern Africa",Somalia,"Lower Shabelle",Marka,,Janaale,1.8000,44.7000,1,"Al Furqaan; Calamada; Somali Memo; Undisclosed Source","Local partner-Other","On 22 December 2024, overnight, Al Shabaab attacked ATMIS UPDF troops and engaged in an armed clash at a forward operating base in Nation-Link neighborhood in Janaale town (Marka, Lower Shabelle). The clash was initiated with RPGs, there were no casualties and Al Shabaab claimed responsibility.",0,"Foreign military engagement; Insurgency",1753970711,10170,18873,18873
SOM47574,2024-12-23,2024,1,"Political violence",Battles,"Armed clash","Al Shabaab",,2,28,,706,"Eastern Africa",Somalia,Bakool,Xudur,,Hudur,4.1237,43.8915,1,"Undisclosed Source","Local partner-Other","On 23 December 2024, overnight, Al Shabaab conducted a probing attack on the ENDF (non-ATMIS) and engaged them in an armed clash at a base in Hudur town (Xudur, Bakool). There were no casualties.",0,"Foreign military engagement; Insurgency",1753956296,20925,30411,32908
SOM47574,2024-12-23,2024,1,"Political violence",Battles,"Armed clash","Military Forces of Ethiopia (2018-)",,8,28,,706,"Eastern Africa",Somalia,Bakool,Xudur,,Hudur,4.1237,43.8915,1,"Undisclosed Source","Local partner-Other","On 23 December 2024, overnight, Al Shabaab conducted a probing attack on the ENDF (non-ATMIS) and engaged them in an armed clash at a base in Hudur town (Xudur, Bakool). There were no casualties.",0,"Foreign military engagement; Insurgency",1753956296,20925,30411,32908
SOM47576,2024-12-23,2024,1,"Political violence",Battles,"Armed clash","Al Shabaab",,2,28,,706,"Eastern Africa",Somalia,Bay,Diinsoor,,Diinsoor,2.4074,42.9766,1,"Al Furqaan; Calamada; Somali Memo; Undisclosed Source","Local partner-Other","On 23 December 2024, Al Shabaab carried out a hit-and-run attack against ATMIS ENDF troops and engaged them in an armed clash at the airstrip base in Diinsoor town (Diinsoor, Bay). The clash was initiated with RPGs, there were no casualties and Al Shabaab claimed responsibility.",0,"Foreign military engagement; Insurgency",1753970711,34797,47626,49248
SOM47576,2024-12-23,2024,1,"Political violence",Battles,"Armed clash","ATMIS: African Union Transition Mission in Somalia (2022-2024) (Ethiopia)",,8,28,,706,"Eastern Africa",Somalia,Bay,Diinsoor,,Diinsoor,2.4074,42.9766,1,"Al Furqaan; Calamada; Somali Memo; Undisclosed Source","Local partner-Other","On 23 December 2024, Al Shabaab carried out a hit-and-run attack against ATMIS ENDF troops and engaged them in an armed clash at the airstrip base in Diinsoor town (Diinsoor, Bay). The clash was initiated with RPGs, there were no casualties and Al Shabaab claimed responsibility.",0,"Foreign military engagement; Insurgency",1753970711,34797,47626,49248
SOM47588,2024-12-24,2024,1,"Political violence",Battles,"Armed clash","Al Shabaab",,2,28,,706,"Eastern Africa",Somalia,Bakool,Xudur,,Hudur,4.1237,43.8915,1,"Al Furqaan; Calamada; Somali Memo",National,"On 24 December 2024, overnight, Al Shabaab carried out a hit-and-run attack against ATMIS ENDF troops and engaged them in an armed clash at a base in Hudur town (Xudur, Bakool). There were no casualties and Al Shabaab claimed responsibility.",0,"Foreign military engagement; Insurgency",1753970711,20925,30411,32908
SOM47588,2024-12-24,2024,1,"Political violence",Battles,"Armed clash","ATMIS: African Union Transition Mission in Somalia (2022-2024) (Ethiopia)",,8,28,,706,"Eastern Africa",Somalia,Bakool,Xudur,,Hudur,4.1237,43.8915,1,"Al Furqaan; Calamada; Somali Memo",National,"On 24 December 2024, overnight, Al Shabaab carried out a hit-and-run attack against ATMIS ENDF troops and engaged them in an armed clash at a base in Hudur town (Xudur, Bakool). There were no casualties and Al Shabaab claimed responsibility.",0,"Foreign military engagement; Insurgency",1753970711,20925,30411,32908
SOM47591,2024-12-24,2024,1,"Political violence","Explosions/Remote violence","Air/drone strike","Military Forces of the United States (2021-2025)","Military Forces of Somalia (2022-)",8,28,,706,"Eastern Africa",Somalia,"Middle Juba",Jilib,,"Kunyo Barrow",0.8014,43.3837,1,"AFRICOM; Al Furqaan; Calamada; Garowe Online; Mareeg News (Somalia); Radio Kulmiye; Radio Mogadishu; Radio Risala; Shabelle Media Network; Somali Memo; Undisclosed Source; VOA","Local partner-Other","On 24 December 2024, US forces, in coordination with government security forces (SNA), conducted an airstrike targeting Al Shabaab in Qunyo Barrow town (Jilib, Middle Juba). One senior militant who was the Al Shabaab head of the regional governors was killed. Al Shabaab confirmed his death and claimed US forces killed him.",1,"Foreign military engagement; Insurgency",1753956296,9426,11791,12291
SOM47591,2024-12-24,2024,1,"Political violence","Explosions/Remote violence","Air/drone strike","Al Shabaab",,2,28,,706,"Eastern Africa",Somalia,"Middle Juba",Jilib,,"Kunyo Barrow",0.8014,43.3837,1,"AFRICOM; Al Furqaan; Calamada; Garowe Online; Mareeg News (Somalia); Radio Kulmiye; Radio Mogadishu; Radio Risala; Shabelle Media Network; Somali Memo; Undisclosed Source; VOA","Local partner-Other","On 24 December 2024, US forces, in coordination with government security forces (SNA), conducted an airstrike targeting Al Shabaab in Qunyo Barrow town (Jilib, Middle Juba). One senior militant who was the Al Shabaab head of the regional governors was killed. Al Shabaab confirmed his death and claimed US forces killed him.",1,"Foreign military engagement; Insurgency",1753956296,9426,11791,12291
SOM47596,2024-12-25,2024,1,"Political violence",Battles,"Armed clash","Al Shabaab",,2,28,,706,"Eastern Africa",Somalia,"Lower Shabelle",Afgooye,,K60,1.9243,44.9231,1,"Al Furqaan; Calamada; Somali Memo; Undisclosed Source","Local partner-Other","On 25 December 2024, Al Shabaab carried out a probing attack against ATMIS UPDF troops and engaged them in an armed clash at a forward operating base in K60 village (Afgooye, Lower Shabelle). The clash was initiated with RPGs, there were no casualties and Al Shabaab claimed responsibility.",0,"Foreign military engagement; Insurgency",1753970711,151,277,1994
SOM47596,2024-12-25,2024,1,"Political violence",Battles,"Armed clash","ATMIS: African Union Transition Mission in Somalia (2022-2024) (Uganda)",,8,28,,706,"Eastern Africa",Somalia,"Lower Shabelle",Afgooye,,K60,1.9243,44.9231,1,"Al Furqaan; Calamada; Somali Memo; Undisclosed Source","Local partner-Other","On 25 December 2024, Al Shabaab carried out a probing attack against ATMIS UPDF troops and engaged them in an armed clash at a forward operating base in K60 village (Afgooye, Lower Shabelle). The clash was initiated with RPGs, there were no casualties and Al Shabaab claimed responsibility.",0,"Foreign military engagement; Insurgency",1753970711,151,277,1994
SOM47601,2024-12-26,2024,1,"Political violence",Battles,"Armed clash","Al Shabaab",,2,28,,706,"Eastern Africa",Somalia,Bay,"Buur Hakaba",,"Buur Xakaba",2.8049,44.0821,1,"Al Furqaan; Calamada; Somali Memo; Undisclosed Source","Local partner-Other","On 26 December 2024, Al Shabaab attacked ATMIS ENDF troops and engaged them in an armed clash at a base in Buur Xakaba town (Buur Hakaba, Bay), after the militants fired three mortar shells. There were no casualties and Al Shabaab claimed responsibility.",0,"Foreign military engagement; Insurgency",1753970711,11067,47886,59800
SOM47601,2024-12-26,2024,1,"Political violence",Battles,"Armed clash","ATMIS: African Union Transition Mission in Somalia (2022-2024) (Ethiopia)",,8,28,,706,"Eastern Africa",Somalia,Bay,"Buur Hakaba",,"Buur Xakaba",2.8049,44.0821,1,"Al Furqaan; Calamada; Somali Memo; Undisclosed Source","Local partner-Other","On 26 December 2024, Al Shabaab attacked ATMIS ENDF troops and engaged them in an armed clash at a base in Buur Xakaba town (Buur Hakaba, Bay), after the militants fired three mortar shells. There were no casualties and Al Shabaab claimed responsibility.",0,"Foreign military engagement; Insurgency",1753970711,11067,47886,59800
SOM47609,2024-12-27,2024,1,"Political violence","Explosions/Remote violence","Remote explosive/landmine/IED","Al Shabaab",,2,28,,706,"Eastern Africa",Somalia,Bakool,Waajid,,Waajid,3.8096,43.2463,1,"Al Furqaan; Calamada; Undisclosed Source","Local partner-Other","On 27 December 2024, an IED planted by Al Shabaab targeting Ethiopia security forces (non-ATMIS) exploded at the airstrip area in Waajid town (Waajid, Bakool). ENDF soldiers defused another IED planted between the airstrip and the town. Al Shabaab claimed killing 2 soldiers and injuring 4 others.",2,"Foreign military engagement; Insurgency",1753956296,48336,73048,73511
SOM47609,2024-12-27,2024,1,"Political violence","Explosions/Remote violence","Remote explosive/landmine/IED","Military Forces of Ethiopia (2018-)",,8,28,,706,"Eastern Africa",Somalia,Bakool,Waajid,,Waajid,3.8096,43.2463,1,"Al Furqaan; Calamada; Undisclosed Source","Local partner-Other","On 27 December 2024, an IED planted by Al Shabaab targeting Ethiopia security forces (non-ATMIS) exploded at the airstrip area in Waajid town (Waajid, Bakool). ENDF soldiers defused another IED planted between the airstrip and the town. Al Shabaab claimed killing 2 soldiers and injuring 4 others.",2,"Foreign military engagement; Insurgency",1753956296,48336,73048,73511
SOM47610,2024-12-27,2024,1,"Political violence",Battles,"Armed clash","Al Shabaab",,2,28,,706,"Eastern Africa",Somalia,Bakool,Xudur,,Hudur,4.1237,43.8915,1,"Calamada; Somali Memo; Undisclosed Source","Local partner-Other","On 27 December 2024, Al Shabaab carried out a probing attack against Ethiopia security forces (non-ATMIS) at a base in Hudur town (Xudur, Bakool). There were no casualties and Al Shabaab claimed responsibility.",0,"Foreign military engagement; Insurgency",1753956296,20925,30411,32908
SOM47610,2024-12-27,2024,1,"Political violence",Battles,"Armed clash","Military Forces of Ethiopia (2018-)",,8,28,,706,"Eastern Africa",Somalia,Bakool,Xudur,,Hudur,4.1237,43.8915,1,"Calamada; Somali Memo; Undisclosed Source","Local partner-Other","On 27 December 2024, Al Shabaab carried out a probing attack against Ethiopia security forces (non-ATMIS) at a base in Hudur town (Xudur, Bakool). There were no casualties and Al Shabaab claimed responsibility.",0,"Foreign military engagement; Insurgency",1753956296,20925,30411,32908
ETH14516,2024-12-27,2024,1,"Strategic developments","Strategic developments",Agreement,"Government of Somaliland (2024-)",,8,18,,231,"Eastern Africa",Ethiopia,Somali,Fafan,"Jigjiga town",Jijiga,9.3500,42.8000,1,"Addis Standard; Capital Ethiopia; VOA",National-International,"On 27 December 2024, Somaliland and Ethiopian officials reached an agreement in Jijiga, Jigjiga town (Fafan, Somali), to end hostilities in Dacawalay kebele in Harshin woreda and resolve the conflict through peaceful and sustainable means. The agreement, announced by Somaliland's Ministry of Interior, comes after deadly clashes over a land dispute that claimed scores of lives (coded separately).",0,"Foreign military engagement",1753954363,79647,253058,526329
ETH14516,2024-12-27,2024,1,"Strategic developments","Strategic developments",Agreement,"Government of Ethiopia (2018-)",,1,18,,231,"Eastern Africa",Ethiopia,Somali,Fafan,"Jigjiga town",Jijiga,9.3500,42.8000,1,"Addis Standard; Capital Ethiopia; VOA",National-International,"On 27 December 2024, Somaliland and Ethiopian officials reached an agreement in Jijiga, Jigjiga town (Fafan, Somali), to end hostilities in Dacawalay kebele in Harshin woreda and resolve the conflict through peaceful and sustainable means. The agreement, announced by Somaliland's Ministry of Interior, comes after deadly clashes over a land dispute that claimed scores of lives (coded separately).",0,"Foreign military engagement",1753954363,79647,253058,526329
SOM47623,2024-12-28,2024,1,"Political violence","Explosions/Remote violence","Air/drone strike","Military Forces of the United States (2021-2025)","Military Forces of Somalia (2022-)",8,28,,706,"Eastern Africa",Somalia,"Lower Shabelle",Baraawe,,Haawaay,1.1685,43.7143,1,"Caasimada; Radio Kulmiye",National,"On 28 December 2024, suspected US forces, in coordination with government security forces (SNA), conducted an airstrike targeting Al Shabaab hideout in Haawaay village (Baraawe, Lower Shabelle). At least 10 militants were killed.",10,"Foreign military engagement; Insurgency",1753956296,1512,5636,6224
SOM47623,2024-12-28,2024,1,"Political violence","Explosions/Remote violence","Air/drone strike","Al Shabaab",,2,28,,706,"Eastern Africa",Somalia,"Lower Shabelle",Baraawe,,Haawaay,1.1685,43.7143,1,"Caasimada; Radio Kulmiye",National,"On 28 December 2024, suspected US forces, in coordination with government security forces (SNA), conducted an airstrike targeting Al Shabaab hideout in Haawaay village (Baraawe, Lower Shabelle). At least 10 militants were killed.",10,"Foreign military engagement; Insurgency",1753956296,1512,5636,6224
SOM47629,2024-12-29,2024,1,"Political violence",Battles,"Armed clash","Al Shabaab",,2,28,,706,"Eastern Africa",Somalia,Bay,Diinsoor,,Diinsoor,2.4074,42.9766,1,"Calamada; Somali Memo",Subnational-National,"On 29 December 2024, Al Shabaab carried out a probing attack against ATMIS ENDF troops at a base in Diinsoor town (Baydhaba, Bay). The clash was initiated with RPGs, there were no casualties and Al Shabaab claimed responsibility.",0,"Foreign military engagement; Insurgency",1753970711,34797,47626,49248
SOM47629,2024-12-29,2024,1,"Political violence",Battles,"Armed clash","ATMIS: African Union Transition Mission in Somalia (2022-2024) (Ethiopia)",,8,28,,706,"Eastern Africa",Somalia,Bay,Diinsoor,,Diinsoor,2.4074,42.9766,1,"Calamada; Somali Memo",Subnational-National,"On 29 December 2024, Al Shabaab carried out a probing attack against ATMIS ENDF troops at a base in Diinsoor town (Baydhaba, Bay). The clash was initiated with RPGs, there were no casualties and Al Shabaab claimed responsibility.",0,"Foreign military engagement; Insurgency",1753970711,34797,47626,49248
SOM47642,2024-12-30,2024,1,"Political violence",Battles,"Armed clash","Al Shabaab",,2,28,,706,"Eastern Africa",Somalia,"Middle Shabelle",Balcad,,Balcad,2.3468,45.3902,1,"Al Furqaan; Calamada; Somali Memo",National,"On 30 December 2024, overnight, Al Shabaab attacked ATMIS BNDF troops and engaged them in an armed clash at a base in Balcad town (Balcad, Middle Shabelle). There were no casualties and Al Shabaab claimed responsibility.",0,"Foreign military engagement; Insurgency",1753970711,18844,38020,57120
SOM47642,2024-12-30,2024,1,"Political violence",Battles,"Armed clash","ATMIS: African Union Transition Mission in Somalia (2022-2024) (Burundi)",,8,28,,706,"Eastern Africa",Somalia,"Middle Shabelle",Balcad,,Balcad,2.3468,45.3902,1,"Al Furqaan; Calamada; Somali Memo",National,"On 30 December 2024, overnight, Al Shabaab attacked ATMIS BNDF troops and engaged them in an armed clash at a base in Balcad town (Balcad, Middle Shabelle). There were no casualties and Al Shabaab claimed responsibility.",0,"Foreign military engagement; Insurgency",1753970711,18844,38020,57120
SOM47645,2024-12-31,2024,1,"Strategic developments","Strategic developments",Other,"ATMIS: African Union Transition Mission in Somalia (2022-2024)",,8,80,,706,"Eastern Africa",Somalia,Banadir,Banadir,,"Mogadishu - Unspecified",2.0414,45.3337,1,"Caasimada; Goobjoob; Radio Risala",Subnational-National,"Other: On 31 December 2024, ATMIS mandate ended and AU Support and Stabilisation Mission in Somalia (AUSSOM) took over security operations in Somalia in Mogadishu (Banadir).",0,"Foreign military engagement",1782778862,42805,45307,45307
MLI33632,2025-01-01,2025,1,"Political violence",Battles,"Armed clash","JNIM: Group for Support of Islam and Muslims",,2,28,,466,"Western Africa",Mali,Sikasso,Bougouni,Garalo,Garalo,10.9866,-7.4383,1,"Mali Jet; Undisclosed Source","Local partner-Other","On 1 January 2025, an armed group (likely JNIM militants, based on location) attacked a gendarmerie post in the town of Garalo (Bougouni, Sikasso). Two gendarmes were killed and one was injured.",2,"Foreign military engagement; Insurgency",1776726865,7355,18681,20856
MLI33632,2025-01-01,2025,1,"Political violence",Battles,"Armed clash","Military Forces of Burkina Faso (2022-) Gendarmerie",,8,28,,466,"Western Africa",Mali,Sikasso,Bougouni,Garalo,Garalo,10.9866,-7.4383,1,"Mali Jet; Undisclosed Source","Local partner-Other","On 1 January 2025, an armed group (likely JNIM militants, based on location) attacked a gendarmerie post in the town of Garalo (Bougouni, Sikasso). Two gendarmes were killed and one was injured.",2,"Foreign military engagement; Insurgency",1776726865,7355,18681,20856
SOM47668,2025-01-02,2025,1,"Political violence","Explosions/Remote violence","Remote explosive/landmine/IED","Al Shabaab",,2,28,,706,"Eastern Africa",Somalia,"Middle Shabelle",Jowhar,,Buurane,2.9647,45.5124,1,"Al Furqaan; Calamada",National,"On 2 January 2025, two IEDs planted by Al Shabaab and targeted at AUSSOM BNDF troops on a foot patrol exploded in Buurane village (Jowhar, Middle Shabelle). Al Shabaab claimed killing 2 soldiers.",2,"Foreign military engagement; Insurgency",1753970711,8552,10344,11339
SOM47668,2025-01-02,2025,1,"Political violence","Explosions/Remote violence","Remote explosive/landmine/IED","AUSSOM: Africa Union Support and Stabilisation Mission in Somalia (2025-) (Burundi)",,8,28,,706,"Eastern Africa",Somalia,"Middle Shabelle",Jowhar,,Buurane,2.9647,45.5124,1,"Al Furqaan; Calamada",National,"On 2 January 2025, two IEDs planted by Al Shabaab and targeted at AUSSOM BNDF troops on a foot patrol exploded in Buurane village (Jowhar, Middle Shabelle). Al Shabaab claimed killing 2 soldiers.",2,"Foreign military engagement; Insurgency",1753970711,8552,10344,11339
UGA9360,2025-01-03,2025,1,"Strategic developments","Strategic developments",Other,"Military Forces of the Democratic Republic of Congo (2019-)",,8,80,,800,"Eastern Africa",Uganda,Zombo,Okoro,Jangokoro,Awasi,2.3667,30.8764,1,"Chimp Reports",National,"Other: On 3 January 2025, over 50 armed FARDC soldiers crossed into Ugandan territory at Awasi center (Okoro, Zombo). Led by the Mahagi Territory's Resident District Commissioner from Ituri Province, they disputed Uganda's ownership of land where a borehole drilling project is being constructed and had come to stop it. The situation was resolved peacefully, and the Congolese forces withdrew back to DRC.",0,"Foreign military engagement",1753956103,1453,5980,34697
SOM47413,2025-01-03,2025,1,"Political violence","Explosions/Remote violence","Air/drone strike","Military Forces of the United States (2021-2025)","Military Forces of Somalia (2022-)",8,28,,706,"Eastern Africa",Somalia,"Lower Juba",Kismaayo,,Beerhani,-0.2201,42.1959,1,"AFRICOM; Caasimada; Garowe Online; Goobjoob; Hiiraan (Somalia); Mareeg News (Somalia); Radio Kulmiye; Somali News Agency; Undisclosed Source","Local partner-Other","On 3 January 2025, overnight, US forces in coordination with government security forces (SNA) conducted an airstrike targeting Al Shabaab in Beerhani village (Kismaayo, Lower Juba). 10 militants were killed.",10,"Foreign military engagement; Insurgency",1753956296,36,501,621
SOM47413,2025-01-03,2025,1,"Political violence","Explosions/Remote violence","Air/drone strike","Al Shabaab",,2,28,,706,"Eastern Africa",Somalia,"Lower Juba",Kismaayo,,Beerhani,-0.2201,42.1959,1,"AFRICOM; Caasimada; Garowe Online; Goobjoob; Hiiraan (Somalia); Mareeg News (Somalia); Radio Kulmiye; Somali News Agency; Undisclosed Source","Local partner-Other","On 3 January 2025, overnight, US forces in coordination with government security forces (SNA) conducted an airstrike targeting Al Shabaab in Beerhani village (Kismaayo, Lower Juba). 10 militants were killed.",10,"Foreign military engagement; Insurgency",1753956296,36,501,621
SOM47440,2025-01-08,2025,1,"Political violence",Battles,"Armed clash","Al Shabaab",,2,28,,706,"Eastern Africa",Somalia,Bakool,Waajid,,Waajid,3.8096,43.2463,1,"Al Furqaan; Calamada; Somali Memo; Undisclosed Source","Local partner-Other","On 8 January 2025, overnight, Al Shabaab carried out a hit-and-run attack against AUSSOM ENDF troops and engaged them in an armed clash at an airstrip base in Waajid town (Waajid, Bakool). There were no casualties and Al Shabaab claimed responsibility.",0,"Foreign military engagement; Insurgency",1753970711,49655,75459,75942
SOM47440,2025-01-08,2025,1,"Political violence",Battles,"Armed clash","AUSSOM: Africa Union Support and Stabilisation Mission in Somalia (2025-) (Ethiopia)",,8,28,,706,"Eastern Africa",Somalia,Bakool,Waajid,,Waajid,3.8096,43.2463,1,"Al Furqaan; Calamada; Somali Memo; Undisclosed Source","Local partner-Other","On 8 January 2025, overnight, Al Shabaab carried out a hit-and-run attack against AUSSOM ENDF troops and engaged them in an armed clash at an airstrip base in Waajid town (Waajid, Bakool). There were no casualties and Al Shabaab claimed responsibility.",0,"Foreign military engagement; Insurgency",1753970711,49655,75459,75942
SOM47445,2025-01-08,2025,1,"Political violence","Explosions/Remote violence","Air/drone strike","Unidentified Military Forces","Military Forces of Somalia (2022-) Puntland Dervish Force; Police Forces of Somalia (2022-) Puntland Maritime Police Force",8,28,,706,"Eastern Africa",Somalia,Bari,Iskushuban,,Iskushuban,10.2818,50.2301,2,"Caasimada; Garowe Online; VOA",National-International,"On 8 January 2025, overnight, international forces (described as 'international friends', coded as Unidentified Military Forces), in coordination with Puntland Dervish Force and Puntland Maritime Police Forces (PMPF) conducted an airstrike targeting Islamic State Somalia Province hideouts and bases in the Cameyra area near Iskushuban town (Iskushuban, Bari). An unknown number of militants were killed and wounded, unspecified number of fatalities coded as 3.",3,"Foreign military engagement; Insurgency",1753970711,2132,2453,2620
SOM47445,2025-01-08,2025,1,"Political violence","Explosions/Remote violence","Air/drone strike","Islamic State Somalia Province",,2,28,,706,"Eastern Africa",Somalia,Bari,Iskushuban,,Iskushuban,10.2818,50.2301,2,"Caasimada; Garowe Online; VOA",National-International,"On 8 January 2025, overnight, international forces (described as 'international friends', coded as Unidentified Military Forces), in coordination with Puntland Dervish Force and Puntland Maritime Police Forces (PMPF) conducted an airstrike targeting Islamic State Somalia Province hideouts and bases in the Cameyra area near Iskushuban town (Iskushuban, Bari). An unknown number of militants were killed and wounded, unspecified number of fatalities coded as 3.",3,"Foreign military engagement; Insurgency",1753970711,2132,2453,2620
SOM47446,2025-01-08,2025,1,"Political violence","Explosions/Remote violence","Air/drone strike","Unidentified Military Forces","Military Forces of Somalia (2022-) Puntland Dervish Force; Police Forces of Somalia (2022-) Puntland Maritime Police Force",8,28,,706,"Eastern Africa",Somalia,Bari,Iskushuban,,Timirshe,10.5625,50.4240,2,"Caasimada; Garowe Online; VOA",National-International,"On 8 January 2025, overnight, international forces (described as 'international friends', coded as Unidentified Military Forces), in coordination with Puntland Dervish Force and Puntland Maritime Police Forces (PMPF) conducted an airstrike targeting Islamic State Somalia Province hideouts and bases in the Lil area near Timirshe town (Iskushuban, Bari). An unknown number of militants were killed and wounded, unspecified number of fatalities coded as 3.",3,"Foreign military engagement; Insurgency",1753970711,1561,1626,1755
SOM47446,2025-01-08,2025,1,"Political violence","Explosions/Remote violence","Air/drone strike","Islamic State Somalia Province",,2,28,,706,"Eastern Africa",Somalia,Bari,Iskushuban,,Timirshe,10.5625,50.4240,2,"Caasimada; Garowe Online; VOA",National-International,"On 8 January 2025, overnight, international forces (described as 'international friends', coded as Unidentified Military Forces), in coordination with Puntland Dervish Force and Puntland Maritime Police Forces (PMPF) conducted an airstrike targeting Islamic State Somalia Province hideouts and bases in the Lil area near Timirshe town (Iskushuban, Bari). An unknown number of militants were killed and wounded, unspecified number of fatalities coded as 3.",3,"Foreign military engagement; Insurgency",1753970711,1561,1626,1755
SOM47438,2025-01-08,2025,1,"Political violence","Explosions/Remote violence","Remote explosive/landmine/IED","Al Shabaab",,2,28,,706,"Eastern Africa",Somalia,"Lower Shabelle",Afgooye,,Laantabuur,2.0537,45.0548,2,"Calamada; Somali Memo",Subnational-National,"On 8 January 2025, three IEDs planted by Al Shabaab exploded targeting AUSSOM UPDF troops convoy near Laantabuur village (Afgooye, Lower Shabelle). Al Shabaab claimed that 2 soldiers were killed 4 others were and injured.",2,"Foreign military engagement; Insurgency",1753970711,622,2191,7529
SOM47438,2025-01-08,2025,1,"Political violence","Explosions/Remote violence","Remote explosive/landmine/IED","AUSSOM: Africa Union Support and Stabilisation Mission in Somalia (2025-) (Uganda)",,8,28,,706,"Eastern Africa",Somalia,"Lower Shabelle",Afgooye,,Laantabuur,2.0537,45.0548,2,"Calamada; Somali Memo",Subnational-National,"On 8 January 2025, three IEDs planted by Al Shabaab exploded targeting AUSSOM UPDF troops convoy near Laantabuur village (Afgooye, Lower Shabelle). Al Shabaab claimed that 2 soldiers were killed 4 others were and injured.",2,"Foreign military engagement; Insurgency",1753970711,622,2191,7529
SOM47439,2025-01-08,2025,1,"Political violence","Explosions/Remote violence","Remote explosive/landmine/IED","Al Shabaab",,2,28,,706,"Eastern Africa",Somalia,"Lower Shabelle",Afgooye,,"Lambar 50",1.9900,44.9859,2,"Calamada; Somali Memo",Subnational-National,"On 8 January 2025, two IEDs planted by Al Shabaab exploded, targeting AUSSOM UPDF troops convoy near Lambar 50 village (Afgooye, Lower Shabelle). Al Shabaab claimed that 2 soldiers were killed and 3 others were injured.",2,"Foreign military engagement; Insurgency",1753970711,2302,4576,5578
SOM47439,2025-01-08,2025,1,"Political violence","Explosions/Remote violence","Remote explosive/landmine/IED","AUSSOM: Africa Union Support and Stabilisation Mission in Somalia (2025-) (Uganda)",,8,28,,706,"Eastern Africa",Somalia,"Lower Shabelle",Afgooye,,"Lambar 50",1.9900,44.9859,2,"Calamada; Somali Memo",Subnational-National,"On 8 January 2025, two IEDs planted by Al Shabaab exploded, targeting AUSSOM UPDF troops convoy near Lambar 50 village (Afgooye, Lower Shabelle). Al Shabaab claimed that 2 soldiers were killed and 3 others were injured.",2,"Foreign military engagement; Insurgency",1753970711,2302,4576,5578
SOM47709,2025-01-10,2025,1,"Political violence","Explosions/Remote violence","Remote explosive/landmine/IED","Al Shabaab",,2,28,,706,"Eastern Africa",Somalia,"Lower Shabelle",Marka,,"Ceel Waregow",1.8087,44.7994,2,"Al Furqaan; Calamada; Radio Kulmiye; Somali Memo; Undisclosed Source","Local partner-Other","On 10 January 2025, a remote-controlled IED planted by Al Shabaab exploded, targeting AUSSOM UPDF troops convoy travelling between K60 and Ceel Waregow village (Marka, Lower Shabelle). One truck struck the blast, two soldiers were killed, and three others were injured. Al Shabaab claimed to have killed 7 and injured 10 soldiers.",2,"Foreign military engagement; Insurgency",1753970711,1215,1719,4698
SOM47709,2025-01-10,2025,1,"Political violence","Explosions/Remote violence","Remote explosive/landmine/IED","AUSSOM: Africa Union Support and Stabilisation Mission in Somalia (2025-) (Uganda)",,8,28,,706,"Eastern Africa",Somalia,"Lower Shabelle",Marka,,"Ceel Waregow",1.8087,44.7994,2,"Al Furqaan; Calamada; Radio Kulmiye; Somali Memo; Undisclosed Source","Local partner-Other","On 10 January 2025, a remote-controlled IED planted by Al Shabaab exploded, targeting AUSSOM UPDF troops convoy travelling between K60 and Ceel Waregow village (Marka, Lower Shabelle). One truck struck the blast, two soldiers were killed, and three others were injured. Al Shabaab claimed to have killed 7 and injured 10 soldiers.",2,"Foreign military engagement; Insurgency",1753970711,1215,1719,4698
SOM47456,2025-01-10,2025,1,"Political violence","Explosions/Remote violence","Remote explosive/landmine/IED","Al Shabaab",,2,28,,706,"Eastern Africa",Somalia,"Lower Shabelle",Afgooye,,"Lambar 50",1.9900,44.9859,2,"Al Furqaan; Calamada",Subnational-National,"On 10 January 2025, an IED planted by Al Shabaab exploded, targeting AUSSOM UPDF troops convoy in between K60 and Lambar 50 village (Afgooye, Lower Shabelle). Al Shabaab claimed that at least one soldier was killed and 3 others were injured.",2,"Foreign military engagement; Insurgency",1753970711,2302,4576,5578
SOM47456,2025-01-10,2025,1,"Political violence","Explosions/Remote violence","Remote explosive/landmine/IED","AUSSOM: Africa Union Support and Stabilisation Mission in Somalia (2025-) (Uganda)",,8,28,,706,"Eastern Africa",Somalia,"Lower Shabelle",Afgooye,,"Lambar 50",1.9900,44.9859,2,"Al Furqaan; Calamada",Subnational-National,"On 10 January 2025, an IED planted by Al Shabaab exploded, targeting AUSSOM UPDF troops convoy in between K60 and Lambar 50 village (Afgooye, Lower Shabelle). Al Shabaab claimed that at least one soldier was killed and 3 others were injured.",2,"Foreign military engagement; Insurgency",1753970711,2302,4576,5578
ETH14555,2025-01-11,2025,1,"Strategic developments","Strategic developments",Agreement,"Government of Ethiopia (2018-)",,1,18,,231,"Eastern Africa",Ethiopia,"Addis Ababa","Region 14",Arada,"Arat Kilo",9.0286,38.7658,1,"Guardian; Reuters",International,"On 11 January 2025, leaders from Ethiopia and Somalia agreed to restore and strengthen their bilateral relations and establish full diplomatic representation in each other's capitals. This development followed an unexpected visit by the President of Somalia to Addis Ababa, Prime Minister Office, (Arada, Region 14). Previously, relations had soured when Somalia cut ties over a memorandum of understanding that Ethiopia signed with Somaliland at the beginning of 2024, raising tensions between the two nations. The new agreement came in the wake of the Ankara declaration, which was facilitated by Turkey on 11 December 2024. During that meeting, both countries pledged to collaborate in resolving their disputes and indicated their intention to initiate technical negotiations by the end of February.",0,"Foreign military engagement",1790094134,32302,131943,206235
ETH14555,2025-01-11,2025,1,"Strategic developments","Strategic developments",Agreement,"Government of Somalia (2022-)",,8,18,,231,"Eastern Africa",Ethiopia,"Addis Ababa","Region 14",Arada,"Arat Kilo",9.0286,38.7658,1,"Guardian; Reuters",International,"On 11 January 2025, leaders from Ethiopia and Somalia agreed to restore and strengthen their bilateral relations and establish full diplomatic representation in each other's capitals. This development followed an unexpected visit by the President of Somalia to Addis Ababa, Prime Minister Office, (Arada, Region 14). Previously, relations had soured when Somalia cut ties over a memorandum of understanding that Ethiopia signed with Somaliland at the beginning of 2024, raising tensions between the two nations. The new agreement came in the wake of the Ankara declaration, which was facilitated by Turkey on 11 December 2024. During that meeting, both countries pledged to collaborate in resolving their disputes and indicated their intention to initiate technical negotiations by the end of February.",0,"Foreign military engagement",1790094134,32302,131943,206235
SOM47695,2025-01-11,2025,1,"Strategic developments","Strategic developments","Disrupted weapons use","AUSSOM: Africa Union Support and Stabilisation Mission in Somalia (2025-) (Uganda)","Military Forces of Somalia (2022-)",8,28,,706,"Eastern Africa",Somalia,"Lower Shabelle",Marka,,Ceel-Jaale,1.6804,44.7227,2,"Caasimada; Radio Kulmiye",National,"Defusal: On 11 January 2025, AUSSOM UPDF and government security forces (SNA) defused several IED planted by Al Shabaab in between K50 and Ceel-Jaale village (Marka, Lower Shabelle).",0,"Foreign military engagement; Insurgency",1753970711,5135,5851,8191
SOM47695,2025-01-11,2025,1,"Strategic developments","Strategic developments","Disrupted weapons use","Al Shabaab",,2,28,,706,"Eastern Africa",Somalia,"Lower Shabelle",Marka,,Ceel-Jaale,1.6804,44.7227,2,"Caasimada; Radio Kulmiye",National,"Defusal: On 11 January 2025, AUSSOM UPDF and government security forces (SNA) defused several IED planted by Al Shabaab in between K50 and Ceel-Jaale village (Marka, Lower Shabelle).",0,"Foreign military engagement; Insurgency",1753970711,5135,5851,8191
SOM47710,2025-01-12,2025,1,"Political violence","Explosions/Remote violence","Remote explosive/landmine/IED","Al Shabaab",,2,28,,706,"Eastern Africa",Somalia,"Lower Shabelle",Marka,,Shalaambood,1.7087,44.6961,2,"Al Furqaan; Calamada; Undisclosed Source","Local partner-Other","On 12 January 2025, two remote-controlled IEDs planted by Al Shabaab exploded, on the roadside targeted an AUSSOM UPDF logistics convoy traveling from Buufow to Shalambood, in Afar-Yak village, near Shalaambood town (Marka, Lower Shabelle). Al Shabaab claimed they killed and injured several soldiers. An unspecified number of fatalities coded as 3.",3,"Foreign military engagement; Insurgency",1753970711,22655,30280,30581
SOM47710,2025-01-12,2025,1,"Political violence","Explosions/Remote violence","Remote explosive/landmine/IED","AUSSOM: Africa Union Support and Stabilisation Mission in Somalia (2025-) (Uganda)",,8,28,,706,"Eastern Africa",Somalia,"Lower Shabelle",Marka,,Shalaambood,1.7087,44.6961,2,"Al Furqaan; Calamada; Undisclosed Source","Local partner-Other","On 12 January 2025, two remote-controlled IEDs planted by Al Shabaab exploded, on the roadside targeted an AUSSOM UPDF logistics convoy traveling from Buufow to Shalambood, in Afar-Yak village, near Shalaambood town (Marka, Lower Shabelle). Al Shabaab claimed they killed and injured several soldiers. An unspecified number of fatalities coded as 3.",3,"Foreign military engagement; Insurgency",1753970711,22655,30280,30581
UGA9366,2025-01-12,2025,1,"Strategic developments","Strategic developments",Other,"Military Forces of Rwanda (1994-)",,8,88,,800,"Eastern Africa",Uganda,Zombo,Okoro,Jangokoro,Awasi,2.3667,30.8764,1,"Independent (Uganda)",National,"Other: On 12 January 2025, The UPDF arrested two Congolese Police officers at the center in Awasi (Okoro, Zombo), for attempting to disrupt the construction of a borehole project in the area. The officers, who were suspected to be from Bunia in the Ituri Province of the Democratic Republic of Congo, entered Uganda's territory without the proper clearance.",0,"Foreign military engagement",1753956103,1453,5980,34697
UGA9366,2025-01-12,2025,1,"Strategic developments","Strategic developments",Other,"Police Forces of the Democratic Republic of Congo (2019-)",,8,88,,800,"Eastern Africa",Uganda,Zombo,Okoro,Jangokoro,Awasi,2.3667,30.8764,1,"Independent (Uganda)",National,"Other: On 12 January 2025, The UPDF arrested two Congolese Police officers at the center in Awasi (Okoro, Zombo), for attempting to disrupt the construction of a borehole project in the area. The officers, who were suspected to be from Bunia in the Ituri Province of the Democratic Republic of Congo, entered Uganda's territory without the proper clearance.",0,"Foreign military engagement",1753956103,1453,5980,34697
SOM47706,2025-01-12,2025,1,"Political violence","Explosions/Remote violence","Air/drone strike","Unidentified Military Forces","Military Forces of Somalia (2022-) Puntland Dervish Force; Police Forces of Somalia (2022-) Puntland Maritime Police Force",8,28,,706,"Eastern Africa",Somalia,Bari,Qandala,,"Buuraha Cali Miskat",10.8548,49.7434,1,"Puntland Post",National,"On 12 January 2025, overnight, international forces (described as international friends, coded as Unidentified Military Forces), in coordination with Puntland Dervish Force and Puntland Maritime Police Forces (PMPF) conducted an airstrike targeting Islamic State Somalia Province hideouts and bases Dul and Dareyele areas in the outskirts of Buuraha Cali Miskat (Qandala, Bari). An unknown number of militants were killed and wounded, unspecified number of fatalities coded as 3.",3,"Foreign military engagement; Insurgency",1759790065,0,0,0
SOM47706,2025-01-12,2025,1,"Political violence","Explosions/Remote violence","Air/drone strike","Islamic State Somalia Province",,2,28,,706,"Eastern Africa",Somalia,Bari,Qandala,,"Buuraha Cali Miskat",10.8548,49.7434,1,"Puntland Post",National,"On 12 January 2025, overnight, international forces (described as international friends, coded as Unidentified Military Forces), in coordination with Puntland Dervish Force and Puntland Maritime Police Forces (PMPF) conducted an airstrike targeting Islamic State Somalia Province hideouts and bases Dul and Dareyele areas in the outskirts of Buuraha Cali Miskat (Qandala, Bari). An unknown number of militants were killed and wounded, unspecified number of fatalities coded as 3.",3,"Foreign military engagement; Insurgency",1759790065,0,0,0
KEN16834,2025-01-12,2025,1,"Political violence","Violence against civilians","Abduction/forced disappearance","Police Forces of Tanzania (1998-) Tanzania Intelligence and Security Service",,8,78,"Civilian targeting",404,"Eastern Africa",Kenya,Nairobi,"Dagoretti North",,"Nairobi - Dagoretti North",-1.2793,36.7789,1,"BBC News; Capital FM; Citizen (Kenya); Daily Nation (Kenya); K24; Kenya Standard; Kenyans.co; NTV (Kenya); Star (Kenya); VOA","New media-Subnational","On 12 January 2025, five suspected Tanzania Information and Security Services (TISS) officers abducted a Tanzania human rights defender, who is also a journalist and drove off from the the Chaka place, within the Kilimani neighborhood of Nairobi - Dagoretti North (Dagoretti North, Nairobi) in a black Toyota Noah van. It is claimed that the victim was targeted because of her criticism of the government for oppressing and abusing its citizen. She was held incommunicado for several hours before being abandoned on an unnamed a dark street, and warned against discussing the incident.",0,"Foreign military engagement",1782854978,21357,55252,185868
KEN16834,2025-01-12,2025,1,"Political violence","Violence against civilians","Abduction/forced disappearance","Civilians (Tanzania)","Journalists (Tanzania); Women (Tanzania)",7,78,"Civilian targeting",404,"Eastern Africa",Kenya,Nairobi,"Dagoretti North",,"Nairobi - Dagoretti North",-1.2793,36.7789,1,"BBC News; Capital FM; Citizen (Kenya); Daily Nation (Kenya); K24; Kenya Standard; Kenyans.co; NTV (Kenya); Star (Kenya); VOA","New media-Subnational","On 12 January 2025, five suspected Tanzania Information and Security Services (TISS) officers abducted a Tanzania human rights defender, who is also a journalist and drove off from the the Chaka place, within the Kilimani neighborhood of Nairobi - Dagoretti North (Dagoretti North, Nairobi) in a black Toyota Noah van. It is claimed that the victim was targeted because of her criticism of the government for oppressing and abusing its citizen. She was held incommunicado for several hours before being abandoned on an unnamed a dark street, and warned against discussing the incident.",0,"Foreign military engagement",1782854978,21357,55252,185868
SOM47675,2025-01-13,2025,1,"Political violence",Battles,"Armed clash","Al Shabaab",,2,28,,706,"Eastern Africa",Somalia,"Lower Shabelle",Qoryooley,,Qoryooley,1.7878,44.5300,1,"Al Furqaan; Calamada; Somali Memo; Undisclosed Source","Local partner-Other","On 13 January 2025, overnight, Al Shabaab attacked AUSSOM UPDF troops and engaged them in an armed clash at a base in Qoryooley town (Qoryooley, Lower Shabelle). The clash was initiated with RPGs. There were no casualties. Al Shabaab claimed responsibility.",0,"Foreign military engagement; Insurgency",1754354914,22512,31726,36654
SOM47675,2025-01-13,2025,1,"Political violence",Battles,"Armed clash","AUSSOM: Africa Union Support and Stabilisation Mission in Somalia (2025-) (Uganda)",,8,28,,706,"Eastern Africa",Somalia,"Lower Shabelle",Qoryooley,,Qoryooley,1.7878,44.5300,1,"Al Furqaan; Calamada; Somali Memo; Undisclosed Source","Local partner-Other","On 13 January 2025, overnight, Al Shabaab attacked AUSSOM UPDF troops and engaged them in an armed clash at a base in Qoryooley town (Qoryooley, Lower Shabelle). The clash was initiated with RPGs. There were no casualties. Al Shabaab claimed responsibility.",0,"Foreign military engagement; Insurgency",1754354914,22512,31726,36654
SOM47711,2025-01-13,2025,1,"Political violence","Explosions/Remote violence","Air/drone strike","Unidentified Military Forces",,8,28,,706,"Eastern Africa",Somalia,"Middle Juba",Bu'aale,,Buaale,1.2448,42.5732,1,"Undisclosed Source","Local partner-Other","On 13 January 2025, Unidentified military force conducted three airstrikes targeting Al Shabaab stronghold positions at Dabaqeyn Mosque, the former livestock care center, and near a bridge area in Buaale town (Bu'aale, Middle Juba). Casualties unknown.",0,"Foreign military engagement; Insurgency",1753970711,12948,57953,59223
SOM47711,2025-01-13,2025,1,"Political violence","Explosions/Remote violence","Air/drone strike","Al Shabaab",,2,28,,706,"Eastern Africa",Somalia,"Middle Juba",Bu'aale,,Buaale,1.2448,42.5732,1,"Undisclosed Source","Local partner-Other","On 13 January 2025, Unidentified military force conducted three airstrikes targeting Al Shabaab stronghold positions at Dabaqeyn Mosque, the former livestock care center, and near a bridge area in Buaale town (Bu'aale, Middle Juba). Casualties unknown.",0,"Foreign military engagement; Insurgency",1753970711,12948,57953,59223
SOM47674,2025-01-14,2025,1,"Political violence",Battles,"Armed clash","Al Shabaab",,2,28,,706,"Eastern Africa",Somalia,Gedo,Garbahaarey,,Garbahaarey,3.3280,42.2199,1,"Calamada; Somali Memo",National,"On 14 January 2025, overnight, Al Shabaab carried out an attack against AUSSOM ENDF troops and engaged them in an armed clash at a base in Garbahaarey town (Garbahaarey, Gedo). The clash was initiated with RPGs. There were no casualties. Al Shabaab claimed responsibility.",0,"Foreign military engagement; Insurgency",1753970711,26244,34023,36651
SOM47674,2025-01-14,2025,1,"Political violence",Battles,"Armed clash","AUSSOM: Africa Union Support and Stabilisation Mission in Somalia (2025-) (Ethiopia)",,8,28,,706,"Eastern Africa",Somalia,Gedo,Garbahaarey,,Garbahaarey,3.3280,42.2199,1,"Calamada; Somali Memo",National,"On 14 January 2025, overnight, Al Shabaab carried out an attack against AUSSOM ENDF troops and engaged them in an armed clash at a base in Garbahaarey town (Garbahaarey, Gedo). The clash was initiated with RPGs. There were no casualties. Al Shabaab claimed responsibility.",0,"Foreign military engagement; Insurgency",1753970711,26244,34023,36651
SOM47707,2025-01-14,2025,1,"Political violence","Explosions/Remote violence","Remote explosive/landmine/IED","Al Shabaab",,2,28,,706,"Eastern Africa",Somalia,"Lower Juba",Badhaadhe,,Sariirle,-1.3007,41.4217,1,"Undisclosed Source","Local partner-Other","On 14 January 2025, a roadside IED planted by Al Shabaab exploded, targeting AUSSOM KDF convoy in Sariirle village (Badhaadhe, Lower Juba). The explosion destroyed one vehicle. Casualties unknown.",0,"Foreign military engagement; Insurgency",1753970711,0,0,0
SOM47707,2025-01-14,2025,1,"Political violence","Explosions/Remote violence","Remote explosive/landmine/IED","AUSSOM: Africa Union Support and Stabilisation Mission in Somalia (2025-) (Kenya)",,8,28,,706,"Eastern Africa",Somalia,"Lower Juba",Badhaadhe,,Sariirle,-1.3007,41.4217,1,"Undisclosed Source","Local partner-Other","On 14 January 2025, a roadside IED planted by Al Shabaab exploded, targeting AUSSOM KDF convoy in Sariirle village (Badhaadhe, Lower Juba). The explosion destroyed one vehicle. Casualties unknown.",0,"Foreign military engagement; Insurgency",1753970711,0,0,0
SOM47716,2025-01-14,2025,1,"Political violence","Explosions/Remote violence","Remote explosive/landmine/IED","Al Shabaab",,2,28,,706,"Eastern Africa",Somalia,"Lower Shabelle",Afgooye,,K60,1.9243,44.9231,2,"Calamada; Somali Memo; Undisclosed Source","Local partner-Other","On 14 January 2025, three roadside IEDs planted by Al Shabaab exploded, targeting AUSSOM UPDF troops convoy travelling between Shalambood and K60 village (Afgooye, Lower Shabelle). At least three soldiers were killed and two others were injured. Al Shabaab claimed responsibility.",3,"Foreign military engagement; Insurgency",1753970711,151,277,2032
SOM47716,2025-01-14,2025,1,"Political violence","Explosions/Remote violence","Remote explosive/landmine/IED","AUSSOM: Africa Union Support and Stabilisation Mission in Somalia (2025-) (Uganda)",,8,28,,706,"Eastern Africa",Somalia,"Lower Shabelle",Afgooye,,K60,1.9243,44.9231,2,"Calamada; Somali Memo; Undisclosed Source","Local partner-Other","On 14 January 2025, three roadside IEDs planted by Al Shabaab exploded, targeting AUSSOM UPDF troops convoy travelling between Shalambood and K60 village (Afgooye, Lower Shabelle). At least three soldiers were killed and two others were injured. Al Shabaab claimed responsibility.",3,"Foreign military engagement; Insurgency",1753970711,151,277,2032
SOM47676,2025-01-15,2025,1,"Political violence",Battles,"Armed clash","Al Shabaab",,2,28,,706,"Eastern Africa",Somalia,"Lower Shabelle",Baraawe,,Baraawe,1.1132,44.0297,1,"Al Furqaan; Somali Memo; Undisclosed Source","Local partner-Other","On 15 January 2025, overnight, Al Shabaab carried out an attack against AUSSOM UPDF and engaged them in an armed clash at an airport base in Baraawe town (Baraawe, Lower Shabelle). The clash was initiated with RPGs. There were no casualties. Al Shabaab claimed responsibility.",0,"Foreign military engagement; Insurgency",1753970711,26110,36996,41077
SOM47676,2025-01-15,2025,1,"Political violence",Battles,"Armed clash","AUSSOM: Africa Union Support and Stabilisation Mission in Somalia (2025-) (Uganda)",,8,28,,706,"Eastern Africa",Somalia,"Lower Shabelle",Baraawe,,Baraawe,1.1132,44.0297,1,"Al Furqaan; Somali Memo; Undisclosed Source","Local partner-Other","On 15 January 2025, overnight, Al Shabaab carried out an attack against AUSSOM UPDF and engaged them in an armed clash at an airport base in Baraawe town (Baraawe, Lower Shabelle). The clash was initiated with RPGs. There were no casualties. Al Shabaab claimed responsibility.",0,"Foreign military engagement; Insurgency",1753970711,26110,36996,41077
SOM47677,2025-01-15,2025,1,"Political violence",Battles,"Armed clash","Al Shabaab",,2,28,,706,"Eastern Africa",Somalia,"Lower Shabelle",Baraawe,,Embareeso,1.1808,44.0479,1,"Al Furqaan; Somali Memo; Undisclosed Source","Local partner-Other","On 15 January 2025, overnight, Al Shabaab carried out an attack against AUSSOM UPDF and engaged them in an armed clash at a base in Embareeso village (Baraawe, Lower Shabelle). The clash was initiated with RPGs. There were no casualties. Al Shabaab claimed responsibility.",0,"Foreign military engagement; Insurgency",1753970711,75,598,1847
SOM47677,2025-01-15,2025,1,"Political violence",Battles,"Armed clash","AUSSOM: Africa Union Support and Stabilisation Mission in Somalia (2025-) (Uganda)",,8,28,,706,"Eastern Africa",Somalia,"Lower Shabelle",Baraawe,,Embareeso,1.1808,44.0479,1,"Al Furqaan; Somali Memo; Undisclosed Source","Local partner-Other","On 15 January 2025, overnight, Al Shabaab carried out an attack against AUSSOM UPDF and engaged them in an armed clash at a base in Embareeso village (Baraawe, Lower Shabelle). The clash was initiated with RPGs. There were no casualties. Al Shabaab claimed responsibility.",0,"Foreign military engagement; Insurgency",1753970711,75,598,1847
SOM47694,2025-01-15,2025,1,"Political violence","Explosions/Remote violence","Remote explosive/landmine/IED","Al Shabaab",,2,28,,706,"Eastern Africa",Somalia,Bakool,Xudur,,Hudur,4.1237,43.8915,1,"Radio Kulmiye",National,"On 15 January 2025, an IED planted by Al Shabaab exploded, targeting AUSSOM ENDF troops on a foot patrol in the vicinity of Hudur town (Xudur, Bakool). At least two soldiers were injured.",0,"Foreign military engagement; Insurgency",1753970711,21830,31832,34396
SOM47694,2025-01-15,2025,1,"Political violence","Explosions/Remote violence","Remote explosive/landmine/IED","AUSSOM: Africa Union Support and Stabilisation Mission in Somalia (2025-) (Ethiopia)",,8,28,,706,"Eastern Africa",Somalia,Bakool,Xudur,,Hudur,4.1237,43.8915,1,"Radio Kulmiye",National,"On 15 January 2025, an IED planted by Al Shabaab exploded, targeting AUSSOM ENDF troops on a foot patrol in the vicinity of Hudur town (Xudur, Bakool). At least two soldiers were injured.",0,"Foreign military engagement; Insurgency",1753970711,21830,31832,34396
SOM47687,2025-01-15,2025,1,"Political violence","Explosions/Remote violence","Remote explosive/landmine/IED","Al Shabaab",,2,28,,706,"Eastern Africa",Somalia,Bay,Baydhaba,,Baidoa,3.1172,43.6469,1,"Somali Memo",National,"On 15 January 2025, an IED planted by Al Shabaab exploded, targeting AUSSOM ENDF troops on a foot patrol in Baidoa town (Baydhaba, Bay). Casualties unknown. Al Shabaab claimed responsibility.",0,"Foreign military engagement; Insurgency",1753970711,93741,229583,337158
SOM47687,2025-01-15,2025,1,"Political violence","Explosions/Remote violence","Remote explosive/landmine/IED","AUSSOM: Africa Union Support and Stabilisation Mission in Somalia (2025-) (Ethiopia)",,8,28,,706,"Eastern Africa",Somalia,Bay,Baydhaba,,Baidoa,3.1172,43.6469,1,"Somali Memo",National,"On 15 January 2025, an IED planted by Al Shabaab exploded, targeting AUSSOM ENDF troops on a foot patrol in Baidoa town (Baydhaba, Bay). Casualties unknown. Al Shabaab claimed responsibility.",0,"Foreign military engagement; Insurgency",1753970711,93741,229583,337158
SOM47759,2025-01-18,2025,1,"Political violence",Battles,"Armed clash","Al Shabaab",,2,28,,706,"Eastern Africa",Somalia,"Lower Shabelle",Marka,,Danow,1.7317,44.6253,1,"Al Furqaan; Calamada; Somali Memo; Undisclosed Source","Local partner-Other","On 18 January 2025, overnight, Al Shabaab attacked AUSSOM UPDF troops and engaged them in an armed clash at a base in Danow village (Marka, Lower Shabelle). The clash was initiated with the exchange of RPGs firing. There were no fatalities. Al Shabaab claimed responsibility.",0,"Foreign military engagement; Insurgency",1753970711,593,1766,5315
SOM47759,2025-01-18,2025,1,"Political violence",Battles,"Armed clash","AUSSOM: Africa Union Support and Stabilisation Mission in Somalia (2025-) (Uganda)",,8,28,,706,"Eastern Africa",Somalia,"Lower Shabelle",Marka,,Danow,1.7317,44.6253,1,"Al Furqaan; Calamada; Somali Memo; Undisclosed Source","Local partner-Other","On 18 January 2025, overnight, Al Shabaab attacked AUSSOM UPDF troops and engaged them in an armed clash at a base in Danow village (Marka, Lower Shabelle). The clash was initiated with the exchange of RPGs firing. There were no fatalities. Al Shabaab claimed responsibility.",0,"Foreign military engagement; Insurgency",1753970711,593,1766,5315
SOM47801,2025-01-22,2025,1,"Political violence",Battles,"Armed clash","Al Shabaab",,2,28,,706,"Eastern Africa",Somalia,"Lower Shabelle",Qoryooley,,Qoryooley,1.7878,44.5300,1,"Al Furqaan; Calamada; Somali Memo; Undisclosed Source","Local partner-Other","On 22 January 2025, overnight, Al Shabaab attacked AUSSOM UPDF troops and engaged them in an armed clash at a base in Qoryooley town (Qoryooley, Lower Shabelle). There were no casualties. Al Shabaab claimed responsibility.",0,"Foreign military engagement; Insurgency",1754354914,22512,31726,36654
SOM47801,2025-01-22,2025,1,"Political violence",Battles,"Armed clash","AUSSOM: Africa Union Support and Stabilisation Mission in Somalia (2025-) (Uganda)",,8,28,,706,"Eastern Africa",Somalia,"Lower Shabelle",Qoryooley,,Qoryooley,1.7878,44.5300,1,"Al Furqaan; Calamada; Somali Memo; Undisclosed Source","Local partner-Other","On 22 January 2025, overnight, Al Shabaab attacked AUSSOM UPDF troops and engaged them in an armed clash at a base in Qoryooley town (Qoryooley, Lower Shabelle). There were no casualties. Al Shabaab claimed responsibility.",0,"Foreign military engagement; Insurgency",1754354914,22512,31726,36654
SOM47804,2025-01-22,2025,1,"Political violence",Battles,"Armed clash","Al Shabaab",,2,28,,706,"Eastern Africa",Somalia,"Lower Shabelle",Marka,,"Bulo Mareer",1.6298,44.5196,1,"Al Furqaan; Calamada; Somali Memo; Undisclosed Source","Local partner-Other","On 22 January 2025, overnight, Al Shabaab attacked AUSSOM UPDF troops and engaged them in an armed clash at a base in Bulo Mareer town (Marka, Lower Shabelle). The clash was initiated with the exchanged of RPGs firing. There were no fatalities. Al Shabaab claimed responsibility.",0,"Foreign military engagement; Insurgency",1753970711,33187,49881,50792
SOM47804,2025-01-22,2025,1,"Political violence",Battles,"Armed clash","AUSSOM: Africa Union Support and Stabilisation Mission in Somalia (2025-) (Uganda)",,8,28,,706,"Eastern Africa",Somalia,"Lower Shabelle",Marka,,"Bulo Mareer",1.6298,44.5196,1,"Al Furqaan; Calamada; Somali Memo; Undisclosed Source","Local partner-Other","On 22 January 2025, overnight, Al Shabaab attacked AUSSOM UPDF troops and engaged them in an armed clash at a base in Bulo Mareer town (Marka, Lower Shabelle). The clash was initiated with the exchanged of RPGs firing. There were no fatalities. Al Shabaab claimed responsibility.",0,"Foreign military engagement; Insurgency",1753970711,33187,49881,50792
SOM47820,2025-01-22,2025,1,"Political violence","Explosions/Remote violence","Remote explosive/landmine/IED","Al Shabaab",,2,28,,706,"Eastern Africa",Somalia,Bay,Baydhaba,,Baidoa,3.1172,43.6469,1,"Somali Memo",National,"On 22 January 2025, an IED planted by Al Shabaab detonated, targeting AUSSOM ENDF troops on patrol in the airport area in Baidoa town (Baydhaba, Bay). Al Shabaab claimed to have killed at least 2 soldiers and injured 3 others.",2,"Foreign military engagement; Insurgency",1753970711,93741,229583,337158
SOM47820,2025-01-22,2025,1,"Political violence","Explosions/Remote violence","Remote explosive/landmine/IED","AUSSOM: Africa Union Support and Stabilisation Mission in Somalia (2025-) (Ethiopia)",,8,28,,706,"Eastern Africa",Somalia,Bay,Baydhaba,,Baidoa,3.1172,43.6469,1,"Somali Memo",National,"On 22 January 2025, an IED planted by Al Shabaab detonated, targeting AUSSOM ENDF troops on patrol in the airport area in Baidoa town (Baydhaba, Bay). Al Shabaab claimed to have killed at least 2 soldiers and injured 3 others.",2,"Foreign military engagement; Insurgency",1753970711,93741,229583,337158
SOM47832,2025-01-24,2025,1,"Political violence",Battles,"Armed clash","Al Shabaab",,2,28,,706,"Eastern Africa",Somalia,"Lower Shabelle",Marka,,Janaale,1.8000,44.7000,1,Calamada,Subnational,"On 24 January 2025, Al Shabaab attacked AUSSOM UPDF troops and engaged them in an armed clash at a base in Janaale town (Marka, Lower Shabelle). The clash was initiated with the exchanged of RPGs firing. There were no fatalities. Al Shabaab claimed responsibility.",0,"Foreign military engagement; Insurgency",1753970711,10491,19470,19470
SOM47832,2025-01-24,2025,1,"Political violence",Battles,"Armed clash","AUSSOM: Africa Union Support and Stabilisation Mission in Somalia (2025-) (Uganda)",,8,28,,706,"Eastern Africa",Somalia,"Lower Shabelle",Marka,,Janaale,1.8000,44.7000,1,Calamada,Subnational,"On 24 January 2025, Al Shabaab attacked AUSSOM UPDF troops and engaged them in an armed clash at a base in Janaale town (Marka, Lower Shabelle). The clash was initiated with the exchanged of RPGs firing. There were no fatalities. Al Shabaab claimed responsibility.",0,"Foreign military engagement; Insurgency",1753970711,10491,19470,19470
SOM47833,2025-01-24,2025,1,"Political violence",Battles,"Armed clash","Al Shabaab",,2,28,,706,"Eastern Africa",Somalia,"Lower Shabelle",Baraawe,,Embareeso,1.1808,44.0479,1,Calamada,Subnational,"On 24 January 2025, Al Shabaab attacked AUSSOM UPDF troops and engaged them in an armed clash at a base in Embareeso village (Baraawe, Lower Shabelle). The clash was initiated with the exchanged of RPGs firing. There were no fatalities. Al Shabaab claimed responsibility.",0,"Foreign military engagement; Insurgency",1753970711,75,598,1847
SOM47833,2025-01-24,2025,1,"Political violence",Battles,"Armed clash","AUSSOM: Africa Union Support and Stabilisation Mission in Somalia (2025-) (Uganda)",,8,28,,706,"Eastern Africa",Somalia,"Lower Shabelle",Baraawe,,Embareeso,1.1808,44.0479,1,Calamada,Subnational,"On 24 January 2025, Al Shabaab attacked AUSSOM UPDF troops and engaged them in an armed clash at a base in Embareeso village (Baraawe, Lower Shabelle). The clash was initiated with the exchanged of RPGs firing. There were no fatalities. Al Shabaab claimed responsibility.",0,"Foreign military engagement; Insurgency",1753970711,75,598,1847
MLI33723,2025-01-24,2025,1,"Political violence","Explosions/Remote violence","Remote explosive/landmine/IED","JNIM: Group for Support of Islam and Muslims",,2,28,,466,"Western Africa",Mali,Mopti,Mopti,Konna,Konna,14.9441,-3.8904,1,"Al Zallaqa; Mali Jet; Telegram; Undisclosed Source","Local partner-Other","On 24 January 2025, a Gendarmerie patrol struck an IED in the town of Konna (Mopti, Mopti). Four gendarmes were killed, including the commander of the Konna gendarmerie brigade and his second-in-command. JNIM claimed the responsibility and confirmed that four gendarmes were killed, including the commander and his second-in-command. Following the incident, Malian forces carried out sweeping operations in the town, killing at least 16 civilians, mainly merchants from the Fulani and Songhoy communities (coded separately).",4,"Foreign military engagement; Insurgency",1776726865,17255,21286,22250
MLI33723,2025-01-24,2025,1,"Political violence","Explosions/Remote violence","Remote explosive/landmine/IED","Military Forces of Burkina Faso (2022-) Gendarmerie",,8,28,,466,"Western Africa",Mali,Mopti,Mopti,Konna,Konna,14.9441,-3.8904,1,"Al Zallaqa; Mali Jet; Telegram; Undisclosed Source","Local partner-Other","On 24 January 2025, a Gendarmerie patrol struck an IED in the town of Konna (Mopti, Mopti). Four gendarmes were killed, including the commander of the Konna gendarmerie brigade and his second-in-command. JNIM claimed the responsibility and confirmed that four gendarmes were killed, including the commander and his second-in-command. Following the incident, Malian forces carried out sweeping operations in the town, killing at least 16 civilians, mainly merchants from the Fulani and Songhoy communities (coded separately).",4,"Foreign military engagement; Insurgency",1776726865,17255,21286,22250
SOM47857,2025-01-25,2025,1,"Political violence","Explosions/Remote violence","Air/drone strike","Unidentified Military Forces","Military Forces of Somalia (2022-)",8,28,,706,"Eastern Africa",Somalia,Galgaduud,"Ceel Dheer",,Masagawaay,3.7048,47.0161,2,"Radio Kulmiye",National,"On 25 January 2025, international forces (described as international friends, coded as Unidentified Military Forces), in coordination with government security forces (SNA) conducted an airstrike targeting Al Shabaab near Masagawaay village (Ceel Dheer, Galgaduud). An unknown number of militants were killed and wounded. Unspecified number of fatalities coded as 3.",3,"Foreign military engagement; Insurgency",1753970711,3742,4873,4885
SOM47857,2025-01-25,2025,1,"Political violence","Explosions/Remote violence","Air/drone strike","Al Shabaab",,2,28,,706,"Eastern Africa",Somalia,Galgaduud,"Ceel Dheer",,Masagawaay,3.7048,47.0161,2,"Radio Kulmiye",National,"On 25 January 2025, international forces (described as international friends, coded as Unidentified Military Forces), in coordination with government security forces (SNA) conducted an airstrike targeting Al Shabaab near Masagawaay village (Ceel Dheer, Galgaduud). An unknown number of militants were killed and wounded. Unspecified number of fatalities coded as 3.",3,"Foreign military engagement; Insurgency",1753970711,3742,4873,4885
SOM47864,2025-01-25,2025,1,"Political violence",Battles,"Armed clash","Al Shabaab",,2,28,,706,"Eastern Africa",Somalia,"Lower Shabelle",Marka,,Janaale,1.8000,44.7000,1,"Radio Kulmiye",National,"On 25 January 2025, Al Shabaab attacked AUSSOM UPDF troops and engaged them in an armed clash at a base in Janaale town (Marka, Lower Shabelle). There were no fatalities.",0,"Foreign military engagement; Insurgency",1753970711,10491,19470,19470
SOM47864,2025-01-25,2025,1,"Political violence",Battles,"Armed clash","AUSSOM: Africa Union Support and Stabilisation Mission in Somalia (2025-) (Uganda)",,8,28,,706,"Eastern Africa",Somalia,"Lower Shabelle",Marka,,Janaale,1.8000,44.7000,1,"Radio Kulmiye",National,"On 25 January 2025, Al Shabaab attacked AUSSOM UPDF troops and engaged them in an armed clash at a base in Janaale town (Marka, Lower Shabelle). There were no fatalities.",0,"Foreign military engagement; Insurgency",1753970711,10491,19470,19470
RWA873,2025-01-26,2025,1,"Political violence","Explosions/Remote violence","Shelling/artillery/missile attack","Military Forces of the Democratic Republic of Congo (2019-)",,8,78,"Civilian targeting",646,"Eastern Africa",Rwanda,West,Rubavu,Cyanzarwe,Cyanzarwe,-1.6442,29.3268,1,"Imvaho Nshya; Umuseke",National,"On 26 January 2025, following intense combat between M23 and FARDC in Goma, a FARDC's shell fell into a civilian house in Cyanzarwe (Rubavu, West). The house was damaged but there were no casualties.",0,"Foreign military engagement",1753956296,4727,19821,53856
RWA873,2025-01-26,2025,1,"Political violence","Explosions/Remote violence","Shelling/artillery/missile attack","Civilians (Rwanda)",,7,78,"Civilian targeting",646,"Eastern Africa",Rwanda,West,Rubavu,Cyanzarwe,Cyanzarwe,-1.6442,29.3268,1,"Imvaho Nshya; Umuseke",National,"On 26 January 2025, following intense combat between M23 and FARDC in Goma, a FARDC's shell fell into a civilian house in Cyanzarwe (Rubavu, West). The house was damaged but there were no casualties.",0,"Foreign military engagement",1753956296,4727,19821,53856
RWA877,2025-01-26,2025,1,"Strategic developments","Strategic developments",Other,"Military Forces of the Democratic Republic of Congo (2019-)",,8,80,,646,"Eastern Africa",Rwanda,West,Rubavu,Busasamana,Busasamana,-1.6045,29.3528,1,"Imvaho Nshya; Umuseke",National,"Other: On 26 January 2025, following intense combat between M23 and FARDC in Goma, a FARDC's shell fell into a plantation and didn't explode in Busasamana (Rubavu, West). No casualties.",0,"Foreign military engagement",1753956296,7061,17759,55010
RWA880,2025-01-26,2025,1,"Strategic developments","Strategic developments",Agreement,"Military Forces of the Democratic Republic of Congo (2019-)","Police Forces of the Democratic Republic of Congo (2019-)",8,18,,646,"Eastern Africa",Rwanda,West,Rubavu,Rugerero,Rubavu,-1.6894,29.3025,2,VOA,International,"On 26 January 2025, 26 FARDC soldiers and 1 police officer had crossed the border into Rwanda and surrendered with their weapons to RDF, coded to the closest town Rubavu (Rubavu, West).",0,"Foreign military engagement",1753956296,11488,38746,107084
RWA880,2025-01-26,2025,1,"Strategic developments","Strategic developments",Agreement,"Military Forces of Rwanda (1994-)",,1,18,,646,"Eastern Africa",Rwanda,West,Rubavu,Rugerero,Rubavu,-1.6894,29.3025,2,VOA,International,"On 26 January 2025, 26 FARDC soldiers and 1 police officer had crossed the border into Rwanda and surrendered with their weapons to RDF, coded to the closest town Rubavu (Rubavu, West).",0,"Foreign military engagement",1753956296,11488,38746,107084
RWA876,2025-01-26,2025,1,"Political violence","Violence against civilians",Attack,"Military Forces of the Democratic Republic of Congo (2019-)",,8,78,"Civilian targeting",646,"Eastern Africa",Rwanda,West,Rubavu,Rubavu,Murambi,-1.6495,29.2652,1,Umuseke,National,"On 26 January 2025, following intense combat between M23 and FARDC in Goma, FARDC crossed into Rwanda and shot dead one civilian in Murambi (Rubavu, West). The victim was killed when a group of civilians tried to arrest the soldiers after seeing them on the Rwandan side.",1,"Foreign military engagement",1753956296,9741,23312,23312
RWA876,2025-01-26,2025,1,"Political violence","Violence against civilians",Attack,"Civilians (Rwanda)",,7,78,"Civilian targeting",646,"Eastern Africa",Rwanda,West,Rubavu,Rubavu,Murambi,-1.6495,29.2652,1,Umuseke,National,"On 26 January 2025, following intense combat between M23 and FARDC in Goma, FARDC crossed into Rwanda and shot dead one civilian in Murambi (Rubavu, West). The victim was killed when a group of civilians tried to arrest the soldiers after seeing them on the Rwandan side.",1,"Foreign military engagement",1753956296,9741,23312,23312
SOM47878,2025-01-27,2025,1,"Political violence","Explosions/Remote violence","Air/drone strike","Unidentified Military Forces",,8,78,"Civilian targeting",706,"Eastern Africa",Somalia,Bari,Qandala,,Qandala,11.4710,49.8726,2,"Caasimada; Garowe Online; Goobjoob; Puntland Post; Radio Kulmiye; Shabelle Media Network; Undisclosed Source","Local partner-Other","On 27 January 2025, overnight, unidentified military forces conducted three airstrikes against two pastoralist families in between Daanyo and Daahne, in Sixna village near Qandala town (Qandala, Bari). 4 civilians were killed and injured 11. The motive is unknown/not reported.",4,"Foreign military engagement",1754411191,10323,11128,11683
SOM47878,2025-01-27,2025,1,"Political violence","Explosions/Remote violence","Air/drone strike","Civilians (Somalia)","Pastoralists (Somalia)",7,78,"Civilian targeting",706,"Eastern Africa",Somalia,Bari,Qandala,,Qandala,11.4710,49.8726,2,"Caasimada; Garowe Online; Goobjoob; Puntland Post; Radio Kulmiye; Shabelle Media Network; Undisclosed Source","Local partner-Other","On 27 January 2025, overnight, unidentified military forces conducted three airstrikes against two pastoralist families in between Daanyo and Daahne, in Sixna village near Qandala town (Qandala, Bari). 4 civilians were killed and injured 11. The motive is unknown/not reported.",4,"Foreign military engagement",1754411191,10323,11128,11683
RWA874,2025-01-27,2025,1,"Political violence","Explosions/Remote violence","Shelling/artillery/missile attack","Military Forces of the Democratic Republic of Congo (2019-)",,8,78,"Civilian targeting",646,"Eastern Africa",Rwanda,West,Rubavu,Rugerero,Rubavu,-1.6894,29.3025,2,"Igihe; Imvaho Nshya; New Times (Rwanda); Rwanda Broadcasting Agency",National,"On 27 January 2025, FARDC shelled different locations of Rubavu district, coded to the closest town of Rubavu (Rubavu, West), killing 13 civilians and injuring 35 (some in critical conditions) according to RDF. Schools, banks, and other businesses closed while several civilians fled to Musanze, Rutsiro, and other localities.",13,"Atrocity; Foreign military engagement",1769474342,11488,38746,107084
RWA874,2025-01-27,2025,1,"Political violence","Explosions/Remote violence","Shelling/artillery/missile attack","Civilians (Rwanda)",,7,78,"Civilian targeting",646,"Eastern Africa",Rwanda,West,Rubavu,Rugerero,Rubavu,-1.6894,29.3025,2,"Igihe; Imvaho Nshya; New Times (Rwanda); Rwanda Broadcasting Agency",National,"On 27 January 2025, FARDC shelled different locations of Rubavu district, coded to the closest town of Rubavu (Rubavu, West), killing 13 civilians and injuring 35 (some in critical conditions) according to RDF. Schools, banks, and other businesses closed while several civilians fled to Musanze, Rutsiro, and other localities.",13,"Atrocity; Foreign military engagement",1769474342,11488,38746,107084
RWA872,2025-01-27,2025,1,"Strategic developments","Strategic developments",Agreement,"Military Forces of the Democratic Republic of Congo (2019-)","Alliance of Resistants and Patriots (ARP) Wazalendo",8,18,,646,"Eastern Africa",Rwanda,West,Rubavu,Rugerero,Rubavu,-1.6894,29.3025,2,"Imvaho Nshya; Umuseke",National,"On 27 January 2025, at least 120 FARDC soldiers crossed from different locations of the Rubavu border into Rwanda and surrendered with their weapons to RDF, coded to the closest town Rubavu (Rubavu, West). Some were in FARDC military attires while others were wearing civilians' clothes, with the Rwandan authorities stating that they were likely EPLC militia members.",0,"Foreign military engagement",1770078493,11488,38746,107084
RWA872,2025-01-27,2025,1,"Strategic developments","Strategic developments",Agreement,"Military Forces of Rwanda (1994-)",,1,18,,646,"Eastern Africa",Rwanda,West,Rubavu,Rugerero,Rubavu,-1.6894,29.3025,2,"Imvaho Nshya; Umuseke",National,"On 27 January 2025, at least 120 FARDC soldiers crossed from different locations of the Rubavu border into Rwanda and surrendered with their weapons to RDF, coded to the closest town Rubavu (Rubavu, West). Some were in FARDC military attires while others were wearing civilians' clothes, with the Rwandan authorities stating that they were likely EPLC militia members.",0,"Foreign military engagement",1770078493,11488,38746,107084
MLI33759,2025-01-28,2025,1,"Political violence","Explosions/Remote violence","Air/drone strike","Military Forces of Niger (2023-)",,8,28,,466,"Western Africa",Mali,Menaka,Inekar,Inekar,Inekar,15.9480,3.1557,2,"Facebook; Twitter","New media","On 28 January 2025, the Nigerien air force carried out airstrikes against ISSP militants during a meeting in the village of Ghazaraghan, in the area of Inekar (Inekar, Menaka). FAMa stated that about 30 militants were killed including ISSP leaders, and a significant logistics destroyed including vehicles and motorcycles.",30,"Foreign military engagement; Insurgency; Terrorist activity",1770671150,1640,2083,2235
MLI33759,2025-01-28,2025,1,"Political violence","Explosions/Remote violence","Air/drone strike","Islamic State Sahel Province (ISSP)",,2,28,,466,"Western Africa",Mali,Menaka,Inekar,Inekar,Inekar,15.9480,3.1557,2,"Facebook; Twitter","New media","On 28 January 2025, the Nigerien air force carried out airstrikes against ISSP militants during a meeting in the village of Ghazaraghan, in the area of Inekar (Inekar, Menaka). FAMa stated that about 30 militants were killed including ISSP leaders, and a significant logistics destroyed including vehicles and motorcycles.",30,"Foreign military engagement; Insurgency; Terrorist activity",1770671150,1640,2083,2235
BUR11950,2025-01-28,2025,1,"Strategic developments","Strategic developments","Looting/property destruction","Military Forces of Tanzania (1964-)",,8,78,,108,"Eastern Africa",Burundi,Muyinga,Giteranyi,,Kabogo,-2.5653,30.4612,1,"Ligue Iteka; SOS Medias","New media-National","Property destruction: On 28 January 2025, the military forces of Tanzania destroyed the natural bridges that link Burundi to Tanzania at Kabogo (Giteranyi, Muyinga). It is suspected that the destruction of bridges by Tanzanian forces was in retaliation for unpaid fuel debts.",0,"Foreign military engagement",1753954337,6132,15408,32257
BUR11950,2025-01-28,2025,1,"Strategic developments","Strategic developments","Looting/property destruction","Civilians (Burundi)",,7,78,,108,"Eastern Africa",Burundi,Muyinga,Giteranyi,,Kabogo,-2.5653,30.4612,1,"Ligue Iteka; SOS Medias","New media-National","Property destruction: On 28 January 2025, the military forces of Tanzania destroyed the natural bridges that link Burundi to Tanzania at Kabogo (Giteranyi, Muyinga). It is suspected that the destruction of bridges by Tanzanian forces was in retaliation for unpaid fuel debts.",0,"Foreign military engagement",1753954337,6132,15408,32257
BUR11952,2025-01-28,2025,1,"Strategic developments","Strategic developments","Looting/property destruction","Military Forces of Tanzania (1964-)",,8,78,,108,"Eastern Africa",Burundi,Muyinga,Giteranyi,,Shoza,-2.5522,30.4752,1,"Ligue Iteka; SOS Medias","New media-National","Property destruction: On 28 January 2025, the military forces of Tanzania destroyed the natural bridges that link Burundi to Tanzania at Shoza (Giteranyi, Muyinga). It is suspected that the destruction of bridges by Tanzanian forces was in retaliation for unpaid fuel debts.",0,"Foreign military engagement",1753954337,3282,6117,12086
BUR11952,2025-01-28,2025,1,"Strategic developments","Strategic developments","Looting/property destruction","Civilians (Burundi)",,7,78,,108,"Eastern Africa",Burundi,Muyinga,Giteranyi,,Shoza,-2.5522,30.4752,1,"Ligue Iteka; SOS Medias","New media-National","Property destruction: On 28 January 2025, the military forces of Tanzania destroyed the natural bridges that link Burundi to Tanzania at Shoza (Giteranyi, Muyinga). It is suspected that the destruction of bridges by Tanzanian forces was in retaliation for unpaid fuel debts.",0,"Foreign military engagement",1753954337,3282,6117,12086
BUR11956,2025-01-28,2025,1,"Strategic developments","Strategic developments","Looting/property destruction","Military Forces of Tanzania (1964-)",,8,78,,108,"Eastern Africa",Burundi,Muyinga,Giteranyi,Mukoni,Mukoni,-2.6143,30.4394,1,"Ligue Iteka; SOS Medias","New media-National","Property destruction: On 28 January 2025, the military forces of Tanzania destroyed the natural bridges that link Burundi to Tanzania at Mukoni (Giteranyi, Muyinga). It is suspected that the destruction of bridges by Tanzanian forces was in retaliation for unpaid fuel debts.",0,"Foreign military engagement",1753954337,2139,8487,54650
BUR11956,2025-01-28,2025,1,"Strategic developments","Strategic developments","Looting/property destruction","Civilians (Burundi)",,7,78,,108,"Eastern Africa",Burundi,Muyinga,Giteranyi,Mukoni,Mukoni,-2.6143,30.4394,1,"Ligue Iteka; SOS Medias","New media-National","Property destruction: On 28 January 2025, the military forces of Tanzania destroyed the natural bridges that link Burundi to Tanzania at Mukoni (Giteranyi, Muyinga). It is suspected that the destruction of bridges by Tanzanian forces was in retaliation for unpaid fuel debts.",0,"Foreign military engagement",1753954337,2139,8487,54650
RWA881,2025-01-28,2025,1,"Political violence",Battles,"Armed clash","Military Forces of the Democratic Republic of Congo (2019-)","Alliance of Resistants and Patriots (ARP) Wazalendo",8,18,,646,"Eastern Africa",Rwanda,West,Rubavu,Gisenyi,Gisenyi,-1.7008,29.2633,2,"Daily Monitor (Uganda); Twitter","New media-Regional","On 28 January 2025, combined FARDC and EPLC forces exchanged fire, including artillery, with RDF in the vicinity of Gisenyi (Rubavu, West). Casualties unknown.",0,"Foreign military engagement",1770078493,10129,39014,76811
RWA881,2025-01-28,2025,1,"Political violence",Battles,"Armed clash","Military Forces of Rwanda (1994-)",,1,18,,646,"Eastern Africa",Rwanda,West,Rubavu,Gisenyi,Gisenyi,-1.7008,29.2633,2,"Daily Monitor (Uganda); Twitter","New media-Regional","On 28 January 2025, combined FARDC and EPLC forces exchanged fire, including artillery, with RDF in the vicinity of Gisenyi (Rubavu, West). Casualties unknown.",0,"Foreign military engagement",1770078493,10129,39014,76811
SOM48797,2025-01-28,2025,1,"Political violence","Explosions/Remote violence","Air/drone strike","Unidentified Military Forces",,8,28,,706,"Eastern Africa",Somalia,"Lower Juba",Jamaame,,Kamsuuma,0.2494,42.7751,2,"Undisclosed Source","Local partner-Other","On 28 January 2025, unidentified military forces conducted a series of airstrikes targeting Al Shabaab base in Burgan village near Kamsuuma village (Jamaame, Lower Juba). There were no casualties.",0,"Foreign military engagement; Insurgency",1753970711,28410,42004,71126
SOM48797,2025-01-28,2025,1,"Political violence","Explosions/Remote violence","Air/drone strike","Al Shabaab",,2,28,,706,"Eastern Africa",Somalia,"Lower Juba",Jamaame,,Kamsuuma,0.2494,42.7751,2,"Undisclosed Source","Local partner-Other","On 28 January 2025, unidentified military forces conducted a series of airstrikes targeting Al Shabaab base in Burgan village near Kamsuuma village (Jamaame, Lower Juba). There were no casualties.",0,"Foreign military engagement; Insurgency",1753970711,28410,42004,71126
SOM47903,2025-01-30,2025,1,"Political violence",Battles,"Armed clash","Al Shabaab",,2,28,,706,"Eastern Africa",Somalia,Bay,Diinsoor,,Diinsoor,2.4074,42.9766,1,"Al Furqaan",National,"On 30 January 2025, overnight, Al Shabaab attacked AUSSOM ENDF troops and engaged them in an armed clash at a base in Diinsoor town (Diinsoor, Bay). There were no fatalities. Al Shabaab claimed responsibility.",0,"Foreign military engagement; Insurgency",1753970711,36086,49623,51308
SOM47903,2025-01-30,2025,1,"Political violence",Battles,"Armed clash","AUSSOM: Africa Union Support and Stabilisation Mission in Somalia (2025-) (Ethiopia)",,8,28,,706,"Eastern Africa",Somalia,Bay,Diinsoor,,Diinsoor,2.4074,42.9766,1,"Al Furqaan",National,"On 30 January 2025, overnight, Al Shabaab attacked AUSSOM ENDF troops and engaged them in an armed clash at a base in Diinsoor town (Diinsoor, Bay). There were no fatalities. Al Shabaab claimed responsibility.",0,"Foreign military engagement; Insurgency",1753970711,36086,49623,51308
SOM47906,2025-01-30,2025,1,"Political violence","Explosions/Remote violence","Remote explosive/landmine/IED","Al Shabaab",,2,28,,706,"Eastern Africa",Somalia,"Lower Juba",Badhaadhe,,Kwamola,-1.5183,41.5795,2,"Al Furqaan",National,"On 30 January 2025, an IED planted by Al Shabaab exploded, targeting a convoy of AUSSOM KDF troops near Kwamola village (Badhaadhe, Lower Juba). The military convoy was heading towards Kiyunga. Al Shabaab claimed to have killed an unknown number of soldiers. Unspecified number of fatalities coded as 3.",3,"Foreign military engagement; Insurgency",1753970711,0,0,0
SOM47906,2025-01-30,2025,1,"Political violence","Explosions/Remote violence","Remote explosive/landmine/IED","AUSSOM: Africa Union Support and Stabilisation Mission in Somalia (2025-) (Kenya)",,8,28,,706,"Eastern Africa",Somalia,"Lower Juba",Badhaadhe,,Kwamola,-1.5183,41.5795,2,"Al Furqaan",National,"On 30 January 2025, an IED planted by Al Shabaab exploded, targeting a convoy of AUSSOM KDF troops near Kwamola village (Badhaadhe, Lower Juba). The military convoy was heading towards Kiyunga. Al Shabaab claimed to have killed an unknown number of soldiers. Unspecified number of fatalities coded as 3.",3,"Foreign military engagement; Insurgency",1753970711,0,0,0
ETH14676,2025-01-30,2025,1,"Political violence","Explosions/Remote violence","Air/drone strike","Military Forces of Djibouti (1999-)",,8,78,"Civilian targeting",231,"Eastern Africa",Ethiopia,Afar,"Awsi-Zone 1",Elidar,Siyaru,11.9013,41.9832,1,"Addis Standard; BBC News; Deutsche Welle; Oromiya Media Network; Reporter (Ethiopia); The Continent; TIKVAH Ethiopia; VOA; Wazema Radio","Other-New media","On 30 January 2025, overnight, the Djiboutian Military Force conducted multiple drone strikes in Siyaru (Elidar, Awsi-Zone 1, Afar), and for two days (30 - 31 January 2025). The Djibouti government claimed that the strike was carried out inside Djibouti territory, targeting the Front for the Restoration of Unity and Democracy (FRUD), an armed opposition. 3 civilians were killed, and 6 others were injured and admitted to Dubti Hospital. The victims include a pregnant woman and children. The Ethiopian government condemned the attack.",3,"Foreign military engagement",1782854966,2,39,252
ETH14676,2025-01-30,2025,1,"Political violence","Explosions/Remote violence","Air/drone strike","Civilians (Ethiopia)","Afar Ethnic Group (Djibouti); FRUD: Front for the Restoration of Unity and Democracy",7,78,"Civilian targeting",231,"Eastern Africa",Ethiopia,Afar,"Awsi-Zone 1",Elidar,Siyaru,11.9013,41.9832,1,"Addis Standard; BBC News; Deutsche Welle; Oromiya Media Network; Reporter (Ethiopia); The Continent; TIKVAH Ethiopia; VOA; Wazema Radio","Other-New media","On 30 January 2025, overnight, the Djiboutian Military Force conducted multiple drone strikes in Siyaru (Elidar, Awsi-Zone 1, Afar), and for two days (30 - 31 January 2025). The Djibouti government claimed that the strike was carried out inside Djibouti territory, targeting the Front for the Restoration of Unity and Democracy (FRUD), an armed opposition. 3 civilians were killed, and 6 others were injured and admitted to Dubti Hospital. The victims include a pregnant woman and children. The Ethiopian government condemned the attack.",3,"Foreign military engagement",1782854966,2,39,252
NIG53341,2025-01-30,2025,1,"Political violence",Battles,"Armed clash","Military Forces of Cameroon (1982-)",,8,28,,566,"Western Africa",Nigeria,Taraba,Ussa,,Kpakya,7.0590,9.8799,1,"Local Network",Other,"On 30 January 2025, Cameroonian military forces attacked a camp of an unidentified Ambazonian militia in Kpakya (Ussa, Taraba). Casualties unknown. No further details available.",0,"Foreign military engagement; Insurgency",1785800597,,,
NIG53341,2025-01-30,2025,1,"Political violence",Battles,"Armed clash","Ambazonian Separatists (Cameroon)",,2,28,,566,"Western Africa",Nigeria,Taraba,Ussa,,Kpakya,7.0590,9.8799,1,"Local Network",Other,"On 30 January 2025, Cameroonian military forces attacked a camp of an unidentified Ambazonian militia in Kpakya (Ussa, Taraba). Casualties unknown. No further details available.",0,"Foreign military engagement; Insurgency",1785800597,,,
SOM48820,2025-01-31,2025,1,"Political violence",Battles,"Armed clash","Al Shabaab",,2,28,,706,"Eastern Africa",Somalia,Bay,Diinsoor,,Diinsoor,2.4074,42.9766,1,"Radio Kulmiye; Undisclosed Source","Local partner-Other","On 31 January 2025, overnight, Al Shabaab attacked AUSSOM ENDF troops and engaged them in an armed clash at a base in Diinsoor town (Diinsoor, Bay). There were no casualties.",0,"Foreign military engagement; Insurgency",1753970711,36086,49623,51308
SOM48820,2025-01-31,2025,1,"Political violence",Battles,"Armed clash","AUSSOM: Africa Union Support and Stabilisation Mission in Somalia (2025-) (Ethiopia)",,8,28,,706,"Eastern Africa",Somalia,Bay,Diinsoor,,Diinsoor,2.4074,42.9766,1,"Radio Kulmiye; Undisclosed Source","Local partner-Other","On 31 January 2025, overnight, Al Shabaab attacked AUSSOM ENDF troops and engaged them in an armed clash at a base in Diinsoor town (Diinsoor, Bay). There were no casualties.",0,"Foreign military engagement; Insurgency",1753970711,36086,49623,51308
SOM48884,2025-01-31,2025,1,"Political violence",Battles,"Armed clash","Al Shabaab",,2,28,,706,"Eastern Africa",Somalia,Bakool,Waajid,,Waajid,3.8096,43.2463,1,"Calamada; Somali Memo; Undisclosed Source","Local partner-Other","On 31 January 2025, overnight, Al Shabaab attacked AUSSOM ENDF troops and engaged them in an armed clash at the airstrip base in Waajid town (Waajid, Bakool). There were no casualties and Al Shabaab claimed responsibility.",0,"Foreign military engagement; Insurgency",1753970711,49655,75459,75942
SOM48884,2025-01-31,2025,1,"Political violence",Battles,"Armed clash","AUSSOM: Africa Union Support and Stabilisation Mission in Somalia (2025-) (Ethiopia)",,8,28,,706,"Eastern Africa",Somalia,Bakool,Waajid,,Waajid,3.8096,43.2463,1,"Calamada; Somali Memo; Undisclosed Source","Local partner-Other","On 31 January 2025, overnight, Al Shabaab attacked AUSSOM ENDF troops and engaged them in an armed clash at the airstrip base in Waajid town (Waajid, Bakool). There were no casualties and Al Shabaab claimed responsibility.",0,"Foreign military engagement; Insurgency",1753970711,49655,75459,75942
ETH14730,2025-01-31,2025,1,"Political violence","Explosions/Remote violence","Air/drone strike","Military Forces of Djibouti (1999-)",,8,28,,231,"Eastern Africa",Ethiopia,Afar,"Awsi-Zone 1",Elidar,Siyaru,11.9013,41.9832,1,"Addis Standard; BBC News; Deutsche Welle; Oromiya Media Network; Reporter (Ethiopia); TIKVAH Ethiopia; VOA; Wazema Radio","Other-New media","On 31 January 2025, for a second day, the Djiboutian military conducted drone strikes in Siyaru, Elidar (Awsi-Zone 1, Afar). The Djibouti government claimed that the strike was carried out inside Djibouti territory targeting the Front for the Restoration of Unity and Democracy (FRUD), an armed opposition. 5 civilians were killed, and 6 others were injured and admitted to Dubti Hospital. The victims include a pregnant woman and children. The attack was carried out while the victims were attending a burial ceremony of the 3 victims who were killed on 30 January 2025 (coded separately).",5,"Foreign military engagement; Insurgency",1782854966,2,39,252
ETH14730,2025-01-31,2025,1,"Political violence","Explosions/Remote violence","Air/drone strike","FRUD: Front for the Restoration of Unity and Democracy","Afar Ethnic Group (Djibouti); Civilians (Ethiopia)",2,28,,231,"Eastern Africa",Ethiopia,Afar,"Awsi-Zone 1",Elidar,Siyaru,11.9013,41.9832,1,"Addis Standard; BBC News; Deutsche Welle; Oromiya Media Network; Reporter (Ethiopia); TIKVAH Ethiopia; VOA; Wazema Radio","Other-New media","On 31 January 2025, for a second day, the Djiboutian military conducted drone strikes in Siyaru, Elidar (Awsi-Zone 1, Afar). The Djibouti government claimed that the strike was carried out inside Djibouti territory targeting the Front for the Restoration of Unity and Democracy (FRUD), an armed opposition. 5 civilians were killed, and 6 others were injured and admitted to Dubti Hospital. The victims include a pregnant woman and children. The attack was carried out while the victims were attending a burial ceremony of the 3 victims who were killed on 30 January 2025 (coded separately).",5,"Foreign military engagement; Insurgency",1782854966,2,39,252
SOM48804,2025-02-01,2025,1,"Political violence","Explosions/Remote violence","Air/drone strike","Unidentified Military Forces","Military Forces of Somalia (2022-)",8,28,,706,"Eastern Africa",Somalia,Galgaduud,"Ceel Dheer",,"Hilowle Gaab",3.6510,46.8590,1,Caasimada,National,"On 1 February 2025, international forces (described as international friends, coded as Unidentified Military Forces), in coordination with government security forces (SNA) conducted an airstrike targeting Al Shabaab hideout in Hilowle Gaab village (Ceel Dheer, Galgaduud). Casualties unknown.",0,"Foreign military engagement; Insurgency",1753970711,1985,2167,3558
SOM48804,2025-02-01,2025,1,"Political violence","Explosions/Remote violence","Air/drone strike","Al Shabaab",,2,28,,706,"Eastern Africa",Somalia,Galgaduud,"Ceel Dheer",,"Hilowle Gaab",3.6510,46.8590,1,Caasimada,National,"On 1 February 2025, international forces (described as international friends, coded as Unidentified Military Forces), in coordination with government security forces (SNA) conducted an airstrike targeting Al Shabaab hideout in Hilowle Gaab village (Ceel Dheer, Galgaduud). Casualties unknown.",0,"Foreign military engagement; Insurgency",1753970711,1985,2167,3558
SOM48805,2025-02-01,2025,1,"Political violence","Explosions/Remote violence","Air/drone strike","Unidentified Military Forces","Military Forces of Somalia (2022-)",8,28,,706,"Eastern Africa",Somalia,"Middle Shabelle","Adan Yabaal",,"Daaru Nicma",3.5859,46.4428,2,"Caasimada; Radio Kulmiye",National,"On 1 February 2025, international forces (described as international friends, coded as Unidentified Military Forces), in coordination with government security forces (SNA) conducted an airstrike targeting Al Shabaab hideouts in between Run-nirgod and Daaru Nicma village (Adan Yabaal, Middle Shabelle). Casualties unknown.",0,"Foreign military engagement; Insurgency",1753970711,76,215,1262
SOM48805,2025-02-01,2025,1,"Political violence","Explosions/Remote violence","Air/drone strike","Al Shabaab",,2,28,,706,"Eastern Africa",Somalia,"Middle Shabelle","Adan Yabaal",,"Daaru Nicma",3.5859,46.4428,2,"Caasimada; Radio Kulmiye",National,"On 1 February 2025, international forces (described as international friends, coded as Unidentified Military Forces), in coordination with government security forces (SNA) conducted an airstrike targeting Al Shabaab hideouts in between Run-nirgod and Daaru Nicma village (Adan Yabaal, Middle Shabelle). Casualties unknown.",0,"Foreign military engagement; Insurgency",1753970711,76,215,1262
SOM48807,2025-02-01,2025,1,"Political violence","Explosions/Remote violence","Air/drone strike","Military Forces of the United Arab Emirates (2022-)","Military Forces of Somalia (2022-) Puntland Dervish Force; Police Forces of Somalia (2022-) Puntland Maritime Police Force",8,28,,706,"Eastern Africa",Somalia,Bari,Qandala,,Dharin,10.9751,50.1241,1,"BBC News; Garowe Online; Goobjoob; Hiiraan (Somalia); Horseed Media; Mareeg News (Somalia); Puntland Post; Radio Dalsan; Radio Kulmiye; Radio Risala; Shabelle Media Network; Somali News Agency; Undisclosed Source; Universal TV (Somalia); VOA","Local partner-Other","On 1 February 2025, UAE forces in coordination with Puntland Maritime Police Force (PMPF) and Puntland Dervish Force conducted an airstrike targeting Islamic State Somalia Province hideout in Dharin area (Qandala, Bari). An unknown number of militants were killed and wounded. Unspecified number of fatalities coded as 3.",3,"Foreign military engagement; Insurgency",1782855118,192,269,324
SOM48807,2025-02-01,2025,1,"Political violence","Explosions/Remote violence","Air/drone strike","Islamic State Somalia Province",,2,28,,706,"Eastern Africa",Somalia,Bari,Qandala,,Dharin,10.9751,50.1241,1,"BBC News; Garowe Online; Goobjoob; Hiiraan (Somalia); Horseed Media; Mareeg News (Somalia); Puntland Post; Radio Dalsan; Radio Kulmiye; Radio Risala; Shabelle Media Network; Somali News Agency; Undisclosed Source; Universal TV (Somalia); VOA","Local partner-Other","On 1 February 2025, UAE forces in coordination with Puntland Maritime Police Force (PMPF) and Puntland Dervish Force conducted an airstrike targeting Islamic State Somalia Province hideout in Dharin area (Qandala, Bari). An unknown number of militants were killed and wounded. Unspecified number of fatalities coded as 3.",3,"Foreign military engagement; Insurgency",1782855118,192,269,324
SOM48808,2025-02-01,2025,1,"Political violence","Explosions/Remote violence","Air/drone strike","Military Forces of the United Arab Emirates (2022-)","Military Forces of Somalia (2022-) Puntland Dervish Force; Police Forces of Somalia (2022-) Puntland Maritime Police Force",8,28,,706,"Eastern Africa",Somalia,Bari,Qandala,,Haraaryo,10.9800,50.0913,1,"BBC News; Garowe Online; Goobjoob; Hiiraan (Somalia); Horseed Media; Mareeg News (Somalia); Puntland Post; Radio Dalsan; Radio Kulmiye; Radio Risala; Shabelle Media Network; Somali News Agency; Undisclosed Source; Universal TV (Somalia); VOA","Local partner-Other","On 1 February 2025, UAE forces in coordination with Puntland Maritime Police Force (PMPF) and Puntland Dervish Force conducted an airstrike targeting Islamic State Somalia Province hideout in Haraaryo area (Qandala, Bari). An unknown number of militants were killed and wounded. Unspecified number of fatalities coded as 3.",3,"Foreign military engagement; Insurgency",1782855118,204,454,572
SOM48808,2025-02-01,2025,1,"Political violence","Explosions/Remote violence","Air/drone strike","Islamic State Somalia Province",,2,28,,706,"Eastern Africa",Somalia,Bari,Qandala,,Haraaryo,10.9800,50.0913,1,"BBC News; Garowe Online; Goobjoob; Hiiraan (Somalia); Horseed Media; Mareeg News (Somalia); Puntland Post; Radio Dalsan; Radio Kulmiye; Radio Risala; Shabelle Media Network; Somali News Agency; Undisclosed Source; Universal TV (Somalia); VOA","Local partner-Other","On 1 February 2025, UAE forces in coordination with Puntland Maritime Police Force (PMPF) and Puntland Dervish Force conducted an airstrike targeting Islamic State Somalia Province hideout in Haraaryo area (Qandala, Bari). An unknown number of militants were killed and wounded. Unspecified number of fatalities coded as 3.",3,"Foreign military engagement; Insurgency",1782855118,204,454,572
SOM48809,2025-02-01,2025,1,"Political violence","Explosions/Remote violence","Air/drone strike","Military Forces of the United Arab Emirates (2022-)","Military Forces of Somalia (2022-) Puntland Dervish Force; Police Forces of Somalia (2022-) Puntland Maritime Police Force",8,28,,706,"Eastern Africa",Somalia,Bari,Qandala,,Dhasaq,10.9868,50.0396,1,"BBC News; Garowe Online; Goobjoob; Hiiraan (Somalia); Horseed Media; Mareeg News (Somalia); Puntland Post; Radio Dalsan; Radio Kulmiye; Radio Risala; Shabelle Media Network; Somali News Agency; Undisclosed Source; Universal TV (Somalia); VOA","Local partner-Other","On 1 February 2025, UAE forces in coordination with Puntland Maritime Police Force (PMPF) and Puntland Dervish Force conducted an airstrike targeting Islamic State Somalia Province hideout in Dhasaq area (Qandala, Bari). An unknown number of militants were killed and wounded. Unspecified number of fatalities coded as 3.",3,"Foreign military engagement; Insurgency",1782855118,97,231,277
SOM48809,2025-02-01,2025,1,"Political violence","Explosions/Remote violence","Air/drone strike","Islamic State Somalia Province",,2,28,,706,"Eastern Africa",Somalia,Bari,Qandala,,Dhasaq,10.9868,50.0396,1,"BBC News; Garowe Online; Goobjoob; Hiiraan (Somalia); Horseed Media; Mareeg News (Somalia); Puntland Post; Radio Dalsan; Radio Kulmiye; Radio Risala; Shabelle Media Network; Somali News Agency; Undisclosed Source; Universal TV (Somalia); VOA","Local partner-Other","On 1 February 2025, UAE forces in coordination with Puntland Maritime Police Force (PMPF) and Puntland Dervish Force conducted an airstrike targeting Islamic State Somalia Province hideout in Dhasaq area (Qandala, Bari). An unknown number of militants were killed and wounded. Unspecified number of fatalities coded as 3.",3,"Foreign military engagement; Insurgency",1782855118,97,231,277
SOM48810,2025-02-01,2025,1,"Political violence","Explosions/Remote violence","Air/drone strike","Military Forces of the United Arab Emirates (2022-)","Military Forces of Somalia (2022-) Puntland Dervish Force; Police Forces of Somalia (2022-) Puntland Maritime Police Force",8,28,,706,"Eastern Africa",Somalia,Bari,Qandala,,Dhaadaar,11.1280,49.8755,1,"BBC News; Garowe Online; Goobjoob; Hiiraan (Somalia); Horseed Media; Mareeg News (Somalia); Puntland Post; Radio Dalsan; Radio Kulmiye; Radio Risala; Shabelle Media Network; Somali News Agency; Undisclosed Source; Universal TV (Somalia); VOA","Local partner-Other","On 1 February 2025, UAE forces in coordination with Puntland Maritime Police Force (PMPF) and Puntland Dervish Force conducted an airstrike targeting Islamic State Somalia Province hideout in Dhaadaar area (Qandala, Bari). An unknown number of militants were killed and wounded. Unspecified number of fatalities coded as 3.",3,"Foreign military engagement; Insurgency",1782855118,2906,3585,4923
SOM48810,2025-02-01,2025,1,"Political violence","Explosions/Remote violence","Air/drone strike","Islamic State Somalia Province",,2,28,,706,"Eastern Africa",Somalia,Bari,Qandala,,Dhaadaar,11.1280,49.8755,1,"BBC News; Garowe Online; Goobjoob; Hiiraan (Somalia); Horseed Media; Mareeg News (Somalia); Puntland Post; Radio Dalsan; Radio Kulmiye; Radio Risala; Shabelle Media Network; Somali News Agency; Undisclosed Source; Universal TV (Somalia); VOA","Local partner-Other","On 1 February 2025, UAE forces in coordination with Puntland Maritime Police Force (PMPF) and Puntland Dervish Force conducted an airstrike targeting Islamic State Somalia Province hideout in Dhaadaar area (Qandala, Bari). An unknown number of militants were killed and wounded. Unspecified number of fatalities coded as 3.",3,"Foreign military engagement; Insurgency",1782855118,2906,3585,4923
SOM48811,2025-02-01,2025,1,"Political violence","Explosions/Remote violence","Air/drone strike","Military Forces of the United Arab Emirates (2022-)","Military Forces of Somalia (2022-) Puntland Dervish Force; Police Forces of Somalia (2022-) Puntland Maritime Police Force",8,28,,706,"Eastern Africa",Somalia,Bari,Qandala,,Dandamale,10.9953,50.0027,2,"BBC News; Garowe Online; Goobjoob; Hiiraan (Somalia); Horseed Media; Mareeg News (Somalia); Puntland Post; Radio Dalsan; Radio Kulmiye; Radio Risala; Shabelle Media Network; Somali News Agency; Undisclosed Source; Universal TV (Somalia); VOA","Local partner-Other","On 1 February 2025, UAE forces in coordination with Puntland Maritime Police Force (PMPF) and Puntland Dervish Force conducted an airstrike targeting Islamic State Somalia Province hideout in Wanqable area near Dandamale (Qandala, Bari). An unknown number of militants were killed and wounded. Unspecified number of fatalities coded as 3.",3,"Foreign military engagement; Insurgency",1782855118,123,139,139
SOM48811,2025-02-01,2025,1,"Political violence","Explosions/Remote violence","Air/drone strike","Islamic State Somalia Province",,2,28,,706,"Eastern Africa",Somalia,Bari,Qandala,,Dandamale,10.9953,50.0027,2,"BBC News; Garowe Online; Goobjoob; Hiiraan (Somalia); Horseed Media; Mareeg News (Somalia); Puntland Post; Radio Dalsan; Radio Kulmiye; Radio Risala; Shabelle Media Network; Somali News Agency; Undisclosed Source; Universal TV (Somalia); VOA","Local partner-Other","On 1 February 2025, UAE forces in coordination with Puntland Maritime Police Force (PMPF) and Puntland Dervish Force conducted an airstrike targeting Islamic State Somalia Province hideout in Wanqable area near Dandamale (Qandala, Bari). An unknown number of militants were killed and wounded. Unspecified number of fatalities coded as 3.",3,"Foreign military engagement; Insurgency",1782855118,123,139,139
SOM48812,2025-02-01,2025,1,"Political violence","Explosions/Remote violence","Air/drone strike","Military Forces of the United Arab Emirates (2022-)","Military Forces of Somalia (2022-) Puntland Dervish Force; Police Forces of Somalia (2022-) Puntland Maritime Police Force",8,28,,706,"Eastern Africa",Somalia,Bari,Qandala,,"El Arare",10.7501,50.2983,1,"BBC News; Garowe Online; Goobjoob; Hiiraan (Somalia); Horseed Media; Mareeg News (Somalia); Puntland Post; Radio Dalsan; Radio Kulmiye; Radio Risala; Shabelle Media Network; Somali News Agency; Undisclosed Source; Universal TV (Somalia); VOA","Local partner-Other","On 1 February 2025, UAE forces in coordination with Puntland Maritime Police Force (PMPF) and Puntland Dervish Force conducted an airstrike targeting Islamic State Somalia Province hideout in El Arare area (Qandala, Bari). An unknown number of militants were killed and wounded. Unspecified number of fatalities coded as 3.",3,"Foreign military engagement; Insurgency",1788313418,,23,169
SOM48812,2025-02-01,2025,1,"Political violence","Explosions/Remote violence","Air/drone strike","Islamic State Somalia Province",,2,28,,706,"Eastern Africa",Somalia,Bari,Qandala,,"El Arare",10.7501,50.2983,1,"BBC News; Garowe Online; Goobjoob; Hiiraan (Somalia); Horseed Media; Mareeg News (Somalia); Puntland Post; Radio Dalsan; Radio Kulmiye; Radio Risala; Shabelle Media Network; Somali News Agency; Undisclosed Source; Universal TV (Somalia); VOA","Local partner-Other","On 1 February 2025, UAE forces in coordination with Puntland Maritime Police Force (PMPF) and Puntland Dervish Force conducted an airstrike targeting Islamic State Somalia Province hideout in El Arare area (Qandala, Bari). An unknown number of militants were killed and wounded. Unspecified number of fatalities coded as 3.",3,"Foreign military engagement; Insurgency",1788313418,,23,169
SOM48813,2025-02-01,2025,1,"Political violence","Explosions/Remote violence","Air/drone strike","Military Forces of the United Arab Emirates (2022-)","Military Forces of Somalia (2022-) Puntland Dervish Force; Police Forces of Somalia (2022-) Puntland Maritime Police Force",8,28,,706,"Eastern Africa",Somalia,Bari,Qandala,,Raqraq,11.1279,49.9747,1,"BBC News; Garowe Online; Goobjoob; Hiiraan (Somalia); Horseed Media; Mareeg News (Somalia); Puntland Post; Radio Dalsan; Radio Kulmiye; Radio Risala; Shabelle Media Network; Somali News Agency; Undisclosed Source; Universal TV (Somalia); VOA","Local partner-Other","On 1 February 2025, UAE forces in coordination with Puntland Maritime Police Force (PMPF) and Puntland Dervish Force conducted an airstrike targeting Islamic State Somalia Province hideout in Raqraq area (Qandala, Bari). An unknown number of militants were killed and wounded. Unspecified number of fatalities coded as 3.",3,"Foreign military engagement; Insurgency",1788313418,,9,55
SOM48813,2025-02-01,2025,1,"Political violence","Explosions/Remote violence","Air/drone strike","Islamic State Somalia Province",,2,28,,706,"Eastern Africa",Somalia,Bari,Qandala,,Raqraq,11.1279,49.9747,1,"BBC News; Garowe Online; Goobjoob; Hiiraan (Somalia); Horseed Media; Mareeg News (Somalia); Puntland Post; Radio Dalsan; Radio Kulmiye; Radio Risala; Shabelle Media Network; Somali News Agency; Undisclosed Source; Universal TV (Somalia); VOA","Local partner-Other","On 1 February 2025, UAE forces in coordination with Puntland Maritime Police Force (PMPF) and Puntland Dervish Force conducted an airstrike targeting Islamic State Somalia Province hideout in Raqraq area (Qandala, Bari). An unknown number of militants were killed and wounded. Unspecified number of fatalities coded as 3.",3,"Foreign military engagement; Insurgency",1788313418,,9,55
SOM48814,2025-02-01,2025,1,"Political violence","Explosions/Remote violence","Air/drone strike","Military Forces of the United Arab Emirates (2022-)","Military Forces of Somalia (2022-) Puntland Dervish Force; Police Forces of Somalia (2022-) Puntland Maritime Police Force",8,28,,706,"Eastern Africa",Somalia,Bari,Qandala,,Sixna,11.0610,50.2123,1,"BBC News; Garowe Online; Goobjoob; Hiiraan (Somalia); Horseed Media; Mareeg News (Somalia); Puntland Post; Radio Dalsan; Radio Kulmiye; Radio Risala; Shabelle Media Network; Somali News Agency; Undisclosed Source; Universal TV (Somalia); VOA","Local partner-Other","On 1 February 2025, UAE forces in coordination with Puntland Maritime Police Force (PMPF) and Puntland Dervish Force conducted an airstrike targeting Islamic State Somalia Province hideout in Sixna area (Qandala, Bari). An unknown number of militants were killed and wounded. Unspecified number of fatalities coded as 3.",3,"Foreign military engagement; Insurgency",1782855118,3,27,41
SOM48814,2025-02-01,2025,1,"Political violence","Explosions/Remote violence","Air/drone strike","Islamic State Somalia Province",,2,28,,706,"Eastern Africa",Somalia,Bari,Qandala,,Sixna,11.0610,50.2123,1,"BBC News; Garowe Online; Goobjoob; Hiiraan (Somalia); Horseed Media; Mareeg News (Somalia); Puntland Post; Radio Dalsan; Radio Kulmiye; Radio Risala; Shabelle Media Network; Somali News Agency; Undisclosed Source; Universal TV (Somalia); VOA","Local partner-Other","On 1 February 2025, UAE forces in coordination with Puntland Maritime Police Force (PMPF) and Puntland Dervish Force conducted an airstrike targeting Islamic State Somalia Province hideout in Sixna area (Qandala, Bari). An unknown number of militants were killed and wounded. Unspecified number of fatalities coded as 3.",3,"Foreign military engagement; Insurgency",1782855118,3,27,41
SOM48815,2025-02-01,2025,1,"Political violence","Explosions/Remote violence","Air/drone strike","Military Forces of the United Arab Emirates (2022-)","Military Forces of Somalia (2022-) Puntland Dervish Force; Police Forces of Somalia (2022-) Puntland Maritime Police Force",8,28,,706,"Eastern Africa",Somalia,Bari,Qandala,,"Bugo Caleed",11.2041,49.9086,1,"BBC News; Garowe Online; Goobjoob; Hiiraan (Somalia); Horseed Media; Mareeg News (Somalia); Puntland Post; Radio Dalsan; Radio Kulmiye; Radio Risala; Shabelle Media Network; Somali News Agency; Undisclosed Source; Universal TV (Somalia); VOA","Local partner-Other","On 1 February 2025, UAE forces in coordination with Puntland Maritime Police Force (PMPF) and Puntland Dervish Force conducted an airstrike targeting Islamic State Somalia Province position in Bugo Caleed village (Qandala, Bari). An unknown number of militants were killed and wounded. Unspecified number of fatalities coded as 3.",3,"Foreign military engagement; Insurgency",1788313418,,1,8
SOM48815,2025-02-01,2025,1,"Political violence","Explosions/Remote violence","Air/drone strike","Islamic State Somalia Province",,2,28,,706,"Eastern Africa",Somalia,Bari,Qandala,,"Bugo Caleed",11.2041,49.9086,1,"BBC News; Garowe Online; Goobjoob; Hiiraan (Somalia); Horseed Media; Mareeg News (Somalia); Puntland Post; Radio Dalsan; Radio Kulmiye; Radio Risala; Shabelle Media Network; Somali News Agency; Undisclosed Source; Universal TV (Somalia); VOA","Local partner-Other","On 1 February 2025, UAE forces in coordination with Puntland Maritime Police Force (PMPF) and Puntland Dervish Force conducted an airstrike targeting Islamic State Somalia Province position in Bugo Caleed village (Qandala, Bari). An unknown number of militants were killed and wounded. Unspecified number of fatalities coded as 3.",3,"Foreign military engagement; Insurgency",1788313418,,1,8
SOM48817,2025-02-01,2025,1,"Political violence","Explosions/Remote violence","Air/drone strike","Military Forces of the United Arab Emirates (2022-)","Military Forces of Somalia (2022-) Puntland Dervish Force; Police Forces of Somalia (2022-) Puntland Maritime Police Force",8,28,,706,"Eastern Africa",Somalia,Bari,Qandala,,Turmasaale,10.9306,50.2293,2,"BBC News; Garowe Online; Goobjoob; Hiiraan (Somalia); Horseed Media; Mareeg News (Somalia); Puntland Post; Radio Dalsan; Radio Kulmiye; Radio Risala; Shabelle Media Network; Somali News Agency; Undisclosed Source; Universal TV (Somalia); VOA","Local partner-Other","On 1 February 2025, UAE forces in coordination with Puntland Maritime Police Force (PMPF) and Puntland Dervish Force conducted an airstrike targeting Islamic State Somalia Province hideout in Miraale area, near Turmasaale (Qandala, Bari). An unknown number of militants were killed and wounded. Unspecified number of fatalities coded as 3.",3,"Foreign military engagement; Insurgency",1782855118,1744,1930,2220
SOM48817,2025-02-01,2025,1,"Political violence","Explosions/Remote violence","Air/drone strike","Islamic State Somalia Province",,2,28,,706,"Eastern Africa",Somalia,Bari,Qandala,,Turmasaale,10.9306,50.2293,2,"BBC News; Garowe Online; Goobjoob; Hiiraan (Somalia); Horseed Media; Mareeg News (Somalia); Puntland Post; Radio Dalsan; Radio Kulmiye; Radio Risala; Shabelle Media Network; Somali News Agency; Undisclosed Source; Universal TV (Somalia); VOA","Local partner-Other","On 1 February 2025, UAE forces in coordination with Puntland Maritime Police Force (PMPF) and Puntland Dervish Force conducted an airstrike targeting Islamic State Somalia Province hideout in Miraale area, near Turmasaale (Qandala, Bari). An unknown number of militants were killed and wounded. Unspecified number of fatalities coded as 3.",3,"Foreign military engagement; Insurgency",1782855118,1744,1930,2220
SOM48818,2025-02-01,2025,1,"Political violence","Explosions/Remote violence","Air/drone strike","Military Forces of the United Arab Emirates (2022-)","Military Forces of Somalia (2022-) Puntland Dervish Force; Police Forces of Somalia (2022-) Puntland Maritime Police Force",8,28,,706,"Eastern Africa",Somalia,Bari,Qandala,,"Buuraha Cali Miskat",10.8548,49.7434,1,"BBC News; Garowe Online; Goobjoob; Hiiraan (Somalia); Horseed Media; Mareeg News (Somalia); Puntland Post; Radio Dalsan; Radio Kulmiye; Radio Risala; Shabelle Media Network; Somali News Agency; Undisclosed Source; Universal TV (Somalia); VOA","Local partner-Other","On 1 February 2025, UAE forces in coordination with Puntland Maritime Police Force (PMPF) and Puntland Dervish Force conducted an airstrike targeting Islamic State Somalia Province hideout in Wanqable area in Buuraha Cali Miskat (Qandala, Bari). An unknown number of militants were killed and wounded. Unspecified number of fatalities coded as 3.",3,"Foreign military engagement; Insurgency",1788313418,,,
SOM48818,2025-02-01,2025,1,"Political violence","Explosions/Remote violence","Air/drone strike","Islamic State Somalia Province",,2,28,,706,"Eastern Africa",Somalia,Bari,Qandala,,"Buuraha Cali Miskat",10.8548,49.7434,1,"BBC News; Garowe Online; Goobjoob; Hiiraan (Somalia); Horseed Media; Mareeg News (Somalia); Puntland Post; Radio Dalsan; Radio Kulmiye; Radio Risala; Shabelle Media Network; Somali News Agency; Undisclosed Source; Universal TV (Somalia); VOA","Local partner-Other","On 1 February 2025, UAE forces in coordination with Puntland Maritime Police Force (PMPF) and Puntland Dervish Force conducted an airstrike targeting Islamic State Somalia Province hideout in Wanqable area in Buuraha Cali Miskat (Qandala, Bari). An unknown number of militants were killed and wounded. Unspecified number of fatalities coded as 3.",3,"Foreign military engagement; Insurgency",1788313418,,,
SOM48843,2025-02-01,2025,1,"Political violence","Explosions/Remote violence","Air/drone strike","Military Forces of the United Arab Emirates (2022-)","Military Forces of Somalia (2022-) Puntland Dervish Force; Police Forces of Somalia (2022-) Puntland Maritime Police Force",8,28,,706,"Eastern Africa",Somalia,Bari,Qandala,,Dasaan,11.1703,49.8239,1,"AFRICOM; BBC News; Garowe Online; Goobjoob; Hiiraan (Somalia); Horseed Media; Mareeg News (Somalia); Puntland Post; Radio Dalsan; Radio Kulmiye; Radio Risala; Shabelle Media Network; Somali News Agency; Undisclosed Source; Universal TV (Somalia); VOA","Local partner-Other","On 1 February 2025, UAE forces in coordination with Puntland Maritime Police Force (PMPF) and Puntland Dervish Force conducted an airstrike targeting Islamic State Somalia Province hideout in Dasaan area (Qandala, Bari). An unknown number of militants were killed and wounded. Unspecified number of fatalities coded as 3.",3,"Foreign military engagement; Insurgency",1782855118,197,494,682
SOM48843,2025-02-01,2025,1,"Political violence","Explosions/Remote violence","Air/drone strike","Islamic State Somalia Province",,2,28,,706,"Eastern Africa",Somalia,Bari,Qandala,,Dasaan,11.1703,49.8239,1,"AFRICOM; BBC News; Garowe Online; Goobjoob; Hiiraan (Somalia); Horseed Media; Mareeg News (Somalia); Puntland Post; Radio Dalsan; Radio Kulmiye; Radio Risala; Shabelle Media Network; Somali News Agency; Undisclosed Source; Universal TV (Somalia); VOA","Local partner-Other","On 1 February 2025, UAE forces in coordination with Puntland Maritime Police Force (PMPF) and Puntland Dervish Force conducted an airstrike targeting Islamic State Somalia Province hideout in Dasaan area (Qandala, Bari). An unknown number of militants were killed and wounded. Unspecified number of fatalities coded as 3.",3,"Foreign military engagement; Insurgency",1782855118,197,494,682
SOM48816,2025-02-01,2025,1,"Political violence","Explosions/Remote violence","Air/drone strike","Military Forces of the United States (2025-)","Military Forces of Somalia (2022-)",8,28,,706,"Eastern Africa",Somalia,Bari,Qandala,,"Buuraha Cali Miskat",10.8548,49.7434,3,"AFRICOM; BBC News; Garowe Online; Goobjoob; Hiiraan (Somalia); Horseed Media; Mareeg News (Somalia); Puntland Post; Radio Dalsan; Radio Kulmiye; Radio Risala; Radio Simba; Reuters; Shabelle Media Network; Somali News Agency; Somaliland Standard; Undisclosed Source; Universal TV (Somalia); VOA","Local partner-Other","On 1 February 2025, US forces, in coordination with government security forces (SNA), conducted an airstrike targeting Islamic State Somalia Province hideout in Golis Mountains area (location coded to nearest location in Bari, Buuraha Cali Miskat, Bossaso, Bari). 14 militants were killed, including a senior IS recruiter, a financier, and an external operations leader responsible for the deployment of fighters into the United States and across Europe.",14,"Foreign military engagement; Insurgency",1788313418,,,
SOM48816,2025-02-01,2025,1,"Political violence","Explosions/Remote violence","Air/drone strike","Islamic State Somalia Province",,2,28,,706,"Eastern Africa",Somalia,Bari,Qandala,,"Buuraha Cali Miskat",10.8548,49.7434,3,"AFRICOM; BBC News; Garowe Online; Goobjoob; Hiiraan (Somalia); Horseed Media; Mareeg News (Somalia); Puntland Post; Radio Dalsan; Radio Kulmiye; Radio Risala; Radio Simba; Reuters; Shabelle Media Network; Somali News Agency; Somaliland Standard; Undisclosed Source; Universal TV (Somalia); VOA","Local partner-Other","On 1 February 2025, US forces, in coordination with government security forces (SNA), conducted an airstrike targeting Islamic State Somalia Province hideout in Golis Mountains area (location coded to nearest location in Bari, Buuraha Cali Miskat, Bossaso, Bari). 14 militants were killed, including a senior IS recruiter, a financier, and an external operations leader responsible for the deployment of fighters into the United States and across Europe.",14,"Foreign military engagement; Insurgency",1788313418,,,
SOM48802,2025-02-04,2025,1,"Political violence","Explosions/Remote violence","Remote explosive/landmine/IED","Al Shabaab",,2,28,,706,"Eastern Africa",Somalia,"Lower Shabelle",Marka,,"Buufow Bacaad",1.7493,44.7437,2,"Al Furqaan; Calamada; Undisclosed Source","Local partner-Other","On 4 February 2025, four remote-controlled IEDs planted by Al Shabaab exploded, targeting an AUSSOM UPDF convoy passing in between K60 and Buufow Bacaad village (Marka, Lower Shabelle). 1 AUSSOM truck was struck by the blast. 1 soldier was killed and 3 others were injured. Al Shabaab claimed responsibility.",1,"Foreign military engagement; Insurgency",1753970711,3924,4673,8073
SOM48802,2025-02-04,2025,1,"Political violence","Explosions/Remote violence","Remote explosive/landmine/IED","AUSSOM: Africa Union Support and Stabilisation Mission in Somalia (2025-) (Uganda)",,8,28,,706,"Eastern Africa",Somalia,"Lower Shabelle",Marka,,"Buufow Bacaad",1.7493,44.7437,2,"Al Furqaan; Calamada; Undisclosed Source","Local partner-Other","On 4 February 2025, four remote-controlled IEDs planted by Al Shabaab exploded, targeting an AUSSOM UPDF convoy passing in between K60 and Buufow Bacaad village (Marka, Lower Shabelle). 1 AUSSOM truck was struck by the blast. 1 soldier was killed and 3 others were injured. Al Shabaab claimed responsibility.",1,"Foreign military engagement; Insurgency",1753970711,3924,4673,8073
SOM48844,2025-02-04,2025,1,"Political violence","Explosions/Remote violence","Air/drone strike","Military Forces of the United Arab Emirates (2022-)","Military Forces of Somalia (2022-) Puntland Dervish Force; Police Forces of Somalia (2022-) Puntland Maritime Police Force",8,28,,706,"Eastern Africa",Somalia,Bari,Qandala,,Dharin,10.9751,50.1241,2,"Radio Kulmiye; Undisclosed Source; VOA","Local partner-Other","On 4 February 2025, overnight, UAE forces in coordination with Puntland Maritime Police Force (PMPF) and Puntland Dervish Force conducted an airstrike targeting Islamic State Somalia Province hideout in Tog Jacele area near Dharin (Qandala, Bari). An unknown number of militants were killed and wounded. Unspecified number of fatalities coded as 3.",3,"Foreign military engagement; Insurgency",1753956296,192,269,324
SOM48844,2025-02-04,2025,1,"Political violence","Explosions/Remote violence","Air/drone strike","Islamic State Somalia Province",,2,28,,706,"Eastern Africa",Somalia,Bari,Qandala,,Dharin,10.9751,50.1241,2,"Radio Kulmiye; Undisclosed Source; VOA","Local partner-Other","On 4 February 2025, overnight, UAE forces in coordination with Puntland Maritime Police Force (PMPF) and Puntland Dervish Force conducted an airstrike targeting Islamic State Somalia Province hideout in Tog Jacele area near Dharin (Qandala, Bari). An unknown number of militants were killed and wounded. Unspecified number of fatalities coded as 3.",3,"Foreign military engagement; Insurgency",1753956296,192,269,324
SOM48845,2025-02-04,2025,1,"Political violence","Explosions/Remote violence","Air/drone strike","Military Forces of the United Arab Emirates (2022-)","Military Forces of Somalia (2022-) Puntland Dervish Force; Police Forces of Somalia (2022-) Puntland Maritime Police Force",8,28,,706,"Eastern Africa",Somalia,Bari,Qandala,,Dharin,10.9751,50.1241,1,"Radio Kulmiye; Undisclosed Source; VOA","Local partner-Other","On 4 February 2025, overnight, UAE forces in coordination with Puntland Maritime Police Force (PMPF) and Puntland Dervish Force conducted an airstrike targeting Islamic State Somalia Province hideout in Dharin (Qandala, Bari). An unknown number of militants were killed and wounded. Unspecified number of fatalities coded as 3.",3,"Foreign military engagement; Insurgency",1753956296,192,269,324
SOM48845,2025-02-04,2025,1,"Political violence","Explosions/Remote violence","Air/drone strike","Islamic State Somalia Province",,2,28,,706,"Eastern Africa",Somalia,Bari,Qandala,,Dharin,10.9751,50.1241,1,"Radio Kulmiye; Undisclosed Source; VOA","Local partner-Other","On 4 February 2025, overnight, UAE forces in coordination with Puntland Maritime Police Force (PMPF) and Puntland Dervish Force conducted an airstrike targeting Islamic State Somalia Province hideout in Dharin (Qandala, Bari). An unknown number of militants were killed and wounded. Unspecified number of fatalities coded as 3.",3,"Foreign military engagement; Insurgency",1753956296,192,269,324
SOM48873,2025-02-04,2025,1,"Political violence","Explosions/Remote violence","Air/drone strike","Military Forces of the United Arab Emirates (2022-)","Military Forces of Somalia (2022-) Puntland Dervish Force; Police Forces of Somalia (2022-) Puntland Maritime Police Force",8,28,,706,"Eastern Africa",Somalia,Bari,Qandala,,Haraaryo,10.9800,50.0913,1,"Radio Kulmiye; VOA",National-International,"On 4 February 2025, UAE forces in coordination with Puntland Maritime Police Force (PMPF) and Puntland Dervish Force conducted an airstrike targeting Islamic State Somalia Province hideout in Haraaryo (Qandala, Bari). An unknown number of militants were killed and wounded. Unspecified number of fatalities coded as 3.",3,"Foreign military engagement; Insurgency",1753956296,204,454,572
SOM48873,2025-02-04,2025,1,"Political violence","Explosions/Remote violence","Air/drone strike","Islamic State Somalia Province",,2,28,,706,"Eastern Africa",Somalia,Bari,Qandala,,Haraaryo,10.9800,50.0913,1,"Radio Kulmiye; VOA",National-International,"On 4 February 2025, UAE forces in coordination with Puntland Maritime Police Force (PMPF) and Puntland Dervish Force conducted an airstrike targeting Islamic State Somalia Province hideout in Haraaryo (Qandala, Bari). An unknown number of militants were killed and wounded. Unspecified number of fatalities coded as 3.",3,"Foreign military engagement; Insurgency",1753956296,204,454,572
KEN17007,2025-02-05,2025,1,"Political violence","Violence against civilians",Attack,"Military Forces of Uganda (1986-)",,8,78,"Civilian targeting",404,"Eastern Africa",Kenya,Busia,Budalangi,"Sumba Island","Sumba Island",0.1036,33.9139,1,"Citizen (Kenya); Kenyans.co; NTV (Kenya)","New media-National","On 5 February 2025, Ugandan military officers detained several Kenyan fishermen on Sumba Island (Budalangi, Busia). It is unclear whether the incident is linked to a boundary dispute within the waters of Lake Victoria. An unknown number of fishermen were beaten up and injured during the incident. Kenyan military officers (other sources mention coast guard officers) later rescued the fishermen on 6 February and arrested two Ugandan military officers.",0,"Foreign military engagement",1763426427,27,27,742
KEN17007,2025-02-05,2025,1,"Political violence","Violence against civilians",Attack,"Civilians (Kenya)","Fishers (Kenya)",7,78,"Civilian targeting",404,"Eastern Africa",Kenya,Busia,Budalangi,"Sumba Island","Sumba Island",0.1036,33.9139,1,"Citizen (Kenya); Kenyans.co; NTV (Kenya)","New media-National","On 5 February 2025, Ugandan military officers detained several Kenyan fishermen on Sumba Island (Budalangi, Busia). It is unclear whether the incident is linked to a boundary dispute within the waters of Lake Victoria. An unknown number of fishermen were beaten up and injured during the incident. Kenyan military officers (other sources mention coast guard officers) later rescued the fishermen on 6 February and arrested two Ugandan military officers.",0,"Foreign military engagement",1763426427,27,27,742
SOM48907,2025-02-08,2025,1,"Political violence",Battles,"Armed clash","Al Shabaab",,2,28,,706,"Eastern Africa",Somalia,"Lower Shabelle",Baraawe,,Baraawe,1.1132,44.0297,1,"Calamada; Undisclosed Source","Local partner-Other","On 8 February 2025, overnight, Al Shabaab attacked AUSSOM UPDF and engaged them in an armed clash at a forward operating base in Baraawe town (Baraawe, Lower Shabelle). The clash was initiated with RPGs, there were no casualties and Al Shabaab claimed responsibility.",0,"Foreign military engagement; Insurgency",1753970711,26110,36996,41077
SOM48907,2025-02-08,2025,1,"Political violence",Battles,"Armed clash","AUSSOM: Africa Union Support and Stabilisation Mission in Somalia (2025-) (Uganda)",,8,28,,706,"Eastern Africa",Somalia,"Lower Shabelle",Baraawe,,Baraawe,1.1132,44.0297,1,"Calamada; Undisclosed Source","Local partner-Other","On 8 February 2025, overnight, Al Shabaab attacked AUSSOM UPDF and engaged them in an armed clash at a forward operating base in Baraawe town (Baraawe, Lower Shabelle). The clash was initiated with RPGs, there were no casualties and Al Shabaab claimed responsibility.",0,"Foreign military engagement; Insurgency",1753970711,26110,36996,41077
SOM48904,2025-02-08,2025,1,"Political violence","Explosions/Remote violence","Air/drone strike","Unidentified Military Forces",,8,28,,706,"Eastern Africa",Somalia,"Lower Juba",Kismaayo,,Beerhani,-0.2201,42.1959,1,"Undisclosed Source","Local partner-Other","On 8 February 2025, an unidentified warplane conducted an airstrike and destroyed an Al Shabaab underground defensive base in the outskirts of Beerhani village (Kismaayo, Lower Juba). Casualties unknown.",0,"Foreign military engagement; Insurgency",1753970711,36,501,621
SOM48904,2025-02-08,2025,1,"Political violence","Explosions/Remote violence","Air/drone strike","Al Shabaab",,2,28,,706,"Eastern Africa",Somalia,"Lower Juba",Kismaayo,,Beerhani,-0.2201,42.1959,1,"Undisclosed Source","Local partner-Other","On 8 February 2025, an unidentified warplane conducted an airstrike and destroyed an Al Shabaab underground defensive base in the outskirts of Beerhani village (Kismaayo, Lower Juba). Casualties unknown.",0,"Foreign military engagement; Insurgency",1753970711,36,501,621
SOM48906,2025-02-08,2025,1,"Political violence","Explosions/Remote violence","Remote explosive/landmine/IED","Al Shabaab",,2,28,,706,"Eastern Africa",Somalia,"Lower Shabelle",Afgooye,,"Cabdow Dibile",2.0864,45.0711,2,"Calamada; Undisclosed Source","Local partner-Other","On 8 February 2025, a roadside IED planted by Al Shabaab exploded, targeting AUSSOM UPDF troops convoy from Afgooye heading to Laanta Buuro, near Cabdow Dibile village (Afgooye, Lower Shabelle). 2 soldiers were injured and Al Shabaab claimed responsibility.",0,"Foreign military engagement; Insurgency",1753970711,1000,1937,7134
SOM48906,2025-02-08,2025,1,"Political violence","Explosions/Remote violence","Remote explosive/landmine/IED","AUSSOM: Africa Union Support and Stabilisation Mission in Somalia (2025-) (Uganda)",,8,28,,706,"Eastern Africa",Somalia,"Lower Shabelle",Afgooye,,"Cabdow Dibile",2.0864,45.0711,2,"Calamada; Undisclosed Source","Local partner-Other","On 8 February 2025, a roadside IED planted by Al Shabaab exploded, targeting AUSSOM UPDF troops convoy from Afgooye heading to Laanta Buuro, near Cabdow Dibile village (Afgooye, Lower Shabelle). 2 soldiers were injured and Al Shabaab claimed responsibility.",0,"Foreign military engagement; Insurgency",1753970711,1000,1937,7134
SOM48917,2025-02-09,2025,1,"Political violence",Battles,"Armed clash","Al Shabaab",,2,28,,706,"Eastern Africa",Somalia,Gedo,Garbahaarey,,Garbahaarey,3.3280,42.2199,1,"Al Furqaan",National,"On 9 February 2025, overnight, Al Shabaab carried out an attack against AUSSOM ENDF troops and engaged them in an armed clash at a base in Garbahaarey town (Garbahaarey, Gedo). The clash was initiated with RPGs, there were no casualties and Al Shabaab claimed responsibility.",0,"Foreign military engagement; Insurgency",1753970711,26244,34023,36651
SOM48917,2025-02-09,2025,1,"Political violence",Battles,"Armed clash","AUSSOM: Africa Union Support and Stabilisation Mission in Somalia (2025-) (Ethiopia)",,8,28,,706,"Eastern Africa",Somalia,Gedo,Garbahaarey,,Garbahaarey,3.3280,42.2199,1,"Al Furqaan",National,"On 9 February 2025, overnight, Al Shabaab carried out an attack against AUSSOM ENDF troops and engaged them in an armed clash at a base in Garbahaarey town (Garbahaarey, Gedo). The clash was initiated with RPGs, there were no casualties and Al Shabaab claimed responsibility.",0,"Foreign military engagement; Insurgency",1753970711,26244,34023,36651
SOM48921,2025-02-09,2025,1,"Political violence",Battles,"Armed clash","Al Shabaab",,2,28,,706,"Eastern Africa",Somalia,"Lower Shabelle",Marka,,Danow,1.7317,44.6253,1,"Al Furqaan; Undisclosed Source","Local partner-Other","On 9 February 2025, overnight, Al Shabaab attacked AUSSOM UPDF and engaged them in an armed clash at a base in Danow village (Marka, Lower Shabelle). The clash was initiated with RPGs, there were no casualties and Al Shabaab claimed responsibility.",0,"Foreign military engagement; Insurgency",1753970711,593,1403,4952
SOM48921,2025-02-09,2025,1,"Political violence",Battles,"Armed clash","AUSSOM: Africa Union Support and Stabilisation Mission in Somalia (2025-) (Uganda)",,8,28,,706,"Eastern Africa",Somalia,"Lower Shabelle",Marka,,Danow,1.7317,44.6253,1,"Al Furqaan; Undisclosed Source","Local partner-Other","On 9 February 2025, overnight, Al Shabaab attacked AUSSOM UPDF and engaged them in an armed clash at a base in Danow village (Marka, Lower Shabelle). The clash was initiated with RPGs, there were no casualties and Al Shabaab claimed responsibility.",0,"Foreign military engagement; Insurgency",1753970711,593,1403,4952
SOM48928,2025-02-10,2025,1,"Political violence","Explosions/Remote violence","Air/drone strike","Military Forces of the United Arab Emirates (2022-)","Military Forces of Somalia (2022-) Puntland Dervish Force; Police Forces of Somalia (2022-) Puntland Maritime Police Force",8,28,,706,"Eastern Africa",Somalia,Bari,Qandala,,Dandamale,10.9953,50.0027,1,"Goobjoob; Horseed Media; Radio Kulmiye; VOA",National-International,"On 10 February 2025, UAE forces in coordination with Puntland Maritime Police Force (PMPF) and Puntland Dervish Force conducted an airstrike targeting Islamic State Somalia Province hideout in Dandamale (Qandala, Bari). At least 13 militants were killed. 13 fatalities split across 7 events/locations (Qurac, Gurur, Sheebaab, Buuraha Cali Miskat, Haraaryo, and Dharin) and coded as 2 for this event.",2,"Foreign military engagement; Insurgency",1753956296,123,139,139
SOM48928,2025-02-10,2025,1,"Political violence","Explosions/Remote violence","Air/drone strike","Islamic State Somalia Province",,2,28,,706,"Eastern Africa",Somalia,Bari,Qandala,,Dandamale,10.9953,50.0027,1,"Goobjoob; Horseed Media; Radio Kulmiye; VOA",National-International,"On 10 February 2025, UAE forces in coordination with Puntland Maritime Police Force (PMPF) and Puntland Dervish Force conducted an airstrike targeting Islamic State Somalia Province hideout in Dandamale (Qandala, Bari). At least 13 militants were killed. 13 fatalities split across 7 events/locations (Qurac, Gurur, Sheebaab, Buuraha Cali Miskat, Haraaryo, and Dharin) and coded as 2 for this event.",2,"Foreign military engagement; Insurgency",1753956296,123,139,139
SOM48929,2025-02-10,2025,1,"Political violence","Explosions/Remote violence","Air/drone strike","Military Forces of the United Arab Emirates (2022-)","Military Forces of Somalia (2022-) Puntland Dervish Force; Police Forces of Somalia (2022-) Puntland Maritime Police Force",8,28,,706,"Eastern Africa",Somalia,Bari,Qandala,,Dharin,10.9751,50.1241,2,"Radio Kulmiye; Undisclosed Source; VOA","Local partner-Other","On 10 February 2025, UAE forces in coordination with Puntland Maritime Police Force (PMPF) and Puntland Dervish Force conducted an airstrike targeting Islamic State Somalia Province hideout in between Tog-Jaceel and Dharin area (Qandala, Bari). At least 13 militants were killed. 13 fatalities split across 7 events/locations (Dandamale, Gurur, Sheebaab, Buuraha Cali Miskat, Haraaryo, and Gurac) and coded as 2 for this event.",1,"Foreign military engagement; Insurgency",1753956296,192,269,324
SOM48929,2025-02-10,2025,1,"Political violence","Explosions/Remote violence","Air/drone strike","Islamic State Somalia Province",,2,28,,706,"Eastern Africa",Somalia,Bari,Qandala,,Dharin,10.9751,50.1241,2,"Radio Kulmiye; Undisclosed Source; VOA","Local partner-Other","On 10 February 2025, UAE forces in coordination with Puntland Maritime Police Force (PMPF) and Puntland Dervish Force conducted an airstrike targeting Islamic State Somalia Province hideout in between Tog-Jaceel and Dharin area (Qandala, Bari). At least 13 militants were killed. 13 fatalities split across 7 events/locations (Dandamale, Gurur, Sheebaab, Buuraha Cali Miskat, Haraaryo, and Gurac) and coded as 2 for this event.",1,"Foreign military engagement; Insurgency",1753956296,192,269,324
SOM48932,2025-02-10,2025,1,"Political violence","Explosions/Remote violence","Air/drone strike","Military Forces of the United Arab Emirates (2022-)","Military Forces of Somalia (2022-) Puntland Dervish Force; Police Forces of Somalia (2022-) Puntland Maritime Police Force",8,28,,706,"Eastern Africa",Somalia,Bari,Qandala,,Gurur,11.0830,50.3258,1,"Goobjoob; Horseed Media; Radio Kulmiye; VOA",National-International,"On 10 February 2025, UAE forces in coordination with Puntland Maritime Police Force (PMPF) and Puntland Dervish Force conducted an airstrike targeting Islamic State Somalia Province hideout in Gurur (Qandala, Bari). At least 13 militants were killed. 13 fatalities split across 7 events/locations (Dandamale, Gurac, Sheebaab, Buuraha Cali Miskat, Haraaryo, and Dharin) and coded as 2 for this event.",2,"Foreign military engagement; Insurgency",1759790065,1752,1790,1849
SOM48932,2025-02-10,2025,1,"Political violence","Explosions/Remote violence","Air/drone strike","Islamic State Somalia Province",,2,28,,706,"Eastern Africa",Somalia,Bari,Qandala,,Gurur,11.0830,50.3258,1,"Goobjoob; Horseed Media; Radio Kulmiye; VOA",National-International,"On 10 February 2025, UAE forces in coordination with Puntland Maritime Police Force (PMPF) and Puntland Dervish Force conducted an airstrike targeting Islamic State Somalia Province hideout in Gurur (Qandala, Bari). At least 13 militants were killed. 13 fatalities split across 7 events/locations (Dandamale, Gurac, Sheebaab, Buuraha Cali Miskat, Haraaryo, and Dharin) and coded as 2 for this event.",2,"Foreign military engagement; Insurgency",1759790065,1752,1790,1849
SOM48933,2025-02-10,2025,1,"Political violence","Explosions/Remote violence","Air/drone strike","Military Forces of the United Arab Emirates (2022-)","Military Forces of Somalia (2022-) Puntland Dervish Force; Police Forces of Somalia (2022-) Puntland Maritime Police Force",8,28,,706,"Eastern Africa",Somalia,Bari,Qandala,,Haraaryo,10.9800,50.0913,1,"Radio Kulmiye; Undisclosed Source; VOA","Local partner-Other","On 10 February 2025, UAE forces in coordination with Puntland Maritime Police Force (PMPF) and Puntland Dervish Force conducted an airstrike targeting Islamic State Somalia Province hideout in Haraaryo area (Qandala, Bari). At least 13 militants were killed. 13 fatalities split across 7 events/locations (Dandamale, Gurur, Sheebaab, Buuraha Cali Miskat, Gurac, and Dharin) and coded as 2 for this event.",2,"Foreign military engagement; Insurgency",1753956296,204,454,572
SOM48933,2025-02-10,2025,1,"Political violence","Explosions/Remote violence","Air/drone strike","Islamic State Somalia Province",,2,28,,706,"Eastern Africa",Somalia,Bari,Qandala,,Haraaryo,10.9800,50.0913,1,"Radio Kulmiye; Undisclosed Source; VOA","Local partner-Other","On 10 February 2025, UAE forces in coordination with Puntland Maritime Police Force (PMPF) and Puntland Dervish Force conducted an airstrike targeting Islamic State Somalia Province hideout in Haraaryo area (Qandala, Bari). At least 13 militants were killed. 13 fatalities split across 7 events/locations (Dandamale, Gurur, Sheebaab, Buuraha Cali Miskat, Gurac, and Dharin) and coded as 2 for this event.",2,"Foreign military engagement; Insurgency",1753956296,204,454,572
SOM48935,2025-02-10,2025,1,"Political violence","Explosions/Remote violence","Air/drone strike","Military Forces of the United Arab Emirates (2022-)","Military Forces of Somalia (2022-) Puntland Dervish Force; Police Forces of Somalia (2022-) Puntland Maritime Police Force",8,28,,706,"Eastern Africa",Somalia,Bari,Qandala,,Qurac,10.9939,50.0184,1,"Goobjoob; Horseed Media; Radio Kulmiye; Undisclosed Source; VOA","Local partner-Other","On 10 February 2025, UAE forces in coordination with Puntland Maritime Police Force (PMPF) and Puntland Dervish Force conducted an airstrike targeting Islamic State Somalia Province hideout in Qurac (Qandala, Bari). At least 13 militants were killed. 13 fatalities split across 7 events/locations (Dandamale, Gurur, Sheebaab, Buuraha Cali Miskat, Haraaryo, and Dharin) and coded as 2 for this event.",2,"Foreign military engagement; Insurgency",1753956296,499,501,501
SOM48935,2025-02-10,2025,1,"Political violence","Explosions/Remote violence","Air/drone strike","Islamic State Somalia Province",,2,28,,706,"Eastern Africa",Somalia,Bari,Qandala,,Qurac,10.9939,50.0184,1,"Goobjoob; Horseed Media; Radio Kulmiye; Undisclosed Source; VOA","Local partner-Other","On 10 February 2025, UAE forces in coordination with Puntland Maritime Police Force (PMPF) and Puntland Dervish Force conducted an airstrike targeting Islamic State Somalia Province hideout in Qurac (Qandala, Bari). At least 13 militants were killed. 13 fatalities split across 7 events/locations (Dandamale, Gurur, Sheebaab, Buuraha Cali Miskat, Haraaryo, and Dharin) and coded as 2 for this event.",2,"Foreign military engagement; Insurgency",1753956296,499,501,501
SOM48926,2025-02-10,2025,1,"Political violence","Explosions/Remote violence","Air/drone strike","Military Forces of the United Arab Emirates (2022-)","Military Forces of Somalia (2022-) Puntland Dervish Force; Police Forces of Somalia (2022-) Puntland Maritime Police Force",8,28,,706,"Eastern Africa",Somalia,Bari,Qandala,,Daray-Madobe,11.0019,49.9660,1,"Goobjoob; Horseed Media; Radio Kulmiye; VOA",National-International,"On 10 February 2025, UAE forces in coordination with Puntland Maritime Police Force (PMPF) and Puntland Dervish Force conducted an airstrike targeting Islamic State Somalia Province position in Daray-Madobe village (Qandala, Bari). At least 13 militants were killed. 13 fatalities split across 7 events/locations (Dandamale, Gurur, Sheebaab, Gurac, Haraaryo, and Dharin) and coded as 2 for this event.",2,"Foreign military engagement; Insurgency",1780362892,607,816,816
SOM48926,2025-02-10,2025,1,"Political violence","Explosions/Remote violence","Air/drone strike","Islamic State Somalia Province",,2,28,,706,"Eastern Africa",Somalia,Bari,Qandala,,Daray-Madobe,11.0019,49.9660,1,"Goobjoob; Horseed Media; Radio Kulmiye; VOA",National-International,"On 10 February 2025, UAE forces in coordination with Puntland Maritime Police Force (PMPF) and Puntland Dervish Force conducted an airstrike targeting Islamic State Somalia Province position in Daray-Madobe village (Qandala, Bari). At least 13 militants were killed. 13 fatalities split across 7 events/locations (Dandamale, Gurur, Sheebaab, Gurac, Haraaryo, and Dharin) and coded as 2 for this event.",2,"Foreign military engagement; Insurgency",1780362892,607,816,816
SOM48938,2025-02-10,2025,1,"Political violence","Explosions/Remote violence","Air/drone strike","Military Forces of the United Arab Emirates (2022-)","Military Forces of Somalia (2022-) Puntland Dervish Force; Police Forces of Somalia (2022-) Puntland Maritime Police Force",8,28,,706,"Eastern Africa",Somalia,Bari,Qandala,,Sheebaab,11.0810,49.9080,1,"Goobjoob; Horseed Media; Radio Kulmiye; VOA",National-International,"On 10 February 2025, UAE forces in coordination with Puntland Maritime Police Force (PMPF) and Puntland Dervish Force conducted an airstrike targeting Islamic State Somalia Province hideout in Sheebaab (Qandala, Bari). At least 13 militants were killed. 13 fatalities split across 7 events/locations (Dandamale, Gurur, Gurac, Buuraha Cali Miskat, Haraaryo, and Dharin) and coded as 2 for this event.",2,"Foreign military engagement; Insurgency",1753956296,2638,2877,3249
SOM48938,2025-02-10,2025,1,"Political violence","Explosions/Remote violence","Air/drone strike","Islamic State Somalia Province",,2,28,,706,"Eastern Africa",Somalia,Bari,Qandala,,Sheebaab,11.0810,49.9080,1,"Goobjoob; Horseed Media; Radio Kulmiye; VOA",National-International,"On 10 February 2025, UAE forces in coordination with Puntland Maritime Police Force (PMPF) and Puntland Dervish Force conducted an airstrike targeting Islamic State Somalia Province hideout in Sheebaab (Qandala, Bari). At least 13 militants were killed. 13 fatalities split across 7 events/locations (Dandamale, Gurur, Gurac, Buuraha Cali Miskat, Haraaryo, and Dharin) and coded as 2 for this event.",2,"Foreign military engagement; Insurgency",1753956296,2638,2877,3249
SOM48957,2025-02-11,2025,1,"Political violence",Battles,"Armed clash","Al Shabaab",,2,28,,706,"Eastern Africa",Somalia,"Lower Shabelle",Marka,,Golweyn,1.6584,44.5800,1,"Al Furqaan; Calamada; Undisclosed Source","Local partner-Other","On 11 February 2025, overnight, Al Shabaab attacked AUSSOM UPDF and engaged them in an armed clash at a base in Golweyn village (Marka, Lower Shabelle). The clash was initiated with RPGs, there were no casualties and Al Shabaab claimed responsibility.",0,"Foreign military engagement; Insurgency",1753970711,12595,13502,17801
SOM48957,2025-02-11,2025,1,"Political violence",Battles,"Armed clash","AUSSOM: Africa Union Support and Stabilisation Mission in Somalia (2025-) (Uganda)",,8,28,,706,"Eastern Africa",Somalia,"Lower Shabelle",Marka,,Golweyn,1.6584,44.5800,1,"Al Furqaan; Calamada; Undisclosed Source","Local partner-Other","On 11 February 2025, overnight, Al Shabaab attacked AUSSOM UPDF and engaged them in an armed clash at a base in Golweyn village (Marka, Lower Shabelle). The clash was initiated with RPGs, there were no casualties and Al Shabaab claimed responsibility.",0,"Foreign military engagement; Insurgency",1753970711,12595,13502,17801
SOM48962,2025-02-12,2025,1,"Political violence","Explosions/Remote violence","Air/drone strike","Military Forces of the United Arab Emirates (2022-)","Military Forces of Somalia (2022-) Puntland Dervish Force; Police Forces of Somalia (2022-) Puntland Maritime Police Force",8,28,,706,"Eastern Africa",Somalia,Bari,Qandala,,Sheebaab,11.0810,49.9080,1,"Caasimada; Goobjoob; Hiiraan (Somalia); Puntland Post; Radio Dalsan; Radio Kulmiye; Radio Risala",National,"On 12 February 2025, UAE forces in coordination with Puntland Maritime Police Force (PMPF) and Puntland Dervish Force conducted an airstrike targeting Islamic State Somalia Province hideout in Sheebaab (Qandala, Bari). More than 30 militants were killed.",30,"Foreign military engagement; Insurgency",1753956296,2638,2877,3249
SOM48962,2025-02-12,2025,1,"Political violence","Explosions/Remote violence","Air/drone strike","Islamic State Somalia Province",,2,28,,706,"Eastern Africa",Somalia,Bari,Qandala,,Sheebaab,11.0810,49.9080,1,"Caasimada; Goobjoob; Hiiraan (Somalia); Puntland Post; Radio Dalsan; Radio Kulmiye; Radio Risala",National,"On 12 February 2025, UAE forces in coordination with Puntland Maritime Police Force (PMPF) and Puntland Dervish Force conducted an airstrike targeting Islamic State Somalia Province hideout in Sheebaab (Qandala, Bari). More than 30 militants were killed.",30,"Foreign military engagement; Insurgency",1753956296,2638,2877,3249
SOM48976,2025-02-13,2025,1,"Political violence","Explosions/Remote violence","Remote explosive/landmine/IED","Al Shabaab",,2,28,,706,"Eastern Africa",Somalia,Bakool,Waajid,,Waajid,3.8096,43.2463,1,"Al Furqaan; Calamada",National,"On 13 February 2025, an IED planted by Al Shabaab exploded targeting an AUSSOM ENDF troops convoy passing in the vicinity of Waajid town (Waajid, Bakool). Al Shabaab claimed to have killed 3 soldiers and injured 11 others.",3,"Foreign military engagement; Insurgency",1753970711,49655,75459,75942
SOM48976,2025-02-13,2025,1,"Political violence","Explosions/Remote violence","Remote explosive/landmine/IED","AUSSOM: Africa Union Support and Stabilisation Mission in Somalia (2025-) (Ethiopia)",,8,28,,706,"Eastern Africa",Somalia,Bakool,Waajid,,Waajid,3.8096,43.2463,1,"Al Furqaan; Calamada",National,"On 13 February 2025, an IED planted by Al Shabaab exploded targeting an AUSSOM ENDF troops convoy passing in the vicinity of Waajid town (Waajid, Bakool). Al Shabaab claimed to have killed 3 soldiers and injured 11 others.",3,"Foreign military engagement; Insurgency",1753970711,49655,75459,75942
SOM48982,2025-02-13,2025,1,"Political violence",Battles,"Armed clash","Al Shabaab",,2,28,,706,"Eastern Africa",Somalia,"Lower Shabelle",Marka,,Janaale,1.8000,44.7000,1,"Al Furqaan",National,"On 13 February 2025, overnight, Al Shabaab attacked AUSSOM UPDF troops and engaged them in an armed clash at a forward operating base in Janaale town (Marka, Lower Shabelle). The clash was initiated with RPGs, there were no casualties and Al Shabaab claimed responsibility.",0,"Foreign military engagement; Insurgency",1753970711,10491,19470,19470
SOM48982,2025-02-13,2025,1,"Political violence",Battles,"Armed clash","AUSSOM: Africa Union Support and Stabilisation Mission in Somalia (2025-) (Uganda)",,8,28,,706,"Eastern Africa",Somalia,"Lower Shabelle",Marka,,Janaale,1.8000,44.7000,1,"Al Furqaan",National,"On 13 February 2025, overnight, Al Shabaab attacked AUSSOM UPDF troops and engaged them in an armed clash at a forward operating base in Janaale town (Marka, Lower Shabelle). The clash was initiated with RPGs, there were no casualties and Al Shabaab claimed responsibility.",0,"Foreign military engagement; Insurgency",1753970711,10491,19470,19470
SOM49087,2025-02-13,2025,1,"Political violence","Explosions/Remote violence","Air/drone strike","Unidentified Military Forces","Military Forces of Somalia (2022-)",8,28,,706,"Eastern Africa",Somalia,Hiraan,"Bulo Burto",,"Beer Yabual",4.0230,45.5727,1,"Undisclosed Source","Local partner-Other","On 13 February 2025, international forces (described as allied forces, coded as Unidentified Military Forces), in coordination with government security forces (SNA) conducted an airstrike targeting Al Shabaab hideouts in Beer Yabual village (Bulo Burto, Hiraan). Casualties unknown.",0,"Foreign military engagement; Insurgency",1753970711,17,56,576
SOM49087,2025-02-13,2025,1,"Political violence","Explosions/Remote violence","Air/drone strike","Al Shabaab",,2,28,,706,"Eastern Africa",Somalia,Hiraan,"Bulo Burto",,"Beer Yabual",4.0230,45.5727,1,"Undisclosed Source","Local partner-Other","On 13 February 2025, international forces (described as allied forces, coded as Unidentified Military Forces), in coordination with government security forces (SNA) conducted an airstrike targeting Al Shabaab hideouts in Beer Yabual village (Bulo Burto, Hiraan). Casualties unknown.",0,"Foreign military engagement; Insurgency",1753970711,17,56,576
SOM49088,2025-02-13,2025,1,"Political violence","Explosions/Remote violence","Air/drone strike","Unidentified Military Forces","Military Forces of Somalia (2022-)",8,28,,706,"Eastern Africa",Somalia,Hiraan,"Bulo Burto",,Jicibow,4.0954,45.5098,1,"Undisclosed Source","Local partner-Other","On 13 February 2025, international forces (described as allied forces, coded as Unidentified Military Forces), in coordination with government security forces (SNA), conducted an airstrike targeting Al Shabaab hideouts in Jicibow village (Bulo Burto, Hiraan). Casualties unknown.",0,"Foreign military engagement; Insurgency",1753970711,326,644,2090
SOM49088,2025-02-13,2025,1,"Political violence","Explosions/Remote violence","Air/drone strike","Al Shabaab",,2,28,,706,"Eastern Africa",Somalia,Hiraan,"Bulo Burto",,Jicibow,4.0954,45.5098,1,"Undisclosed Source","Local partner-Other","On 13 February 2025, international forces (described as allied forces, coded as Unidentified Military Forces), in coordination with government security forces (SNA), conducted an airstrike targeting Al Shabaab hideouts in Jicibow village (Bulo Burto, Hiraan). Casualties unknown.",0,"Foreign military engagement; Insurgency",1753970711,326,644,2090
BFO13296,2025-02-15,2025,1,"Political violence",Battles,"Armed clash","JNIM: Group for Support of Islam and Muslims",,2,28,,854,"Western Africa","Burkina Faso",Centre-Nord,Namentenga,Tougouri,Tougouri,13.3164,-0.5225,2,Signal,"New media","On 15 February 2025, an armed group (likely JNIM militants, based on location) attacked an escort of Nigerien forces in the area of Tougouri (Tougouri, Namentenga). The attack was repelled. The soldiers conducted sweeps and seized a motorcycle and other military material left behind by the militants. Casualties unknown.",0,"Foreign military engagement; Insurgency; Terrorist activity",1776726680,7832,14077,20489
BFO13296,2025-02-15,2025,1,"Political violence",Battles,"Armed clash","Military Forces of Niger (2023-)",,8,28,,854,"Western Africa","Burkina Faso",Centre-Nord,Namentenga,Tougouri,Tougouri,13.3164,-0.5225,2,Signal,"New media","On 15 February 2025, an armed group (likely JNIM militants, based on location) attacked an escort of Nigerien forces in the area of Tougouri (Tougouri, Namentenga). The attack was repelled. The soldiers conducted sweeps and seized a motorcycle and other military material left behind by the militants. Casualties unknown.",0,"Foreign military engagement; Insurgency; Terrorist activity",1776726680,7832,14077,20489
SOM49065,2025-02-15,2025,1,"Political violence","Explosions/Remote violence","Air/drone strike","Military Forces of the United Arab Emirates (2022-)","Military Forces of Somalia (2022-) Puntland Dervish Force; Police Forces of Somalia (2022-) Puntland Maritime Police Force",8,28,,706,"Eastern Africa",Somalia,Bari,Qandala,,Dhaadaar,11.1280,49.8755,1,VOA,International,"On 15 February 2025, UAE forces in coordination with Puntland Maritime Police Force (PMPF) and Puntland Dervish Force conducted an airstrike targeting Islamic State Somalia Province hideout in Dhaadaar village (Qandala, Bari). Casualties unknown.",0,"Foreign military engagement; Insurgency",1753956296,2906,3585,4923
SOM49065,2025-02-15,2025,1,"Political violence","Explosions/Remote violence","Air/drone strike","Islamic State Somalia Province",,2,28,,706,"Eastern Africa",Somalia,Bari,Qandala,,Dhaadaar,11.1280,49.8755,1,VOA,International,"On 15 February 2025, UAE forces in coordination with Puntland Maritime Police Force (PMPF) and Puntland Dervish Force conducted an airstrike targeting Islamic State Somalia Province hideout in Dhaadaar village (Qandala, Bari). Casualties unknown.",0,"Foreign military engagement; Insurgency",1753956296,2906,3585,4923
SOM49066,2025-02-15,2025,1,"Political violence","Explosions/Remote violence","Air/drone strike","Military Forces of the United Arab Emirates (2022-)","Military Forces of Somalia (2022-) Puntland Dervish Force; Police Forces of Somalia (2022-) Puntland Maritime Police Force",8,28,,706,"Eastern Africa",Somalia,Bari,Qandala,,Sheebaab,11.0810,49.9080,1,"Goobjoob; Horseed Media; Puntland Post; Radio Dalsan; Radio Risala; Undisclosed Source","Local partner-Other","On 15 February 2025, UAE forces in coordination with Puntland Maritime Police Force (PMPF) and Puntland Dervish Force conducted an airstrike targeting Islamic State Somalia Province bases used to manufacture improvised firearms, bombs and explosives in Sheebaab village (Qandala, Bari). Casualties unknown.",0,"Foreign military engagement; Insurgency",1753956296,2638,2877,3249
SOM49066,2025-02-15,2025,1,"Political violence","Explosions/Remote violence","Air/drone strike","Islamic State Somalia Province",,2,28,,706,"Eastern Africa",Somalia,Bari,Qandala,,Sheebaab,11.0810,49.9080,1,"Goobjoob; Horseed Media; Puntland Post; Radio Dalsan; Radio Risala; Undisclosed Source","Local partner-Other","On 15 February 2025, UAE forces in coordination with Puntland Maritime Police Force (PMPF) and Puntland Dervish Force conducted an airstrike targeting Islamic State Somalia Province bases used to manufacture improvised firearms, bombs and explosives in Sheebaab village (Qandala, Bari). Casualties unknown.",0,"Foreign military engagement; Insurgency",1753956296,2638,2877,3249
SOM49067,2025-02-16,2025,1,"Political violence","Explosions/Remote violence","Air/drone strike","Military Forces of the United Arab Emirates (2022-)","Military Forces of Somalia (2022-) Puntland Dervish Force; Police Forces of Somalia (2022-) Puntland Maritime Police Force",8,28,,706,"Eastern Africa",Somalia,Bari,Qandala,,Dasaan,11.1703,49.8239,2,VOA,International,"On 16 February 2025, UAE forces in coordination with Puntland Maritime Police Force (PMPF) and Puntland Dervish Force conducted an airstrike targeting Islamic State Somalia Province bases in Xikunle area near Dasaan village (Qandala, Bari). Casualties unknown.",0,"Foreign military engagement; Insurgency",1754958639,197,494,682
SOM49067,2025-02-16,2025,1,"Political violence","Explosions/Remote violence","Air/drone strike","Islamic State Somalia Province",,2,28,,706,"Eastern Africa",Somalia,Bari,Qandala,,Dasaan,11.1703,49.8239,2,VOA,International,"On 16 February 2025, UAE forces in coordination with Puntland Maritime Police Force (PMPF) and Puntland Dervish Force conducted an airstrike targeting Islamic State Somalia Province bases in Xikunle area near Dasaan village (Qandala, Bari). Casualties unknown.",0,"Foreign military engagement; Insurgency",1754958639,197,494,682
SOM49068,2025-02-16,2025,1,"Political violence","Explosions/Remote violence","Air/drone strike","Military Forces of the United Arab Emirates (2022-)","Military Forces of Somalia (2022-) Puntland Dervish Force; Police Forces of Somalia (2022-) Puntland Maritime Police Force",8,28,,706,"Eastern Africa",Somalia,Bari,Qandala,,Xankookib,11.1695,49.8307,1,"Garowe Online; Horseed Media; Puntland Post; Radio Kulmiye; Radio Risala; Shabelle Media Network; VOA",National-International,"On 16 February 2025, UAE forces in coordination with Puntland Maritime Police Force (PMPF) and Puntland Dervish Force conducted an airstrike targeting Islamic State Somalia Province bases used to manufacture improvised firearms, bombs and explosives in Xankookib village (Qandala, Bari). More than 12 militants were killed.",12,"Foreign military engagement; Insurgency",1753956296,1654,2498,3083
SOM49068,2025-02-16,2025,1,"Political violence","Explosions/Remote violence","Air/drone strike","Islamic State Somalia Province",,2,28,,706,"Eastern Africa",Somalia,Bari,Qandala,,Xankookib,11.1695,49.8307,1,"Garowe Online; Horseed Media; Puntland Post; Radio Kulmiye; Radio Risala; Shabelle Media Network; VOA",National-International,"On 16 February 2025, UAE forces in coordination with Puntland Maritime Police Force (PMPF) and Puntland Dervish Force conducted an airstrike targeting Islamic State Somalia Province bases used to manufacture improvised firearms, bombs and explosives in Xankookib village (Qandala, Bari). More than 12 militants were killed.",12,"Foreign military engagement; Insurgency",1753956296,1654,2498,3083
SOM49070,2025-02-16,2025,1,"Political violence","Explosions/Remote violence","Air/drone strike","Military Forces of the United States (2025-)","Military Forces of Somalia (2022-)",8,28,,706,"Eastern Africa",Somalia,Bari,Qandala,,Daray-Madobe,11.0019,49.9660,1,"BBC News; Caasimada; Garowe Online; Puntland Post; Radio Kulmiye; Shabelle Media Network; Somali News Agency; VOA",National-International,"On 16 February 2025, US forces in coordination with government security forces (SNA), conducted an airstrike targeting Islamic State Somalia Province hideout in Daray-Madobe village (Qandala, Bari). 12 militants were killed.",12,"Foreign military engagement; Insurgency",1782855118,607,816,816
SOM49070,2025-02-16,2025,1,"Political violence","Explosions/Remote violence","Air/drone strike","Islamic State Somalia Province",,2,28,,706,"Eastern Africa",Somalia,Bari,Qandala,,Daray-Madobe,11.0019,49.9660,1,"BBC News; Caasimada; Garowe Online; Puntland Post; Radio Kulmiye; Shabelle Media Network; Somali News Agency; VOA",National-International,"On 16 February 2025, US forces in coordination with government security forces (SNA), conducted an airstrike targeting Islamic State Somalia Province hideout in Daray-Madobe village (Qandala, Bari). 12 militants were killed.",12,"Foreign military engagement; Insurgency",1782855118,607,816,816
SOM49071,2025-02-16,2025,1,"Political violence","Explosions/Remote violence","Air/drone strike","Military Forces of the United States (2025-)","Military Forces of Somalia (2022-)",8,28,,706,"Eastern Africa",Somalia,Bari,Qandala,,Xankookib,11.1695,49.8307,1,"AFRICOM; BBC News; Caasimada; Garowe Online; Goobjoob; Puntland Post; Radio Kulmiye; Shabelle Media Network; Somali News Agency; Undisclosed Source; VOA","Local partner-Other","On 16 February 2025, US forces in coordination with government security forces (SNA), conducted an airstrike targeting Islamic State Somalia Province hideout in Xankookib (Qandala, Bari). 2 militants were killed.",2,"Foreign military engagement; Insurgency",1782855118,1654,2498,3083
SOM49071,2025-02-16,2025,1,"Political violence","Explosions/Remote violence","Air/drone strike","Islamic State Somalia Province",,2,28,,706,"Eastern Africa",Somalia,Bari,Qandala,,Xankookib,11.1695,49.8307,1,"AFRICOM; BBC News; Caasimada; Garowe Online; Goobjoob; Puntland Post; Radio Kulmiye; Shabelle Media Network; Somali News Agency; Undisclosed Source; VOA","Local partner-Other","On 16 February 2025, US forces in coordination with government security forces (SNA), conducted an airstrike targeting Islamic State Somalia Province hideout in Xankookib (Qandala, Bari). 2 militants were killed.",2,"Foreign military engagement; Insurgency",1782855118,1654,2498,3083
SOM49069,2025-02-18,2025,1,"Political violence","Explosions/Remote violence","Air/drone strike","Military Forces of the United Arab Emirates (2022-)","Military Forces of Somalia (2022-) Puntland Dervish Force; Police Forces of Somalia (2022-) Puntland Maritime Police Force",8,28,,706,"Eastern Africa",Somalia,Bari,Qandala,,Sheebaab,11.0810,49.9080,1,"Caasimada; Goobjoob; Puntland Post; Radio Kulmiye; Radio Risala; Undisclosed Source","Local partner-Other","On 18 February 2025, UAE forces in coordination with Puntland Maritime Police Force (PMPF) and Puntland Dervish Force conducted an airstrike targeting Islamic State Somalia Province in Sheebaab village (Qandala, Bari). 11 militants were killed.",11,"Foreign military engagement; Insurgency",1753956296,2638,2877,3249
SOM49069,2025-02-18,2025,1,"Political violence","Explosions/Remote violence","Air/drone strike","Islamic State Somalia Province",,2,28,,706,"Eastern Africa",Somalia,Bari,Qandala,,Sheebaab,11.0810,49.9080,1,"Caasimada; Goobjoob; Puntland Post; Radio Kulmiye; Radio Risala; Undisclosed Source","Local partner-Other","On 18 February 2025, UAE forces in coordination with Puntland Maritime Police Force (PMPF) and Puntland Dervish Force conducted an airstrike targeting Islamic State Somalia Province in Sheebaab village (Qandala, Bari). 11 militants were killed.",11,"Foreign military engagement; Insurgency",1753956296,2638,2877,3249
SOM49089,2025-02-18,2025,1,"Political violence","Explosions/Remote violence","Air/drone strike","Unidentified Military Forces",,8,28,,706,"Eastern Africa",Somalia,"Lower Juba",Afmadow,,Dhobley,0.4063,41.0124,2,"Undisclosed Source","Local partner-Other","On 18 February 2025, unidentified warplanes carried out airstrikes targeting Al Shabaab hideouts in the outskirts of the Lafo-Gari area near Dhobley town (Afmadow, Lower Juba). There were no casualties.",0,"Foreign military engagement; Insurgency",1753970711,54542,94999,102872
SOM49089,2025-02-18,2025,1,"Political violence","Explosions/Remote violence","Air/drone strike","Al Shabaab",,2,28,,706,"Eastern Africa",Somalia,"Lower Juba",Afmadow,,Dhobley,0.4063,41.0124,2,"Undisclosed Source","Local partner-Other","On 18 February 2025, unidentified warplanes carried out airstrikes targeting Al Shabaab hideouts in the outskirts of the Lafo-Gari area near Dhobley town (Afmadow, Lower Juba). There were no casualties.",0,"Foreign military engagement; Insurgency",1753970711,54542,94999,102872
SOM49042,2025-02-20,2025,1,"Political violence","Explosions/Remote violence","Air/drone strike","Military Forces of the United Arab Emirates (2022-)","Military Forces of Somalia (2022-) Puntland Dervish Force; Police Forces of Somalia (2022-) Puntland Maritime Police Force",8,28,,706,"Eastern Africa",Somalia,Bari,Qandala,,Dandamale,10.9953,50.0027,1,"Hiiraan (Somalia); Puntland Post; Radio Kulmiye",National,"On 20 February 2025, UAE forces in coordination with Puntland Maritime Police Force (PMPF) and Puntland Dervish Force conducted two airstrikes targeting Islamic State Somalia Province bases in Dandamale village (Qandala, Bari). 29 militants were killed.",29,"Foreign military engagement; Insurgency",1753956296,123,139,139
SOM49042,2025-02-20,2025,1,"Political violence","Explosions/Remote violence","Air/drone strike","Islamic State Somalia Province",,2,28,,706,"Eastern Africa",Somalia,Bari,Qandala,,Dandamale,10.9953,50.0027,1,"Hiiraan (Somalia); Puntland Post; Radio Kulmiye",National,"On 20 February 2025, UAE forces in coordination with Puntland Maritime Police Force (PMPF) and Puntland Dervish Force conducted two airstrikes targeting Islamic State Somalia Province bases in Dandamale village (Qandala, Bari). 29 militants were killed.",29,"Foreign military engagement; Insurgency",1753956296,123,139,139
CDI3199,2025-02-20,2025,1,"Strategic developments","Strategic developments",Agreement,"Military Forces of the Ivory Coast (2011-)",,1,18,,384,"Western Africa","Ivory Coast",Abidjan,Abidjan,Abidjian,Port-Bouet,5.2570,-3.9630,1,"Afrik Soir; Afrique sur 7; AP; Connection Ivoirienne; News Abidjan",National-Regional,"On 20 February 2025, Cote d'Ivoire officially took control of the last French military base in the country in Port-Bouet (Abidjan, Abidjan) after reaching an agreement with Paris. Some 80 French military personnel will remain in the country to advise and train Ivorian military personnel.",0,"Foreign military engagement",1753954337,48834,124823,317297
CDI3199,2025-02-20,2025,1,"Strategic developments","Strategic developments",Agreement,"Military Forces of France (2017-)",,8,18,,384,"Western Africa","Ivory Coast",Abidjan,Abidjan,Abidjian,Port-Bouet,5.2570,-3.9630,1,"Afrik Soir; Afrique sur 7; AP; Connection Ivoirienne; News Abidjan",National-Regional,"On 20 February 2025, Cote d'Ivoire officially took control of the last French military base in the country in Port-Bouet (Abidjan, Abidjan) after reaching an agreement with Paris. Some 80 French military personnel will remain in the country to advise and train Ivorian military personnel.",0,"Foreign military engagement",1753954337,48834,124823,317297
SOM49090,2025-02-21,2025,1,"Political violence","Explosions/Remote violence","Air/drone strike","Unidentified Military Forces","Military Forces of Somalia (2022-)",8,28,,706,"Eastern Africa",Somalia,"Middle Shabelle","Adan Yabaal",,"Adan Yabaal",3.7742,46.2499,2,"Radio Kulmiye",National,"On 21 February 2025, international forces (described as international friends, coded as Unidentified Military Forces), in coordination with government security forces (SNA) conducted an airstrike targeting Al Shabaab convoy in between Sabasabley and Ceel Cali Axmed villages near Adan Yabaal (Adan Yabaal, Middle Shabelle). Casualties unknown.",0,"Foreign military engagement; Insurgency",1753970711,17296,17729,18912
SOM49090,2025-02-21,2025,1,"Political violence","Explosions/Remote violence","Air/drone strike","Al Shabaab",,2,28,,706,"Eastern Africa",Somalia,"Middle Shabelle","Adan Yabaal",,"Adan Yabaal",3.7742,46.2499,2,"Radio Kulmiye",National,"On 21 February 2025, international forces (described as international friends, coded as Unidentified Military Forces), in coordination with government security forces (SNA) conducted an airstrike targeting Al Shabaab convoy in between Sabasabley and Ceel Cali Axmed villages near Adan Yabaal (Adan Yabaal, Middle Shabelle). Casualties unknown.",0,"Foreign military engagement; Insurgency",1753970711,17296,17729,18912
SOM49091,2025-02-21,2025,1,"Political violence","Explosions/Remote violence","Air/drone strike","Unidentified Military Forces","Military Forces of Somalia (2022-)",8,28,,706,"Eastern Africa",Somalia,"Middle Shabelle","Adan Yabaal",,Al-Kowsar,3.6965,46.3835,2,"Radio Kulmiye",National,"On 21 February 2025, international forces (described as international friends, coded as Unidentified Military Forces), in coordination with government security forces (SNA) conducted an airstrike targeting Al Shabaab convoy near Al-Kowsar village (Adan Yabaal, Middle Shabelle). An unknown number of militants were killed and wounded. Unspecified number of fatalities coded as 3.",3,"Foreign military engagement; Insurgency",1753970711,10556,11491,13693
SOM49091,2025-02-21,2025,1,"Political violence","Explosions/Remote violence","Air/drone strike","Al Shabaab",,2,28,,706,"Eastern Africa",Somalia,"Middle Shabelle","Adan Yabaal",,Al-Kowsar,3.6965,46.3835,2,"Radio Kulmiye",National,"On 21 February 2025, international forces (described as international friends, coded as Unidentified Military Forces), in coordination with government security forces (SNA) conducted an airstrike targeting Al Shabaab convoy near Al-Kowsar village (Adan Yabaal, Middle Shabelle). An unknown number of militants were killed and wounded. Unspecified number of fatalities coded as 3.",3,"Foreign military engagement; Insurgency",1753970711,10556,11491,13693
SOM49132,2025-02-21,2025,1,"Political violence","Explosions/Remote violence","Air/drone strike","Military Forces of the United States (2025-)","Military Forces of Somalia (2022-)",8,28,,706,"Eastern Africa",Somalia,Bari,Qandala,,Gaatir-Oodan,11.0295,49.9414,1,"Caasimada; Hiiraan (Somalia); Puntland Post; Radio Risala; Shabelle Media Network",National,"On 21 February 2025, overnight, US forces in coordination with government security forces (SNA), conducted an airstrike targeting Islamic State Somalia Province hideout in Gaatir-Oodan village (Qandala, Bari). Casualties unknown.",0,"Foreign military engagement; Insurgency",1753956296,1278,1848,1980
SOM49132,2025-02-21,2025,1,"Political violence","Explosions/Remote violence","Air/drone strike","Islamic State Somalia Province",,2,28,,706,"Eastern Africa",Somalia,Bari,Qandala,,Gaatir-Oodan,11.0295,49.9414,1,"Caasimada; Hiiraan (Somalia); Puntland Post; Radio Risala; Shabelle Media Network",National,"On 21 February 2025, overnight, US forces in coordination with government security forces (SNA), conducted an airstrike targeting Islamic State Somalia Province hideout in Gaatir-Oodan village (Qandala, Bari). Casualties unknown.",0,"Foreign military engagement; Insurgency",1753956296,1278,1848,1980
SOM49131,2025-02-21,2025,1,"Political violence","Explosions/Remote violence","Air/drone strike","Military Forces of the United States (2025-)","Military Forces of Somalia (2022-)",8,28,,706,"Eastern Africa",Somalia,Hiraan,"Bulo Burto",,"Bulo Burto",3.8519,45.5651,1,"AFRICOM; Garowe Online; Hiiraan (Somalia); Mareeg News (Somalia); Radio Risala; Shabelle Media Network",Subnational-National,"On 21 February 2025, overnight, US forces in coordination with government security forces (SNA), conducted an airstrike targeting Al Shabaab in the vicinity of Bulo Burto town (Bulo Burto, Hiraan). Casualties unknown.",0,"Foreign military engagement; Insurgency",1753956296,7557,11823,15117
SOM49131,2025-02-21,2025,1,"Political violence","Explosions/Remote violence","Air/drone strike","Al Shabaab",,2,28,,706,"Eastern Africa",Somalia,Hiraan,"Bulo Burto",,"Bulo Burto",3.8519,45.5651,1,"AFRICOM; Garowe Online; Hiiraan (Somalia); Mareeg News (Somalia); Radio Risala; Shabelle Media Network",Subnational-National,"On 21 February 2025, overnight, US forces in coordination with government security forces (SNA), conducted an airstrike targeting Al Shabaab in the vicinity of Bulo Burto town (Bulo Burto, Hiraan). Casualties unknown.",0,"Foreign military engagement; Insurgency",1753956296,7557,11823,15117
SOM49092,2025-02-21,2025,1,"Political violence","Explosions/Remote violence","Air/drone strike","Unidentified Military Forces","Military Forces of Somalia (2022-)",8,28,,706,"Eastern Africa",Somalia,"Middle Shabelle",Jowhar,,"Cali Fool Dheere",2.8831,45.6569,2,"Radio Kulmiye",National,"On 21 February 2025, international forces (described as international friends, coded as Unidentified Military Forces), in coordination with government security forces (SNA) conducted an airstrike targeting Al Shabaab convoy near Cali Fool Dheere village (Jowhar, Middle Shabelle). An unknown number of militants were killed and wounded. Unspecified number of fatalities coded as 3.",3,"Foreign military engagement; Insurgency",1753970711,276,866,2499
SOM49092,2025-02-21,2025,1,"Political violence","Explosions/Remote violence","Air/drone strike","Al Shabaab",,2,28,,706,"Eastern Africa",Somalia,"Middle Shabelle",Jowhar,,"Cali Fool Dheere",2.8831,45.6569,2,"Radio Kulmiye",National,"On 21 February 2025, international forces (described as international friends, coded as Unidentified Military Forces), in coordination with government security forces (SNA) conducted an airstrike targeting Al Shabaab convoy near Cali Fool Dheere village (Jowhar, Middle Shabelle). An unknown number of militants were killed and wounded. Unspecified number of fatalities coded as 3.",3,"Foreign military engagement; Insurgency",1753970711,276,866,2499
SOM49134,2025-02-22,2025,1,"Political violence","Explosions/Remote violence","Air/drone strike","Military Forces of the United States (2025-)",,8,28,,706,"Eastern Africa",Somalia,Bari,Qandala,,Dandamale,10.9953,50.0027,1,"Undisclosed Source","Local partner-Other","On 22 February 2025, overnight, US forces conducted an airstrike targeting Islamic State Somalia Province hideout in Dandamale village (Qandala, Bari). Casualties unknown.",0,"Foreign military engagement; Insurgency",1753956296,123,139,139
SOM49134,2025-02-22,2025,1,"Political violence","Explosions/Remote violence","Air/drone strike","Islamic State Somalia Province",,2,28,,706,"Eastern Africa",Somalia,Bari,Qandala,,Dandamale,10.9953,50.0027,1,"Undisclosed Source","Local partner-Other","On 22 February 2025, overnight, US forces conducted an airstrike targeting Islamic State Somalia Province hideout in Dandamale village (Qandala, Bari). Casualties unknown.",0,"Foreign military engagement; Insurgency",1753956296,123,139,139
SOM49133,2025-02-22,2025,1,"Political violence","Explosions/Remote violence","Air/drone strike","Military Forces of the United States (2025-)",,8,28,,706,"Eastern Africa",Somalia,Bari,Qandala,,Dhasaq,10.9868,50.0396,1,"Undisclosed Source","Local partner-Other","On 22 February 2025, overnight, US forces conducted an airstrike targeting Islamic State Somalia Province hideout in Dhasaq village (Qandala, Bari). Casualties unknown.",0,"Foreign military engagement; Insurgency",1753956296,97,231,277
SOM49133,2025-02-22,2025,1,"Political violence","Explosions/Remote violence","Air/drone strike","Islamic State Somalia Province",,2,28,,706,"Eastern Africa",Somalia,Bari,Qandala,,Dhasaq,10.9868,50.0396,1,"Undisclosed Source","Local partner-Other","On 22 February 2025, overnight, US forces conducted an airstrike targeting Islamic State Somalia Province hideout in Dhasaq village (Qandala, Bari). Casualties unknown.",0,"Foreign military engagement; Insurgency",1753956296,97,231,277
SOM49136,2025-02-22,2025,1,"Political violence","Explosions/Remote violence","Air/drone strike","Military Forces of the United States (2025-)",,8,28,,706,"Eastern Africa",Somalia,Bari,Qandala,,Qurac,10.9939,50.0184,1,"Undisclosed Source","Local partner-Other","On 22 February 2025, overnight, US forces conducted an airstrike targeting Islamic State Somalia Province hideout in Qurac village (Qandala, Bari). Casualties unknown.",0,"Foreign military engagement; Insurgency",1753956296,499,501,501
SOM49136,2025-02-22,2025,1,"Political violence","Explosions/Remote violence","Air/drone strike","Islamic State Somalia Province",,2,28,,706,"Eastern Africa",Somalia,Bari,Qandala,,Qurac,10.9939,50.0184,1,"Undisclosed Source","Local partner-Other","On 22 February 2025, overnight, US forces conducted an airstrike targeting Islamic State Somalia Province hideout in Qurac village (Qandala, Bari). Casualties unknown.",0,"Foreign military engagement; Insurgency",1753956296,499,501,501
SOM49135,2025-02-22,2025,1,"Political violence","Explosions/Remote violence","Air/drone strike","Military Forces of the United States (2025-)","Military Forces of Somalia (2022-)",8,28,,706,"Eastern Africa",Somalia,Bari,Qandala,,Sheebaab,11.0810,49.9080,2,"Caasimada; Goobjoob; Hiiraan (Somalia); Horseed Media; Puntland Post; Radio Dalsan; Radio Risala; Shabelle Media Network",National,"On 22 February 2025, US forces in coordination with government security forces (SNA), conducted an airstrike targeting Islamic State Somalia Province in Cascaso area near Sheebaab (Qandala, Bari). At least 3 militants were killed.",3,"Foreign military engagement; Insurgency",1753956296,2638,2877,3249
SOM49135,2025-02-22,2025,1,"Political violence","Explosions/Remote violence","Air/drone strike","Islamic State Somalia Province",,2,28,,706,"Eastern Africa",Somalia,Bari,Qandala,,Sheebaab,11.0810,49.9080,2,"Caasimada; Goobjoob; Hiiraan (Somalia); Horseed Media; Puntland Post; Radio Dalsan; Radio Risala; Shabelle Media Network",National,"On 22 February 2025, US forces in coordination with government security forces (SNA), conducted an airstrike targeting Islamic State Somalia Province in Cascaso area near Sheebaab (Qandala, Bari). At least 3 militants were killed.",3,"Foreign military engagement; Insurgency",1753956296,2638,2877,3249
SOM49094,2025-02-22,2025,1,"Political violence",Battles,"Armed clash","Al Shabaab",,2,28,,706,"Eastern Africa",Somalia,"Lower Shabelle",Afgooye,,Laantabuur,2.0537,45.0548,1,"Somali Memo; Undisclosed Source","Local partner-Other","On 22 February 2025, overnight, Al Shabaab carried out a hit-and-run attack against AUSSOM UPDF troops and engaged them in an armed clash at a defensive base in Laantabuur village (Afgooye, Lower Shabelle). The clash was initiated with RPGs, there were no casualties and Al Shabaab claimed responsibility.",0,"Foreign military engagement; Insurgency",1753970711,622,2191,7529
SOM49094,2025-02-22,2025,1,"Political violence",Battles,"Armed clash","AUSSOM: Africa Union Support and Stabilisation Mission in Somalia (2025-) (Uganda)",,8,28,,706,"Eastern Africa",Somalia,"Lower Shabelle",Afgooye,,Laantabuur,2.0537,45.0548,1,"Somali Memo; Undisclosed Source","Local partner-Other","On 22 February 2025, overnight, Al Shabaab carried out a hit-and-run attack against AUSSOM UPDF troops and engaged them in an armed clash at a defensive base in Laantabuur village (Afgooye, Lower Shabelle). The clash was initiated with RPGs, there were no casualties and Al Shabaab claimed responsibility.",0,"Foreign military engagement; Insurgency",1753970711,622,2191,7529
GNB392,2025-02-23,2025,1,"Strategic developments","Strategic developments",Agreement,"Government of Senegal (2024-)",,8,28,,624,"Western Africa",Guinea-Bissau,Bissau,SAB,,Bissau,11.8726,-15.5885,3,"Agence de Presse Senegalaise; Agencia de Noticias da Guine; Anadolu Agency; Xinhua",National-Regional,"On 23 February 2025, the Senegalese government and the Movement of Democratic Forces of Casamance (MFDC) signed a peace agreement in Bissau (SAB, Bissau) under the mediation of Guinea-Bissau President Umaro Sissoco Embalo. The deal foresees a ceasefire, the regrouping of the rebels, the handing over of arms and ammunition, and the social reintegration of the rebel fighters.",0,"Foreign military engagement; Insurgency",1753954363,34717,122697,471538
GNB392,2025-02-23,2025,1,"Strategic developments","Strategic developments",Agreement,"MFDC: Movement of Democratic Forces of Casamance (Front Sud)",,2,28,,624,"Western Africa",Guinea-Bissau,Bissau,SAB,,Bissau,11.8726,-15.5885,3,"Agence de Presse Senegalaise; Agencia de Noticias da Guine; Anadolu Agency; Xinhua",National-Regional,"On 23 February 2025, the Senegalese government and the Movement of Democratic Forces of Casamance (MFDC) signed a peace agreement in Bissau (SAB, Bissau) under the mediation of Guinea-Bissau President Umaro Sissoco Embalo. The deal foresees a ceasefire, the regrouping of the rebels, the handing over of arms and ammunition, and the social reintegration of the rebel fighters.",0,"Foreign military engagement; Insurgency",1753954363,34717,122697,471538
SOM49137,2025-02-23,2025,1,"Political violence","Explosions/Remote violence","Air/drone strike","Unidentified Military Forces",,8,28,,706,"Eastern Africa",Somalia,"Lower Shabelle",Sablaale,,Sablaale,1.2495,43.8045,1,"Caasimada; Hiiraan (Somalia); Radio Dalsan; Radio Risala; Undisclosed Source","Local partner-Other","On 23 February 2025, unidentified warplanes carried out airstrikes targeting Al Shabaab hideouts in Sablaale town (Sablaale, Lower Shabelle). Unspecified number of militants were killed, including foreign operatives plotting attacks on the Middle Shabelle region. Unspecified number of fatalities coded as 3.",3,"Foreign military engagement; Insurgency",1753970711,33383,40721,41316
SOM49137,2025-02-23,2025,1,"Political violence","Explosions/Remote violence","Air/drone strike","Al Shabaab",,2,28,,706,"Eastern Africa",Somalia,"Lower Shabelle",Sablaale,,Sablaale,1.2495,43.8045,1,"Caasimada; Hiiraan (Somalia); Radio Dalsan; Radio Risala; Undisclosed Source","Local partner-Other","On 23 February 2025, unidentified warplanes carried out airstrikes targeting Al Shabaab hideouts in Sablaale town (Sablaale, Lower Shabelle). Unspecified number of militants were killed, including foreign operatives plotting attacks on the Middle Shabelle region. Unspecified number of fatalities coded as 3.",3,"Foreign military engagement; Insurgency",1753970711,33383,40721,41316
SOM49138,2025-02-23,2025,1,"Political violence","Explosions/Remote violence","Air/drone strike","Unidentified Military Forces",,8,28,,706,"Eastern Africa",Somalia,"Lower Shabelle",Baraawe,,Haawaay,1.1685,43.7143,1,"Caasimada; Hiiraan (Somalia); Radio Dalsan; Radio Risala; Undisclosed Source","Local partner-Other","On 23 February 2025, unidentified warplanes carried out airstrikes targeting Al Shabaab explosion center in Haawaay village (Baraawe, Lower Shabelle). The airstrike destroyed vehicles laden with explosives. Casualties unknown.",0,"Foreign military engagement; Insurgency",1753970711,1606,6081,6681
SOM49138,2025-02-23,2025,1,"Political violence","Explosions/Remote violence","Air/drone strike","Al Shabaab",,2,28,,706,"Eastern Africa",Somalia,"Lower Shabelle",Baraawe,,Haawaay,1.1685,43.7143,1,"Caasimada; Hiiraan (Somalia); Radio Dalsan; Radio Risala; Undisclosed Source","Local partner-Other","On 23 February 2025, unidentified warplanes carried out airstrikes targeting Al Shabaab explosion center in Haawaay village (Baraawe, Lower Shabelle). The airstrike destroyed vehicles laden with explosives. Casualties unknown.",0,"Foreign military engagement; Insurgency",1753970711,1606,6081,6681
SOM49139,2025-02-23,2025,1,"Political violence","Explosions/Remote violence","Air/drone strike","Unidentified Military Forces",,8,28,,706,"Eastern Africa",Somalia,"Middle Juba",Jilib,,Haramka,0.6285,43.1746,1,"Caasimada; Hiiraan (Somalia); Radio Dalsan; Radio Risala; Undisclosed Source","Local partner-Other","On 23 February 2025, unidentified warplanes carried out airstrikes targeting Al Shabaab hideouts in Haramka village (Jilib, Middle Juba). Casualties unknown.",0,"Foreign military engagement; Insurgency",1753970711,1027,1082,1098
SOM49139,2025-02-23,2025,1,"Political violence","Explosions/Remote violence","Air/drone strike","Al Shabaab",,2,28,,706,"Eastern Africa",Somalia,"Middle Juba",Jilib,,Haramka,0.6285,43.1746,1,"Caasimada; Hiiraan (Somalia); Radio Dalsan; Radio Risala; Undisclosed Source","Local partner-Other","On 23 February 2025, unidentified warplanes carried out airstrikes targeting Al Shabaab hideouts in Haramka village (Jilib, Middle Juba). Casualties unknown.",0,"Foreign military engagement; Insurgency",1753970711,1027,1082,1098
SOM49145,2025-02-23,2025,1,"Political violence","Explosions/Remote violence","Air/drone strike","Unidentified Military Forces",,8,28,,706,"Eastern Africa",Somalia,"Middle Juba",Bu'aale,,Arabow,1.4518,42.9518,1,"Caasimada; Hiiraan (Somalia); Radio Dalsan; Radio Risala; Undisclosed Source","Local partner-Other","On 23 February 2025, unidentified warplanes carried out airstrikes targeting Al Shabaab hideouts in Arabow village (Bu'aale, Middle Juba). Casualties unknown.",0,"Foreign military engagement; Insurgency",1762292062,9128,11097,11373
SOM49145,2025-02-23,2025,1,"Political violence","Explosions/Remote violence","Air/drone strike","Al Shabaab",,2,28,,706,"Eastern Africa",Somalia,"Middle Juba",Bu'aale,,Arabow,1.4518,42.9518,1,"Caasimada; Hiiraan (Somalia); Radio Dalsan; Radio Risala; Undisclosed Source","Local partner-Other","On 23 February 2025, unidentified warplanes carried out airstrikes targeting Al Shabaab hideouts in Arabow village (Bu'aale, Middle Juba). Casualties unknown.",0,"Foreign military engagement; Insurgency",1762292062,9128,11097,11373
SOM49095,2025-02-23,2025,1,"Political violence",Battles,"Armed clash","Al Shabaab",,2,28,,706,"Eastern Africa",Somalia,"Lower Shabelle",Marka,,"Bulo Mareer",1.6298,44.5196,1,"Calamada; Undisclosed Source","Local partner-Other","On 23 February 2025, overnight, Al Shabaab carried out a hit-and-run attack against AUSSOM UPDF troops and engaged them in an armed clash at a defensive base in Bulo Mareer town (Marka, Lower Shabelle). The clash was initiated with RPGs, there were no casualties and Al Shabaab claimed responsibility.",0,"Foreign military engagement; Insurgency",1753970711,33187,49881,50792
SOM49095,2025-02-23,2025,1,"Political violence",Battles,"Armed clash","AUSSOM: Africa Union Support and Stabilisation Mission in Somalia (2025-) (Uganda)",,8,28,,706,"Eastern Africa",Somalia,"Lower Shabelle",Marka,,"Bulo Mareer",1.6298,44.5196,1,"Calamada; Undisclosed Source","Local partner-Other","On 23 February 2025, overnight, Al Shabaab carried out a hit-and-run attack against AUSSOM UPDF troops and engaged them in an armed clash at a defensive base in Bulo Mareer town (Marka, Lower Shabelle). The clash was initiated with RPGs, there were no casualties and Al Shabaab claimed responsibility.",0,"Foreign military engagement; Insurgency",1753970711,33187,49881,50792
SOM49140,2025-02-24,2025,1,"Political violence","Explosions/Remote violence","Air/drone strike","Unidentified Military Forces","Military Forces of Somalia (2022-)",8,28,,706,"Eastern Africa",Somalia,"Middle Shabelle","Adan Yabaal",,"Daaru Nicma",3.5859,46.4428,1,"Radio Kulmiye",National,"On 24 February 2025, overnight, international forces (described as international friends, coded as Unidentified Military Forces), in coordination with government security forces (SNA) conducted an airstrike targeting Al Shabaab in the vicinity of Daaru Nicma village (Adan Yabaal, Middle Shabelle). An unknown number of militants were killed and wounded. Unspecified number of fatalities coded as 3.",3,"Foreign military engagement; Insurgency",1753970711,76,215,1262
SOM49140,2025-02-24,2025,1,"Political violence","Explosions/Remote violence","Air/drone strike","Al Shabaab",,2,28,,706,"Eastern Africa",Somalia,"Middle Shabelle","Adan Yabaal",,"Daaru Nicma",3.5859,46.4428,1,"Radio Kulmiye",National,"On 24 February 2025, overnight, international forces (described as international friends, coded as Unidentified Military Forces), in coordination with government security forces (SNA) conducted an airstrike targeting Al Shabaab in the vicinity of Daaru Nicma village (Adan Yabaal, Middle Shabelle). An unknown number of militants were killed and wounded. Unspecified number of fatalities coded as 3.",3,"Foreign military engagement; Insurgency",1753970711,76,215,1262
BFO13409,2025-02-24,2025,1,"Political violence","Explosions/Remote violence","Air/drone strike","Unidentified Military Forces",,8,78,"Civilian targeting",854,"Western Africa","Burkina Faso",Nord,Yatenga,Thiou,Bouro,13.6910,-2.5893,1,"Undisclosed Source","Local partner-Other","On 24 February 2025, a group (likely the Burkinabe or Mali military forces due to context, coded as Unidentified Military Forces) carried out drone strikes against an artisanal mining site in the village of Bouro (Thiou, Yatenga). Several miners were killed, and several wounded. The injured miners were taken to health centers in Koro and Mopti, on Malian territory. Unspecified fatalities coded as 3.",3,"Foreign military engagement",1754409061,809,1090,1694
BFO13409,2025-02-24,2025,1,"Political violence","Explosions/Remote violence","Air/drone strike","Civilians (Burkina Faso)","Miners (Burkina Faso)",7,78,"Civilian targeting",854,"Western Africa","Burkina Faso",Nord,Yatenga,Thiou,Bouro,13.6910,-2.5893,1,"Undisclosed Source","Local partner-Other","On 24 February 2025, a group (likely the Burkinabe or Mali military forces due to context, coded as Unidentified Military Forces) carried out drone strikes against an artisanal mining site in the village of Bouro (Thiou, Yatenga). Several miners were killed, and several wounded. The injured miners were taken to health centers in Koro and Mopti, on Malian territory. Unspecified fatalities coded as 3.",3,"Foreign military engagement",1754409061,809,1090,1694
SOM49098,2025-02-24,2025,1,"Political violence",Battles,"Armed clash","Al Shabaab",,2,28,,706,"Eastern Africa",Somalia,"Lower Shabelle",Afgooye,,Laantabuur,2.0537,45.0548,1,Calamada,Subnational,"On 24 February 2025, Al Shabaab carried out a hit-and-run attack against AUSSOM UPDF troops and engaged them in an armed clash at a defensive base in Laantabuur village (Afgooye, Lower Shabelle). The were no casualties and Al Shabaab claimed responsibility.",0,"Foreign military engagement; Insurgency",1753970711,622,2191,7529
SOM49098,2025-02-24,2025,1,"Political violence",Battles,"Armed clash","AUSSOM: Africa Union Support and Stabilisation Mission in Somalia (2025-) (Uganda)",,8,28,,706,"Eastern Africa",Somalia,"Lower Shabelle",Afgooye,,Laantabuur,2.0537,45.0548,1,Calamada,Subnational,"On 24 February 2025, Al Shabaab carried out a hit-and-run attack against AUSSOM UPDF troops and engaged them in an armed clash at a defensive base in Laantabuur village (Afgooye, Lower Shabelle). The were no casualties and Al Shabaab claimed responsibility.",0,"Foreign military engagement; Insurgency",1753970711,622,2191,7529
SOM49143,2025-02-25,2025,1,"Political violence","Explosions/Remote violence","Air/drone strike","Military Forces of the United Arab Emirates (2022-)","Military Forces of Somalia (2022-) Puntland Dervish Force; Police Forces of Somalia (2022-) Puntland Maritime Police Force",8,28,,706,"Eastern Africa",Somalia,Bari,Qandala,,"Buuraha Cali Miskat",10.8548,49.7434,1,"Caasimada; Goobjoob; Hiiraan (Somalia); Puntland Post; Undisclosed Source","Local partner-Other","On 25 February 2025, UAE forces in coordination with Puntland Maritime Police Force (PMPF) and Puntland Dervish Force conducted an airstrike targeting Islamic State Somalia Province bases in Miraale area in Buuraha Cali Miskat (Qandala, Bari). 25 militants were killed.",25,"Foreign military engagement; Insurgency",1759790065,0,0,0
SOM49143,2025-02-25,2025,1,"Political violence","Explosions/Remote violence","Air/drone strike","Islamic State Somalia Province",,2,28,,706,"Eastern Africa",Somalia,Bari,Qandala,,"Buuraha Cali Miskat",10.8548,49.7434,1,"Caasimada; Goobjoob; Hiiraan (Somalia); Puntland Post; Undisclosed Source","Local partner-Other","On 25 February 2025, UAE forces in coordination with Puntland Maritime Police Force (PMPF) and Puntland Dervish Force conducted an airstrike targeting Islamic State Somalia Province bases in Miraale area in Buuraha Cali Miskat (Qandala, Bari). 25 militants were killed.",25,"Foreign military engagement; Insurgency",1759790065,0,0,0
SOM49144,2025-02-25,2025,1,"Political violence","Explosions/Remote violence","Air/drone strike","Unidentified Military Forces",,8,28,,706,"Eastern Africa",Somalia,"Middle Juba",Jilib,,Haramka,0.6285,43.1746,1,"Undisclosed Source","Local partner-Other","On 25 February 2025, an unknown airplane conducted an airstrike targeting an Al Shabaab facility in Haramka village (Jilib, Middle Shabelle) 7 militants were killed, including senior officers.",7,"Foreign military engagement; Insurgency",1753970711,1027,1082,1098
SOM49144,2025-02-25,2025,1,"Political violence","Explosions/Remote violence","Air/drone strike","Al Shabaab",,2,28,,706,"Eastern Africa",Somalia,"Middle Juba",Jilib,,Haramka,0.6285,43.1746,1,"Undisclosed Source","Local partner-Other","On 25 February 2025, an unknown airplane conducted an airstrike targeting an Al Shabaab facility in Haramka village (Jilib, Middle Shabelle) 7 militants were killed, including senior officers.",7,"Foreign military engagement; Insurgency",1753970711,1027,1082,1098
SOM49185,2025-02-25,2025,1,"Political violence","Explosions/Remote violence","Remote explosive/landmine/IED","Al Shabaab",,2,28,,706,"Eastern Africa",Somalia,"Lower Juba",Afmadow,,Tabta,0.3046,41.4394,1,"Undisclosed Source","Local partner-Other","On 25 February 2025, 2 IEDs planted by suspected Al Shabaab exploded, at the front gate of the AUSSOM KDF forward operation base in Tabta village (Afmadow, Lower Juba). The IED hit a civilian vehicle carrying 2 Jubaland soldiers and 1 soldier was killed while 4 were injured, including the driver.",1,"Foreign military engagement; Insurgency",1753970711,8945,9584,9692
SOM49185,2025-02-25,2025,1,"Political violence","Explosions/Remote violence","Remote explosive/landmine/IED","AUSSOM: Africa Union Support and Stabilisation Mission in Somalia (2025-) (Kenya)","Civilians (Somalia)",8,28,,706,"Eastern Africa",Somalia,"Lower Juba",Afmadow,,Tabta,0.3046,41.4394,1,"Undisclosed Source","Local partner-Other","On 25 February 2025, 2 IEDs planted by suspected Al Shabaab exploded, at the front gate of the AUSSOM KDF forward operation base in Tabta village (Afmadow, Lower Juba). The IED hit a civilian vehicle carrying 2 Jubaland soldiers and 1 soldier was killed while 4 were injured, including the driver.",1,"Foreign military engagement; Insurgency",1753970711,8945,9584,9692
MZM4980,2025-02-25,2025,1,"Political violence",Battles,"Armed clash","Islamic State Mozambique (ISM)",,2,28,,508,"Eastern Africa",Mozambique,"Cabo Delgado","Mocimboa da Praia","Mocimboa da Praia",Malinde,-11.1646,40.2437,1,"Cabo Ligado","Local partner-Other","On 25 February 2025, around 30 ISM exchanged fire with Rwandan forces in Malinde (Mocimboa da Praia, Cabo Delgado). There were no casualties and ISM escaped.",0,"Foreign military engagement; Insurgency; Terrorist activity",1762291831,0,4,20
MZM4980,2025-02-25,2025,1,"Political violence",Battles,"Armed clash","Military Forces of Rwanda (1994-)",,8,28,,508,"Eastern Africa",Mozambique,"Cabo Delgado","Mocimboa da Praia","Mocimboa da Praia",Malinde,-11.1646,40.2437,1,"Cabo Ligado","Local partner-Other","On 25 February 2025, around 30 ISM exchanged fire with Rwandan forces in Malinde (Mocimboa da Praia, Cabo Delgado). There were no casualties and ISM escaped.",0,"Foreign military engagement; Insurgency; Terrorist activity",1762291831,0,4,20
SOM49142,2025-02-25,2025,1,"Political violence","Explosions/Remote violence","Air/drone strike","Military Forces of the United States (2025-)","Military Forces of Somalia (2022-); Military Forces of Somalia (2022-) National Intelligence and Security Agency",8,28,,706,"Eastern Africa",Somalia,"Middle Shabelle","Adan Yabaal",,Al-Kowsar,3.6965,46.3835,1,"AFRICOM; Hiiraan (Somalia); Radio Kulmiye; Radio Risala; VOA",National-Regional,"On 25 February 2025, US forces in coordination with government security forces (SNA and NISA) conducted an airstrike targeting Al Shabaab convoy in the vicinity of Al-Kowsar village (Adan Yabaal, Middle Shabelle). An unknown number of militants were killed and wounded. Unspecified number of fatalities coded as 3.",3,"Foreign military engagement; Insurgency",1753956296,10556,11491,13693
SOM49142,2025-02-25,2025,1,"Political violence","Explosions/Remote violence","Air/drone strike","Al Shabaab",,2,28,,706,"Eastern Africa",Somalia,"Middle Shabelle","Adan Yabaal",,Al-Kowsar,3.6965,46.3835,1,"AFRICOM; Hiiraan (Somalia); Radio Kulmiye; Radio Risala; VOA",National-Regional,"On 25 February 2025, US forces in coordination with government security forces (SNA and NISA) conducted an airstrike targeting Al Shabaab convoy in the vicinity of Al-Kowsar village (Adan Yabaal, Middle Shabelle). An unknown number of militants were killed and wounded. Unspecified number of fatalities coded as 3.",3,"Foreign military engagement; Insurgency",1753956296,10556,11491,13693
KEN17184,2025-02-25,2025,1,"Strategic developments","Strategic developments",Agreement,"Government of Kenya (2022-)",,1,18,,404,"Eastern Africa",Kenya,Nairobi,Starehe,"Nairobi Central","Nairobi - Unspecified",-1.2830,36.8170,1,"Daily Nation (Kenya); Kenya Broadcasting Corporation; Kenya Standard; Kenyans.co; Star (Kenya); TUKO",National,"On 25 February 2025, Kenyan and Ethiopian government authorities held diplomatic discussions in Nairobi (Starehe, Nairobi) and agreed to allow the Kenya security team to conduct operations in the Ethiopian territory, following the recent clashes between suspected Dassanach militia and Turkana fishermen (coded separately).",0,"Foreign military engagement",1782778485,20121,60413,107205
KEN17184,2025-02-25,2025,1,"Strategic developments","Strategic developments",Agreement,"Government of Ethiopia (2018-)",,8,18,,404,"Eastern Africa",Kenya,Nairobi,Starehe,"Nairobi Central","Nairobi - Unspecified",-1.2830,36.8170,1,"Daily Nation (Kenya); Kenya Broadcasting Corporation; Kenya Standard; Kenyans.co; Star (Kenya); TUKO",National,"On 25 February 2025, Kenyan and Ethiopian government authorities held diplomatic discussions in Nairobi (Starehe, Nairobi) and agreed to allow the Kenya security team to conduct operations in the Ethiopian territory, following the recent clashes between suspected Dassanach militia and Turkana fishermen (coded separately).",0,"Foreign military engagement",1782778485,20121,60413,107205
SOM49093,2025-02-26,2025,1,"Political violence",Battles,"Armed clash","Al Shabaab",,2,28,,706,"Eastern Africa",Somalia,Gedo,Garbahaarey,,Garbahaarey,3.3280,42.2199,1,Calamada,National,"On 26 February 2025, Al Shabaab attacked AUSSOM ENDF troops and engaged them in an armed clash at a defensive base in Garbahaarey town (Garbahaarey, Gedo). The clash was initiated with RPGs, there were no casualties and Al Shabaab claimed responsibility.",0,"Foreign military engagement; Insurgency",1753970711,26244,34023,36651
SOM49093,2025-02-26,2025,1,"Political violence",Battles,"Armed clash","AUSSOM: Africa Union Support and Stabilisation Mission in Somalia (2025-) (Ethiopia)",,8,28,,706,"Eastern Africa",Somalia,Gedo,Garbahaarey,,Garbahaarey,3.3280,42.2199,1,Calamada,National,"On 26 February 2025, Al Shabaab attacked AUSSOM ENDF troops and engaged them in an armed clash at a defensive base in Garbahaarey town (Garbahaarey, Gedo). The clash was initiated with RPGs, there were no casualties and Al Shabaab claimed responsibility.",0,"Foreign military engagement; Insurgency",1753970711,26244,34023,36651
BFO13414,2025-03-01,2025,2,"Political violence",Battles,"Armed clash","Military Forces of Mali (2021-)","Military Forces of Burkina Faso (2022-); Military Forces of Niger (2023-)",8,28,,854,"Western Africa","Burkina Faso",Sahel,Oudalan,Markoye,Markoye,14.6387,0.0342,2,FAMAMali,Regional,"Around 1 March 2025 (between 24 February - 6 March), the AES forces (Alliance of Sahel States: Burkina Faso, Mali and Niger) carried out ground and air operations against armed groups (likely ISSP militants, based on location) in the areas of Markoye (Markoye, Oudalan) in Burkina Faso, Tessit in Mali and Tera in Niger (coded separately).Several militants were killed, several suspects arrested, militant bases destroyed, and motorcycles, vehicles, weapons, ammunitions, medicines, and other items were seized. Unspecified fatalities coded as 3 for Markoye.",3,"Foreign military engagement; Insurgency; Terrorist activity",1753954337,3032,4491,5167
BFO13414,2025-03-01,2025,2,"Political violence",Battles,"Armed clash","Islamic State Sahel Province (ISSP)",,2,28,,854,"Western Africa","Burkina Faso",Sahel,Oudalan,Markoye,Markoye,14.6387,0.0342,2,FAMAMali,Regional,"Around 1 March 2025 (between 24 February - 6 March), the AES forces (Alliance of Sahel States: Burkina Faso, Mali and Niger) carried out ground and air operations against armed groups (likely ISSP militants, based on location) in the areas of Markoye (Markoye, Oudalan) in Burkina Faso, Tessit in Mali and Tera in Niger (coded separately).Several militants were killed, several suspects arrested, militant bases destroyed, and motorcycles, vehicles, weapons, ammunitions, medicines, and other items were seized. Unspecified fatalities coded as 3 for Markoye.",3,"Foreign military engagement; Insurgency; Terrorist activity",1753954337,3032,4491,5167
SOM49199,2025-03-01,2025,1,"Political violence","Explosions/Remote violence","Air/drone strike","Unidentified Military Forces","Military Forces of Somalia (2022-)",8,28,,706,"Eastern Africa",Somalia,"Middle Shabelle",Jowhar,,"Biyo Cadde",2.9362,45.7920,1,"Caasimada; Garowe Online; Hiiraan (Somalia); Radio Risala; Undisclosed Source","Local partner-Other","On 1 March 2025, international forces (described as allied forces, coded as Unidentified Military Forces), in coordination with government security forces (SNA), conducted an airstrike targeting Al Shabaab in Biyo Cadde village (Jowhar, Middle Shabelle). Government claimed to have killed 44 militants.",44,"Foreign military engagement; Insurgency",1753970711,6819,9969,18204
SOM49199,2025-03-01,2025,1,"Political violence","Explosions/Remote violence","Air/drone strike","Al Shabaab",,2,28,,706,"Eastern Africa",Somalia,"Middle Shabelle",Jowhar,,"Biyo Cadde",2.9362,45.7920,1,"Caasimada; Garowe Online; Hiiraan (Somalia); Radio Risala; Undisclosed Source","Local partner-Other","On 1 March 2025, international forces (described as allied forces, coded as Unidentified Military Forces), in coordination with government security forces (SNA), conducted an airstrike targeting Al Shabaab in Biyo Cadde village (Jowhar, Middle Shabelle). Government claimed to have killed 44 militants.",44,"Foreign military engagement; Insurgency",1753970711,6819,9969,18204
SOM49200,2025-03-02,2025,1,"Political violence","Explosions/Remote violence","Air/drone strike","Unidentified Military Forces","Military Forces of Somalia (2022-)",8,28,,706,"Eastern Africa",Somalia,Hiraan,"Bulo Burto",,Ceel-Cali-Axmed,4.0336,46.3277,2,"Caasimada; Hiiraan (Somalia); Radio Kulmiye; Radio Risala; Somali News Agency",National,"On 2 March 2025, international forces (described as allied forces, coded as Unidentified Military Forces), in coordination with government security forces (SNA) conducted an airstrike targeting Al Shabaab convoy near Ceel-Cali-Axmed village (Bulo Burto, Hiraan). Casualties unknown.",0,"Foreign military engagement; Insurgency",1753970711,108,136,172
SOM49200,2025-03-02,2025,1,"Political violence","Explosions/Remote violence","Air/drone strike","Al Shabaab",,2,28,,706,"Eastern Africa",Somalia,Hiraan,"Bulo Burto",,Ceel-Cali-Axmed,4.0336,46.3277,2,"Caasimada; Hiiraan (Somalia); Radio Kulmiye; Radio Risala; Somali News Agency",National,"On 2 March 2025, international forces (described as allied forces, coded as Unidentified Military Forces), in coordination with government security forces (SNA) conducted an airstrike targeting Al Shabaab convoy near Ceel-Cali-Axmed village (Bulo Burto, Hiraan). Casualties unknown.",0,"Foreign military engagement; Insurgency",1753970711,108,136,172
SOM49198,2025-03-02,2025,1,"Political violence","Explosions/Remote violence","Air/drone strike","Military Forces of the United States (2025-)","Military Forces of Somalia (2022-)",8,28,,706,"Eastern Africa",Somalia,"Middle Shabelle",Jowhar,,"Ceel Baraf",3.2072,45.7593,2,"AFRICOM; BBC News; Garowe Online; Goobjoob; Radio Kulmiye; Radio Risala; Shabelle Media Network; Undisclosed Source","Local partner-Other","On 2 March 2025, US forces in coordination with government security forces (SNA), conducted an airstrike targeting Al Shabaab near Ceel Baraf village (Jowhar, Middle Shabelle). The airstrike destroyed several Al Shabaab vehicles and led to the seizure of explosives. An unknown number of militants were killed and wounded. Unspecified number of fatalities coded as 3.",3,"Foreign military engagement; Insurgency",1782855118,12975,14776,18538
SOM49198,2025-03-02,2025,1,"Political violence","Explosions/Remote violence","Air/drone strike","Al Shabaab",,2,28,,706,"Eastern Africa",Somalia,"Middle Shabelle",Jowhar,,"Ceel Baraf",3.2072,45.7593,2,"AFRICOM; BBC News; Garowe Online; Goobjoob; Radio Kulmiye; Radio Risala; Shabelle Media Network; Undisclosed Source","Local partner-Other","On 2 March 2025, US forces in coordination with government security forces (SNA), conducted an airstrike targeting Al Shabaab near Ceel Baraf village (Jowhar, Middle Shabelle). The airstrike destroyed several Al Shabaab vehicles and led to the seizure of explosives. An unknown number of militants were killed and wounded. Unspecified number of fatalities coded as 3.",3,"Foreign military engagement; Insurgency",1782855118,12975,14776,18538
SOM49201,2025-03-03,2025,1,"Political violence","Explosions/Remote violence","Air/drone strike","Unidentified Military Forces","Military Forces of Somalia (2022-)",8,28,,706,"Eastern Africa",Somalia,"Middle Shabelle",Jowhar,,"Ceel Baraf",3.2072,45.7593,1,"Radio Kulmiye; Radio Risala",National,"On 3 March 2025, international forces (described as allied forces, coded as Unidentified Military Forces), in coordination with government security forces (SNA), conducted an airstrike targeting Al Shabaab hideout in the vicinity of Ceel Baraf village (Jowhar, Middle Shabelle). An unknown number of militants were killed and wounded. Unspecified number of fatalities coded as 3.",3,"Foreign military engagement; Insurgency",1753970711,12975,14776,18538
SOM49201,2025-03-03,2025,1,"Political violence","Explosions/Remote violence","Air/drone strike","Al Shabaab",,2,28,,706,"Eastern Africa",Somalia,"Middle Shabelle",Jowhar,,"Ceel Baraf",3.2072,45.7593,1,"Radio Kulmiye; Radio Risala",National,"On 3 March 2025, international forces (described as allied forces, coded as Unidentified Military Forces), in coordination with government security forces (SNA), conducted an airstrike targeting Al Shabaab hideout in the vicinity of Ceel Baraf village (Jowhar, Middle Shabelle). An unknown number of militants were killed and wounded. Unspecified number of fatalities coded as 3.",3,"Foreign military engagement; Insurgency",1753970711,12975,14776,18538
SOM49202,2025-03-03,2025,1,"Political violence","Explosions/Remote violence","Air/drone strike","Unidentified Military Forces","Military Forces of Somalia (2022-)",8,28,,706,"Eastern Africa",Somalia,Hiraan,"Bulo Burto",,"Beer Yabual",4.0230,45.5727,1,"Undisclosed Source","Local partner-Other","On 3 March 2025, international forces (described as allied forces, coded as Unidentified Military Forces), in coordination with government security forces (SNA), conducted an airstrike targeting Al Shabaab hideouts in Beer Yabual village (Bulo Burto, Hiraan). Casualties unknown.",0,"Foreign military engagement; Insurgency",1753970711,17,56,576
SOM49202,2025-03-03,2025,1,"Political violence","Explosions/Remote violence","Air/drone strike","Al Shabaab",,2,28,,706,"Eastern Africa",Somalia,Hiraan,"Bulo Burto",,"Beer Yabual",4.0230,45.5727,1,"Undisclosed Source","Local partner-Other","On 3 March 2025, international forces (described as allied forces, coded as Unidentified Military Forces), in coordination with government security forces (SNA), conducted an airstrike targeting Al Shabaab hideouts in Beer Yabual village (Bulo Burto, Hiraan). Casualties unknown.",0,"Foreign military engagement; Insurgency",1753970711,17,56,576
SOM49203,2025-03-03,2025,1,"Political violence","Explosions/Remote violence","Air/drone strike","Unidentified Military Forces","Military Forces of Somalia (2022-)",8,28,,706,"Eastern Africa",Somalia,Hiraan,"Bulo Burto",,Jicibow,4.0954,45.5098,1,"Undisclosed Source","Local partner-Other","On 3 March 2025, international forces (described as allied forces, coded as Unidentified Military Forces), in coordination with government security forces (SNA) conducted an airstrike targeting Al Shabaab hideouts in Jicibow village (Bulo Burto, Hiraan). Casualties unknown.",0,"Foreign military engagement; Insurgency",1753970711,326,644,2090
SOM49203,2025-03-03,2025,1,"Political violence","Explosions/Remote violence","Air/drone strike","Al Shabaab",,2,28,,706,"Eastern Africa",Somalia,Hiraan,"Bulo Burto",,Jicibow,4.0954,45.5098,1,"Undisclosed Source","Local partner-Other","On 3 March 2025, international forces (described as allied forces, coded as Unidentified Military Forces), in coordination with government security forces (SNA) conducted an airstrike targeting Al Shabaab hideouts in Jicibow village (Bulo Burto, Hiraan). Casualties unknown.",0,"Foreign military engagement; Insurgency",1753970711,326,644,2090
SOM49204,2025-03-04,2025,1,"Political violence","Explosions/Remote violence","Air/drone strike","Unidentified Military Forces","Military Forces of Somalia (2022-)",8,28,,706,"Eastern Africa",Somalia,Hiraan,"Bulo Burto",,Ceel-Cali-Axmed,4.0336,46.3277,1,"Radio Kulmiye; Shabelle Media Network",Subnational-National,"On 4 March 2025, international forces (described as allied forces, coded as Unidentified Military Forces), in coordination with government security forces (SNA) conducted an airstrike targeting Al Shabaab hideouts in the vicinity of Ceel-Cali-Axmed village (Bulo Burto, Hiraan). Casualties unknown.",0,"Foreign military engagement; Insurgency",1753970711,108,136,172
SOM49204,2025-03-04,2025,1,"Political violence","Explosions/Remote violence","Air/drone strike","Al Shabaab",,2,28,,706,"Eastern Africa",Somalia,Hiraan,"Bulo Burto",,Ceel-Cali-Axmed,4.0336,46.3277,1,"Radio Kulmiye; Shabelle Media Network",Subnational-National,"On 4 March 2025, international forces (described as allied forces, coded as Unidentified Military Forces), in coordination with government security forces (SNA) conducted an airstrike targeting Al Shabaab hideouts in the vicinity of Ceel-Cali-Axmed village (Bulo Burto, Hiraan). Casualties unknown.",0,"Foreign military engagement; Insurgency",1753970711,108,136,172
SOM49205,2025-03-04,2025,1,"Political violence","Explosions/Remote violence","Air/drone strike","Military Forces of Ethiopia (2018-)","Military Forces of Somalia (2022-)",8,28,,706,"Eastern Africa",Somalia,"Middle Shabelle","Adan Yabaal",,Boos-Caduur,3.5148,46.3529,1,"Caasimada; Garowe Online; Hiiraan (Somalia); Radio Kulmiye; Radio Risala; Shabelle Media Network; VOA",National-International,"On 4 March 2025, Ethiopia security forces (non-AUSSOM) in coordination with government security forces (SNA) conducted an airstrike targeting Al Shabaab hideouts in Boos-Caduur village (Adan Yabaal, Middle Shabelle). Casualties unknown.",0,"Foreign military engagement; Insurgency",1753956296,275,416,1382
SOM49205,2025-03-04,2025,1,"Political violence","Explosions/Remote violence","Air/drone strike","Al Shabaab",,2,28,,706,"Eastern Africa",Somalia,"Middle Shabelle","Adan Yabaal",,Boos-Caduur,3.5148,46.3529,1,"Caasimada; Garowe Online; Hiiraan (Somalia); Radio Kulmiye; Radio Risala; Shabelle Media Network; VOA",National-International,"On 4 March 2025, Ethiopia security forces (non-AUSSOM) in coordination with government security forces (SNA) conducted an airstrike targeting Al Shabaab hideouts in Boos-Caduur village (Adan Yabaal, Middle Shabelle). Casualties unknown.",0,"Foreign military engagement; Insurgency",1753956296,275,416,1382
SOM49206,2025-03-04,2025,1,"Political violence","Explosions/Remote violence","Air/drone strike","Military Forces of Ethiopia (2018-)","Military Forces of Somalia (2022-)",8,28,,706,"Eastern Africa",Somalia,"Middle Shabelle","Adan Yabaal",,"Daaru Nicma",3.5859,46.4428,1,"BBC News; Caasimada; Garowe Online; Hiiraan (Somalia); Radio Risala; Shabelle Media Network; Undisclosed Source; VOA","Local partner-Other","On 4 March 2025, Ethiopia security forces (non-AUSSOM) in coordination with government security forces (SNA) conducted an airstrike targeting Al Shabaab hideouts in the vicinity of Daaru Nicma village (Adan Yabaal, Middle Shabelle). Casualties unknown.",0,"Foreign military engagement; Insurgency",1782855118,76,215,1262
SOM49206,2025-03-04,2025,1,"Political violence","Explosions/Remote violence","Air/drone strike","Al Shabaab",,2,28,,706,"Eastern Africa",Somalia,"Middle Shabelle","Adan Yabaal",,"Daaru Nicma",3.5859,46.4428,1,"BBC News; Caasimada; Garowe Online; Hiiraan (Somalia); Radio Risala; Shabelle Media Network; Undisclosed Source; VOA","Local partner-Other","On 4 March 2025, Ethiopia security forces (non-AUSSOM) in coordination with government security forces (SNA) conducted an airstrike targeting Al Shabaab hideouts in the vicinity of Daaru Nicma village (Adan Yabaal, Middle Shabelle). Casualties unknown.",0,"Foreign military engagement; Insurgency",1782855118,76,215,1262
SOM49208,2025-03-06,2025,1,"Political violence","Explosions/Remote violence","Air/drone strike","Military Forces of Ethiopia (2018-)","Military Forces of Somalia (2022-)",8,28,,706,"Eastern Africa",Somalia,"Middle Shabelle","Adan Yabaal",,Al-Kowsar,3.6965,46.3835,2,"Shabelle Media Network",National,"On 6 March 2025, Ethiopia security forces (non-AUSSOM) incoordination with government security forces (SNA) conducted an airstrike targeting Al Shabaab gathering position in between Daaru Nicma and Al-Kowsar village (Adan Yabaal, Middle Shabelle). An unknown number of militants were killed and wounded. Unspecified number of fatalities coded as 3.",3,"Foreign military engagement; Insurgency",1753956296,10556,11491,13693
SOM49208,2025-03-06,2025,1,"Political violence","Explosions/Remote violence","Air/drone strike","Al Shabaab",,2,28,,706,"Eastern Africa",Somalia,"Middle Shabelle","Adan Yabaal",,Al-Kowsar,3.6965,46.3835,2,"Shabelle Media Network",National,"On 6 March 2025, Ethiopia security forces (non-AUSSOM) incoordination with government security forces (SNA) conducted an airstrike targeting Al Shabaab gathering position in between Daaru Nicma and Al-Kowsar village (Adan Yabaal, Middle Shabelle). An unknown number of militants were killed and wounded. Unspecified number of fatalities coded as 3.",3,"Foreign military engagement; Insurgency",1753956296,10556,11491,13693
SOM49207,2025-03-06,2025,1,"Political violence","Explosions/Remote violence","Air/drone strike","Military Forces of Ethiopia (2018-)","Military Forces of Somalia (2022-)",8,28,,706,"Eastern Africa",Somalia,"Middle Shabelle",Cadale,,Lamagaras,3.0969,46.1304,1,"Radio Kulmiye; Radio Risala",National,"On 6 March 2025, overnight, Ethiopia security forces (non-AUSSOM) in coordination with government security forces (SNA) conducted an airstrike targeting Al Shabaab convoy in the vicinity of Lamagaras village (Cadale, Middle Shabelle). An unknown number of militants were killed and wounded. Unspecified number of fatalities coded as 3.",3,"Foreign military engagement; Insurgency",1753956296,513,679,1702
SOM49207,2025-03-06,2025,1,"Political violence","Explosions/Remote violence","Air/drone strike","Al Shabaab",,2,28,,706,"Eastern Africa",Somalia,"Middle Shabelle",Cadale,,Lamagaras,3.0969,46.1304,1,"Radio Kulmiye; Radio Risala",National,"On 6 March 2025, overnight, Ethiopia security forces (non-AUSSOM) in coordination with government security forces (SNA) conducted an airstrike targeting Al Shabaab convoy in the vicinity of Lamagaras village (Cadale, Middle Shabelle). An unknown number of militants were killed and wounded. Unspecified number of fatalities coded as 3.",3,"Foreign military engagement; Insurgency",1753956296,513,679,1702
SOM49371,2025-03-06,2025,1,"Strategic developments","Strategic developments","Disrupted weapons use","AUSSOM: Africa Union Support and Stabilisation Mission in Somalia (2025-) (Ethiopia)",,8,28,,706,"Eastern Africa",Somalia,Bay,Baydhaba,,Berdaale,3.2150,43.1983,1,"Undisclosed Source","Local partner-Other","Defusal: On 6 March 2025, AUSSOM ENDF troops defused an IED planted by an unknown armed group (likely Al Shabaab, who carried out similar attacks and explosions in the Bay region) on a road frequently used by security forces in Berdaale town (Baydhaba, Bay).",0,"Foreign military engagement; Insurgency",1753970711,17665,25690,27665
SOM49371,2025-03-06,2025,1,"Strategic developments","Strategic developments","Disrupted weapons use","Al Shabaab",,2,28,,706,"Eastern Africa",Somalia,Bay,Baydhaba,,Berdaale,3.2150,43.1983,1,"Undisclosed Source","Local partner-Other","Defusal: On 6 March 2025, AUSSOM ENDF troops defused an IED planted by an unknown armed group (likely Al Shabaab, who carried out similar attacks and explosions in the Bay region) on a road frequently used by security forces in Berdaale town (Baydhaba, Bay).",0,"Foreign military engagement; Insurgency",1753970711,17665,25690,27665
SOM49365,2025-03-07,2025,1,"Strategic developments","Strategic developments","Change to group/activity","Military Forces of Ethiopia (2018-)",,8,80,,706,"Eastern Africa",Somalia,Hiraan,"Belet Weyne",,Feerfeer,5.0863,45.1581,1,"Caasimada; Hiiraan (Somalia); Puntland Post; Radio Kulmiye; Radio Risala; Shabelle Media Network",Subnational-National,"Movement of forces: On 7 March 2025, several Ethiopian soldiers (non-AUSSOM) arrived in Feerfeer town (Belet Weyne, Hiraan). The security forces crossed into the Somali border from a nearby village. The deployment came amid Somalia's announcement that the Ethiopian troops would participate in the ongoing operation against Al Shabaab Hiraan and Middle Shabelle regions (coded separately).",0,"Foreign military engagement",1753956296,6,107,11916
BFO13468,2025-03-07,2025,2,"Political violence",Battles,"Armed clash","JNIM: Group for Support of Islam and Muslims",,2,28,,854,"Western Africa","Burkina Faso","Boucle du Mouhoun",Banwa,Solenzo,Solenzo,12.1800,-4.0900,2,"AIB (Burkina Faso); RTB",National,"Around 7 March 2025 (between 7 - 8 March), an armed group (likely JNIM militants, based on location) attacked Burkinabe special forces from the Rapid Intervention Battalion 7 (BIR 7) in the area of Solenzo (Solenzo, Banwa). The army said that the attack was repelled, and an important war equipment seized. Casualties unknown.",0,"Foreign military engagement; Insurgency; Terrorist activity",1776726680,7726,19536,32335
BFO13468,2025-03-07,2025,2,"Political violence",Battles,"Armed clash","Military Forces of Mali (2021-)",,8,28,,854,"Western Africa","Burkina Faso","Boucle du Mouhoun",Banwa,Solenzo,Solenzo,12.1800,-4.0900,2,"AIB (Burkina Faso); RTB",National,"Around 7 March 2025 (between 7 - 8 March), an armed group (likely JNIM militants, based on location) attacked Burkinabe special forces from the Rapid Intervention Battalion 7 (BIR 7) in the area of Solenzo (Solenzo, Banwa). The army said that the attack was repelled, and an important war equipment seized. Casualties unknown.",0,"Foreign military engagement; Insurgency; Terrorist activity",1776726680,7726,19536,32335
SEN2167,2025-03-07,2025,1,"Strategic developments","Strategic developments",Other,"Military Forces of France (2017-)",,8,18,,686,"Western Africa",Senegal,Dakar,Dakar,Plateau,Dakar,14.6763,-17.4410,1,"AP; Reuters",International,"Other: On 7 March 2025, the French army handed over to the Senegalese government two military facilities and housing in the Marechal and Saint-Exupery districts of Dakar (Plateau, Dakar) beginning the process of withdrawing its military presence from the country. In February, France set up a joint commission with Senegal to organize the withdrawal requested by the Senegalese authorities.",0,"Foreign military engagement",1753956296,53368,136584,379498
SEN2167,2025-03-07,2025,1,"Strategic developments","Strategic developments",Other,"Government of Senegal (2024-)",,1,18,,686,"Western Africa",Senegal,Dakar,Dakar,Plateau,Dakar,14.6763,-17.4410,1,"AP; Reuters",International,"Other: On 7 March 2025, the French army handed over to the Senegalese government two military facilities and housing in the Marechal and Saint-Exupery districts of Dakar (Plateau, Dakar) beginning the process of withdrawing its military presence from the country. In February, France set up a joint commission with Senegal to organize the withdrawal requested by the Senegalese authorities.",0,"Foreign military engagement",1753956296,53368,136584,379498
SOM49302,2025-03-08,2025,1,"Political violence","Explosions/Remote violence","Air/drone strike","Unidentified Military Forces","Military Forces of Somalia (2022-)",8,28,,706,"Eastern Africa",Somalia,"Middle Shabelle","Adan Yabaal",,Run-nirgod,3.5595,46.7753,1,"Radio Kulmiye",National,"On 8 March 2025, international forces (described as allied forces, coded as Unidentified Military Forces), in coordination with government security forces (SNA) conducted an airstrike targeting Al Shabaab hideouts in Run-nirgod village (Adan Yabaal, Middle Shabelle). Casualties unknown.",0,"Foreign military engagement; Insurgency",1753970711,8033,8402,10796
SOM49302,2025-03-08,2025,1,"Political violence","Explosions/Remote violence","Air/drone strike","Al Shabaab",,2,28,,706,"Eastern Africa",Somalia,"Middle Shabelle","Adan Yabaal",,Run-nirgod,3.5595,46.7753,1,"Radio Kulmiye",National,"On 8 March 2025, international forces (described as allied forces, coded as Unidentified Military Forces), in coordination with government security forces (SNA) conducted an airstrike targeting Al Shabaab hideouts in Run-nirgod village (Adan Yabaal, Middle Shabelle). Casualties unknown.",0,"Foreign military engagement; Insurgency",1753970711,8033,8402,10796
SOM49303,2025-03-08,2025,1,"Political violence","Explosions/Remote violence","Air/drone strike","Unidentified Military Forces","Military Forces of Somalia (2022-)",8,28,,706,"Eastern Africa",Somalia,"Middle Shabelle","Adan Yabaal",,"Daaru Nicma",3.5859,46.4428,1,"Radio Kulmiye; Undisclosed Source","Local partner-Other","On 8 March 2025, international forces (described as allied forces, coded as Unidentified Military Forces), in coordination with government security forces (SNA) conducted an airstrike targeting Al Shabaab hideouts in Daaru Nicma village (Adan Yabaal, Middle Shabelle). Casualties unknown.",0,"Foreign military engagement; Insurgency",1753970711,76,215,1262
SOM49303,2025-03-08,2025,1,"Political violence","Explosions/Remote violence","Air/drone strike","Al Shabaab",,2,28,,706,"Eastern Africa",Somalia,"Middle Shabelle","Adan Yabaal",,"Daaru Nicma",3.5859,46.4428,1,"Radio Kulmiye; Undisclosed Source","Local partner-Other","On 8 March 2025, international forces (described as allied forces, coded as Unidentified Military Forces), in coordination with government security forces (SNA) conducted an airstrike targeting Al Shabaab hideouts in Daaru Nicma village (Adan Yabaal, Middle Shabelle). Casualties unknown.",0,"Foreign military engagement; Insurgency",1753970711,76,215,1262
SOM49383,2025-03-08,2025,1,"Strategic developments","Strategic developments",Other,"Al Shabaab",,2,28,,706,"Eastern Africa",Somalia,"Middle Shabelle",Jowhar,,Jowhar,2.7797,45.5042,1,"Undisclosed Source","Local partner-Other","Other: On 8 March 2025, an unidentified drone by an unknown armed group (likely Al Shabaab, who uses surveillance drones before carrying out attacks and explosions in the Middle Shabelle region) was flying for over 4 minutes in the AUSSOM BNDF base and near Towfik IDP camp in Jowhar town (Jowhar, Middle Shabelle).",0,"Foreign military engagement; Insurgency",1753970711,58183,99068,112176
SOM49383,2025-03-08,2025,1,"Strategic developments","Strategic developments",Other,"AUSSOM: Africa Union Support and Stabilisation Mission in Somalia (2025-) (Burundi)",,8,28,,706,"Eastern Africa",Somalia,"Middle Shabelle",Jowhar,,Jowhar,2.7797,45.5042,1,"Undisclosed Source","Local partner-Other","Other: On 8 March 2025, an unidentified drone by an unknown armed group (likely Al Shabaab, who uses surveillance drones before carrying out attacks and explosions in the Middle Shabelle region) was flying for over 4 minutes in the AUSSOM BNDF base and near Towfik IDP camp in Jowhar town (Jowhar, Middle Shabelle).",0,"Foreign military engagement; Insurgency",1753970711,58183,99068,112176
SOM49307,2025-03-08,2025,1,"Political violence","Explosions/Remote violence","Air/drone strike","Unidentified Military Forces","Military Forces of Somalia (2022-) National Intelligence and Security Agency",8,28,,706,"Eastern Africa",Somalia,Galgaduud,"Ceel Dheer",,Ceel-Bacad,3.8162,46.5268,1,"Caasimada; Garowe Online; Hiiraan (Somalia); Horseed Media; Radio Dalsan; Radio Kulmiye; Radio Risala; Shabelle Media Network; Somali News Agency; Somaliland Standard; Undisclosed Source; VOA","Local partner-Other","On 8 March 2025, international forces (described as allied forces, coded as Unidentified Military Forces), in coordination with government security forces (NISA), conducted an airstrike targeting Al Shabaab hideouts in Ceel-Bacad village (Ceel Dheer, Galgaduud). At least 21 militants were killed, including a senior militant. The government claimed that more than 150 militants were killed in Ceel-Bacad, Damasha, Shabelow, Jambaluul, Boos Hareeri, Lamagaras, and Ceel Garas (coded separately).",21,"Foreign military engagement; Insurgency",1753970711,3455,3975,8229
SOM49307,2025-03-08,2025,1,"Political violence","Explosions/Remote violence","Air/drone strike","Al Shabaab",,2,28,,706,"Eastern Africa",Somalia,Galgaduud,"Ceel Dheer",,Ceel-Bacad,3.8162,46.5268,1,"Caasimada; Garowe Online; Hiiraan (Somalia); Horseed Media; Radio Dalsan; Radio Kulmiye; Radio Risala; Shabelle Media Network; Somali News Agency; Somaliland Standard; Undisclosed Source; VOA","Local partner-Other","On 8 March 2025, international forces (described as allied forces, coded as Unidentified Military Forces), in coordination with government security forces (NISA), conducted an airstrike targeting Al Shabaab hideouts in Ceel-Bacad village (Ceel Dheer, Galgaduud). At least 21 militants were killed, including a senior militant. The government claimed that more than 150 militants were killed in Ceel-Bacad, Damasha, Shabelow, Jambaluul, Boos Hareeri, Lamagaras, and Ceel Garas (coded separately).",21,"Foreign military engagement; Insurgency",1753970711,3455,3975,8229
NIR31404,2025-03-09,2025,1,"Strategic developments","Strategic developments",Other,"Government of Ghana (2025-)",,8,18,,562,"Western Africa",Niger,Niamey,"Ville de Niamey","Niamey III",Niamey,13.5200,2.1200,1,"Actu (Niger); Aniamey; Le Sahel",Subnational-National,"Other: On 9 March 2025, the newly elected Ghanaian president, John Mahama, met with the Head of State of Niger, Abdourahamane Tiani, in Niamey (Ville de Niamey, Niamey). At the end of this 'official visit of friendship and work', the two parties published a joint statement emphasizing the necessity to boost bilateral cooperation in several domains, including security.",0,"Foreign military engagement",1753954689,32908,135078,707830
NIR31404,2025-03-09,2025,1,"Strategic developments","Strategic developments",Other,"Government of Niger (2023-)",,1,18,,562,"Western Africa",Niger,Niamey,"Ville de Niamey","Niamey III",Niamey,13.5200,2.1200,1,"Actu (Niger); Aniamey; Le Sahel",Subnational-National,"Other: On 9 March 2025, the newly elected Ghanaian president, John Mahama, met with the Head of State of Niger, Abdourahamane Tiani, in Niamey (Ville de Niamey, Niamey). At the end of this 'official visit of friendship and work', the two parties published a joint statement emphasizing the necessity to boost bilateral cooperation in several domains, including security.",0,"Foreign military engagement",1753954689,32908,135078,707830
SOM49304,2025-03-09,2025,1,"Political violence","Explosions/Remote violence","Air/drone strike","Unidentified Military Forces","Military Forces of Somalia (2022-) National Intelligence and Security Agency",8,28,,706,"Eastern Africa",Somalia,"Middle Shabelle",Jowhar,,Oobaale,3.0906,45.5424,1,"Caasimada; Hiiraan (Somalia); Radio Kulmiye; Radio Risala; Undisclosed Source","Local partner-Other","On 9 March 2025, international forces (described as allied forces, coded as Unidentified Military Forces), in coordination with government security forces (NISA) conducted an airstrike targeting Al Shabaab in Oobaale village (Jowhar, Middle Shabelle). The airstrike destroyed a makeshift bridge used by the militants, vehicles, and disrupting their movement. An unknown number of militants were killed and wounded. Unspecified number of fatalities coded as 3.",3,"Foreign military engagement; Insurgency",1753970711,1623,2030,3442
SOM49304,2025-03-09,2025,1,"Political violence","Explosions/Remote violence","Air/drone strike","Al Shabaab",,2,28,,706,"Eastern Africa",Somalia,"Middle Shabelle",Jowhar,,Oobaale,3.0906,45.5424,1,"Caasimada; Hiiraan (Somalia); Radio Kulmiye; Radio Risala; Undisclosed Source","Local partner-Other","On 9 March 2025, international forces (described as allied forces, coded as Unidentified Military Forces), in coordination with government security forces (NISA) conducted an airstrike targeting Al Shabaab in Oobaale village (Jowhar, Middle Shabelle). The airstrike destroyed a makeshift bridge used by the militants, vehicles, and disrupting their movement. An unknown number of militants were killed and wounded. Unspecified number of fatalities coded as 3.",3,"Foreign military engagement; Insurgency",1753970711,1623,2030,3442
SOM49310,2025-03-09,2025,1,"Political violence",Battles,"Armed clash","Al Shabaab",,2,28,,706,"Eastern Africa",Somalia,Bay,Baydhaba,,Aawdiinle,3.1706,43.4099,1,"Al Furqaan; Calamada; Somali Memo",Subnational-National,"On 9 March 2025, overnight, Al Shabaab carried out a hit-and-run attack against AUSSOM ENDF troops and engaged them in an armed clash at a base in Aawdiinle village (Baydhaba, Bay). There were no casualties and Al Shabaab claimed responsibility.",0,"Foreign military engagement; Insurgency",1753970711,6800,7908,10637
SOM49310,2025-03-09,2025,1,"Political violence",Battles,"Armed clash","AUSSOM: Africa Union Support and Stabilisation Mission in Somalia (2025-) (Ethiopia)",,8,28,,706,"Eastern Africa",Somalia,Bay,Baydhaba,,Aawdiinle,3.1706,43.4099,1,"Al Furqaan; Calamada; Somali Memo",Subnational-National,"On 9 March 2025, overnight, Al Shabaab carried out a hit-and-run attack against AUSSOM ENDF troops and engaged them in an armed clash at a base in Aawdiinle village (Baydhaba, Bay). There were no casualties and Al Shabaab claimed responsibility.",0,"Foreign military engagement; Insurgency",1753970711,6800,7908,10637
SSD14771,2025-03-09,2025,1,"Strategic developments","Strategic developments","Change to group/activity","Military Forces of Uganda (1986-)",,8,80,,728,"Eastern Africa","South Sudan","Central Equatoria",Juba,Juba,Juba,4.8551,31.5799,1,"AFP; Africans Press; BBC News; East African (Kenya); Eye Radio (South Sudan); Radio Tamazuj; Reuters; Sudan Tribune; Sudans Post; The City Review (South Sudan); URN (Uganda); VOA","New media-National","Movement of forces: On 9 March 2025, the Ugandan Government deployed UPDF special forces to Juba (Juba, Central Equatoria) to assist the South Sudanese government due to the increasing instability in the country. Several South Sudanese government officials, including Information Minister Michael Makuei, denied the presence of UPDF soldiers in the country despite confirmation by Uganda's army chief and its spokesperson. However, Makuei later acknowledged the presence of UPDF troops in South Sudan to fight alongside the SSPDF. The deployment followed rising tension and confrontations between the SSPDF and opposition members in Western Equatoria, Western Bahr el Ghazal, and Upper Nile States. It also followed the arrest of senior opposition officials accused of inciting armed militias.",0,"Foreign military engagement",1782855118,7249,13574,15901
SOM49296,2025-03-10,2025,1,"Political violence","Explosions/Remote violence","Air/drone strike","Military Forces of the United Arab Emirates (2022-)","Military Forces of Somalia (2022-) Puntland Dervish Force; Police Forces of Somalia (2022-) Puntland Maritime Police Force",8,78,"Civilian targeting",706,"Eastern Africa",Somalia,Bari,Qandala,,Qandala,11.4710,49.8726,2,"Goobjoob; Puntland Post; Radio Dalsan; Radio Kulmiye; Radio Risala; Undisclosed Source","Local partner-Other","On 10 March 2025, overnight, UAE forces in coordination with Puntland Maritime Police Force (PMPF) and Puntland Dervish Force conducted an airstrike targeting Islamic State Somalia Province bases, the airstrike hit a pastoralist family at the Ablaaya village near Qandala town (Qandala, Bari). At least 9 civilians were killed and more than 4 were injured.",9,"Foreign military engagement",1753956296,10323,11128,11683
SOM49296,2025-03-10,2025,1,"Political violence","Explosions/Remote violence","Air/drone strike","Civilians (Somalia)","Pastoralists (Somalia)",7,78,"Civilian targeting",706,"Eastern Africa",Somalia,Bari,Qandala,,Qandala,11.4710,49.8726,2,"Goobjoob; Puntland Post; Radio Dalsan; Radio Kulmiye; Radio Risala; Undisclosed Source","Local partner-Other","On 10 March 2025, overnight, UAE forces in coordination with Puntland Maritime Police Force (PMPF) and Puntland Dervish Force conducted an airstrike targeting Islamic State Somalia Province bases, the airstrike hit a pastoralist family at the Ablaaya village near Qandala town (Qandala, Bari). At least 9 civilians were killed and more than 4 were injured.",9,"Foreign military engagement",1753956296,10323,11128,11683
SOM49297,2025-03-10,2025,1,"Political violence","Explosions/Remote violence","Air/drone strike","Military Forces of the United Arab Emirates (2022-)","Military Forces of Somalia (2022-) Puntland Dervish Force; Police Forces of Somalia (2022-) Puntland Maritime Police Force",8,28,,706,"Eastern Africa",Somalia,Bari,Qandala,,"Buuraha Cali Miskat",10.8548,49.7434,1,"Goobjoob; Puntland Post; Radio Dalsan; Radio Kulmiye; Radio Risala; Undisclosed Source","Local partner-Other","On 10 March 2025, overnight, UAE forces in coordination with Puntland Maritime Police Force (PMPF) and Puntland Dervish Force conducted an airstrike targeting Islamic State Somalia Province bases in Miraale area in Buuraha Cali Miskat (Qandala, Bari). An unknown number of militants were killed and wounded. Unspecified number of fatalities coded as 3.",3,"Foreign military engagement; Insurgency",1759790065,0,0,0
SOM49297,2025-03-10,2025,1,"Political violence","Explosions/Remote violence","Air/drone strike","Islamic State Somalia Province",,2,28,,706,"Eastern Africa",Somalia,Bari,Qandala,,"Buuraha Cali Miskat",10.8548,49.7434,1,"Goobjoob; Puntland Post; Radio Dalsan; Radio Kulmiye; Radio Risala; Undisclosed Source","Local partner-Other","On 10 March 2025, overnight, UAE forces in coordination with Puntland Maritime Police Force (PMPF) and Puntland Dervish Force conducted an airstrike targeting Islamic State Somalia Province bases in Miraale area in Buuraha Cali Miskat (Qandala, Bari). An unknown number of militants were killed and wounded. Unspecified number of fatalities coded as 3.",3,"Foreign military engagement; Insurgency",1759790065,0,0,0
SOM49387,2025-03-10,2025,1,"Political violence","Explosions/Remote violence","Remote explosive/landmine/IED","Al Shabaab",,2,28,,706,"Eastern Africa",Somalia,Bay,Baydhaba,,Baidoa,3.1172,43.6469,1,"Al Furqaan; Calamada; Somali Memo; Undisclosed Source","Local partner-Other","On 10 March 2025, an IED planted by Al Shabaab exploded, targeting AUSSOM ENDF troops on a foot patrol in Baidoa town (Baydhaba, Bay). Al Shabaab claimed to have killed 5 soldiers and 4 others were injured.",5,"Foreign military engagement; Insurgency",1753970711,93741,229583,337158
SOM49387,2025-03-10,2025,1,"Political violence","Explosions/Remote violence","Remote explosive/landmine/IED","AUSSOM: Africa Union Support and Stabilisation Mission in Somalia (2025-) (Ethiopia)",,8,28,,706,"Eastern Africa",Somalia,Bay,Baydhaba,,Baidoa,3.1172,43.6469,1,"Al Furqaan; Calamada; Somali Memo; Undisclosed Source","Local partner-Other","On 10 March 2025, an IED planted by Al Shabaab exploded, targeting AUSSOM ENDF troops on a foot patrol in Baidoa town (Baydhaba, Bay). Al Shabaab claimed to have killed 5 soldiers and 4 others were injured.",5,"Foreign military engagement; Insurgency",1753970711,93741,229583,337158
SOM49299,2025-03-11,2025,1,"Political violence","Explosions/Remote violence","Air/drone strike","Military Forces of the United States (2025-)","Military Forces of Somalia (2022-); Military Forces of Somalia (2022-) National Intelligence and Security Agency",8,28,,706,"Eastern Africa",Somalia,"Middle Shabelle",Jowhar,,Damasha,2.7946,45.4863,1,"Caasimada; Hiiraan (Somalia); Radio Risala; Somaliland Standard; Undisclosed Source","Local partner-Other","On 11 March 2025, US forces in coordination with government security forces (SNA and NISA), conducted an airstrike targeting Al Shabaab hideouts in Damasha village (Jowhar, Middle Shabelle) and Shabelow (coded separately). Over 50 militants were killed, including a key leader responsible for combat vehicles and three combat vehicles used by Al Shabaab were destroyed. 50 fatalities split across 2 events and coded as 25 for this event. The government claimed more than 150 militants were killed in Ceel-Bacad, Damasha, Shabelow, Jambaluul, Boos Hareeri, Lamagaras, and Ceel Garas (coded separately).",25,"Foreign military engagement; Insurgency",1753956296,1407,7792,10607
SOM49299,2025-03-11,2025,1,"Political violence","Explosions/Remote violence","Air/drone strike","Al Shabaab",,2,28,,706,"Eastern Africa",Somalia,"Middle Shabelle",Jowhar,,Damasha,2.7946,45.4863,1,"Caasimada; Hiiraan (Somalia); Radio Risala; Somaliland Standard; Undisclosed Source","Local partner-Other","On 11 March 2025, US forces in coordination with government security forces (SNA and NISA), conducted an airstrike targeting Al Shabaab hideouts in Damasha village (Jowhar, Middle Shabelle) and Shabelow (coded separately). Over 50 militants were killed, including a key leader responsible for combat vehicles and three combat vehicles used by Al Shabaab were destroyed. 50 fatalities split across 2 events and coded as 25 for this event. The government claimed more than 150 militants were killed in Ceel-Bacad, Damasha, Shabelow, Jambaluul, Boos Hareeri, Lamagaras, and Ceel Garas (coded separately).",25,"Foreign military engagement; Insurgency",1753956296,1407,7792,10607
SOM49300,2025-03-11,2025,1,"Political violence","Explosions/Remote violence","Air/drone strike","Military Forces of the United States (2025-)","Military Forces of Somalia (2022-); Military Forces of Somalia (2022-) National Intelligence and Security Agency",8,28,,706,"Eastern Africa",Somalia,"Middle Shabelle",Jowhar,,Mahadaay,2.9704,45.5347,2,"Caasimada; Hiiraan (Somalia); Radio Risala; Somaliland Standard; Undisclosed Source","Local partner-Other","On 11 March 2025, US forces in coordination with government security forces (SNA and NISA), conducted an airstrike targeting Al Shabaab hideouts in Shabelow village near Mahadaay village (Jowhar, Middle Shabelle) and Damasha (coded separately). Over 50 militants were killed, including a key leader responsible for combat vehicles, and three combat vehicles used by Al Shabaab were destroyed. 50 fatalities split across 2 events and coded as 25 for this event. The government claimed more than 150 militants were killed in Ceel-Bacad, Damasha, Shabelow, Jambaluul, Boos Hareeri, Lamagaras, and Ceel Garas (coded separately).",25,"Foreign military engagement; Insurgency",1753956296,15765,24550,27306
SOM49300,2025-03-11,2025,1,"Political violence","Explosions/Remote violence","Air/drone strike","Al Shabaab",,2,28,,706,"Eastern Africa",Somalia,"Middle Shabelle",Jowhar,,Mahadaay,2.9704,45.5347,2,"Caasimada; Hiiraan (Somalia); Radio Risala; Somaliland Standard; Undisclosed Source","Local partner-Other","On 11 March 2025, US forces in coordination with government security forces (SNA and NISA), conducted an airstrike targeting Al Shabaab hideouts in Shabelow village near Mahadaay village (Jowhar, Middle Shabelle) and Damasha (coded separately). Over 50 militants were killed, including a key leader responsible for combat vehicles, and three combat vehicles used by Al Shabaab were destroyed. 50 fatalities split across 2 events and coded as 25 for this event. The government claimed more than 150 militants were killed in Ceel-Bacad, Damasha, Shabelow, Jambaluul, Boos Hareeri, Lamagaras, and Ceel Garas (coded separately).",25,"Foreign military engagement; Insurgency",1753956296,15765,24550,27306
NIR31403,2025-03-12,2025,1,"Strategic developments","Strategic developments",Other,"Government of Niger (2023-)",,1,18,,562,"Western Africa",Niger,Niamey,"Ville de Niamey","Niamey III",Niamey,13.5200,2.1200,1,"Actu (Niger); Tamtam Info",National,"Other: On 12 March 2025, Niger Ministry of Foreign Affairs received Nigeria's ambassador in Niamey (Ville de Niamey, Niamey). The meeting aimed to relaunch bilateral cooperation to fight against terrorism and transnational organized crime in the transboundary areas shared by the two countries.",0,"Foreign military engagement",1753954689,32908,135078,707830
NIR31403,2025-03-12,2025,1,"Strategic developments","Strategic developments",Other,"Government of Nigeria (2023-)",,8,18,,562,"Western Africa",Niger,Niamey,"Ville de Niamey","Niamey III",Niamey,13.5200,2.1200,1,"Actu (Niger); Tamtam Info",National,"Other: On 12 March 2025, Niger Ministry of Foreign Affairs received Nigeria's ambassador in Niamey (Ville de Niamey, Niamey). The meeting aimed to relaunch bilateral cooperation to fight against terrorism and transnational organized crime in the transboundary areas shared by the two countries.",0,"Foreign military engagement",1753954689,32908,135078,707830
SOM49298,2025-03-12,2025,1,"Political violence","Explosions/Remote violence","Air/drone strike","Military Forces of the United States (2025-)","Military Forces of Somalia (2022-) National Intelligence and Security Agency",8,28,,706,"Eastern Africa",Somalia,"Lower Shabelle",Afgooye,,Jambaluul,2.1833,45.1528,1,"Al Furqaan; Caasimada; Hiiraan (Somalia); Radio Kulmiye; Radio Risala; Somali News Agency; Undisclosed Source","Local partner-Other","On 12 March 2025, overnight, US forces in coordination with government security forces (NISA) conducted around 3 airstrikes targeting Al Shabaab hideout in farmland in Jambaluul village (Afgooye, Lower Shabelle). 12 militants were killed, including the two senior officers. The government claimed more than 150 militants were killed in Ceel-Bacad, Damasha, Shabelow, Jambaluul, Boos Hareeri, Lamagaras, and Ceel Garas (coded separately).",12,"Foreign military engagement; Insurgency",1753956296,2295,3653,6051
SOM49298,2025-03-12,2025,1,"Political violence","Explosions/Remote violence","Air/drone strike","Al Shabaab",,2,28,,706,"Eastern Africa",Somalia,"Lower Shabelle",Afgooye,,Jambaluul,2.1833,45.1528,1,"Al Furqaan; Caasimada; Hiiraan (Somalia); Radio Kulmiye; Radio Risala; Somali News Agency; Undisclosed Source","Local partner-Other","On 12 March 2025, overnight, US forces in coordination with government security forces (NISA) conducted around 3 airstrikes targeting Al Shabaab hideout in farmland in Jambaluul village (Afgooye, Lower Shabelle). 12 militants were killed, including the two senior officers. The government claimed more than 150 militants were killed in Ceel-Bacad, Damasha, Shabelow, Jambaluul, Boos Hareeri, Lamagaras, and Ceel Garas (coded separately).",12,"Foreign military engagement; Insurgency",1753956296,2295,3653,6051
SOM49301,2025-03-12,2025,1,"Political violence","Explosions/Remote violence","Air/drone strike","Military Forces of the United States (2025-)",,8,78,"Civilian targeting",706,"Eastern Africa",Somalia,"Lower Shabelle",Afgooye,,Jambaluul,2.1833,45.1528,1,"Al Furqaan",National,"On 12 March 2025, overnight, US forces in coordination with government security forces (NISA), conducted around 3 airstrikes targeting farmlands in Jambaluul village (Afgooye, Lower Shabelle). 1 of the airstrikes hit civilian farmers, 3 were killed, including a woman.",3,"Foreign military engagement",1753956296,2295,3653,6051
SOM49301,2025-03-12,2025,1,"Political violence","Explosions/Remote violence","Air/drone strike","Civilians (Somalia)","Farmers (Somalia)",7,78,"Civilian targeting",706,"Eastern Africa",Somalia,"Lower Shabelle",Afgooye,,Jambaluul,2.1833,45.1528,1,"Al Furqaan",National,"On 12 March 2025, overnight, US forces in coordination with government security forces (NISA), conducted around 3 airstrikes targeting farmlands in Jambaluul village (Afgooye, Lower Shabelle). 1 of the airstrikes hit civilian farmers, 3 were killed, including a woman.",3,"Foreign military engagement",1753956296,2295,3653,6051
SOM49309,2025-03-12,2025,1,"Political violence","Explosions/Remote violence","Air/drone strike","Unidentified Military Forces",,8,28,,706,"Eastern Africa",Somalia,"Lower Juba",Kismaayo,,Kismayo,-0.3603,42.5463,2,"Undisclosed Source","Local partner-Other","On 12 March 2025, an unidentified warplane conducted an airstrike targeting Al Shabaab hideouts in Yaaq Dabeyl area near Kismayo town (Kismaayo, Lower Juba). Casualties unknown.",0,"Foreign military engagement; Insurgency",1753970711,56077,116596,160303
SOM49309,2025-03-12,2025,1,"Political violence","Explosions/Remote violence","Air/drone strike","Al Shabaab",,2,28,,706,"Eastern Africa",Somalia,"Lower Juba",Kismaayo,,Kismayo,-0.3603,42.5463,2,"Undisclosed Source","Local partner-Other","On 12 March 2025, an unidentified warplane conducted an airstrike targeting Al Shabaab hideouts in Yaaq Dabeyl area near Kismayo town (Kismaayo, Lower Juba). Casualties unknown.",0,"Foreign military engagement; Insurgency",1753970711,56077,116596,160303
SOM49305,2025-03-13,2025,1,"Political violence","Explosions/Remote violence","Air/drone strike","Unidentified Military Forces","Military Forces of Somalia (2022-) National Intelligence and Security Agency",8,28,,706,"Eastern Africa",Somalia,"Middle Shabelle",Cadale,,Lamagaras,3.0969,46.1304,1,"Hiiraan (Somalia); Radio Kulmiye; Radio Risala; Shabelle Media Network",National,"On 13 March 2025, international forces (described as allied forces, coded as Unidentified Military Forces), in coordination with government security forces (NISA), conducted an airstrike targeting Al Shabaab hideouts in Lamagaras village (Cadale, Middle Shabelle) and Ceel Garas village (coded separately). More than 38 militants were killed. 38 fatalities split across 2 events and coded as 19 for this event. The government claimed more than 150 militants were killed in Ceel-Bacad, Damasha, Shabelow, Jambaluul, Boos Hareeri, Lamagaras, and Ceel Garas (coded separately).",19,"Foreign military engagement; Insurgency",1753970711,513,679,1702
SOM49305,2025-03-13,2025,1,"Political violence","Explosions/Remote violence","Air/drone strike","Al Shabaab",,2,28,,706,"Eastern Africa",Somalia,"Middle Shabelle",Cadale,,Lamagaras,3.0969,46.1304,1,"Hiiraan (Somalia); Radio Kulmiye; Radio Risala; Shabelle Media Network",National,"On 13 March 2025, international forces (described as allied forces, coded as Unidentified Military Forces), in coordination with government security forces (NISA), conducted an airstrike targeting Al Shabaab hideouts in Lamagaras village (Cadale, Middle Shabelle) and Ceel Garas village (coded separately). More than 38 militants were killed. 38 fatalities split across 2 events and coded as 19 for this event. The government claimed more than 150 militants were killed in Ceel-Bacad, Damasha, Shabelow, Jambaluul, Boos Hareeri, Lamagaras, and Ceel Garas (coded separately).",19,"Foreign military engagement; Insurgency",1753970711,513,679,1702
SOM49306,2025-03-13,2025,1,"Political violence","Explosions/Remote violence","Air/drone strike","Unidentified Military Forces","Military Forces of Somalia (2022-) National Intelligence and Security Agency",8,28,,706,"Eastern Africa",Somalia,Galgaduud,Dhuusamarreeb,,"Ceel Garas",5.2053,46.5137,1,"Hiiraan (Somalia); Radio Risala; Shabelle Media Network",National,"On 13 March 2025, international forces (described as allied forces, coded as Unidentified Military Forces), in coordination with government security forces (NISA) conducted an airstrike targeting Al Shabaab hideouts in Ceel Garas village (Dhuusamarreeb, Galgaduud) and Lamagaras (coded separately). More than 38 militants were killed. 38 fatalities split across 2 events and coded as 19 for this event. The government claimed more than 150 militants were killed in Ceel-Bacad, Damasha, Shabelow, Jambaluul, Boos Hareeri, Lamagaras, and Ceel Garas (coded separately).",19,"Foreign military engagement; Insurgency",1753970711,5162,6645,8761
SOM49306,2025-03-13,2025,1,"Political violence","Explosions/Remote violence","Air/drone strike","Al Shabaab",,2,28,,706,"Eastern Africa",Somalia,Galgaduud,Dhuusamarreeb,,"Ceel Garas",5.2053,46.5137,1,"Hiiraan (Somalia); Radio Risala; Shabelle Media Network",National,"On 13 March 2025, international forces (described as allied forces, coded as Unidentified Military Forces), in coordination with government security forces (NISA) conducted an airstrike targeting Al Shabaab hideouts in Ceel Garas village (Dhuusamarreeb, Galgaduud) and Lamagaras (coded separately). More than 38 militants were killed. 38 fatalities split across 2 events and coded as 19 for this event. The government claimed more than 150 militants were killed in Ceel-Bacad, Damasha, Shabelow, Jambaluul, Boos Hareeri, Lamagaras, and Ceel Garas (coded separately).",19,"Foreign military engagement; Insurgency",1753970711,5162,6645,8761
SOM49308,2025-03-13,2025,1,"Political violence","Explosions/Remote violence","Air/drone strike","Unidentified Military Forces","Military Forces of Somalia (2022-) National Intelligence and Security Agency",8,28,,706,"Eastern Africa",Somalia,"Middle Shabelle","Adan Yabaal",,"Adan Yabaal",3.7742,46.2499,2,"Caasimada; Goobjoob; Hiiraan (Somalia); Radio Kulmiye; Shabelle Media Network; VOA",National-International,"On 13 March 2025, international forces (described as allied forces, coded as Unidentified Military Forces), in coordination with government security forces (SNA) conducted an airstrike targeting Al Shabaab hideouts in Boos Hareeri village near Adan Yabaal (Adan Yabaal, Middle Shabelle). 29 militants were killed. The government claimed more than 150 militants were killed in Ceel-Bacad, Damasha, Shabelow, Jambaluul, Boos Hareeri, Lamagaras, and Ceel Garas (coded separately).",29,"Foreign military engagement; Insurgency",1753970711,17296,17729,18912
SOM49308,2025-03-13,2025,1,"Political violence","Explosions/Remote violence","Air/drone strike","Al Shabaab",,2,28,,706,"Eastern Africa",Somalia,"Middle Shabelle","Adan Yabaal",,"Adan Yabaal",3.7742,46.2499,2,"Caasimada; Goobjoob; Hiiraan (Somalia); Radio Kulmiye; Shabelle Media Network; VOA",National-International,"On 13 March 2025, international forces (described as allied forces, coded as Unidentified Military Forces), in coordination with government security forces (SNA) conducted an airstrike targeting Al Shabaab hideouts in Boos Hareeri village near Adan Yabaal (Adan Yabaal, Middle Shabelle). 29 militants were killed. The government claimed more than 150 militants were killed in Ceel-Bacad, Damasha, Shabelow, Jambaluul, Boos Hareeri, Lamagaras, and Ceel Garas (coded separately).",29,"Foreign military engagement; Insurgency",1753970711,17296,17729,18912
SOM49311,2025-03-14,2025,1,"Political violence",Battles,"Armed clash","Military Forces of Somalia (2022-) National Intelligence and Security Agency","Darod-Marehan Sub-Clan Militia (Somalia)",1,18,,706,"Eastern Africa",Somalia,Gedo,"Belet Xaawo",,"Belet Xaawo",3.7807,41.8943,1,"Caasimada; Goobjoob; Radio Kulmiye; Radio Risala; Shabelle Media Network; Undisclosed Source","Local partner-Other","On 14 March 2025, government soldiers (NISA) affiliated with the Marehan clan militia attacked Kenyan multi-agencies police patrol team at a checkpoint along the shared border, in the vicinity of Belet Xaawo town (Belet Xaawo, Gedo). The NISA officers were on retaliatory mission following the arrest of 2 people in Mandera, Kenya. 1 police officer was killed and 1 other was injured.",1,"Foreign military engagement; Terrorist activity",1776726904,285,1505,7673
SOM49311,2025-03-14,2025,1,"Political violence",Battles,"Armed clash","Police Forces of Kenya (2022-)","Police Forces of Kenya (2022-) National Police Reservists",8,18,,706,"Eastern Africa",Somalia,Gedo,"Belet Xaawo",,"Belet Xaawo",3.7807,41.8943,1,"Caasimada; Goobjoob; Radio Kulmiye; Radio Risala; Shabelle Media Network; Undisclosed Source","Local partner-Other","On 14 March 2025, government soldiers (NISA) affiliated with the Marehan clan militia attacked Kenyan multi-agencies police patrol team at a checkpoint along the shared border, in the vicinity of Belet Xaawo town (Belet Xaawo, Gedo). The NISA officers were on retaliatory mission following the arrest of 2 people in Mandera, Kenya. 1 police officer was killed and 1 other was injured.",1,"Foreign military engagement; Terrorist activity",1776726904,285,1505,7673
KEN17415,2025-03-14,2025,1,"Political violence",Battles,"Armed clash","Military Forces of Somalia (2022-) National Intelligence and Security Agency",,8,18,,404,"Eastern Africa",Kenya,Mandera,"Mandera East",Township,Mandera,3.9357,41.8542,1,"All Africa; Daily Nation (Kenya); Daily Post (Kenya); Kenya Standard; Star (Kenya)",National-Regional,"On 14 March 2025, about 20 suspected Somali NISA officers ambushed a multi-security team of five officers, including police and national police reservists, leading to an armed clash at border point 4 in Mandera (Mandera East, Mandera) in retaliation to the recent arrest of a brother to one of the NISA officers in Kenya (coded separately). 1 police officer was killed, while another sustained gunshot wounds, as the attackers made away with 90 rounds of ammunition in two rifles belonging to the deceased officer and a police reservist. Somali authorities later returned the rifles and 10 rounds of ammunition.",1,"Foreign military engagement",1753954518,55393,119554,197524
KEN17415,2025-03-14,2025,1,"Political violence",Battles,"Armed clash","Police Forces of Kenya (2022-)","Police Forces of Kenya (2022-) National Police Reservists",1,18,,404,"Eastern Africa",Kenya,Mandera,"Mandera East",Township,Mandera,3.9357,41.8542,1,"All Africa; Daily Nation (Kenya); Daily Post (Kenya); Kenya Standard; Star (Kenya)",National-Regional,"On 14 March 2025, about 20 suspected Somali NISA officers ambushed a multi-security team of five officers, including police and national police reservists, leading to an armed clash at border point 4 in Mandera (Mandera East, Mandera) in retaliation to the recent arrest of a brother to one of the NISA officers in Kenya (coded separately). 1 police officer was killed, while another sustained gunshot wounds, as the attackers made away with 90 rounds of ammunition in two rifles belonging to the deceased officer and a police reservist. Somali authorities later returned the rifles and 10 rounds of ammunition.",1,"Foreign military engagement",1753954518,55393,119554,197524
SOM49408,2025-03-15,2025,1,"Political violence","Explosions/Remote violence","Air/drone strike","Unidentified Military Forces","Military Forces of Somalia (2022-) National Intelligence and Security Agency",8,28,,706,"Eastern Africa",Somalia,"Middle Shabelle",Cadale,,"Bursha Shiikh",2.9373,46.0126,1,"Radio Kulmiye",National,"On 15 March 2025, international forces (described as allied forces, coded as Unidentified Military Forces), in coordination with government security forces (NISA), conducted an airstrike targeting Al Shabaab hideouts in Bursha Shiikh village (Cadale, Middle Shabelle). Casualties unknown.",0,"Foreign military engagement; Insurgency",1753970711,229,431,2077
SOM49408,2025-03-15,2025,1,"Political violence","Explosions/Remote violence","Air/drone strike","Al Shabaab",,2,28,,706,"Eastern Africa",Somalia,"Middle Shabelle",Cadale,,"Bursha Shiikh",2.9373,46.0126,1,"Radio Kulmiye",National,"On 15 March 2025, international forces (described as allied forces, coded as Unidentified Military Forces), in coordination with government security forces (NISA), conducted an airstrike targeting Al Shabaab hideouts in Bursha Shiikh village (Cadale, Middle Shabelle). Casualties unknown.",0,"Foreign military engagement; Insurgency",1753970711,229,431,2077
SOM49515,2025-03-15,2025,1,"Political violence","Explosions/Remote violence","Remote explosive/landmine/IED","Al Shabaab",,2,28,,706,"Eastern Africa",Somalia,Bay,Baydhaba,,Aawdiinle,3.1706,43.4099,1,"Al Furqaan; Calamada; Somali Memo",Subnational-National,"On 15 March 2025, a remote-controlled IED planted by Al Shabaab exploded, targeting an Ethiopia security forces (non-AUSSOM) convoy in Aawdiinle village (Baydhaba, Bay). There were no casualties and Al Shabaab claimed responsibility.",0,"Foreign military engagement; Insurgency",1753956296,6800,7908,10637
SOM49515,2025-03-15,2025,1,"Political violence","Explosions/Remote violence","Remote explosive/landmine/IED","Military Forces of Ethiopia (2018-)",,8,28,,706,"Eastern Africa",Somalia,Bay,Baydhaba,,Aawdiinle,3.1706,43.4099,1,"Al Furqaan; Calamada; Somali Memo",Subnational-National,"On 15 March 2025, a remote-controlled IED planted by Al Shabaab exploded, targeting an Ethiopia security forces (non-AUSSOM) convoy in Aawdiinle village (Baydhaba, Bay). There were no casualties and Al Shabaab claimed responsibility.",0,"Foreign military engagement; Insurgency",1753956296,6800,7908,10637
SOM49399,2025-03-16,2025,1,"Political violence","Explosions/Remote violence","Air/drone strike","Military Forces of the United States (2025-)","Military Forces of Somalia (2022-)",8,28,,706,"Eastern Africa",Somalia,"Middle Shabelle",Cadale,,Lamagaras,3.0969,46.1304,1,"Hiiraan (Somalia)",National,"On 16 March 2025, US forces in coordination with government security forces (SNA), conducted an airstrike targeting Al Shabaab hideouts in Lamagaras village (Cadale, Middle Shabelle). Casualties unknown.",0,"Foreign military engagement; Insurgency",1753956296,513,679,1702
SOM49399,2025-03-16,2025,1,"Political violence","Explosions/Remote violence","Air/drone strike","Al Shabaab",,2,28,,706,"Eastern Africa",Somalia,"Middle Shabelle",Cadale,,Lamagaras,3.0969,46.1304,1,"Hiiraan (Somalia)",National,"On 16 March 2025, US forces in coordination with government security forces (SNA), conducted an airstrike targeting Al Shabaab hideouts in Lamagaras village (Cadale, Middle Shabelle). Casualties unknown.",0,"Foreign military engagement; Insurgency",1753956296,513,679,1702
SOM49400,2025-03-16,2025,1,"Political violence","Explosions/Remote violence","Air/drone strike","Unidentified Military Forces","Military Forces of Somalia (2022-)",8,28,,706,"Eastern Africa",Somalia,"Middle Shabelle","Adan Yabaal",,"Adan Yabaal",3.7742,46.2499,2,"Hiiraan (Somalia)",National,"On 16 March 2025, international forces (described as allied forces, coded as Unidentified Military Forces), in coordination with government security forces (SNA) conducted an airstrike targeting Al Shabaab hideouts in Boos Hareeri village near Adan Yabaal (Adan Yabaal, Middle Shabelle). Casualties unknown.",0,"Foreign military engagement; Insurgency",1753970711,17296,17729,18912
SOM49400,2025-03-16,2025,1,"Political violence","Explosions/Remote violence","Air/drone strike","Al Shabaab",,2,28,,706,"Eastern Africa",Somalia,"Middle Shabelle","Adan Yabaal",,"Adan Yabaal",3.7742,46.2499,2,"Hiiraan (Somalia)",National,"On 16 March 2025, international forces (described as allied forces, coded as Unidentified Military Forces), in coordination with government security forces (SNA) conducted an airstrike targeting Al Shabaab hideouts in Boos Hareeri village near Adan Yabaal (Adan Yabaal, Middle Shabelle). Casualties unknown.",0,"Foreign military engagement; Insurgency",1753970711,17296,17729,18912
SOM49401,2025-03-16,2025,1,"Political violence","Explosions/Remote violence","Air/drone strike","Unidentified Military Forces","Military Forces of Somalia (2022-)",8,28,,706,"Eastern Africa",Somalia,"Lower Shabelle",Qoryooley,,Mubaarak,1.9167,44.7733,2,"Caasimada; Radio Risala",National,"On 16 March 2025, international forces (described as allied forces, coded as Unidentified Military Forces), in coordination with government security forces (SNA) conducted an airstrike targeting Al Shabaab hideouts and bases in Mubaarak village (Qoryooley, Lower Shabelle). Casualties unknown.",0,"Foreign military engagement; Insurgency",1759790065,5821,6039,7773
SOM49401,2025-03-16,2025,1,"Political violence","Explosions/Remote violence","Air/drone strike","Al Shabaab",,2,28,,706,"Eastern Africa",Somalia,"Lower Shabelle",Qoryooley,,Mubaarak,1.9167,44.7733,2,"Caasimada; Radio Risala",National,"On 16 March 2025, international forces (described as allied forces, coded as Unidentified Military Forces), in coordination with government security forces (SNA) conducted an airstrike targeting Al Shabaab hideouts and bases in Mubaarak village (Qoryooley, Lower Shabelle). Casualties unknown.",0,"Foreign military engagement; Insurgency",1759790065,5821,6039,7773
SOM49402,2025-03-16,2025,1,"Political violence","Explosions/Remote violence","Air/drone strike","Unidentified Military Forces","Military Forces of Somalia (2022-)",8,28,,706,"Eastern Africa",Somalia,"Lower Shabelle",Afgooye,,Awdheegle,1.9833,44.8333,1,"Calamada; Hiiraan (Somalia)",Subnational-National,"On 16 March 2025, international forces (described as allied forces, coded as Unidentified Military Forces), in coordination with government security forces (SNA), conducted an airstrike targeting an Al Shabaab convoy in the vicinity of Awdheegle village (Afgooye, Lower Shabelle). Casualties unknown.",0,"Foreign military engagement; Insurgency",1753970711,5234,6226,7440
SOM49402,2025-03-16,2025,1,"Political violence","Explosions/Remote violence","Air/drone strike","Al Shabaab",,2,28,,706,"Eastern Africa",Somalia,"Lower Shabelle",Afgooye,,Awdheegle,1.9833,44.8333,1,"Calamada; Hiiraan (Somalia)",Subnational-National,"On 16 March 2025, international forces (described as allied forces, coded as Unidentified Military Forces), in coordination with government security forces (SNA), conducted an airstrike targeting an Al Shabaab convoy in the vicinity of Awdheegle village (Afgooye, Lower Shabelle). Casualties unknown.",0,"Foreign military engagement; Insurgency",1753970711,5234,6226,7440
SOM49403,2025-03-16,2025,1,"Political violence","Explosions/Remote violence","Air/drone strike","Unidentified Military Forces","Military Forces of Somalia (2022-)",8,28,,706,"Eastern Africa",Somalia,"Middle Shabelle",Cadale,,Sumadaale,2.9194,46.0998,1,"Hiiraan (Somalia)",National,"On 16 March 2025, international forces (described as allied forces, coded as Unidentified Military Forces), in coordination with government security forces (SNA), conducted an airstrike targeting Al Shabaab hideouts in Sumadaale village (Cadale, Middle Shabelle). Casualties unknown.",0,"Foreign military engagement; Insurgency",1753970711,107,311,1604
SOM49403,2025-03-16,2025,1,"Political violence","Explosions/Remote violence","Air/drone strike","Al Shabaab",,2,28,,706,"Eastern Africa",Somalia,"Middle Shabelle",Cadale,,Sumadaale,2.9194,46.0998,1,"Hiiraan (Somalia)",National,"On 16 March 2025, international forces (described as allied forces, coded as Unidentified Military Forces), in coordination with government security forces (SNA), conducted an airstrike targeting Al Shabaab hideouts in Sumadaale village (Cadale, Middle Shabelle). Casualties unknown.",0,"Foreign military engagement; Insurgency",1753970711,107,311,1604
SOM49404,2025-03-16,2025,1,"Political violence","Explosions/Remote violence","Air/drone strike","Unidentified Military Forces","Military Forces of Somalia (2022-)",8,28,,706,"Eastern Africa",Somalia,Galgaduud,"Ceel Dheer",,Geerille,3.9200,47.0443,1,"Hiiraan (Somalia)",National,"On 16 March 2025, international forces (described as allied forces, coded as Unidentified Military Forces), in coordination with government security forces (SNA), conducted an airstrike targeting Al Shabaab hideouts in Geerille village (Ceel Dheer, Galgaduud). Casualties unknown.",0,"Foreign military engagement; Insurgency",1753970711,4,11,84
SOM49404,2025-03-16,2025,1,"Political violence","Explosions/Remote violence","Air/drone strike","Al Shabaab",,2,28,,706,"Eastern Africa",Somalia,Galgaduud,"Ceel Dheer",,Geerille,3.9200,47.0443,1,"Hiiraan (Somalia)",National,"On 16 March 2025, international forces (described as allied forces, coded as Unidentified Military Forces), in coordination with government security forces (SNA), conducted an airstrike targeting Al Shabaab hideouts in Geerille village (Ceel Dheer, Galgaduud). Casualties unknown.",0,"Foreign military engagement; Insurgency",1753970711,4,11,84
SOM49405,2025-03-16,2025,1,"Political violence","Explosions/Remote violence","Air/drone strike","Unidentified Military Forces","Military Forces of Somalia (2022-)",8,28,,706,"Eastern Africa",Somalia,"Lower Shabelle",Afgooye,,Doonka,2.6033,45.3260,1,"Hiiraan (Somalia)",National,"On 16 March 2025, international forces (described as allied forces, coded as Unidentified Military Forces), in coordination with government security forces (SNA), conducted an airstrike targeting Al Shabaab hideouts in Doonka village (Afgooye, Lower Shabelle). Casualties unknown.",0,"Foreign military engagement; Insurgency",1753970711,2191,2678,4275
SOM49405,2025-03-16,2025,1,"Political violence","Explosions/Remote violence","Air/drone strike","Al Shabaab",,2,28,,706,"Eastern Africa",Somalia,"Lower Shabelle",Afgooye,,Doonka,2.6033,45.3260,1,"Hiiraan (Somalia)",National,"On 16 March 2025, international forces (described as allied forces, coded as Unidentified Military Forces), in coordination with government security forces (SNA), conducted an airstrike targeting Al Shabaab hideouts in Doonka village (Afgooye, Lower Shabelle). Casualties unknown.",0,"Foreign military engagement; Insurgency",1753970711,2191,2678,4275
SOM49406,2025-03-16,2025,1,"Political violence","Explosions/Remote violence","Air/drone strike","Unidentified Military Forces","Military Forces of Somalia (2022-)",8,28,,706,"Eastern Africa",Somalia,Galgaduud,"Ceel Buur",,"Ceel Buur",4.6815,46.6234,1,"Hiiraan (Somalia)",National,"On 16 March 2025, international forces (described as allied forces, coded as Unidentified Military Forces), in coordination with government security forces (SNA), conducted an airstrike targeting Al Shabaab bases in Ceel Buur town (Ceel Buur, Galgaduud). Casualties unknown.",0,"Foreign military engagement; Insurgency",1753970711,4740,7040,8108
SOM49406,2025-03-16,2025,1,"Political violence","Explosions/Remote violence","Air/drone strike","Al Shabaab",,2,28,,706,"Eastern Africa",Somalia,Galgaduud,"Ceel Buur",,"Ceel Buur",4.6815,46.6234,1,"Hiiraan (Somalia)",National,"On 16 March 2025, international forces (described as allied forces, coded as Unidentified Military Forces), in coordination with government security forces (SNA), conducted an airstrike targeting Al Shabaab bases in Ceel Buur town (Ceel Buur, Galgaduud). Casualties unknown.",0,"Foreign military engagement; Insurgency",1753970711,4740,7040,8108
SOM49407,2025-03-16,2025,1,"Political violence","Explosions/Remote violence","Air/drone strike","Unidentified Military Forces","Military Forces of Somalia (2022-)",8,28,,706,"Eastern Africa",Somalia,"Lower Shabelle",Qoryooley,,Daarasalaam,1.9221,44.7871,1,Calamada,Subnational,"On 16 March 2025, international forces (described as allied forces, coded as Unidentified Military Forces), in coordination with government security forces (SNA), conducted an airstrike targeting Al Shabaab bases in Daarasalaam village (Qoryooley, Lower Shabelle). Casualties unknown.",0,"Foreign military engagement; Insurgency",1759790065,3092,3284,3769
SOM49407,2025-03-16,2025,1,"Political violence","Explosions/Remote violence","Air/drone strike","Al Shabaab",,2,28,,706,"Eastern Africa",Somalia,"Lower Shabelle",Qoryooley,,Daarasalaam,1.9221,44.7871,1,Calamada,Subnational,"On 16 March 2025, international forces (described as allied forces, coded as Unidentified Military Forces), in coordination with government security forces (SNA), conducted an airstrike targeting Al Shabaab bases in Daarasalaam village (Qoryooley, Lower Shabelle). Casualties unknown.",0,"Foreign military engagement; Insurgency",1759790065,3092,3284,3769
SOM49417,2025-03-16,2025,1,"Political violence",Battles,"Armed clash","Al Shabaab",,2,28,,706,"Eastern Africa",Somalia,"Lower Shabelle",Afgooye,,Awdheegle,1.9833,44.8333,1,"Undisclosed Source","Local partner-Other","On 16 March 2025, Al Shabaab conducted a probing attack against AUSSOM UPDF troops and engaged them in an armed clash in Awdheegle village (Afgooye, Lower Shabelle). There were no casualties.",0,"Foreign military engagement; Insurgency",1753970711,5234,6226,7440
SOM49417,2025-03-16,2025,1,"Political violence",Battles,"Armed clash","AUSSOM: Africa Union Support and Stabilisation Mission in Somalia (2025-) (Uganda)",,8,28,,706,"Eastern Africa",Somalia,"Lower Shabelle",Afgooye,,Awdheegle,1.9833,44.8333,1,"Undisclosed Source","Local partner-Other","On 16 March 2025, Al Shabaab conducted a probing attack against AUSSOM UPDF troops and engaged them in an armed clash in Awdheegle village (Afgooye, Lower Shabelle). There were no casualties.",0,"Foreign military engagement; Insurgency",1753970711,5234,6226,7440
SOM49496,2025-03-16,2025,1,"Strategic developments","Strategic developments","Disrupted weapons use","Military Forces of Ethiopia (2018-)",,8,28,,706,"Eastern Africa",Somalia,Bay,Baydhaba,,Aawdiinle,3.1706,43.4099,1,"Undisclosed Source","Local partner-Other","Defusal: On 16 March 2025, Ethiopia security forces (non-AUSSOM) defused an IED planted by Al Shabaab in Aawdiinle village (Baydhaba, Bay). Locals discovered the IED, which had been planted on a road frequently used by ENDF forces.",0,"Foreign military engagement; Insurgency",1753956296,6800,7908,10637
SOM49496,2025-03-16,2025,1,"Strategic developments","Strategic developments","Disrupted weapons use","Al Shabaab",,2,28,,706,"Eastern Africa",Somalia,Bay,Baydhaba,,Aawdiinle,3.1706,43.4099,1,"Undisclosed Source","Local partner-Other","Defusal: On 16 March 2025, Ethiopia security forces (non-AUSSOM) defused an IED planted by Al Shabaab in Aawdiinle village (Baydhaba, Bay). Locals discovered the IED, which had been planted on a road frequently used by ENDF forces.",0,"Foreign military engagement; Insurgency",1753956296,6800,7908,10637
SOM49434,2025-03-16,2025,1,"Political violence","Explosions/Remote violence","Air/drone strike","Military Forces of Ethiopia (2018-)","Military Forces of Somalia (2022-)",8,28,,706,"Eastern Africa",Somalia,"Middle Juba",Jilib,,Jilib,0.4833,42.7666,1,"Al Furqaan; Caasimada; Calamada; Goobjoob; Hiiraan (Somalia); Radio Risala; Shabelle Media Network; Somali News Agency; Undisclosed Source","Local partner-Other","On 16 March 2025, Ethiopia security forces (non-AUSSOM), in coordination with government security forces (SNA), conducted an airstrike targeting suspected Al Shabaab bases and command centers in Jilib town (Jilib, Middle Shabelle). The forces threw fuel drums which impacted civilian areas, including Lafta/Alaqsa market, Alqima University, and residential zones, resulting in injuries to 3 civilians (mother and two daughters). The Government claimed to have killed more than 120 militants, including 20 senior members.",120,"Foreign military engagement; Insurgency",1753956296,3096,57595,71215
SOM49434,2025-03-16,2025,1,"Political violence","Explosions/Remote violence","Air/drone strike","Al Shabaab","Civilians (Somalia)",2,28,,706,"Eastern Africa",Somalia,"Middle Juba",Jilib,,Jilib,0.4833,42.7666,1,"Al Furqaan; Caasimada; Calamada; Goobjoob; Hiiraan (Somalia); Radio Risala; Shabelle Media Network; Somali News Agency; Undisclosed Source","Local partner-Other","On 16 March 2025, Ethiopia security forces (non-AUSSOM), in coordination with government security forces (SNA), conducted an airstrike targeting suspected Al Shabaab bases and command centers in Jilib town (Jilib, Middle Shabelle). The forces threw fuel drums which impacted civilian areas, including Lafta/Alaqsa market, Alqima University, and residential zones, resulting in injuries to 3 civilians (mother and two daughters). The Government claimed to have killed more than 120 militants, including 20 senior members.",120,"Foreign military engagement; Insurgency",1753956296,3096,57595,71215
SOM49396,2025-03-16,2025,1,"Political violence","Explosions/Remote violence","Air/drone strike","Military Forces of Ethiopia (2018-)","Military Forces of Somalia (2022-)",8,28,,706,"Eastern Africa",Somalia,Galgaduud,"Ceel Dheer",,Ceel-Bacad,3.8162,46.5268,1,"Al Furqaan; Calamada; Radio Risala; Somali Memo",National,"On 16 March 2025, Ethiopia security forces (non-AUSSOM), in coordination with government security forces (SNA), conducted an airstrike targeting Al Shabaab hideouts and bases in Ceel-Bacad village (Ceel Dheer, Galgaduud). The forces threw 7 fuel drums which impacted Al Shabaab and civilian areas. Al Shabaab claimed 3 women were killed. An unknown number of militants were killed and wounded. Fatalities coded as 6 (3 civilians and 3 for unknown number of killed militants).",6,"Foreign military engagement; Insurgency",1753956296,3455,3975,8229
SOM49396,2025-03-16,2025,1,"Political violence","Explosions/Remote violence","Air/drone strike","Al Shabaab","Civilians (Somalia)",2,28,,706,"Eastern Africa",Somalia,Galgaduud,"Ceel Dheer",,Ceel-Bacad,3.8162,46.5268,1,"Al Furqaan; Calamada; Radio Risala; Somali Memo",National,"On 16 March 2025, Ethiopia security forces (non-AUSSOM), in coordination with government security forces (SNA), conducted an airstrike targeting Al Shabaab hideouts and bases in Ceel-Bacad village (Ceel Dheer, Galgaduud). The forces threw 7 fuel drums which impacted Al Shabaab and civilian areas. Al Shabaab claimed 3 women were killed. An unknown number of militants were killed and wounded. Fatalities coded as 6 (3 civilians and 3 for unknown number of killed militants).",6,"Foreign military engagement; Insurgency",1753956296,3455,3975,8229
SOM49409,2025-03-17,2025,1,"Political violence","Explosions/Remote violence","Air/drone strike","Unidentified Military Forces","Military Forces of Somalia (2022-) National Intelligence and Security Agency",8,28,,706,"Eastern Africa",Somalia,Galgaduud,"Ceel Dheer",,Galcad,4.0226,46.6180,1,"Radio Kulmiye; Radio Risala",National,"On 17 March 2025, international forces (described as allied forces, coded as Unidentified Military Forces), in coordination with government security forces (NISA), conducted an airstrike targeting Al Shabaab logistic positions in the vicinity of Galcad village (Ceel Dheer, Galgaduud). 1 senior militant was killed and an unspecified number were injured.",1,"Foreign military engagement; Insurgency",1753970711,3713,4028,5458
SOM49409,2025-03-17,2025,1,"Political violence","Explosions/Remote violence","Air/drone strike","Al Shabaab",,2,28,,706,"Eastern Africa",Somalia,Galgaduud,"Ceel Dheer",,Galcad,4.0226,46.6180,1,"Radio Kulmiye; Radio Risala",National,"On 17 March 2025, international forces (described as allied forces, coded as Unidentified Military Forces), in coordination with government security forces (NISA), conducted an airstrike targeting Al Shabaab logistic positions in the vicinity of Galcad village (Ceel Dheer, Galgaduud). 1 senior militant was killed and an unspecified number were injured.",1,"Foreign military engagement; Insurgency",1753970711,3713,4028,5458
SOM49514,2025-03-18,2025,1,"Political violence","Explosions/Remote violence","Remote explosive/landmine/IED","Al Shabaab",,2,28,,706,"Eastern Africa",Somalia,Bay,Baydhaba,,Baidoa,3.1172,43.6469,1,Calamada,Subnational,"On 18 March 2025, an IED planted by Al Shabaab detonated, targeting AUSSOM ENDF troops in Baidoa town (Baydhaba, Bay). Al Shabaab claimed to have killed 3 soldiers and 2 others were injured.",3,"Foreign military engagement; Insurgency",1753970711,93741,229583,337158
SOM49514,2025-03-18,2025,1,"Political violence","Explosions/Remote violence","Remote explosive/landmine/IED","AUSSOM: Africa Union Support and Stabilisation Mission in Somalia (2025-) (Ethiopia)",,8,28,,706,"Eastern Africa",Somalia,Bay,Baydhaba,,Baidoa,3.1172,43.6469,1,Calamada,Subnational,"On 18 March 2025, an IED planted by Al Shabaab detonated, targeting AUSSOM ENDF troops in Baidoa town (Baydhaba, Bay). Al Shabaab claimed to have killed 3 soldiers and 2 others were injured.",3,"Foreign military engagement; Insurgency",1753970711,93741,229583,337158
SOM49516,2025-03-19,2025,1,"Political violence","Explosions/Remote violence","Remote explosive/landmine/IED","Al Shabaab",,2,28,,706,"Eastern Africa",Somalia,Hiraan,"Bulo Burto",,Halgan,4.2117,45.5625,1,"Al Furqaan",National,"On 19 March 2025, overnight, an IED planted by Al Shabaab detonated, targeting Ethiopia security forces (non-AUSSOM) in Halgan village (Bulo Burto, Hiraan). Casualties unknown and Al Shabaab claimed responsibility.",0,"Foreign military engagement; Insurgency",1753956296,3724,4842,6245
SOM49516,2025-03-19,2025,1,"Political violence","Explosions/Remote violence","Remote explosive/landmine/IED","Military Forces of Ethiopia (2018-)",,8,28,,706,"Eastern Africa",Somalia,Hiraan,"Bulo Burto",,Halgan,4.2117,45.5625,1,"Al Furqaan",National,"On 19 March 2025, overnight, an IED planted by Al Shabaab detonated, targeting Ethiopia security forces (non-AUSSOM) in Halgan village (Bulo Burto, Hiraan). Casualties unknown and Al Shabaab claimed responsibility.",0,"Foreign military engagement; Insurgency",1753956296,3724,4842,6245
SOM49410,2025-03-20,2025,1,"Political violence","Explosions/Remote violence","Air/drone strike","Unidentified Military Forces","Military Forces of Somalia (2022-); Military Forces of Somalia (2022-) National Intelligence and Security Agency",8,28,,706,"Eastern Africa",Somalia,"Middle Shabelle",Jowhar,,"Ceel Baraf",3.2072,45.7593,1,"Radio Risala",National,"On 20 March 2025, international forces (described as allied forces, coded as Unidentified Military Forces), in coordination with government security forces (SNA and NISA), conducted an airstrike targeting Al Shabaab hideouts in Ceel Baraf village (Jowhar, Middle Shabelle). Casualties unknown.",0,"Foreign military engagement; Insurgency",1753970711,12975,14776,18538
SOM49410,2025-03-20,2025,1,"Political violence","Explosions/Remote violence","Air/drone strike","Al Shabaab",,2,28,,706,"Eastern Africa",Somalia,"Middle Shabelle",Jowhar,,"Ceel Baraf",3.2072,45.7593,1,"Radio Risala",National,"On 20 March 2025, international forces (described as allied forces, coded as Unidentified Military Forces), in coordination with government security forces (SNA and NISA), conducted an airstrike targeting Al Shabaab hideouts in Ceel Baraf village (Jowhar, Middle Shabelle). Casualties unknown.",0,"Foreign military engagement; Insurgency",1753970711,12975,14776,18538
SOM49411,2025-03-20,2025,1,"Political violence","Explosions/Remote violence","Air/drone strike","Unidentified Military Forces","Military Forces of Somalia (2022-); Military Forces of Somalia (2022-) National Intelligence and Security Agency",8,28,,706,"Eastern Africa",Somalia,"Lower Shabelle",Afgooye,,Basra,2.2991,45.2636,1,"Radio Risala",National,"On 20 March 2025, international forces (described as allied forces, coded as Unidentified Military Forces), in coordination with government security forces (SNA and NISA), conducted an airstrike targeting Al Shabaab hideouts in Basra village (Afgooye, Lower Shabelle). Casualties unknown.",0,"Foreign military engagement; Insurgency",1760471104,2204,2440,5215
SOM49411,2025-03-20,2025,1,"Political violence","Explosions/Remote violence","Air/drone strike","Al Shabaab",,2,28,,706,"Eastern Africa",Somalia,"Lower Shabelle",Afgooye,,Basra,2.2991,45.2636,1,"Radio Risala",National,"On 20 March 2025, international forces (described as allied forces, coded as Unidentified Military Forces), in coordination with government security forces (SNA and NISA), conducted an airstrike targeting Al Shabaab hideouts in Basra village (Afgooye, Lower Shabelle). Casualties unknown.",0,"Foreign military engagement; Insurgency",1760471104,2204,2440,5215
SOM49412,2025-03-20,2025,1,"Political violence","Explosions/Remote violence","Air/drone strike","Unidentified Military Forces","Military Forces of Somalia (2022-); Military Forces of Somalia (2022-) National Intelligence and Security Agency",8,28,,706,"Eastern Africa",Somalia,Galgaduud,"Ceel Dheer",,Galcad,4.0226,46.6180,1,Caasimada,National,"On 20 March 2025, overnight, international forces (described as allied forces, coded as Unidentified Military Forces), in coordination with government security forces (SNA and NISA), conducted an airstrike targeting Al Shabaab positions in Galcad town (Ceel Dheer, Galgaduud). Casualties unknown.",0,"Foreign military engagement; Insurgency",1753970711,3713,4028,5458
SOM49412,2025-03-20,2025,1,"Political violence","Explosions/Remote violence","Air/drone strike","Al Shabaab",,2,28,,706,"Eastern Africa",Somalia,Galgaduud,"Ceel Dheer",,Galcad,4.0226,46.6180,1,Caasimada,National,"On 20 March 2025, overnight, international forces (described as allied forces, coded as Unidentified Military Forces), in coordination with government security forces (SNA and NISA), conducted an airstrike targeting Al Shabaab positions in Galcad town (Ceel Dheer, Galgaduud). Casualties unknown.",0,"Foreign military engagement; Insurgency",1753970711,3713,4028,5458
SOM49413,2025-03-20,2025,1,"Political violence","Explosions/Remote violence","Air/drone strike","Unidentified Military Forces","Military Forces of Somalia (2022-); Military Forces of Somalia (2022-) National Intelligence and Security Agency",8,28,,706,"Eastern Africa",Somalia,"Middle Shabelle",Cadale,,Sumadaale,2.9194,46.0998,1,"Radio Dalsan",National,"On 20 March 2025, overnight, international forces (described as allied forces, coded as Unidentified Military Forces), in coordination with government security forces (SNA and NISA), conducted an airstrike targeting Al Shabaab hideouts in Sumadaale village (Cadale, Middle Shabelle). An unknown number of militants were killed and wounded. Unspecified number of fatalities coded as 3.",3,"Foreign military engagement; Insurgency",1753970711,107,311,1604
SOM49413,2025-03-20,2025,1,"Political violence","Explosions/Remote violence","Air/drone strike","Al Shabaab",,2,28,,706,"Eastern Africa",Somalia,"Middle Shabelle",Cadale,,Sumadaale,2.9194,46.0998,1,"Radio Dalsan",National,"On 20 March 2025, overnight, international forces (described as allied forces, coded as Unidentified Military Forces), in coordination with government security forces (SNA and NISA), conducted an airstrike targeting Al Shabaab hideouts in Sumadaale village (Cadale, Middle Shabelle). An unknown number of militants were killed and wounded. Unspecified number of fatalities coded as 3.",3,"Foreign military engagement; Insurgency",1753970711,107,311,1604
SOM49414,2025-03-20,2025,1,"Political violence","Explosions/Remote violence","Air/drone strike","Unidentified Military Forces","Military Forces of Somalia (2022-); Military Forces of Somalia (2022-) National Intelligence and Security Agency",8,28,,706,"Eastern Africa",Somalia,Galgaduud,"Ceel Buur",,"Ceel Buur",4.6815,46.6234,2,"Caasimada; Hiiraan (Somalia); Radio Kulmiye; Radio Risala",National,"On 20 March 2025, overnight, international forces (described as allied forces, coded as Unidentified Military Forces), in coordination with government security forces (SNA and NISA), conducted an airstrike targeting an Al Shabaab gathering center in Dib-Dheer village near Ceel Buur town (Ceel Buur, Galgaduud). 20 people were killed, including 5 senior militants.",20,"Foreign military engagement; Insurgency",1753970711,4740,7040,8108
SOM49414,2025-03-20,2025,1,"Political violence","Explosions/Remote violence","Air/drone strike","Al Shabaab",,2,28,,706,"Eastern Africa",Somalia,Galgaduud,"Ceel Buur",,"Ceel Buur",4.6815,46.6234,2,"Caasimada; Hiiraan (Somalia); Radio Kulmiye; Radio Risala",National,"On 20 March 2025, overnight, international forces (described as allied forces, coded as Unidentified Military Forces), in coordination with government security forces (SNA and NISA), conducted an airstrike targeting an Al Shabaab gathering center in Dib-Dheer village near Ceel Buur town (Ceel Buur, Galgaduud). 20 people were killed, including 5 senior militants.",20,"Foreign military engagement; Insurgency",1753970711,4740,7040,8108
SOM49580,2025-03-20,2025,1,"Political violence","Explosions/Remote violence","Air/drone strike","Unidentified Military Forces","Military Forces of Somalia (2022-); Military Forces of Somalia (2022-) National Intelligence and Security Agency",8,28,,706,"Eastern Africa",Somalia,Galgaduud,"Ceel Buur",,"Maalin Nuqur",4.9747,46.4838,1,"Caasimada; Hiiraan (Somalia); Radio Kulmiye; Radio Risala",National,"On 20 March 2025, overnight, international forces (described as allied forces, coded as Unidentified Military Forces), in coordination with government security forces (SNA and NISA), conducted an airstrike targeting an Al Shabaab gathering center in Maalin Nuqur village (Ceel Buur, Galgaduud). At least 4 Al Shabaab clan based elders were killed.",4,"Foreign military engagement; Insurgency",1753970711,499,561,800
SOM49580,2025-03-20,2025,1,"Political violence","Explosions/Remote violence","Air/drone strike","Al Shabaab",,2,28,,706,"Eastern Africa",Somalia,Galgaduud,"Ceel Buur",,"Maalin Nuqur",4.9747,46.4838,1,"Caasimada; Hiiraan (Somalia); Radio Kulmiye; Radio Risala",National,"On 20 March 2025, overnight, international forces (described as allied forces, coded as Unidentified Military Forces), in coordination with government security forces (SNA and NISA), conducted an airstrike targeting an Al Shabaab gathering center in Maalin Nuqur village (Ceel Buur, Galgaduud). At least 4 Al Shabaab clan based elders were killed.",4,"Foreign military engagement; Insurgency",1753970711,499,561,800
SOM49581,2025-03-20,2025,1,"Political violence","Explosions/Remote violence","Air/drone strike","Unidentified Military Forces",,8,28,,706,"Eastern Africa",Somalia,"Middle Shabelle",Cadale,,Gulane,3.3035,46.2279,2,"Undisclosed Source","Local partner-Other","On 20 March 2025, overnight, international forces (described as allied forces, coded as Unidentified Military Forces), conducted an airstrike targeting Al Shabaab vehicles in Al-Furqaan village, near Gulane village (Cadale, Middle Shabelle). The airstrike destroyed 5 armed pickup trucks (technical), including 1 equipped with an anti-aircraft gun. Casualties unknown.",0,"Foreign military engagement; Insurgency",1753970711,11,226,2260
SOM49581,2025-03-20,2025,1,"Political violence","Explosions/Remote violence","Air/drone strike","Al Shabaab",,2,28,,706,"Eastern Africa",Somalia,"Middle Shabelle",Cadale,,Gulane,3.3035,46.2279,2,"Undisclosed Source","Local partner-Other","On 20 March 2025, overnight, international forces (described as allied forces, coded as Unidentified Military Forces), conducted an airstrike targeting Al Shabaab vehicles in Al-Furqaan village, near Gulane village (Cadale, Middle Shabelle). The airstrike destroyed 5 armed pickup trucks (technical), including 1 equipped with an anti-aircraft gun. Casualties unknown.",0,"Foreign military engagement; Insurgency",1753970711,11,226,2260
NIG41463,2025-03-20,2025,2,"Strategic developments","Strategic developments",Agreement,"Boko Haram - Jamaatu Ahli is-Sunnah lid-Dawati wal-Jihad",,2,28,,566,"Western Africa",Nigeria,Borno,Mobbar,,Damasak,13.1030,12.5113,2,"EONS Intelligence",National,"Around 20 March 2025 (as reported), seven suspected Boko Haram (JAS) fighters surrendered to the MNJTF at Walada village in Damasak (Mobbar, Borno). They also surrendered weapons, including two RPG tubes, four RPG bombs, an AK-47 rifle handed over two horses, 30 rounds of 7.62mm special ammunition, 715 rounds of 7.62mm ammunition, 51 NATO rounds, 12 mobile phones, six small solar panels, two bandoliers, and four knives, among other items.",0,"Foreign military engagement; Insurgency; Terrorist activity",1765236201,836,19157,47851
NIG41463,2025-03-20,2025,2,"Strategic developments","Strategic developments",Agreement,"MNJTF: Multinational Joint Task Force",,8,28,,566,"Western Africa",Nigeria,Borno,Mobbar,,Damasak,13.1030,12.5113,2,"EONS Intelligence",National,"Around 20 March 2025 (as reported), seven suspected Boko Haram (JAS) fighters surrendered to the MNJTF at Walada village in Damasak (Mobbar, Borno). They also surrendered weapons, including two RPG tubes, four RPG bombs, an AK-47 rifle handed over two horses, 30 rounds of 7.62mm special ammunition, 715 rounds of 7.62mm ammunition, 51 NATO rounds, 12 mobile phones, six small solar panels, two bandoliers, and four knives, among other items.",0,"Foreign military engagement; Insurgency; Terrorist activity",1765236201,836,19157,47851
SOM49415,2025-03-20,2025,1,"Political violence","Explosions/Remote violence","Air/drone strike","Unidentified Military Forces","Military Forces of Somalia (2022-); Military Forces of Somalia (2022-) National Intelligence and Security Agency",8,28,,706,"Eastern Africa",Somalia,"Lower Shabelle",Afgooye,,Saabid,2.1311,45.0377,1,"Caasimada; Goobjoob; Horseed Media; Puntland Post; Shabelle Media Network; Somali News Agency",Subnational-National,"On 20 March 2025, overnight, international forces (described as allied forces, coded as Unidentified Military Forces), in coordination with government security forces (SNA and NISA), conducted an airstrike targeting Al Shabaab positions and convoys in Saabid village (Afgooye, Lower Shabelle). The government claimed to have killed 82 militants and 19 others were injured in Saabid and Caanoole (coded separately). 82 fatalities split across 2 events and coded as 41 for this event.",41,"Foreign military engagement; Insurgency",1753970711,2095,2299,2971
SOM49415,2025-03-20,2025,1,"Political violence","Explosions/Remote violence","Air/drone strike","Al Shabaab",,2,28,,706,"Eastern Africa",Somalia,"Lower Shabelle",Afgooye,,Saabid,2.1311,45.0377,1,"Caasimada; Goobjoob; Horseed Media; Puntland Post; Shabelle Media Network; Somali News Agency",Subnational-National,"On 20 March 2025, overnight, international forces (described as allied forces, coded as Unidentified Military Forces), in coordination with government security forces (SNA and NISA), conducted an airstrike targeting Al Shabaab positions and convoys in Saabid village (Afgooye, Lower Shabelle). The government claimed to have killed 82 militants and 19 others were injured in Saabid and Caanoole (coded separately). 82 fatalities split across 2 events and coded as 41 for this event.",41,"Foreign military engagement; Insurgency",1753970711,2095,2299,2971
SOM49513,2025-03-21,2025,1,"Political violence","Explosions/Remote violence","Remote explosive/landmine/IED","Al Shabaab",,2,28,,706,"Eastern Africa",Somalia,Bakool,Waajid,,Waajid,3.8096,43.2463,1,"Somali Memo",National,"On 21 March 2025, an IED planted by Al Shabaab exploded, targeting AUSSOM ENDF troops patrol at the airstrip area in Waajid town (Waajid, Bakool). Al Shabaab claimed to have killed 2 soldiers.",2,"Foreign military engagement; Insurgency",1753970711,49655,75459,75942
SOM49513,2025-03-21,2025,1,"Political violence","Explosions/Remote violence","Remote explosive/landmine/IED","AUSSOM: Africa Union Support and Stabilisation Mission in Somalia (2025-) (Ethiopia)",,8,28,,706,"Eastern Africa",Somalia,Bakool,Waajid,,Waajid,3.8096,43.2463,1,"Somali Memo",National,"On 21 March 2025, an IED planted by Al Shabaab exploded, targeting AUSSOM ENDF troops patrol at the airstrip area in Waajid town (Waajid, Bakool). Al Shabaab claimed to have killed 2 soldiers.",2,"Foreign military engagement; Insurgency",1753970711,49655,75459,75942
SOM49589,2025-03-21,2025,1,"Political violence","Explosions/Remote violence","Air/drone strike","Unidentified Military Forces",,8,28,,706,"Eastern Africa",Somalia,"Middle Juba",Bu'aale,,"Diqiyo Madow",1.1779,42.5675,2,"Undisclosed Source","Local partner-Other","On 21 March 2025, Unidentified warplanes targeted an Al Shabaab stronghold near Diqiyo Madow village (Bu'aale, Middle Juba). The full extent of the damage remains unclear as the militant group swiftly sealed off the area with flames burning for an hour following the airstrike. Casualties unknown.",0,"Foreign military engagement; Insurgency",1753970711,1256,1279,4514
SOM49589,2025-03-21,2025,1,"Political violence","Explosions/Remote violence","Air/drone strike","Al Shabaab",,2,28,,706,"Eastern Africa",Somalia,"Middle Juba",Bu'aale,,"Diqiyo Madow",1.1779,42.5675,2,"Undisclosed Source","Local partner-Other","On 21 March 2025, Unidentified warplanes targeted an Al Shabaab stronghold near Diqiyo Madow village (Bu'aale, Middle Juba). The full extent of the damage remains unclear as the militant group swiftly sealed off the area with flames burning for an hour following the airstrike. Casualties unknown.",0,"Foreign military engagement; Insurgency",1753970711,1256,1279,4514
SOM49587,2025-03-21,2025,1,"Political violence","Explosions/Remote violence","Air/drone strike","Unidentified Military Forces",,8,28,,706,"Eastern Africa",Somalia,"Middle Juba",Jilib,,Jilib,0.4833,42.7666,1,"Undisclosed Source","Local partner-Other","On 21 March 2025, overnight, Unidentified warplanes conducted multiple airstrikes targeting an Al Shabaab base in Jilib town (Jilib, Middle Juba). Casualties unknown.",0,"Foreign military engagement; Insurgency",1753970711,3096,57595,71215
SOM49587,2025-03-21,2025,1,"Political violence","Explosions/Remote violence","Air/drone strike","Al Shabaab",,2,28,,706,"Eastern Africa",Somalia,"Middle Juba",Jilib,,Jilib,0.4833,42.7666,1,"Undisclosed Source","Local partner-Other","On 21 March 2025, overnight, Unidentified warplanes conducted multiple airstrikes targeting an Al Shabaab base in Jilib town (Jilib, Middle Juba). Casualties unknown.",0,"Foreign military engagement; Insurgency",1753970711,3096,57595,71215
SOM49532,2025-03-22,2025,1,"Political violence",Battles,"Armed clash","Al Shabaab",,2,28,,706,"Eastern Africa",Somalia,"Lower Shabelle",Marka,,Janaale,1.8000,44.7000,1,Calamada,Subnational,"On 22 March 2025, overnight, Al Shabaab attacked AUSSOM UPDF troops and engaged them in an armed clash at a forward operating base in Janaale town (Marka, Lower Shabelle). The clash was initiated with RPGs, there were no casualties and Al Shabaab claimed responsibility.",0,"Foreign military engagement; Insurgency",1753970711,10491,19470,19470
SOM49532,2025-03-22,2025,1,"Political violence",Battles,"Armed clash","AUSSOM: Africa Union Support and Stabilisation Mission in Somalia (2025-) (Uganda)",,8,28,,706,"Eastern Africa",Somalia,"Lower Shabelle",Marka,,Janaale,1.8000,44.7000,1,Calamada,Subnational,"On 22 March 2025, overnight, Al Shabaab attacked AUSSOM UPDF troops and engaged them in an armed clash at a forward operating base in Janaale town (Marka, Lower Shabelle). The clash was initiated with RPGs, there were no casualties and Al Shabaab claimed responsibility.",0,"Foreign military engagement; Insurgency",1753970711,10491,19470,19470
SOM49590,2025-03-22,2025,1,"Political violence","Explosions/Remote violence","Air/drone strike","Unidentified Military Forces","Military Forces of Somalia (2022-); Military Forces of Somalia (2022-) National Intelligence and Security Agency",8,28,,706,"Eastern Africa",Somalia,"Middle Shabelle","Adan Yabaal",,"Adan Yabaal",3.7742,46.2499,2,"Radio Kulmiye",National,"On 22 March 2025, international forces (described as allied forces, coded as Unidentified Military Forces), in coordination with government security forces (SNA and NISA), conducted an airstrike targeting Al Shabaab in Juxaa village near Adan Yabaal town (Adan Yabaal, Middle Shabelle). Casualties unknown.",0,"Foreign military engagement; Insurgency",1753970711,17296,17729,18912
SOM49590,2025-03-22,2025,1,"Political violence","Explosions/Remote violence","Air/drone strike","Al Shabaab",,2,28,,706,"Eastern Africa",Somalia,"Middle Shabelle","Adan Yabaal",,"Adan Yabaal",3.7742,46.2499,2,"Radio Kulmiye",National,"On 22 March 2025, international forces (described as allied forces, coded as Unidentified Military Forces), in coordination with government security forces (SNA and NISA), conducted an airstrike targeting Al Shabaab in Juxaa village near Adan Yabaal town (Adan Yabaal, Middle Shabelle). Casualties unknown.",0,"Foreign military engagement; Insurgency",1753970711,17296,17729,18912
SOM49591,2025-03-22,2025,1,"Political violence","Explosions/Remote violence","Air/drone strike","Unidentified Military Forces","Military Forces of Somalia (2022-)",8,28,,706,"Eastern Africa",Somalia,"Middle Shabelle","Adan Yabaal",,Al-Kowsar,3.6965,46.3835,1,"Radio Kulmiye; Undisclosed Source","Local partner-Other","On 22 March 2025, international forces (described as allied forces, coded as Unidentified Military Forces), in coordination with government security forces (SNA, conducted an airstrike targeting Al Shabaab in Al-Kowsar village (Adan Yabaal, Middle Shabelle). An unknown number of militants were killed and wounded. Unspecified number of fatalities coded as 3.",3,"Foreign military engagement; Insurgency",1753970711,10556,11491,13693
SOM49591,2025-03-22,2025,1,"Political violence","Explosions/Remote violence","Air/drone strike","Al Shabaab",,2,28,,706,"Eastern Africa",Somalia,"Middle Shabelle","Adan Yabaal",,Al-Kowsar,3.6965,46.3835,1,"Radio Kulmiye; Undisclosed Source","Local partner-Other","On 22 March 2025, international forces (described as allied forces, coded as Unidentified Military Forces), in coordination with government security forces (SNA, conducted an airstrike targeting Al Shabaab in Al-Kowsar village (Adan Yabaal, Middle Shabelle). An unknown number of militants were killed and wounded. Unspecified number of fatalities coded as 3.",3,"Foreign military engagement; Insurgency",1753970711,10556,11491,13693
SOM49588,2025-03-22,2025,1,"Political violence","Explosions/Remote violence","Air/drone strike","Unidentified Military Forces",,8,28,,706,"Eastern Africa",Somalia,"Middle Juba",Jilib,,Jilib,0.4833,42.7666,1,"Undisclosed Source","Local partner-Other","On 22 March 2025, Unidentified warplanes conducted multiple airstrikes targeting an Al Shabaab base in Jilib town (Jilib, Middle Juba). Casualties unknown.",0,"Foreign military engagement; Insurgency",1753970711,3096,57595,71215
SOM49588,2025-03-22,2025,1,"Political violence","Explosions/Remote violence","Air/drone strike","Al Shabaab",,2,28,,706,"Eastern Africa",Somalia,"Middle Juba",Jilib,,Jilib,0.4833,42.7666,1,"Undisclosed Source","Local partner-Other","On 22 March 2025, Unidentified warplanes conducted multiple airstrikes targeting an Al Shabaab base in Jilib town (Jilib, Middle Juba). Casualties unknown.",0,"Foreign military engagement; Insurgency",1753970711,3096,57595,71215
MZM5017,2025-03-23,2025,1,"Political violence",Battles,"Armed clash","Islamic State Mozambique (ISM)",,2,28,,508,"Eastern Africa",Mozambique,"Cabo Delgado",Macomia,Chai,Chai,-11.9319,40.1103,2,"Cabo Ligado; Lusa; Zitamar","Local partner-Other","On 23 March 2025, ISM militants clashed with Rwanda Military Forces after the militants held up 4-5 vehicles and tried to abduct several civilians, including women on the N380 near Chai (Chai, Macomia, Cabo Delgado). The forces rescued some abductees after exchanging fire with the militants, while other abductees fled to Macomia. At least 2 men and 1 woman are missing.",0,"Foreign military engagement; Insurgency; Terrorist activity",1762291831,8891,9311,9494
MZM5017,2025-03-23,2025,1,"Political violence",Battles,"Armed clash","Military Forces of Rwanda (1994-)",,8,28,,508,"Eastern Africa",Mozambique,"Cabo Delgado",Macomia,Chai,Chai,-11.9319,40.1103,2,"Cabo Ligado; Lusa; Zitamar","Local partner-Other","On 23 March 2025, ISM militants clashed with Rwanda Military Forces after the militants held up 4-5 vehicles and tried to abduct several civilians, including women on the N380 near Chai (Chai, Macomia, Cabo Delgado). The forces rescued some abductees after exchanging fire with the militants, while other abductees fled to Macomia. At least 2 men and 1 woman are missing.",0,"Foreign military engagement; Insurgency; Terrorist activity",1762291831,8891,9311,9494
SOM49593,2025-03-23,2025,1,"Political violence","Explosions/Remote violence","Air/drone strike","Unidentified Military Forces","Military Forces of Somalia (2022-)",8,28,,706,"Eastern Africa",Somalia,"Middle Shabelle","Adan Yabaal",,Al-Kowsar,3.6965,46.3835,1,"Caasimada; Radio Kulmiye; Radio Risala",National,"On 23 March 2025, overnight, international forces (described as international friends, coded as Unidentified Military Forces), in coordination with government security forces (SNA) conducted an airstrike targeting Al Shabaab in Al-Kowsar village (Adan Yabaal, Middle Shabelle). An unknown number of militants were killed and wounded. Unspecified number of fatalities coded as 3.",3,"Foreign military engagement; Insurgency",1753970711,10556,11491,13693
SOM49593,2025-03-23,2025,1,"Political violence","Explosions/Remote violence","Air/drone strike","Al Shabaab",,2,28,,706,"Eastern Africa",Somalia,"Middle Shabelle","Adan Yabaal",,Al-Kowsar,3.6965,46.3835,1,"Caasimada; Radio Kulmiye; Radio Risala",National,"On 23 March 2025, overnight, international forces (described as international friends, coded as Unidentified Military Forces), in coordination with government security forces (SNA) conducted an airstrike targeting Al Shabaab in Al-Kowsar village (Adan Yabaal, Middle Shabelle). An unknown number of militants were killed and wounded. Unspecified number of fatalities coded as 3.",3,"Foreign military engagement; Insurgency",1753970711,10556,11491,13693
SOM49594,2025-03-23,2025,1,"Political violence","Explosions/Remote violence","Air/drone strike","Unidentified Military Forces","Military Forces of Somalia (2022-)",8,28,,706,"Eastern Africa",Somalia,Hiraan,"Bulo Burto",,Ceel-Cali-Axmed,4.0336,46.3277,1,"Radio Kulmiye",National,"On 23 March 2025, overnight, international forces (described as international friends, coded as Unidentified Military Forces), in coordination with government security forces (SNA) conducted an airstrike targeting Al Shabaab in Ceel-Cali-Axmed village (Bulo Burto, Hiraan). An unknown number of militants were killed and wounded. Unspecified number of fatalities coded as 3.",3,"Foreign military engagement; Insurgency",1753970711,108,136,172
SOM49594,2025-03-23,2025,1,"Political violence","Explosions/Remote violence","Air/drone strike","Al Shabaab",,2,28,,706,"Eastern Africa",Somalia,Hiraan,"Bulo Burto",,Ceel-Cali-Axmed,4.0336,46.3277,1,"Radio Kulmiye",National,"On 23 March 2025, overnight, international forces (described as international friends, coded as Unidentified Military Forces), in coordination with government security forces (SNA) conducted an airstrike targeting Al Shabaab in Ceel-Cali-Axmed village (Bulo Burto, Hiraan). An unknown number of militants were killed and wounded. Unspecified number of fatalities coded as 3.",3,"Foreign military engagement; Insurgency",1753970711,108,136,172
NIG41330,2025-03-24,2025,1,"Political violence",Battles,"Armed clash","Boko Haram - Jamaatu Ahli is-Sunnah lid-Dawati wal-Jihad",,2,28,,566,"Western Africa",Nigeria,Borno,Ngala,,Wulgo,12.4839,14.1813,1,"Defense Post; UNSC",Other,"On 24 March 2025, Boko Haram (JAS) fighters launched simultaneous attacks on two military bases in Wulgo (Ngala, Borno) and Waijroko (coded separately). The attackers disguised themselves as pastoralists and infiltrated Wulgo, a location that has traditionally hosted Cameroonian soldiers as part of the anti-terrorism MNJTF. Explosive-laden drones deployed by the militia killed between 19 and 20 Cameroonian soldiers.",19,"Foreign military engagement; Insurgency; Terrorist activity",1768860031,13018,17223,19602
NIG41330,2025-03-24,2025,1,"Political violence",Battles,"Armed clash","MNJTF: Multinational Joint Task Force","Military Forces of Cameroon (1982-)",8,28,,566,"Western Africa",Nigeria,Borno,Ngala,,Wulgo,12.4839,14.1813,1,"Defense Post; UNSC",Other,"On 24 March 2025, Boko Haram (JAS) fighters launched simultaneous attacks on two military bases in Wulgo (Ngala, Borno) and Waijroko (coded separately). The attackers disguised themselves as pastoralists and infiltrated Wulgo, a location that has traditionally hosted Cameroonian soldiers as part of the anti-terrorism MNJTF. Explosive-laden drones deployed by the militia killed between 19 and 20 Cameroonian soldiers.",19,"Foreign military engagement; Insurgency; Terrorist activity",1768860031,13018,17223,19602
SOM49554,2025-03-24,2025,1,"Political violence","Explosions/Remote violence","Remote explosive/landmine/IED","Al Shabaab",,2,28,,706,"Eastern Africa",Somalia,"Middle Shabelle",Jowhar,,Buurane,2.9647,45.5124,1,"Al Furqaan; Calamada",National,"On 24 March 2025, an IED planted by Al Shabaab exploded, targeting AUSSOM BNDF troops patrol in Buurane village (Jowhar, Middle Shabelle). Al Shabaab claimed to have killed at least 2 soldiers.",2,"Foreign military engagement; Insurgency",1753970711,8552,10344,11339
SOM49554,2025-03-24,2025,1,"Political violence","Explosions/Remote violence","Remote explosive/landmine/IED","AUSSOM: Africa Union Support and Stabilisation Mission in Somalia (2025-) (Burundi)",,8,28,,706,"Eastern Africa",Somalia,"Middle Shabelle",Jowhar,,Buurane,2.9647,45.5124,1,"Al Furqaan; Calamada",National,"On 24 March 2025, an IED planted by Al Shabaab exploded, targeting AUSSOM BNDF troops patrol in Buurane village (Jowhar, Middle Shabelle). Al Shabaab claimed to have killed at least 2 soldiers.",2,"Foreign military engagement; Insurgency",1753970711,8552,10344,11339
SSD15464,2025-03-24,2025,1,"Political violence","Explosions/Remote violence","Air/drone strike","Military Forces of Sudan (2019-)",,8,80,,728,"Eastern Africa","South Sudan","Upper Nile",Maban,Banashowa,"Khor Yabus",9.8662,33.5436,2,"Risk and Strategic Management, Corporation","Local partner-International","On 24 March 2025, a suspected SAF drone conducted 2 airstrikes near the WFP compound in Yabus and in Yabus market (location coded to Khor Yabus, the nearest known location in Maban County, Upper Nile State). Before the incident, an aircraft suspected to be from the SAF had flown by the area. Motivation unknown/not reported. There were no casualties.",0,"Foreign military engagement",1753956296,0,0,261
SOM49553,2025-03-25,2025,1,"Political violence","Explosions/Remote violence","Air/drone strike","Military Forces of the United States (2025-)","Military Forces of Somalia (2022-)",8,28,,706,"Eastern Africa",Somalia,Bari,Qandala,,"Buuraha Cali Miskat",10.8548,49.7434,1,"AFRICOM; Caasimada; Hiiraan (Somalia); Puntland Post; Shabelle Media Network; Undisclosed Source","Local partner-Other","On 25 March 2025, US forces in coordination with government security forces (SNA), conducted an airstrike targeting Islamic State Somalia Province hideout in Miraale area in Buuraha Cali Miskat (Qandala, Bari). An unknown number of militants were killed and wounded. Unspecified number of fatalities coded as 3.",3,"Foreign military engagement; Insurgency",1759790065,0,0,0
SOM49553,2025-03-25,2025,1,"Political violence","Explosions/Remote violence","Air/drone strike","Islamic State Somalia Province",,2,28,,706,"Eastern Africa",Somalia,Bari,Qandala,,"Buuraha Cali Miskat",10.8548,49.7434,1,"AFRICOM; Caasimada; Hiiraan (Somalia); Puntland Post; Shabelle Media Network; Undisclosed Source","Local partner-Other","On 25 March 2025, US forces in coordination with government security forces (SNA), conducted an airstrike targeting Islamic State Somalia Province hideout in Miraale area in Buuraha Cali Miskat (Qandala, Bari). An unknown number of militants were killed and wounded. Unspecified number of fatalities coded as 3.",3,"Foreign military engagement; Insurgency",1759790065,0,0,0
SOM49567,2025-03-25,2025,1,"Political violence","Explosions/Remote violence","Air/drone strike","Military Forces of the United States (2025-)","Military Forces of Somalia (2022-)",8,28,,706,"Eastern Africa",Somalia,Bari,Qandala,,Qandala,11.4710,49.8726,2,"AFRICOM; Horseed Media; Puntland Post",National-Regional,"On 25 March 2025, US forces in coordination with government security forces (SNA), conducted an airstrike targeting Islamic State Somalia Province hideout in Aleel-yar area near Qandala (Qandala, Bari). Casualties unknown.",0,"Foreign military engagement; Insurgency",1753956296,10323,11128,11683
SOM49567,2025-03-25,2025,1,"Political violence","Explosions/Remote violence","Air/drone strike","Islamic State Somalia Province",,2,28,,706,"Eastern Africa",Somalia,Bari,Qandala,,Qandala,11.4710,49.8726,2,"AFRICOM; Horseed Media; Puntland Post",National-Regional,"On 25 March 2025, US forces in coordination with government security forces (SNA), conducted an airstrike targeting Islamic State Somalia Province hideout in Aleel-yar area near Qandala (Qandala, Bari). Casualties unknown.",0,"Foreign military engagement; Insurgency",1753956296,10323,11128,11683
SOM49571,2025-03-25,2025,1,"Political violence","Explosions/Remote violence","Air/drone strike","Military Forces of the United States (2025-)","Military Forces of Somalia (2022-)",8,28,,706,"Eastern Africa",Somalia,Bari,Qandala,,Dhaadaar,11.1280,49.8755,1,"AFRICOM; Horseed Media",National-Regional,"On 25 March 2025, US forces in coordination with government security forces (SNA), conducted an airstrike targeting Islamic State Somalia Province hideout in Baalade near Dhaadaar (Qandala, Bari). Casualties unknown.",0,"Foreign military engagement; Insurgency",1753956296,2906,3585,4923
SOM49571,2025-03-25,2025,1,"Political violence","Explosions/Remote violence","Air/drone strike","Islamic State Somalia Province",,2,28,,706,"Eastern Africa",Somalia,Bari,Qandala,,Dhaadaar,11.1280,49.8755,1,"AFRICOM; Horseed Media",National-Regional,"On 25 March 2025, US forces in coordination with government security forces (SNA), conducted an airstrike targeting Islamic State Somalia Province hideout in Baalade near Dhaadaar (Qandala, Bari). Casualties unknown.",0,"Foreign military engagement; Insurgency",1753956296,2906,3585,4923
SOM49608,2025-03-25,2025,1,"Political violence","Explosions/Remote violence","Air/drone strike","Unidentified Military Forces","Military Forces of Somalia (2022-); Military Forces of Somalia (2022-) National Intelligence and Security Agency",8,28,,706,"Eastern Africa",Somalia,"Middle Shabelle",Cadale,,Bur-Dacaar,3.0421,46.2143,2,"Radio Kulmiye",National,"On 25 March 2025, overnight, international forces (described as allied forces, coded as Unidentified Military Forces), in coordination with government security forces (SNA and NISA), conducted an airstrike targeting Al Shabaab in Xaarxarka village near Bur-Dacaar village (Cadale, Middle Shabelle). Casualties unknown.",0,"Foreign military engagement; Insurgency",1753970711,15,22,614
SOM49608,2025-03-25,2025,1,"Political violence","Explosions/Remote violence","Air/drone strike","Al Shabaab",,2,28,,706,"Eastern Africa",Somalia,"Middle Shabelle",Cadale,,Bur-Dacaar,3.0421,46.2143,2,"Radio Kulmiye",National,"On 25 March 2025, overnight, international forces (described as allied forces, coded as Unidentified Military Forces), in coordination with government security forces (SNA and NISA), conducted an airstrike targeting Al Shabaab in Xaarxarka village near Bur-Dacaar village (Cadale, Middle Shabelle). Casualties unknown.",0,"Foreign military engagement; Insurgency",1753970711,15,22,614
SOM49612,2025-03-26,2025,1,"Political violence","Explosions/Remote violence","Air/drone strike","Unidentified Military Forces","Military Forces of Somalia (2022-)",8,28,,706,"Eastern Africa",Somalia,Galgaduud,"Ceel Buur",,"Ceel Buur",4.6815,46.6234,1,"Radio Risala; Somali News Agency",National,"On 26 March 2025, overnight, international forces (described as allied forces, coded as Unidentified Military Forces), in coordination with government security forces (SNA), conducted an airstrike targeting Al Shabaab hideouts in the vicinity of Ceel Buur town (Ceel Buur, Galgaduud). Casualties unknown.",0,"Foreign military engagement; Insurgency",1753970711,4740,7040,8108
SOM49612,2025-03-26,2025,1,"Political violence","Explosions/Remote violence","Air/drone strike","Al Shabaab",,2,28,,706,"Eastern Africa",Somalia,Galgaduud,"Ceel Buur",,"Ceel Buur",4.6815,46.6234,1,"Radio Risala; Somali News Agency",National,"On 26 March 2025, overnight, international forces (described as allied forces, coded as Unidentified Military Forces), in coordination with government security forces (SNA), conducted an airstrike targeting Al Shabaab hideouts in the vicinity of Ceel Buur town (Ceel Buur, Galgaduud). Casualties unknown.",0,"Foreign military engagement; Insurgency",1753970711,4740,7040,8108
SOM49613,2025-03-26,2025,1,"Political violence","Explosions/Remote violence","Air/drone strike","Unidentified Military Forces","Military Forces of Somalia (2022-)",8,28,,706,"Eastern Africa",Somalia,Galgaduud,"Ceel Dheer",,Gal-Libaax,3.9441,46.5735,1,"Radio Risala; Somali News Agency",National,"On 26 March 2025, overnight, international forces (described as allied forces, coded as Unidentified Military Forces), in coordination with government security forces (SNA), conducted an airstrike targeting Al Shabaab explosive vehicles and convoy in the vicinity of Gal-Libaax village (Ceel Dheer, Galgaduud). Casualties unknown.",0,"Foreign military engagement; Insurgency",1753970711,1233,1477,3188
SOM49613,2025-03-26,2025,1,"Political violence","Explosions/Remote violence","Air/drone strike","Al Shabaab",,2,28,,706,"Eastern Africa",Somalia,Galgaduud,"Ceel Dheer",,Gal-Libaax,3.9441,46.5735,1,"Radio Risala; Somali News Agency",National,"On 26 March 2025, overnight, international forces (described as allied forces, coded as Unidentified Military Forces), in coordination with government security forces (SNA), conducted an airstrike targeting Al Shabaab explosive vehicles and convoy in the vicinity of Gal-Libaax village (Ceel Dheer, Galgaduud). Casualties unknown.",0,"Foreign military engagement; Insurgency",1753970711,1233,1477,3188
SOM49614,2025-03-26,2025,1,"Political violence","Explosions/Remote violence","Air/drone strike","Unidentified Military Forces","Military Forces of Somalia (2022-)",8,28,,706,"Eastern Africa",Somalia,"Middle Shabelle",Cadale,,Lamagaras,3.0969,46.1304,1,"Radio Risala; Somali News Agency",National,"On 26 March 2025, overnight, international forces (described as allied forces, coded as Unidentified Military Forces), in coordination with government security forces (SNA), conducted an airstrike targeting Al Shabaab in the vicinity of Lamagaras village (Cadale, Middle Shabelle). Casualties unknown.",0,"Foreign military engagement; Insurgency",1753970711,513,679,1702
SOM49614,2025-03-26,2025,1,"Political violence","Explosions/Remote violence","Air/drone strike","Al Shabaab",,2,28,,706,"Eastern Africa",Somalia,"Middle Shabelle",Cadale,,Lamagaras,3.0969,46.1304,1,"Radio Risala; Somali News Agency",National,"On 26 March 2025, overnight, international forces (described as allied forces, coded as Unidentified Military Forces), in coordination with government security forces (SNA), conducted an airstrike targeting Al Shabaab in the vicinity of Lamagaras village (Cadale, Middle Shabelle). Casualties unknown.",0,"Foreign military engagement; Insurgency",1753970711,513,679,1702
SOM49615,2025-03-26,2025,1,"Political violence","Explosions/Remote violence","Air/drone strike","Unidentified Military Forces","Military Forces of Somalia (2022-)",8,28,,706,"Eastern Africa",Somalia,"Middle Shabelle",Cadale,,Sumadaale,2.9194,46.0998,1,"Radio Risala; Somali News Agency",National,"On 26 March 2025, overnight, international forces (described as allied forces, coded as Unidentified Military Forces), in coordination with government security forces (SNA), conducted an airstrike targeting Al Shabaab in Sumadaale village (Cadale, Middle Shabelle). Casualties unknown.",0,"Foreign military engagement; Insurgency",1753970711,107,311,1604
SOM49615,2025-03-26,2025,1,"Political violence","Explosions/Remote violence","Air/drone strike","Al Shabaab",,2,28,,706,"Eastern Africa",Somalia,"Middle Shabelle",Cadale,,Sumadaale,2.9194,46.0998,1,"Radio Risala; Somali News Agency",National,"On 26 March 2025, overnight, international forces (described as allied forces, coded as Unidentified Military Forces), in coordination with government security forces (SNA), conducted an airstrike targeting Al Shabaab in Sumadaale village (Cadale, Middle Shabelle). Casualties unknown.",0,"Foreign military engagement; Insurgency",1753970711,107,311,1604
SOM51840,2025-03-26,2025,1,"Political violence","Explosions/Remote violence","Air/drone strike","Military Forces of the United States (2025-)",,8,28,,706,"Eastern Africa",Somalia,Bari,Qandala,,Qandala,11.4710,49.8726,2,"Local Network",Other,"On 26 March 2025, US forces conducted an airstrike targeting Islamic State Somalia Province in Tuulada Bacaad village, Qandala, coded to Qandala (Qandala, Bari). Casualties unknown.",0,"Foreign military engagement; Insurgency",1756165968,10323,11128,11683
SOM51840,2025-03-26,2025,1,"Political violence","Explosions/Remote violence","Air/drone strike","Islamic State Somalia Province",,2,28,,706,"Eastern Africa",Somalia,Bari,Qandala,,Qandala,11.4710,49.8726,2,"Local Network",Other,"On 26 March 2025, US forces conducted an airstrike targeting Islamic State Somalia Province in Tuulada Bacaad village, Qandala, coded to Qandala (Qandala, Bari). Casualties unknown.",0,"Foreign military engagement; Insurgency",1756165968,10323,11128,11683
SOM49583,2025-03-27,2025,2,"Strategic developments","Strategic developments",Other,"Military Forces of the United States (2025-)",,8,80,,706,"Eastern Africa",Somalia,Bari,Bossaso,,Bosaso,11.2842,49.1816,1,Caasimada,National,"Other: Around 27 March 2025 (as reported), US security officials opened a CIA office in Bosaso town (Bossaso, Bari) to support Puntland security forces in the fight against IS. The CIA officials visited twice to train soldiers.",0,"Foreign military engagement",1753956296,168507,280065,314538
SOM49609,2025-03-27,2025,1,"Political violence","Explosions/Remote violence","Air/drone strike","Unidentified Military Forces","Military Forces of Somalia (2022-); Military Forces of Somalia (2022-) National Intelligence and Security Agency",8,28,,706,"Eastern Africa",Somalia,"Middle Shabelle",Cadale,,"Masjid Cali Gaduud",3.1808,46.4354,1,"Baidoa News Agency; Radio Risala",National,"On 27 March 2025, overnight, international forces (described as allied forces, coded as Unidentified Military Forces), in coordination with government security forces (SNA and NISA), conducted an airstrike targeting Al Shabaab in the vicinity of Masjid Cali Gaduud village (Cadale, Middle Shabelle). Casualties unknown.",0,"Foreign military engagement; Insurgency",1753970711,4715,5160,7693
SOM49609,2025-03-27,2025,1,"Political violence","Explosions/Remote violence","Air/drone strike","Al Shabaab",,2,28,,706,"Eastern Africa",Somalia,"Middle Shabelle",Cadale,,"Masjid Cali Gaduud",3.1808,46.4354,1,"Baidoa News Agency; Radio Risala",National,"On 27 March 2025, overnight, international forces (described as allied forces, coded as Unidentified Military Forces), in coordination with government security forces (SNA and NISA), conducted an airstrike targeting Al Shabaab in the vicinity of Masjid Cali Gaduud village (Cadale, Middle Shabelle). Casualties unknown.",0,"Foreign military engagement; Insurgency",1753970711,4715,5160,7693
SOM49619,2025-03-27,2025,1,"Political violence","Explosions/Remote violence","Air/drone strike","Unidentified Military Forces","Military Forces of Somalia (2022-)",8,28,,706,"Eastern Africa",Somalia,"Middle Shabelle",Jowhar,,Cadley,2.8831,45.5903,1,"Radio Kulmiye",National,"On 27 March 2025, overnight, international forces (described as allied forces, coded as Unidentified Military Forces), in coordination with government security forces (SNA), conducted an airstrike targeting Al Shabaab position in Cadley village (Jowhar, Middle Shabelle). Casualties unknown.",0,"Foreign military engagement; Insurgency",1753970711,52,68,147
SOM49619,2025-03-27,2025,1,"Political violence","Explosions/Remote violence","Air/drone strike","Al Shabaab",,2,28,,706,"Eastern Africa",Somalia,"Middle Shabelle",Jowhar,,Cadley,2.8831,45.5903,1,"Radio Kulmiye",National,"On 27 March 2025, overnight, international forces (described as allied forces, coded as Unidentified Military Forces), in coordination with government security forces (SNA), conducted an airstrike targeting Al Shabaab position in Cadley village (Jowhar, Middle Shabelle). Casualties unknown.",0,"Foreign military engagement; Insurgency",1753970711,52,68,147
SOM49616,2025-03-27,2025,1,"Political violence","Explosions/Remote violence","Air/drone strike","Unidentified Military Forces","Military Forces of Somalia (2022-)",8,28,,706,"Eastern Africa",Somalia,Galgaduud,"Ceel Dheer",,Ceel-Bacad,3.8162,46.5268,1,"Radio Kulmiye; Radio Risala",National,"On 27 March 2025, overnight, international forces (described as allied forces, coded as Unidentified Military Forces), in coordination with government security forces (SNA), conducted an airstrike targeting Al Shabaab in Ceel-Bacad village (Ceel Dheere, Galgaduud). An unknown number of militants were killed and wounded. Unspecified number of fatalities coded as 3.",3,"Foreign military engagement; Insurgency",1753970711,3455,3975,8229
SOM49616,2025-03-27,2025,1,"Political violence","Explosions/Remote violence","Air/drone strike","Al Shabaab",,2,28,,706,"Eastern Africa",Somalia,Galgaduud,"Ceel Dheer",,Ceel-Bacad,3.8162,46.5268,1,"Radio Kulmiye; Radio Risala",National,"On 27 March 2025, overnight, international forces (described as allied forces, coded as Unidentified Military Forces), in coordination with government security forces (SNA), conducted an airstrike targeting Al Shabaab in Ceel-Bacad village (Ceel Dheere, Galgaduud). An unknown number of militants were killed and wounded. Unspecified number of fatalities coded as 3.",3,"Foreign military engagement; Insurgency",1753970711,3455,3975,8229
SOM49617,2025-03-28,2025,1,"Political violence","Explosions/Remote violence","Air/drone strike","Unidentified Military Forces","Military Forces of Somalia (2022-)",8,28,,706,"Eastern Africa",Somalia,"Middle Shabelle",Cadale,,"Masjid Cali Gaduud",3.1808,46.4354,2,"Radio Kulmiye",National,"On 28 March 2025, international forces (described as allied forces, coded as Unidentified Military Forces), in coordination with government security forces (SNA), conducted an airstrike targeting Al Shabaab in Xagarey area near Masjid Cali Gaduud village (Cadale, Middle Shabelle). Casualties unknown.",0,"Foreign military engagement; Insurgency",1753970711,4715,5160,7693
SOM49617,2025-03-28,2025,1,"Political violence","Explosions/Remote violence","Air/drone strike","Al Shabaab",,2,28,,706,"Eastern Africa",Somalia,"Middle Shabelle",Cadale,,"Masjid Cali Gaduud",3.1808,46.4354,2,"Radio Kulmiye",National,"On 28 March 2025, international forces (described as allied forces, coded as Unidentified Military Forces), in coordination with government security forces (SNA), conducted an airstrike targeting Al Shabaab in Xagarey area near Masjid Cali Gaduud village (Cadale, Middle Shabelle). Casualties unknown.",0,"Foreign military engagement; Insurgency",1753970711,4715,5160,7693
MLI34133,2025-03-29,2025,1,"Political violence","Explosions/Remote violence","Air/drone strike","Unidentified Military Forces",,8,28,,466,"Western Africa",Mali,Gao,Ansongo,Tessit,Fitili,14.9981,0.2418,2,"Essor; FAMAMali; Mali Jet",National,"On 29 March 2025, a military force (likely the Burkinabe or Malian or Nigerien military forces, based on FAMa claim and coded as Unidentified Military Forces) carried out an airstrike and destroyed an armed group vehicle (likely ISSP militants, based on location) in the area of Fitili (Ansongo, Gao). Casualties unknown.",0,"Foreign military engagement; Insurgency; Terrorist activity",1753970711,66,144,488
MLI34133,2025-03-29,2025,1,"Political violence","Explosions/Remote violence","Air/drone strike","Islamic State Sahel Province (ISSP)",,2,28,,466,"Western Africa",Mali,Gao,Ansongo,Tessit,Fitili,14.9981,0.2418,2,"Essor; FAMAMali; Mali Jet",National,"On 29 March 2025, a military force (likely the Burkinabe or Malian or Nigerien military forces, based on FAMa claim and coded as Unidentified Military Forces) carried out an airstrike and destroyed an armed group vehicle (likely ISSP militants, based on location) in the area of Fitili (Ansongo, Gao). Casualties unknown.",0,"Foreign military engagement; Insurgency; Terrorist activity",1753970711,66,144,488
MLI34134,2025-03-29,2025,1,"Political violence","Explosions/Remote violence","Air/drone strike","Unidentified Military Forces",,8,28,,466,"Western Africa",Mali,Gao,Ansongo,Ouattagouna,Hourara,15.0644,0.6352,2,"Essor; FAMAMali; Mali Jet",National,"On 29 March 2025, a military force (likely the Burkinabe or Malian or Nigerien military forces, based on FAMa claim and coded as Unidentified Military Forces) carried out an airstrike against an armed group (likely ISSP militants, based on location) in the area of Hourara (Ansongo, Gao). FAMa said that several militants were killed, about ten motorcycles were burned and an important logistic destroyed. Unspecified fatalities coded as 3.",3,"Foreign military engagement; Insurgency; Terrorist activity",1753970711,397,928,3019
MLI34134,2025-03-29,2025,1,"Political violence","Explosions/Remote violence","Air/drone strike","Islamic State Sahel Province (ISSP)",,2,28,,466,"Western Africa",Mali,Gao,Ansongo,Ouattagouna,Hourara,15.0644,0.6352,2,"Essor; FAMAMali; Mali Jet",National,"On 29 March 2025, a military force (likely the Burkinabe or Malian or Nigerien military forces, based on FAMa claim and coded as Unidentified Military Forces) carried out an airstrike against an armed group (likely ISSP militants, based on location) in the area of Hourara (Ansongo, Gao). FAMa said that several militants were killed, about ten motorcycles were burned and an important logistic destroyed. Unspecified fatalities coded as 3.",3,"Foreign military engagement; Insurgency; Terrorist activity",1753970711,397,928,3019
SOM49635,2025-03-29,2025,1,"Political violence","Explosions/Remote violence","Air/drone strike","Military Forces of the United States (2025-)","Military Forces of Somalia (2022-)",8,28,,706,"Eastern Africa",Somalia,Bari,Qandala,,"Buuraha Cali Miskat",10.8548,49.7434,1,"AFRICOM; Caasimada; Hiiraan (Somalia); Horseed Media; Puntland Post; Radio Kulmiye",National-Regional,"On 29 March 2025, US forces, in coordination with government security forces (SNA), conducted an airstrike targeting the Islamic State Somalia Province hideout in Miraale area in Buuraha Cali Miskat (Qandala, Bari), and Baalade (coded separately). More than 10 militants were killed. 10 fatalities split across 2 events and coded as 5 for this event.",5,"Foreign military engagement; Insurgency",1759790065,0,0,0
SOM49635,2025-03-29,2025,1,"Political violence","Explosions/Remote violence","Air/drone strike","Islamic State Somalia Province",,2,28,,706,"Eastern Africa",Somalia,Bari,Qandala,,"Buuraha Cali Miskat",10.8548,49.7434,1,"AFRICOM; Caasimada; Hiiraan (Somalia); Horseed Media; Puntland Post; Radio Kulmiye",National-Regional,"On 29 March 2025, US forces, in coordination with government security forces (SNA), conducted an airstrike targeting the Islamic State Somalia Province hideout in Miraale area in Buuraha Cali Miskat (Qandala, Bari), and Baalade (coded separately). More than 10 militants were killed. 10 fatalities split across 2 events and coded as 5 for this event.",5,"Foreign military engagement; Insurgency",1759790065,0,0,0
SOM49636,2025-03-29,2025,1,"Political violence","Explosions/Remote violence","Air/drone strike","Military Forces of the United States (2025-)","Military Forces of Somalia (2022-)",8,28,,706,"Eastern Africa",Somalia,Bari,Qandala,,Dhaadaar,11.1280,49.8755,2,"AFRICOM; Horseed Media; Puntland Post; Radio Kulmiye",National-Regional,"On 29 March 2025, US forces, in coordination with government security forces (SNA), conducted an airstrike targeting Islamic State Somalia Province hideout in Baalade near Dhaadaar (Qandala, Bari), and Miraale area (coded separately). More than 10 militants were killed. 10 fatalities split across 2 events and coded as 5 for this event.",5,"Foreign military engagement; Insurgency",1753956296,2906,3585,4923
SOM49636,2025-03-29,2025,1,"Political violence","Explosions/Remote violence","Air/drone strike","Islamic State Somalia Province",,2,28,,706,"Eastern Africa",Somalia,Bari,Qandala,,Dhaadaar,11.1280,49.8755,2,"AFRICOM; Horseed Media; Puntland Post; Radio Kulmiye",National-Regional,"On 29 March 2025, US forces, in coordination with government security forces (SNA), conducted an airstrike targeting Islamic State Somalia Province hideout in Baalade near Dhaadaar (Qandala, Bari), and Miraale area (coded separately). More than 10 militants were killed. 10 fatalities split across 2 events and coded as 5 for this event.",5,"Foreign military engagement; Insurgency",1753956296,2906,3585,4923
NIR31450,2025-03-29,2025,1,"Strategic developments","Strategic developments",Other,"Government of Niger (2023-)","Military Forces of Niger (2023-)",1,18,,562,"Western Africa",Niger,Diffa,Diffa,Diffa,Diffa,13.3200,12.6100,3,"AFP; Aniamey; BBC News; Jeune Afrique; Reuters; RFI; RTN (Niger)",National-Regional,"Other: On 29 March 2025, the Government of Niger announced the withdrawal of Niger military from the Multinational Joint Task Force (MNJTF) and launched the operation 'Nalewa Dole' to protect oil infrastructure in the Diffa region. Established in 1994 and revived in 2015, the MJTF is cooperation framework that engaged Nigeria, Niger, Benin, Chad and Cameron to counter insecurity in the Lake Chad basin. The Niger Government officially stated that the withdrawal was necessary to enhance security around the Niger-Benin pipeline, which has endured several attacks in recent months. This decision follows high tensions with Nigeria after the CNSP military coup in July 2023 and Chad's firm critiques against the MJTF's efficacy in the aftermath of the Boko Haram attack against the Bargarom military camp in October 2024. Location coded to Diffa (Diffa, Diffa), the region's capital",0,"Foreign military engagement",1782855009,20738,53198,60800
NIR31450,2025-03-29,2025,1,"Strategic developments","Strategic developments",Other,"MNJTF: Multinational Joint Task Force",,8,18,,562,"Western Africa",Niger,Diffa,Diffa,Diffa,Diffa,13.3200,12.6100,3,"AFP; Aniamey; BBC News; Jeune Afrique; Reuters; RFI; RTN (Niger)",National-Regional,"Other: On 29 March 2025, the Government of Niger announced the withdrawal of Niger military from the Multinational Joint Task Force (MNJTF) and launched the operation 'Nalewa Dole' to protect oil infrastructure in the Diffa region. Established in 1994 and revived in 2015, the MJTF is cooperation framework that engaged Nigeria, Niger, Benin, Chad and Cameron to counter insecurity in the Lake Chad basin. The Niger Government officially stated that the withdrawal was necessary to enhance security around the Niger-Benin pipeline, which has endured several attacks in recent months. This decision follows high tensions with Nigeria after the CNSP military coup in July 2023 and Chad's firm critiques against the MJTF's efficacy in the aftermath of the Boko Haram attack against the Bargarom military camp in October 2024. Location coded to Diffa (Diffa, Diffa), the region's capital",0,"Foreign military engagement",1782855009,20738,53198,60800
SOM49639,2025-04-01,2025,1,"Political violence","Explosions/Remote violence","Air/drone strike","Military Forces of the United States (2025-)","Military Forces of Somalia (2022-)",8,28,,706,"Eastern Africa",Somalia,Bari,Qandala,,"Buuraha Cali Miskat",10.8548,49.7434,1,"AFRICOM; Caasimada; Hiiraan (Somalia); Horseed Media; Puntland Post; Radio Kulmiye; Shabelle Media Network; Somali News Agency",National-Regional,"On 1 April 2025, US forces, in coordination with government security forces (SNA), conducted an airstrike targeting Islamic State Somalia Province hideout in the southeast of Bosaso, in Miraale area in Buuraha Cali Miskat (Qandala, Bari). Multiple militants were killed and wounded. Unspecified number of fatalities coded as 3.",3,"Foreign military engagement; Insurgency",1759790065,0,0,0
SOM49639,2025-04-01,2025,1,"Political violence","Explosions/Remote violence","Air/drone strike","Islamic State Somalia Province",,2,28,,706,"Eastern Africa",Somalia,Bari,Qandala,,"Buuraha Cali Miskat",10.8548,49.7434,1,"AFRICOM; Caasimada; Hiiraan (Somalia); Horseed Media; Puntland Post; Radio Kulmiye; Shabelle Media Network; Somali News Agency",National-Regional,"On 1 April 2025, US forces, in coordination with government security forces (SNA), conducted an airstrike targeting Islamic State Somalia Province hideout in the southeast of Bosaso, in Miraale area in Buuraha Cali Miskat (Qandala, Bari). Multiple militants were killed and wounded. Unspecified number of fatalities coded as 3.",3,"Foreign military engagement; Insurgency",1759790065,0,0,0
SOM49640,2025-04-02,2025,1,"Political violence","Explosions/Remote violence","Air/drone strike","Military Forces of Ethiopia (2018-)","Military Forces of Somalia (2022-)",8,28,,706,"Eastern Africa",Somalia,"Middle Shabelle",Cadale,,"Masjid Cali Gaduud",3.1808,46.4354,2,"Al Furqaan; Baidoa News Agency; Calamada",National,"On 2 April 2025, Ethiopia security forces (non-AUSSOM), in coordination with government security forces (SNA), conducted an airstrike targeting Al Shabaab near Masjid Cali Gaduud village (Cadale, Middle Shabelle). The airstrike hit civilians in the Xagarey area, injuring at least 2.",0,"Foreign military engagement; Insurgency",1788313418,4715,5160,7029
SOM49640,2025-04-02,2025,1,"Political violence","Explosions/Remote violence","Air/drone strike","Al Shabaab","Civilians (Somalia)",2,28,,706,"Eastern Africa",Somalia,"Middle Shabelle",Cadale,,"Masjid Cali Gaduud",3.1808,46.4354,2,"Al Furqaan; Baidoa News Agency; Calamada",National,"On 2 April 2025, Ethiopia security forces (non-AUSSOM), in coordination with government security forces (SNA), conducted an airstrike targeting Al Shabaab near Masjid Cali Gaduud village (Cadale, Middle Shabelle). The airstrike hit civilians in the Xagarey area, injuring at least 2.",0,"Foreign military engagement; Insurgency",1788313418,4715,5160,7029
SOM49641,2025-04-02,2025,1,"Political violence","Explosions/Remote violence","Air/drone strike","Unidentified Military Forces","Military Forces of Somalia (2022-)",8,28,,706,"Eastern Africa",Somalia,"Middle Shabelle",Balcad,,Warshiikh,2.2983,45.7980,2,"Radio Kulmiye",National,"On 2 April 2025, international forces (described as allied forces, coded as Unidentified Military Forces), in coordination with government security forces (SNA), conducted an airstrike targeting Al Shabaab, but the airstrike hit civilians in Gumarey village near Warshiikh village (Balcad, Middle Shabelle). An unknown number of civilians were killed and wounded. Unspecified number of fatalities coded as 3.",3,"Foreign military engagement; Insurgency",1753970711,3007,3298,3544
SOM49641,2025-04-02,2025,1,"Political violence","Explosions/Remote violence","Air/drone strike","Al Shabaab","Civilians (Somalia)",2,28,,706,"Eastern Africa",Somalia,"Middle Shabelle",Balcad,,Warshiikh,2.2983,45.7980,2,"Radio Kulmiye",National,"On 2 April 2025, international forces (described as allied forces, coded as Unidentified Military Forces), in coordination with government security forces (SNA), conducted an airstrike targeting Al Shabaab, but the airstrike hit civilians in Gumarey village near Warshiikh village (Balcad, Middle Shabelle). An unknown number of civilians were killed and wounded. Unspecified number of fatalities coded as 3.",3,"Foreign military engagement; Insurgency",1753970711,3007,3298,3544
IOT1,2025-04-02,2025,2,"Strategic developments","Strategic developments","Change to group/activity","Military Forces of the United States (2025-)",,8,80,,86,"Eastern Africa","British Indian Ocean Territory","British Indian Ocean Territory",,,"Diego Garcia",-7.3191,72.4234,1,CNN,International,"Movement of forces: Around 2 April 2025 (as reported), US Army deployed 6 to 7 B-2 Spirit stealth bombers (20-35% of its total fleet) to Diego Garcia Island (British Indian Ocean Territory), a remote joint U.S.-UK base in the Indian Ocean, signaling heightened pressure on Iran amid nuclear deal negotiations and ongoing strikes against Iran-backed Houthis in Yemen.",0,"Foreign military engagement",1764120469,0,0,0
SOM49642,2025-04-03,2025,1,"Political violence","Explosions/Remote violence","Air/drone strike","Unidentified Military Forces","Military Forces of Somalia (2022-)",8,28,,706,"Eastern Africa",Somalia,"Middle Shabelle",Cadale,,"Geel Gub",2.9822,46.2872,1,"Radio Kulmiye",National,"On 3 April 2025, international forces (described as allied forces, coded as Unidentified Military Forces), in coordination with government security forces (SNA), conducted an airstrike targeting Al Shabaab in Geel Gub village (Cadale, Middle Shabelle). Casualties unknown.",0,"Foreign military engagement; Insurgency",1753970711,2103,2434,3476
SOM49642,2025-04-03,2025,1,"Political violence","Explosions/Remote violence","Air/drone strike","Al Shabaab",,2,28,,706,"Eastern Africa",Somalia,"Middle Shabelle",Cadale,,"Geel Gub",2.9822,46.2872,1,"Radio Kulmiye",National,"On 3 April 2025, international forces (described as allied forces, coded as Unidentified Military Forces), in coordination with government security forces (SNA), conducted an airstrike targeting Al Shabaab in Geel Gub village (Cadale, Middle Shabelle). Casualties unknown.",0,"Foreign military engagement; Insurgency",1753970711,2103,2434,3476
SOM49645,2025-04-03,2025,1,"Political violence","Explosions/Remote violence","Air/drone strike","Unidentified Military Forces","Military Forces of Somalia (2022-)",8,28,,706,"Eastern Africa",Somalia,"Middle Shabelle",Cadale,,"Bursha Shiikh",2.9373,46.0126,1,"Radio Kulmiye",National,"On 3 April 2025, international forces (described as allied forces, coded as Unidentified Military Forces), in coordination with government security forces (SNA), conducted an airstrike targeting Al Shabaab in Bursha Shiikh village (Cadale, Middle Shabelle). Casualties unknown.",0,"Foreign military engagement; Insurgency",1753970711,229,431,2077
SOM49645,2025-04-03,2025,1,"Political violence","Explosions/Remote violence","Air/drone strike","Al Shabaab",,2,28,,706,"Eastern Africa",Somalia,"Middle Shabelle",Cadale,,"Bursha Shiikh",2.9373,46.0126,1,"Radio Kulmiye",National,"On 3 April 2025, international forces (described as allied forces, coded as Unidentified Military Forces), in coordination with government security forces (SNA), conducted an airstrike targeting Al Shabaab in Bursha Shiikh village (Cadale, Middle Shabelle). Casualties unknown.",0,"Foreign military engagement; Insurgency",1753970711,229,431,2077
SOM49647,2025-04-03,2025,1,"Political violence","Explosions/Remote violence","Air/drone strike","Military Forces of the United Arab Emirates (2022-)","Military Forces of Somalia (2022-) Puntland Dervish Force; Police Forces of Somalia (2022-) Puntland Maritime Police Force",8,28,,706,"Eastern Africa",Somalia,Bari,Qandala,,"Buuraha Cali Miskat",10.8548,49.7434,1,"Caasimada; Goobjoob; Hiiraan (Somalia); Puntland Post; Undisclosed Source","Local partner-Other","On 3 April 2025, UAE forces in coordination with Puntland Maritime Police Force (PMPF) and Puntland Dervish Force conducted an airstrike targeting Islamic State Somalia Province bases in Miraale area in Buuraha Cali Miskat (Qandala, Bari). An unknown number of militants were killed and wounded. Unspecified number of fatalities coded as 3.",3,"Foreign military engagement; Insurgency",1759790065,0,0,0
SOM49647,2025-04-03,2025,1,"Political violence","Explosions/Remote violence","Air/drone strike","Islamic State Somalia Province",,2,28,,706,"Eastern Africa",Somalia,Bari,Qandala,,"Buuraha Cali Miskat",10.8548,49.7434,1,"Caasimada; Goobjoob; Hiiraan (Somalia); Puntland Post; Undisclosed Source","Local partner-Other","On 3 April 2025, UAE forces in coordination with Puntland Maritime Police Force (PMPF) and Puntland Dervish Force conducted an airstrike targeting Islamic State Somalia Province bases in Miraale area in Buuraha Cali Miskat (Qandala, Bari). An unknown number of militants were killed and wounded. Unspecified number of fatalities coded as 3.",3,"Foreign military engagement; Insurgency",1759790065,0,0,0
SOM49708,2025-04-03,2025,1,"Political violence","Explosions/Remote violence","Air/drone strike","Military Forces of the United States (2025-)","Military Forces of Somalia (2022-)",8,28,,706,"Eastern Africa",Somalia,Bari,Qandala,,"Buuraha Cali Miskat",10.8548,49.7434,1,"Undisclosed Source","Local partner-Other","On 3 April 2025, US forces, in coordination with government security forces (SNA), conducted an airstrike targeting Islamic State Somalia Province hideout in Shikshkaw within Miraale area in Buuraha Cali Miskat (Qandala, Bari). Casualties unknown.",0,"Foreign military engagement; Insurgency",1759790065,0,0,0
SOM49708,2025-04-03,2025,1,"Political violence","Explosions/Remote violence","Air/drone strike","Islamic State Somalia Province",,2,28,,706,"Eastern Africa",Somalia,Bari,Qandala,,"Buuraha Cali Miskat",10.8548,49.7434,1,"Undisclosed Source","Local partner-Other","On 3 April 2025, US forces, in coordination with government security forces (SNA), conducted an airstrike targeting Islamic State Somalia Province hideout in Shikshkaw within Miraale area in Buuraha Cali Miskat (Qandala, Bari). Casualties unknown.",0,"Foreign military engagement; Insurgency",1759790065,0,0,0
SOM49698,2025-04-04,2025,1,"Political violence","Explosions/Remote violence","Remote explosive/landmine/IED","Al Shabaab",,2,28,,706,"Eastern Africa",Somalia,"Lower Shabelle",Marka,,Shalaambood,1.7087,44.6961,2,Calamada,Subnational,"On 4 April 2025, an IED planted by Al Shabaab exploded, targeting AUSSOM UPDF troops' convoy near Shalaambood village (Marka, Lower Shabelle). Al Shabaab claimed to have killed 1 soldier.",1,"Foreign military engagement; Insurgency",1753970711,22655,30280,30581
SOM49698,2025-04-04,2025,1,"Political violence","Explosions/Remote violence","Remote explosive/landmine/IED","AUSSOM: Africa Union Support and Stabilisation Mission in Somalia (2025-) (Uganda)",,8,28,,706,"Eastern Africa",Somalia,"Lower Shabelle",Marka,,Shalaambood,1.7087,44.6961,2,Calamada,Subnational,"On 4 April 2025, an IED planted by Al Shabaab exploded, targeting AUSSOM UPDF troops' convoy near Shalaambood village (Marka, Lower Shabelle). Al Shabaab claimed to have killed 1 soldier.",1,"Foreign military engagement; Insurgency",1753970711,22655,30280,30581
SOM49700,2025-04-04,2025,1,"Political violence","Explosions/Remote violence","Remote explosive/landmine/IED","Al Shabaab",,2,28,,706,"Eastern Africa",Somalia,"Lower Shabelle",Afgooye,,K60,1.9243,44.9231,1,Calamada,Subnational,"On 4 April 2025, an IED planted by Al Shabaab exploded, targeting AUSSOM UPDF troops convoy in the vicinity of K60 village (Afgooye, Lower Shabelle). Al Shabaab claimed to have killed 3 soldiers and 2 others were injured.",3,"Foreign military engagement; Insurgency",1753970711,151,277,2032
SOM49700,2025-04-04,2025,1,"Political violence","Explosions/Remote violence","Remote explosive/landmine/IED","AUSSOM: Africa Union Support and Stabilisation Mission in Somalia (2025-) (Uganda)",,8,28,,706,"Eastern Africa",Somalia,"Lower Shabelle",Afgooye,,K60,1.9243,44.9231,1,Calamada,Subnational,"On 4 April 2025, an IED planted by Al Shabaab exploded, targeting AUSSOM UPDF troops convoy in the vicinity of K60 village (Afgooye, Lower Shabelle). Al Shabaab claimed to have killed 3 soldiers and 2 others were injured.",3,"Foreign military engagement; Insurgency",1753970711,151,277,2032
MLI34136,2025-04-04,2025,1,"Political violence","Explosions/Remote violence","Air/drone strike","Unidentified Military Forces",,8,28,,466,"Western Africa",Mali,Gao,Ansongo,Ouattagouna,Hourara,15.0644,0.6352,1,"FAMAMali; Undisclosed Source; Whatsapp","Local partner-Other","On 4 April 2025, a military force (likely the Burkinabe or Malian or Nigerien military forces, based on FAMa claim and coded as Unidentified Military Forces) carried out a drone strike against a fuel deposit in the village of Hourara (Ansongo, Gao). 1 civilian was killed, and 2 ISSP militants injured. FAMa claimed that the Alliance of Sahel States (AES) air forces carried out airstrikes in Hourara, destroying logistics and killing several militants. Fatalities coded as 1.",1,"Foreign military engagement; Insurgency; Terrorist activity",1753970711,397,928,3019
MLI34136,2025-04-04,2025,1,"Political violence","Explosions/Remote violence","Air/drone strike","Islamic State Sahel Province (ISSP)","Civilians (Mali)",2,28,,466,"Western Africa",Mali,Gao,Ansongo,Ouattagouna,Hourara,15.0644,0.6352,1,"FAMAMali; Undisclosed Source; Whatsapp","Local partner-Other","On 4 April 2025, a military force (likely the Burkinabe or Malian or Nigerien military forces, based on FAMa claim and coded as Unidentified Military Forces) carried out a drone strike against a fuel deposit in the village of Hourara (Ansongo, Gao). 1 civilian was killed, and 2 ISSP militants injured. FAMa claimed that the Alliance of Sahel States (AES) air forces carried out airstrikes in Hourara, destroying logistics and killing several militants. Fatalities coded as 1.",1,"Foreign military engagement; Insurgency; Terrorist activity",1753970711,397,928,3019
MLI34143,2025-04-04,2025,1,"Political violence","Explosions/Remote violence","Air/drone strike","Unidentified Military Forces",,8,28,,466,"Western Africa",Mali,Mopti,Djenne,Kewa,Nouh-Bozo,14.1697,-4.8886,2,FAMAMali,National,"On 4 April 2025, FAMa stated that the Alliance of Sahel States (AES) air forces conducted airstrikes and destroyed about 15 militant bases (likely JNIM, based on location) in the area Nouh-Bozo (Djenne, Mopti), and the areas of Diafarabe, Diaou and Mamba (coded separately). Casualties unknown.",0,"Foreign military engagement; Insurgency",1776726865,1186,1324,1657
MLI34143,2025-04-04,2025,1,"Political violence","Explosions/Remote violence","Air/drone strike","JNIM: Group for Support of Islam and Muslims",,2,28,,466,"Western Africa",Mali,Mopti,Djenne,Kewa,Nouh-Bozo,14.1697,-4.8886,2,FAMAMali,National,"On 4 April 2025, FAMa stated that the Alliance of Sahel States (AES) air forces conducted airstrikes and destroyed about 15 militant bases (likely JNIM, based on location) in the area Nouh-Bozo (Djenne, Mopti), and the areas of Diafarabe, Diaou and Mamba (coded separately). Casualties unknown.",0,"Foreign military engagement; Insurgency",1776726865,1186,1324,1657
MLI34145,2025-04-04,2025,1,"Political violence","Explosions/Remote violence","Air/drone strike","Unidentified Military Forces",,8,28,,466,"Western Africa",Mali,Mopti,Tenenkou,Diafarabe,Diaou,14.1381,-4.9284,2,FAMAMali,National,"On 4 April 2025, FAMa stated that the Alliance of Sahel States (AES) air forces conducted airstrikes and destroyed about 15 militant bases (likely JNIM, based on location) in the area Diaou (Tenenkou, Mopti), and the areas of Nouh-Bozo, Diafarabe, Diafarabe and Mamba (coded separately). Casualties unknown.",0,"Foreign military engagement; Insurgency",1776726865,183,206,527
MLI34145,2025-04-04,2025,1,"Political violence","Explosions/Remote violence","Air/drone strike","JNIM: Group for Support of Islam and Muslims",,2,28,,466,"Western Africa",Mali,Mopti,Tenenkou,Diafarabe,Diaou,14.1381,-4.9284,2,FAMAMali,National,"On 4 April 2025, FAMa stated that the Alliance of Sahel States (AES) air forces conducted airstrikes and destroyed about 15 militant bases (likely JNIM, based on location) in the area Diaou (Tenenkou, Mopti), and the areas of Nouh-Bozo, Diafarabe, Diafarabe and Mamba (coded separately). Casualties unknown.",0,"Foreign military engagement; Insurgency",1776726865,183,206,527
MLI34146,2025-04-04,2025,1,"Political violence","Explosions/Remote violence","Air/drone strike","Unidentified Military Forces",,8,28,,466,"Western Africa",Mali,Mopti,Tenenkou,Diafarabe,Mamba,14.0777,-4.9844,2,FAMAMali,National,"On 4 April 2025, FAMa stated that the Alliance of Sahel States (AES) air forces conducted airstrikes and destroyed about 15 militant bases (likely JNIM, based on location) in the area Mamba (Tenenkou, Mopti), and the areas of Nouh-Bozo, Diafarabe, Diaou and Diafarabe (coded separately). Casualties unknown.",0,"Foreign military engagement; Insurgency",1776726865,1670,1747,1871
MLI34146,2025-04-04,2025,1,"Political violence","Explosions/Remote violence","Air/drone strike","JNIM: Group for Support of Islam and Muslims",,2,28,,466,"Western Africa",Mali,Mopti,Tenenkou,Diafarabe,Mamba,14.0777,-4.9844,2,FAMAMali,National,"On 4 April 2025, FAMa stated that the Alliance of Sahel States (AES) air forces conducted airstrikes and destroyed about 15 militant bases (likely JNIM, based on location) in the area Mamba (Tenenkou, Mopti), and the areas of Nouh-Bozo, Diafarabe, Diaou and Diafarabe (coded separately). Casualties unknown.",0,"Foreign military engagement; Insurgency",1776726865,1670,1747,1871
MLI34147,2025-04-04,2025,1,"Political violence","Explosions/Remote violence","Air/drone strike","Unidentified Military Forces",,8,28,,466,"Western Africa",Mali,Segou,Segou,Farako,Farako,13.4104,-6.3895,2,"FAMAMali; Undisclosed Source","Local partner-Other","On 4 April 2025, FAMa stated that the Alliance of Sahel States (AES) air forces conducted airstrikes and destroyed several militant bases (likely JNIM, based on location) in the area Farako (Segou, Segou). Casualties unknown.",0,"Foreign military engagement; Insurgency",1776726865,3147,3469,10078
MLI34147,2025-04-04,2025,1,"Political violence","Explosions/Remote violence","Air/drone strike","JNIM: Group for Support of Islam and Muslims",,2,28,,466,"Western Africa",Mali,Segou,Segou,Farako,Farako,13.4104,-6.3895,2,"FAMAMali; Undisclosed Source","Local partner-Other","On 4 April 2025, FAMa stated that the Alliance of Sahel States (AES) air forces conducted airstrikes and destroyed several militant bases (likely JNIM, based on location) in the area Farako (Segou, Segou). Casualties unknown.",0,"Foreign military engagement; Insurgency",1776726865,3147,3469,10078
MLI34144,2025-04-04,2025,1,"Political violence","Explosions/Remote violence","Air/drone strike","Unidentified Military Forces",,8,28,,466,"Western Africa",Mali,Mopti,Tenenkou,Diafarabe,Diafarabe,14.1409,-5.0169,2,FAMAMali,National,"On 4 April 2025, FAMa stated that the Alliance of Sahel States (AES) air forces conducted airstrikes and destroyed about 15 militant bases (likely JNIM, based on location) in the area Diafarabe (Tenenkou, Mopti), and the areas of Nouh-Bozo, Diafarabe, Diaou and Mamba (coded separately). Casualties unknown.",0,"Foreign military engagement; Insurgency",1776726865,7658,8229,9096
MLI34144,2025-04-04,2025,1,"Political violence","Explosions/Remote violence","Air/drone strike","JNIM: Group for Support of Islam and Muslims",,2,28,,466,"Western Africa",Mali,Mopti,Tenenkou,Diafarabe,Diafarabe,14.1409,-5.0169,2,FAMAMali,National,"On 4 April 2025, FAMa stated that the Alliance of Sahel States (AES) air forces conducted airstrikes and destroyed about 15 militant bases (likely JNIM, based on location) in the area Diafarabe (Tenenkou, Mopti), and the areas of Nouh-Bozo, Diafarabe, Diaou and Mamba (coded separately). Casualties unknown.",0,"Foreign military engagement; Insurgency",1776726865,7658,8229,9096
SOM49713,2025-04-05,2025,1,"Political violence","Explosions/Remote violence","Air/drone strike","Unidentified Military Forces","Military Forces of Somalia (2022-)",8,28,,706,"Eastern Africa",Somalia,Galgaduud,"Ceel Dheer",,Galcad,4.0226,46.6180,1,"Caasimada; Radio Kulmiye",National,"On 5 April 2025, international forces (described as allied forces, coded as Unidentified Military Forces), in coordination with government security forces (SNA), conducted an airstrike targeting Al Shabaab in Galcad village (Ceel Dheere, Galgaduud). Casualties unknown.",0,"Foreign military engagement; Insurgency",1753970711,3713,4028,5458
SOM49713,2025-04-05,2025,1,"Political violence","Explosions/Remote violence","Air/drone strike","Al Shabaab",,2,28,,706,"Eastern Africa",Somalia,Galgaduud,"Ceel Dheer",,Galcad,4.0226,46.6180,1,"Caasimada; Radio Kulmiye",National,"On 5 April 2025, international forces (described as allied forces, coded as Unidentified Military Forces), in coordination with government security forces (SNA), conducted an airstrike targeting Al Shabaab in Galcad village (Ceel Dheere, Galgaduud). Casualties unknown.",0,"Foreign military engagement; Insurgency",1753970711,3713,4028,5458
SOM49723,2025-04-05,2025,1,"Political violence","Explosions/Remote violence","Air/drone strike","Military Forces of the United Arab Emirates (2022-)","Military Forces of Somalia (2022-) Puntland Dervish Force; Police Forces of Somalia (2022-) Puntland Maritime Police Force",8,28,,706,"Eastern Africa",Somalia,Bari,Qandala,,"Buuraha Cali Miskat",10.8548,49.7434,1,"Caasimada; Horseed Media; Puntland Post; Radio Dalsan",National,"On 5 April 2025, overnight, UAE forces in coordination with Puntland Maritime Police Force (PMPF) and Puntland Dervish Force conducted an airstrike targeting Islamic State Somalia Province bases in Miraale area in Buuraha Cali Miskat (Qandala, Bari). An unknown number of militants were killed and wounded. Unspecified number of fatalities coded as 3.",3,"Foreign military engagement; Insurgency",1759790065,0,0,0
SOM49723,2025-04-05,2025,1,"Political violence","Explosions/Remote violence","Air/drone strike","Islamic State Somalia Province",,2,28,,706,"Eastern Africa",Somalia,Bari,Qandala,,"Buuraha Cali Miskat",10.8548,49.7434,1,"Caasimada; Horseed Media; Puntland Post; Radio Dalsan",National,"On 5 April 2025, overnight, UAE forces in coordination with Puntland Maritime Police Force (PMPF) and Puntland Dervish Force conducted an airstrike targeting Islamic State Somalia Province bases in Miraale area in Buuraha Cali Miskat (Qandala, Bari). An unknown number of militants were killed and wounded. Unspecified number of fatalities coded as 3.",3,"Foreign military engagement; Insurgency",1759790065,0,0,0
SOM49724,2025-04-05,2025,1,"Political violence","Explosions/Remote violence","Air/drone strike","Military Forces of the United Arab Emirates (2022-)","Military Forces of Somalia (2022-) Puntland Dervish Force; Police Forces of Somalia (2022-) Puntland Maritime Police Force",8,28,,706,"Eastern Africa",Somalia,Bari,Qandala,,Qandala,11.4710,49.8726,2,"Undisclosed Source","Local partner-Other","On 5 April 2025, overnight, UAE forces in coordination with Puntland Maritime Police Force (PMPF) and Puntland Dervish Force conducted an airstrike targeting Islamic State Somalia Province bases in Aleel-yar near Qandala (Qandala, Bari). An unknown number of militants were killed and wounded. Unspecified number of fatalities coded as 3.",3,"Foreign military engagement; Insurgency",1753956296,10323,11128,11683
SOM49724,2025-04-05,2025,1,"Political violence","Explosions/Remote violence","Air/drone strike","Islamic State Somalia Province",,2,28,,706,"Eastern Africa",Somalia,Bari,Qandala,,Qandala,11.4710,49.8726,2,"Undisclosed Source","Local partner-Other","On 5 April 2025, overnight, UAE forces in coordination with Puntland Maritime Police Force (PMPF) and Puntland Dervish Force conducted an airstrike targeting Islamic State Somalia Province bases in Aleel-yar near Qandala (Qandala, Bari). An unknown number of militants were killed and wounded. Unspecified number of fatalities coded as 3.",3,"Foreign military engagement; Insurgency",1753956296,10323,11128,11683
BFO13609,2025-04-06,2025,1,"Strategic developments","Strategic developments",Other,"Government of Burkina Faso (2022-)","Government of Mali (2021-); Government of Niger (2023-)",1,18,,854,"Western Africa","Burkina Faso",Centre,Kadiogo,Ouagadougou,"Ouagadougou - Unspecified",12.3703,-1.5247,3,RFI,International,"Other: On 6 April 2025, the Burkinabe government has decided to recall its ambassador from Algeria, accused of shooting down a Malian army drone. Event coded to the country's capital Ouagadougou (Ouagadougou, Kadiogo). Mali and Niger have also recalled their ambassadors from Algeria. The said decision was taken by the three countries in a statement issued by the Confederation of Sahel States. The three countries expressed their regret at the destruction of a FAMa drone by the Algerian army. They pointed out that the airspace of Mali, Niger and Burkina Faso represents a single theater of military operations, and therefore consider the destruction of the FAMa drone as an aggression against all members of the Confederation of Sahel States.",0,"Foreign military engagement",1788905640,26273,130724,682199
BFO13609,2025-04-06,2025,1,"Strategic developments","Strategic developments",Other,"Government of Algeria (2019-)",,8,18,,854,"Western Africa","Burkina Faso",Centre,Kadiogo,Ouagadougou,"Ouagadougou - Unspecified",12.3703,-1.5247,3,RFI,International,"Other: On 6 April 2025, the Burkinabe government has decided to recall its ambassador from Algeria, accused of shooting down a Malian army drone. Event coded to the country's capital Ouagadougou (Ouagadougou, Kadiogo). Mali and Niger have also recalled their ambassadors from Algeria. The said decision was taken by the three countries in a statement issued by the Confederation of Sahel States. The three countries expressed their regret at the destruction of a FAMa drone by the Algerian army. They pointed out that the airspace of Mali, Niger and Burkina Faso represents a single theater of military operations, and therefore consider the destruction of the FAMa drone as an aggression against all members of the Confederation of Sahel States.",0,"Foreign military engagement",1788905640,26273,130724,682199
MLI34157,2025-04-06,2025,1,"Strategic developments","Strategic developments",Other,"Government of Mali (2021-)","Government of Burkina Faso (2022-); Government of Niger (2023-)",1,18,,466,"Western Africa",Mali,Bamako,Bamako,"Commune III",Bamako,12.6500,-8.0000,3,RFI,International,"Other: On 6 April 2025, the Malian government has decided to recall its ambassador from Algeria, accused of shooting down a Malian army drone. Event coded to the country's capital Bamako (Bamako, Bamako). Burkina Faso and Niger have also recalled their ambassadors from Algeria. The said decision was taken by the three countries in a statement issued by the Confederation of Sahel States. The three countries expressed their regret at the destruction of a FAMa drone by the Algerian army. They pointed out that the airspace of Mali, Niger and Burkina Faso represents a single theater of military operations, and therefore consider the destruction of the FAMa drone as an aggression against all members of the Confederation of Sahel States.",0,"Foreign military engagement",1753954689,89498,312842,1235074
MLI34157,2025-04-06,2025,1,"Strategic developments","Strategic developments",Other,"Government of Algeria (2019-)",,8,18,,466,"Western Africa",Mali,Bamako,Bamako,"Commune III",Bamako,12.6500,-8.0000,3,RFI,International,"Other: On 6 April 2025, the Malian government has decided to recall its ambassador from Algeria, accused of shooting down a Malian army drone. Event coded to the country's capital Bamako (Bamako, Bamako). Burkina Faso and Niger have also recalled their ambassadors from Algeria. The said decision was taken by the three countries in a statement issued by the Confederation of Sahel States. The three countries expressed their regret at the destruction of a FAMa drone by the Algerian army. They pointed out that the airspace of Mali, Niger and Burkina Faso represents a single theater of military operations, and therefore consider the destruction of the FAMa drone as an aggression against all members of the Confederation of Sahel States.",0,"Foreign military engagement",1753954689,89498,312842,1235074
SOM49727,2025-04-06,2025,1,"Political violence","Explosions/Remote violence","Remote explosive/landmine/IED","Al Shabaab",,2,28,,706,"Eastern Africa",Somalia,"Middle Shabelle",Jowhar,,Buurane,2.9647,45.5124,1,"Al Furqaan; Caasimada; Calamada; Radio Kulmiye; Somali Memo; Undisclosed Source","Local partner-Other","On 6 April 2025, 2 IED planted by Al Shabaab exploded, targeting AUSSOM BNDF troops convoy in Buurane village (Jowhar, Middle Shabelle). Al Shabaab claimed to have killed 3 soldiers.",3,"Foreign military engagement; Insurgency",1753970711,8552,10344,11339
SOM49727,2025-04-06,2025,1,"Political violence","Explosions/Remote violence","Remote explosive/landmine/IED","AUSSOM: Africa Union Support and Stabilisation Mission in Somalia (2025-) (Burundi)",,8,28,,706,"Eastern Africa",Somalia,"Middle Shabelle",Jowhar,,Buurane,2.9647,45.5124,1,"Al Furqaan; Caasimada; Calamada; Radio Kulmiye; Somali Memo; Undisclosed Source","Local partner-Other","On 6 April 2025, 2 IED planted by Al Shabaab exploded, targeting AUSSOM BNDF troops convoy in Buurane village (Jowhar, Middle Shabelle). Al Shabaab claimed to have killed 3 soldiers.",3,"Foreign military engagement; Insurgency",1753970711,8552,10344,11339
NIR31503,2025-04-06,2025,1,"Strategic developments","Strategic developments",Other,"Government of Niger (2023-)","Government of Burkina Faso (2022-); Government of Mali (2021-)",1,18,,562,"Western Africa",Niger,Niamey,"Ville de Niamey","Niamey III",Niamey,13.5200,2.1200,3,"AFP; Air Info; Aniamey; AP; BBC News; RFI; Studio Kalangou",National-International,"Other: On 6 April 2025, the Government of Niger, together with the government of Mali and Burkina Faso, withdrew its ambassador from Algeria in Niamey (Ville de Niamey, Niamey). These tensions follow the destruction of a Malian drone by Algerian forces on 31 March 2025 (coded separately).",0,"Foreign military engagement",1782855009,32908,135078,707830
NIR31503,2025-04-06,2025,1,"Strategic developments","Strategic developments",Other,"Government of Algeria (2019-)",,8,18,,562,"Western Africa",Niger,Niamey,"Ville de Niamey","Niamey III",Niamey,13.5200,2.1200,3,"AFP; Air Info; Aniamey; AP; BBC News; RFI; Studio Kalangou",National-International,"Other: On 6 April 2025, the Government of Niger, together with the government of Mali and Burkina Faso, withdrew its ambassador from Algeria in Niamey (Ville de Niamey, Niamey). These tensions follow the destruction of a Malian drone by Algerian forces on 31 March 2025 (coded separately).",0,"Foreign military engagement",1782855009,32908,135078,707830
MLI34152,2025-04-07,2025,1,"Strategic developments","Strategic developments",Other,"Government of Mali (2021-)",,1,18,,466,"Western Africa",Mali,Bamako,Bamako,"Commune III",Bamako,12.6500,-8.0000,3,"AMAP; Jeune Afrique; Mali Actu; Reuters; Twitter","New media-National","Other: On 7 April 2025, the Malian Ministry of Transport and Infrastructure has decided to close Malian airspace to all civilian and military aircraft flying to or from Algeria until further notice. This decision follows the closure of Algerian airspace to Malian aircraft, decided on the same day by the Algerian government (coded separately). Event coded to the country capital Bamako (Bamako, Bamako).",0,"Foreign military engagement",1753954689,89498,312842,1235074
MLI34152,2025-04-07,2025,1,"Strategic developments","Strategic developments",Other,"Government of Algeria (2019-)",,8,18,,466,"Western Africa",Mali,Bamako,Bamako,"Commune III",Bamako,12.6500,-8.0000,3,"AMAP; Jeune Afrique; Mali Actu; Reuters; Twitter","New media-National","Other: On 7 April 2025, the Malian Ministry of Transport and Infrastructure has decided to close Malian airspace to all civilian and military aircraft flying to or from Algeria until further notice. This decision follows the closure of Algerian airspace to Malian aircraft, decided on the same day by the Algerian government (coded separately). Event coded to the country capital Bamako (Bamako, Bamako).",0,"Foreign military engagement",1753954689,89498,312842,1235074
SOM49735,2025-04-08,2025,1,"Political violence","Explosions/Remote violence","Air/drone strike","Unidentified Military Forces","Military Forces of Somalia (2022-)",8,28,,706,"Eastern Africa",Somalia,"Middle Shabelle",Cadale,,"Masjid Cali Gaduud",3.1808,46.4354,1,"Caasimada; Hiiraan (Somalia); Radio Dalsan; Radio Risala; Shabelle Media Network; Undisclosed Source","Local partner-Other","On 8 April 2025, international forces (described as allied forces, coded as Unidentified Military Forces), in coordination with government security forces (SNA), conducted an airstrike targeting Al Shabaab in Masjid Cali Gaduud village (Cadale, Middle Shabelle). The airstrike destroyed 3 Al Shabaab vehicles. More than 15 militants were killed.",15,"Foreign military engagement; Insurgency",1788313418,4715,5160,7029
SOM49735,2025-04-08,2025,1,"Political violence","Explosions/Remote violence","Air/drone strike","Al Shabaab",,2,28,,706,"Eastern Africa",Somalia,"Middle Shabelle",Cadale,,"Masjid Cali Gaduud",3.1808,46.4354,1,"Caasimada; Hiiraan (Somalia); Radio Dalsan; Radio Risala; Shabelle Media Network; Undisclosed Source","Local partner-Other","On 8 April 2025, international forces (described as allied forces, coded as Unidentified Military Forces), in coordination with government security forces (SNA), conducted an airstrike targeting Al Shabaab in Masjid Cali Gaduud village (Cadale, Middle Shabelle). The airstrike destroyed 3 Al Shabaab vehicles. More than 15 militants were killed.",15,"Foreign military engagement; Insurgency",1788313418,4715,5160,7029
MZM5105,2025-04-08,2025,2,"Political violence",Battles,"Armed clash","Military Forces of Rwanda (1994-)","Local Forces (Mozambique)",8,28,,508,"Eastern Africa",Mozambique,"Cabo Delgado",Macomia,Chai,Litamanda,-11.8966,40.1097,2,"Cabo Ligado","Local partner-Other","Around 8 April 2025 (between 8 - 15 April), Rwandan military forces and Local Forces clashed with ISM militants and dismantled their base used to train new ISM recruits in the Macomia forest near Litamanda (coded to Litamanda, Chai, Macomia, Cabo Delgado). Some militants surrendered and were taken to Pemba, while others tried to escape and were shot and wounded. Sources differ on details: one source indicated there were about 50 ISM militants in army uniforms spotted by the Local Force via a drone, and no shots were fired; one source claimed the event occurred near the Muidumbe border.",0,"Foreign military engagement; Insurgency; Terrorist activity",1762291831,5936,6719,6808
MZM5105,2025-04-08,2025,2,"Political violence",Battles,"Armed clash","Islamic State Mozambique (ISM)",,2,28,,508,"Eastern Africa",Mozambique,"Cabo Delgado",Macomia,Chai,Litamanda,-11.8966,40.1097,2,"Cabo Ligado","Local partner-Other","Around 8 April 2025 (between 8 - 15 April), Rwandan military forces and Local Forces clashed with ISM militants and dismantled their base used to train new ISM recruits in the Macomia forest near Litamanda (coded to Litamanda, Chai, Macomia, Cabo Delgado). Some militants surrendered and were taken to Pemba, while others tried to escape and were shot and wounded. Sources differ on details: one source indicated there were about 50 ISM militants in army uniforms spotted by the Local Force via a drone, and no shots were fired; one source claimed the event occurred near the Muidumbe border.",0,"Foreign military engagement; Insurgency; Terrorist activity",1762291831,5936,6719,6808
SOM49761,2025-04-10,2025,1,"Political violence","Explosions/Remote violence","Air/drone strike","Unidentified Military Forces",,8,78,"Civilian targeting",706,"Eastern Africa",Somalia,Bari,Bossaso,,Mareera,11.3318,49.3008,2,"Undisclosed Source","Local partner-Other","On 10 April 2025, overnight, unidentified military forces conducted three airstrikes, targeting Islamic State Somalia Province, but the airstrike hit a pastoralist family in Maraagade area near Mareera village (Bossaso, Bari). 4 civilians were injured. The motive is unknown/not reported.",0,"Foreign military engagement",1754411191,6,7,7
SOM49761,2025-04-10,2025,1,"Political violence","Explosions/Remote violence","Air/drone strike","Civilians (Somalia)","Pastoralists (Somalia)",7,78,"Civilian targeting",706,"Eastern Africa",Somalia,Bari,Bossaso,,Mareera,11.3318,49.3008,2,"Undisclosed Source","Local partner-Other","On 10 April 2025, overnight, unidentified military forces conducted three airstrikes, targeting Islamic State Somalia Province, but the airstrike hit a pastoralist family in Maraagade area near Mareera village (Bossaso, Bari). 4 civilians were injured. The motive is unknown/not reported.",0,"Foreign military engagement",1754411191,6,7,7
SOM49764,2025-04-11,2025,1,"Political violence","Explosions/Remote violence","Remote explosive/landmine/IED","Al Shabaab",,2,28,,706,"Eastern Africa",Somalia,Bakool,Waajid,,Waajid,3.8096,43.2463,1,Calamada,National,"On 11 April 2025, an IED planted by Al Shabaab exploded, targeting AUSSOM ENDF troops patrol team at the airstrip area in Waajid town (Waajid, Bakool). Casualties unknown and Al Shabaab claimed responsibility.",0,"Foreign military engagement; Insurgency",1753970711,49655,75459,75942
SOM49764,2025-04-11,2025,1,"Political violence","Explosions/Remote violence","Remote explosive/landmine/IED","AUSSOM: Africa Union Support and Stabilisation Mission in Somalia (2025-) (Ethiopia)",,8,28,,706,"Eastern Africa",Somalia,Bakool,Waajid,,Waajid,3.8096,43.2463,1,Calamada,National,"On 11 April 2025, an IED planted by Al Shabaab exploded, targeting AUSSOM ENDF troops patrol team at the airstrip area in Waajid town (Waajid, Bakool). Casualties unknown and Al Shabaab claimed responsibility.",0,"Foreign military engagement; Insurgency",1753970711,49655,75459,75942
SOM49787,2025-04-11,2025,1,"Political violence","Explosions/Remote violence","Air/drone strike","Military Forces of the United States (2025-)","Military Forces of Somalia (2022-)",8,28,,706,"Eastern Africa",Somalia,Bari,Qandala,,"Buuraha Cali Miskat",10.8548,49.7434,1,"AFRICOM; Mareeg News (Somalia); Shabelle Media Network",National-Regional,"On 11 April 2025, US forces, in coordination with government security forces (SNA), conducted an airstrike targeting Islamic State Somalia Province hideout southeast of Bosasso, in Buuraha Cali Miskat (Qandala, Bari). 1 militant was killed",1,"Foreign military engagement; Insurgency",1759790065,0,0,0
SOM49787,2025-04-11,2025,1,"Political violence","Explosions/Remote violence","Air/drone strike","Islamic State Somalia Province",,2,28,,706,"Eastern Africa",Somalia,Bari,Qandala,,"Buuraha Cali Miskat",10.8548,49.7434,1,"AFRICOM; Mareeg News (Somalia); Shabelle Media Network",National-Regional,"On 11 April 2025, US forces, in coordination with government security forces (SNA), conducted an airstrike targeting Islamic State Somalia Province hideout southeast of Bosasso, in Buuraha Cali Miskat (Qandala, Bari). 1 militant was killed",1,"Foreign military engagement; Insurgency",1759790065,0,0,0
SOM49790,2025-04-12,2025,1,"Political violence",Battles,"Armed clash","Al Shabaab",,2,28,,706,"Eastern Africa",Somalia,Bakool,Waajid,,Waajid,3.8096,43.2463,1,Caasimada,National,"On 12 April 2025, Al Shabaab attacked AUSSOM ENDF troops convoy and engaged them in an armed clash in Waajid town (Waajid, Bakool). At least 4 soldiers were killed and others were injured.",4,"Foreign military engagement; Insurgency",1753970711,49655,75459,75942
SOM49790,2025-04-12,2025,1,"Political violence",Battles,"Armed clash","AUSSOM: Africa Union Support and Stabilisation Mission in Somalia (2025-) (Ethiopia)",,8,28,,706,"Eastern Africa",Somalia,Bakool,Waajid,,Waajid,3.8096,43.2463,1,Caasimada,National,"On 12 April 2025, Al Shabaab attacked AUSSOM ENDF troops convoy and engaged them in an armed clash in Waajid town (Waajid, Bakool). At least 4 soldiers were killed and others were injured.",4,"Foreign military engagement; Insurgency",1753970711,49655,75459,75942
SOM49792,2025-04-14,2025,1,"Political violence",Battles,"Armed clash","Al Shabaab",,2,28,,706,"Eastern Africa",Somalia,"Lower Shabelle",Baraawe,,Embareeso,1.1808,44.0479,1,"Al Furqaan; Undisclosed Source","Local partner-Other","On 14 April 2025, overnight, Al Shabaab attacked AUSSOM UPDF troops and engaged them in an armed clash at a base in Embareeso village (Baraawe, Lower Shabelle). The clash was initiated with the exchanged of RPGs firing. There were no casualties and Al Shabaab claimed responsibility.",0,"Foreign military engagement; Insurgency",1753970711,75,598,1847
SOM49792,2025-04-14,2025,1,"Political violence",Battles,"Armed clash","AUSSOM: Africa Union Support and Stabilisation Mission in Somalia (2025-) (Uganda)",,8,28,,706,"Eastern Africa",Somalia,"Lower Shabelle",Baraawe,,Embareeso,1.1808,44.0479,1,"Al Furqaan; Undisclosed Source","Local partner-Other","On 14 April 2025, overnight, Al Shabaab attacked AUSSOM UPDF troops and engaged them in an armed clash at a base in Embareeso village (Baraawe, Lower Shabelle). The clash was initiated with the exchanged of RPGs firing. There were no casualties and Al Shabaab claimed responsibility.",0,"Foreign military engagement; Insurgency",1753970711,75,598,1847
SOM49791,2025-04-14,2025,1,"Political violence",Battles,"Armed clash","Al Shabaab",,2,28,,706,"Eastern Africa",Somalia,"Lower Shabelle",Marka,,Golweyn,1.6584,44.5800,1,"Calamada; Somali Memo; Undisclosed Source","Local partner-Other","On 14 April 2025, overnight, Al Shabaab attacked AUSSOM UPDF and engaged them in an armed clash at a base in Golweyn village (Marka, Lower Shabelle). The clash was initiated with RPGs, there were no casualties and Al Shabaab claimed responsibility.",0,"Foreign military engagement; Insurgency",1753970711,12595,13502,17801
SOM49791,2025-04-14,2025,1,"Political violence",Battles,"Armed clash","AUSSOM: Africa Union Support and Stabilisation Mission in Somalia (2025-) (Uganda)",,8,28,,706,"Eastern Africa",Somalia,"Lower Shabelle",Marka,,Golweyn,1.6584,44.5800,1,"Calamada; Somali Memo; Undisclosed Source","Local partner-Other","On 14 April 2025, overnight, Al Shabaab attacked AUSSOM UPDF and engaged them in an armed clash at a base in Golweyn village (Marka, Lower Shabelle). The clash was initiated with RPGs, there were no casualties and Al Shabaab claimed responsibility.",0,"Foreign military engagement; Insurgency",1753970711,12595,13502,17801
SOM49853,2025-04-14,2025,1,"Political violence","Explosions/Remote violence","Shelling/artillery/missile attack","AUSSOM: Africa Union Support and Stabilisation Mission in Somalia (2025-) (Uganda)",,8,78,"Civilian targeting",706,"Eastern Africa",Somalia,"Lower Shabelle",Marka,,Golweyn,1.6584,44.5800,1,"Shabelle Media Network",Subnational,"On 14 April 2025, AUSSOM UPDF troops attacked civilian farmers and worker at the Mumgi farm in Golweyn village (Marka, Lower Shabelle). The forces fired RPGs and mortar shells at the farm. At least 2 farmers were injured and unspecified properties was damaged.",0,"Foreign military engagement",1754411191,12595,13502,17801
SOM49853,2025-04-14,2025,1,"Political violence","Explosions/Remote violence","Shelling/artillery/missile attack","Civilians (Somalia)","Farmers (Somalia); Labor Group (Somalia)",7,78,"Civilian targeting",706,"Eastern Africa",Somalia,"Lower Shabelle",Marka,,Golweyn,1.6584,44.5800,1,"Shabelle Media Network",Subnational,"On 14 April 2025, AUSSOM UPDF troops attacked civilian farmers and worker at the Mumgi farm in Golweyn village (Marka, Lower Shabelle). The forces fired RPGs and mortar shells at the farm. At least 2 farmers were injured and unspecified properties was damaged.",0,"Foreign military engagement",1754411191,12595,13502,17801
SOM49786,2025-04-15,2025,1,"Political violence","Explosions/Remote violence","Air/drone strike","Military Forces of the United States (2025-)","Military Forces of Somalia (2022-)",8,28,,706,"Eastern Africa",Somalia,"Lower Shabelle",Kurtunwaarey,,Kurtunwaarey,1.6104,44.3329,2,"Goobjoob; Hiiraan (Somalia); Radio Kulmiye; Radio Risala; Shabelle Media Network",Subnational-National,"On 15 April 2025, overnight, US forces and government security forces (SNA) conducted an airstrike targeting a site used by Al Shabaab boat carrying weapons along the Shabelle river, near Kurtunwaarey town (Kurtunwaarey, Lower Shabelle). An unknown number of militants were killed and wounded. Unspecified number of fatalities coded as 3.",3,"Foreign military engagement; Insurgency",1753956296,13574,14204,15546
SOM49786,2025-04-15,2025,1,"Political violence","Explosions/Remote violence","Air/drone strike","Al Shabaab",,2,28,,706,"Eastern Africa",Somalia,"Lower Shabelle",Kurtunwaarey,,Kurtunwaarey,1.6104,44.3329,2,"Goobjoob; Hiiraan (Somalia); Radio Kulmiye; Radio Risala; Shabelle Media Network",Subnational-National,"On 15 April 2025, overnight, US forces and government security forces (SNA) conducted an airstrike targeting a site used by Al Shabaab boat carrying weapons along the Shabelle river, near Kurtunwaarey town (Kurtunwaarey, Lower Shabelle). An unknown number of militants were killed and wounded. Unspecified number of fatalities coded as 3.",3,"Foreign military engagement; Insurgency",1753956296,13574,14204,15546
SOM49788,2025-04-16,2025,1,"Political violence","Explosions/Remote violence","Air/drone strike","Military Forces of the United States (2025-)",,8,28,,706,"Eastern Africa",Somalia,"Middle Shabelle","Adan Yabaal",,"Adan Yabaal",3.7742,46.2499,1,"Caasimada; Hiiraan (Somalia); Horseed Media; Puntland Post; Radio Risala; Shabelle Media Network; Somali News Agency; Undisclosed Source","Local partner-Other","On 16 April 2025, overnight, US forces and government security forces (SNA) conducted an airstrike targeting Al Shabaab gathering and hideout in Adan Yabaal town (Adan Yabaal, Middle Shabelle). 12 militants were killed, including senior leaders.",12,"Foreign military engagement; Insurgency",1753956296,17296,17729,18912
SOM49788,2025-04-16,2025,1,"Political violence","Explosions/Remote violence","Air/drone strike","Al Shabaab",,2,28,,706,"Eastern Africa",Somalia,"Middle Shabelle","Adan Yabaal",,"Adan Yabaal",3.7742,46.2499,1,"Caasimada; Hiiraan (Somalia); Horseed Media; Puntland Post; Radio Risala; Shabelle Media Network; Somali News Agency; Undisclosed Source","Local partner-Other","On 16 April 2025, overnight, US forces and government security forces (SNA) conducted an airstrike targeting Al Shabaab gathering and hideout in Adan Yabaal town (Adan Yabaal, Middle Shabelle). 12 militants were killed, including senior leaders.",12,"Foreign military engagement; Insurgency",1753956296,17296,17729,18912
SOM49793,2025-04-16,2025,1,"Political violence",Battles,"Armed clash","Al Shabaab",,2,28,,706,"Eastern Africa",Somalia,"Lower Shabelle",Qoryooley,,Qoryooley,1.7878,44.5300,1,"Somali Memo",National,"On 16 April 2025, overnight, Al Shabaab carried out a hit-and-run attack against AUSSOM UPDF and engaged them in an armed clash at a base in Qoryooley town (Qoryooley, Lower Shabelle). The clash was initiated with RPGs, there were no casualties and Al Shabaab claimed responsibility.",0,"Foreign military engagement; Insurgency",1754354914,22512,31726,41913
SOM49793,2025-04-16,2025,1,"Political violence",Battles,"Armed clash","AUSSOM: Africa Union Support and Stabilisation Mission in Somalia (2025-) (Uganda)",,8,28,,706,"Eastern Africa",Somalia,"Lower Shabelle",Qoryooley,,Qoryooley,1.7878,44.5300,1,"Somali Memo",National,"On 16 April 2025, overnight, Al Shabaab carried out a hit-and-run attack against AUSSOM UPDF and engaged them in an armed clash at a base in Qoryooley town (Qoryooley, Lower Shabelle). The clash was initiated with RPGs, there were no casualties and Al Shabaab claimed responsibility.",0,"Foreign military engagement; Insurgency",1754354914,22512,31726,41913
SOM49842,2025-04-16,2025,1,"Strategic developments","Strategic developments","Change to group/activity","AUSSOM: Africa Union Support and Stabilisation Mission in Somalia (2025-) (Djibouti)",,8,80,,706,"Eastern Africa",Somalia,Hiraan,"Belet Weyne",,"Belet Weyne",4.7360,45.2043,1,"Hiiraan (Somalia)",National,"Movement of forces: On 16 April 2025, AUSSOM DNDF troops were deployed in Belet Weyne town (Belet Weyne). The forces are part of the new Africa Union mission.",0,"Foreign military engagement",1753970711,37074,104769,167259
SOM49789,2025-04-16,2025,1,"Political violence","Explosions/Remote violence","Air/drone strike","Military Forces of the United States (2025-)",,8,28,,706,"Eastern Africa",Somalia,"Lower Shabelle",Baraawe,,"Marian Guwaay",1.4481,44.3278,2,"AFRICOM; Al Furqaan; Radio Dalsan; Radio Risala",National-Regional,"On 16 April 2025, US forces and government security forces (SNA) conducted an airstrike targeting a big boat unmarked vessel and a small vessel accompanying it belonging to Al Shabab in Bulaale village near Marian Guwaay village (Baraawe, Lower Shabelle). The vessels were carrying sophisticated weapons that were being smuggled into the country. Al Shabaab claimed that the airstrike hit civilian fishers. 8 were killed and 12 were injured. Al Shabaab accused the US of targeting civilians.",8,"Foreign military engagement; Insurgency",1753956296,1497,1941,4268
SOM49789,2025-04-16,2025,1,"Political violence","Explosions/Remote violence","Air/drone strike","Al Shabaab","Civilians (Somalia); Fishers (Somalia)",2,28,,706,"Eastern Africa",Somalia,"Lower Shabelle",Baraawe,,"Marian Guwaay",1.4481,44.3278,2,"AFRICOM; Al Furqaan; Radio Dalsan; Radio Risala",National-Regional,"On 16 April 2025, US forces and government security forces (SNA) conducted an airstrike targeting a big boat unmarked vessel and a small vessel accompanying it belonging to Al Shabab in Bulaale village near Marian Guwaay village (Baraawe, Lower Shabelle). The vessels were carrying sophisticated weapons that were being smuggled into the country. Al Shabaab claimed that the airstrike hit civilian fishers. 8 were killed and 12 were injured. Al Shabaab accused the US of targeting civilians.",8,"Foreign military engagement; Insurgency",1753956296,1497,1941,4268
SOM49785,2025-04-17,2025,1,"Political violence","Explosions/Remote violence","Air/drone strike","Military Forces of the United Arab Emirates (2022-)","Military Forces of Somalia (2022-) Puntland Dervish Force; Police Forces of Somalia (2022-) Puntland Maritime Police Force",8,28,,706,"Eastern Africa",Somalia,Bari,Qandala,,"Buuraha Cali Miskat",10.8548,49.7434,1,"Radio Kulmiye",National,"On 17 April 2025, overnight, UAE forces in coordination with Puntland Maritime Police Force (PMPF) and Puntland Dervish Force conducted an airstrike targeting Islamic State Somalia Province bases in Miraale area in Buuraha Cali Miskat (Qandala, Bari). An unknown number of militants were killed and wounded. Unspecified number of fatalities coded as 3.",3,"Foreign military engagement; Insurgency",1759790065,0,0,0
SOM49785,2025-04-17,2025,1,"Political violence","Explosions/Remote violence","Air/drone strike","Islamic State Somalia Province",,2,28,,706,"Eastern Africa",Somalia,Bari,Qandala,,"Buuraha Cali Miskat",10.8548,49.7434,1,"Radio Kulmiye",National,"On 17 April 2025, overnight, UAE forces in coordination with Puntland Maritime Police Force (PMPF) and Puntland Dervish Force conducted an airstrike targeting Islamic State Somalia Province bases in Miraale area in Buuraha Cali Miskat (Qandala, Bari). An unknown number of militants were killed and wounded. Unspecified number of fatalities coded as 3.",3,"Foreign military engagement; Insurgency",1759790065,0,0,0
SOM49794,2025-04-17,2025,1,"Political violence",Battles,"Armed clash","Al Shabaab",,2,28,,706,"Eastern Africa",Somalia,"Lower Shabelle",Marka,,Janaale,1.8000,44.7000,1,"Al Furqaan",National,"On 17 April 2025, overnight, Al Shabaab carried out a hit-and-run attack against AUSSOM UPDF and engaged them in an armed clash at a base in Janaale town (Marka, Lower Shabelle). The clash was initiated with RPGs, there were no casualties and Al Shabaab claimed responsibility.",0,"Foreign military engagement; Insurgency",1753970711,10491,19470,19470
SOM49794,2025-04-17,2025,1,"Political violence",Battles,"Armed clash","AUSSOM: Africa Union Support and Stabilisation Mission in Somalia (2025-) (Uganda)",,8,28,,706,"Eastern Africa",Somalia,"Lower Shabelle",Marka,,Janaale,1.8000,44.7000,1,"Al Furqaan",National,"On 17 April 2025, overnight, Al Shabaab carried out a hit-and-run attack against AUSSOM UPDF and engaged them in an armed clash at a base in Janaale town (Marka, Lower Shabelle). The clash was initiated with RPGs, there were no casualties and Al Shabaab claimed responsibility.",0,"Foreign military engagement; Insurgency",1753970711,10491,19470,19470
SSD15281,2025-04-17,2025,2,"Strategic developments","Strategic developments",Agreement,"Government of South Sudan (2011-)",,1,18,,728,"Eastern Africa","South Sudan","Eastern Equatoria",Torit,Torit,Torit,4.4079,32.5724,1,"Radio Tamazuj",National,"Around 17 April 2025 (as reported), government officials from South Sudan's Eastern Equatoria State and Uganda's Lamwo District agreed to foster peaceful coexistence and address issues like cattle raiding that affect their development following a meeting in Torit (Torit, Eastern Equatoria).",0,"Foreign military engagement",1753956296,9677,23066,35764
SSD15281,2025-04-17,2025,2,"Strategic developments","Strategic developments",Agreement,"Government of Uganda (1986-)",,8,18,,728,"Eastern Africa","South Sudan","Eastern Equatoria",Torit,Torit,Torit,4.4079,32.5724,1,"Radio Tamazuj",National,"Around 17 April 2025 (as reported), government officials from South Sudan's Eastern Equatoria State and Uganda's Lamwo District agreed to foster peaceful coexistence and address issues like cattle raiding that affect their development following a meeting in Torit (Torit, Eastern Equatoria).",0,"Foreign military engagement",1753956296,9677,23066,35764
SOM49856,2025-04-18,2025,1,"Political violence","Explosions/Remote violence","Air/drone strike","Military Forces of the United Arab Emirates (2022-)","Military Forces of Somalia (2022-) Puntland Dervish Force; Police Forces of Somalia (2022-) Puntland Maritime Police Force",8,28,,706,"Eastern Africa",Somalia,Bari,Qandala,,"Buuraha Cali Miskat",10.8548,49.7434,1,"Radio Kulmiye",National,"On 18 April 2025, overnight, UAE forces in coordination with Puntland Maritime Police Force (PMPF) and Puntland Dervish Force conducted an airstrike targeting Islamic State Somalia Province bases in Miraale area in Buuraha Cali Miskat (Qandala, Bari). An unknown number of militants were killed and wounded. Unspecified number of fatalities coded as 3.",3,"Foreign military engagement; Insurgency",1759790065,0,0,0
SOM49856,2025-04-18,2025,1,"Political violence","Explosions/Remote violence","Air/drone strike","Islamic State Somalia Province",,2,28,,706,"Eastern Africa",Somalia,Bari,Qandala,,"Buuraha Cali Miskat",10.8548,49.7434,1,"Radio Kulmiye",National,"On 18 April 2025, overnight, UAE forces in coordination with Puntland Maritime Police Force (PMPF) and Puntland Dervish Force conducted an airstrike targeting Islamic State Somalia Province bases in Miraale area in Buuraha Cali Miskat (Qandala, Bari). An unknown number of militants were killed and wounded. Unspecified number of fatalities coded as 3.",3,"Foreign military engagement; Insurgency",1759790065,0,0,0
SOM49857,2025-04-18,2025,1,"Political violence","Explosions/Remote violence","Air/drone strike","Military Forces of the United States (2025-)","Military Forces of Somalia (2022-)",8,28,,706,"Eastern Africa",Somalia,Bari,Qandala,,"Buuraha Cali Miskat",10.8548,49.7434,1,"Undisclosed Source","Local partner-Other","On 18 April 2025, US forces, in coordination with government security forces (SNA), conducted an airstrike targeting Islamic State Somalia Province hideout in Miraale area in Buuraha Cali Miskat (Qandala, Bari). There were no casualties.",0,"Foreign military engagement; Insurgency",1759790065,0,0,0
SOM49857,2025-04-18,2025,1,"Political violence","Explosions/Remote violence","Air/drone strike","Islamic State Somalia Province",,2,28,,706,"Eastern Africa",Somalia,Bari,Qandala,,"Buuraha Cali Miskat",10.8548,49.7434,1,"Undisclosed Source","Local partner-Other","On 18 April 2025, US forces, in coordination with government security forces (SNA), conducted an airstrike targeting Islamic State Somalia Province hideout in Miraale area in Buuraha Cali Miskat (Qandala, Bari). There were no casualties.",0,"Foreign military engagement; Insurgency",1759790065,0,0,0
NIR31529,2025-04-19,2025,1,"Strategic developments","Strategic developments",Other,"Government of Algeria (2019-)",,8,78,,562,"Western Africa",Niger,Agadez,Ingall,Ingall,Assamakka,19.3347,5.7720,2,"AFP; Air Info; AP; BBC News; RFI; Studio Kalangou; Xinhua",Subnational-National,"Displacement: On 19 April 2025, the Government of Algeria coordinated a large-scale expulsion operation of around 1500 sub-Saharan and Asian migrants to Assamakka (Arlit, Agadez). The migrants have diversified profiles including women, men and children from Niger, Guinea, Mali, Benin, Burkina Faso, Ivory Coast and Somalia. This operation is very likely a retaliation for the AES's accusations against Algeria regarding an alleged violation of the Malian airspace and it marks a deterioration in the relationship between Algeria and Niger.",0,"Foreign military engagement",1782855009,758,877,1404
NIR31529,2025-04-19,2025,1,"Strategic developments","Strategic developments",Other,"Civilians (Niger)","Civilians (Benin); Civilians (Burkina Faso); Civilians (Guinea); Civilians (Ivory Coast); Civilians (Mali); Civilians (Somalia); Migrants (Benin); Migrants (Burkina Faso); Migrants (Guinea); Migrants (Ivory Coast); Migrants (Mali); Migrants (Niger); Migrants (Somalia)",7,78,,562,"Western Africa",Niger,Agadez,Ingall,Ingall,Assamakka,19.3347,5.7720,2,"AFP; Air Info; AP; BBC News; RFI; Studio Kalangou; Xinhua",Subnational-National,"Displacement: On 19 April 2025, the Government of Algeria coordinated a large-scale expulsion operation of around 1500 sub-Saharan and Asian migrants to Assamakka (Arlit, Agadez). The migrants have diversified profiles including women, men and children from Niger, Guinea, Mali, Benin, Burkina Faso, Ivory Coast and Somalia. This operation is very likely a retaliation for the AES's accusations against Algeria regarding an alleged violation of the Malian airspace and it marks a deterioration in the relationship between Algeria and Niger.",0,"Foreign military engagement",1782855009,758,877,1404
SOM49861,2025-04-20,2025,1,"Political violence",Battles,"Armed clash","Al Shabaab",,2,28,,706,"Eastern Africa",Somalia,"Lower Shabelle",Baraawe,,Embareeso,1.1808,44.0479,1,"Undisclosed Source","Local partner-Other","On 20 April 2025, overnight, Al Shabaab attacked AUSSOM UPDF troops and engaged them in an armed clash at a base in Embareeso village (Baraawe, Lower Shabelle). The clash was initiated with the exchanged of RPGs firing. There were no casualties.",0,"Foreign military engagement; Insurgency",1753970711,75,598,1847
SOM49861,2025-04-20,2025,1,"Political violence",Battles,"Armed clash","AUSSOM: Africa Union Support and Stabilisation Mission in Somalia (2025-) (Uganda)",,8,28,,706,"Eastern Africa",Somalia,"Lower Shabelle",Baraawe,,Embareeso,1.1808,44.0479,1,"Undisclosed Source","Local partner-Other","On 20 April 2025, overnight, Al Shabaab attacked AUSSOM UPDF troops and engaged them in an armed clash at a base in Embareeso village (Baraawe, Lower Shabelle). The clash was initiated with the exchanged of RPGs firing. There were no casualties.",0,"Foreign military engagement; Insurgency",1753970711,75,598,1847
SOM49862,2025-04-21,2025,1,"Political violence",Battles,"Armed clash","Al Shabaab",,2,28,,706,"Eastern Africa",Somalia,"Lower Shabelle",Baraawe,,Embareeso,1.1808,44.0479,1,"Calamada; Somali Memo; Undisclosed Source","Local partner-Other","On 21 April 2025, overnight, Al Shabaab attacked AUSSOM UPDF troops and engaged them in an armed clash at a base in Embareeso village (Baraawe, Lower Shabelle). The clash was initiated with the exchanged of RPGs firing. There were no casualties and Al Shabaab claimed responsibility.",0,"Foreign military engagement; Insurgency",1753970711,75,598,1847
SOM49862,2025-04-21,2025,1,"Political violence",Battles,"Armed clash","AUSSOM: Africa Union Support and Stabilisation Mission in Somalia (2025-) (Uganda)",,8,28,,706,"Eastern Africa",Somalia,"Lower Shabelle",Baraawe,,Embareeso,1.1808,44.0479,1,"Calamada; Somali Memo; Undisclosed Source","Local partner-Other","On 21 April 2025, overnight, Al Shabaab attacked AUSSOM UPDF troops and engaged them in an armed clash at a base in Embareeso village (Baraawe, Lower Shabelle). The clash was initiated with the exchanged of RPGs firing. There were no casualties and Al Shabaab claimed responsibility.",0,"Foreign military engagement; Insurgency",1753970711,75,598,1847
SOM49910,2025-04-21,2025,1,"Strategic developments","Strategic developments","Change to group/activity","Military Forces of Turkey (2016-)",,8,80,,706,"Eastern Africa",Somalia,Banadir,Banadir,,"Mogadishu - Waaberi",2.0195,45.3100,1,"Caasimada; Hiiraan (Somalia); Radio Kulmiye",National,"Movement of forces: On 21 April 2025, over 500 Turkish forces were deployed in Mogadishu - Waaberi (Banadir). The forces will take part in the ongoing operation.",0,"Foreign military engagement",1753956296,39655,138876,207734
MZM5197,2025-04-21,2025,1,"Political violence","Explosions/Remote violence","Remote explosive/landmine/IED","Islamic State Mozambique (ISM)",,2,28,,508,"Eastern Africa",Mozambique,"Cabo Delgado",Macomia,Quiterajo,Quiterajo,-11.7504,40.4420,1,UNOCHA,International,"On 21 April 2025, an Rwanda Defense Force vehicle struck an ISM IED in Quiterajo (Quiterajo, Macomia, Cabo Delgado). Casualties unknown.",0,"Foreign military engagement; Insurgency; Terrorist activity",1762291831,2455,3055,4249
MZM5197,2025-04-21,2025,1,"Political violence","Explosions/Remote violence","Remote explosive/landmine/IED","Military Forces of Rwanda (1994-)",,8,28,,508,"Eastern Africa",Mozambique,"Cabo Delgado",Macomia,Quiterajo,Quiterajo,-11.7504,40.4420,1,UNOCHA,International,"On 21 April 2025, an Rwanda Defense Force vehicle struck an ISM IED in Quiterajo (Quiterajo, Macomia, Cabo Delgado). Casualties unknown.",0,"Foreign military engagement; Insurgency; Terrorist activity",1762291831,2455,3055,4249
MLI34357,2025-04-22,2025,1,"Political violence","Violence against civilians",Attack,"Military Forces of Burkina Faso (2022-)","VDP: Volunteer for Defense of Homeland",8,78,"Civilian targeting",466,"Western Africa",Mali,Sikasso,Sikasso,Finkolo,Missidougou,11.2641,-5.2681,1,"Undisclosed Source","Local partner-Other","On 22 April 2025, Burkina Faso soldiers and volunteer fighters (CDP) killed 4 Malian civilians, including a woman, in the village of Missidougou (Sikasso, Sikasso).",4,"Foreign military engagement",1753954689,511,591,1434
MLI34357,2025-04-22,2025,1,"Political violence","Violence against civilians",Attack,"Civilians (Mali)",,7,78,"Civilian targeting",466,"Western Africa",Mali,Sikasso,Sikasso,Finkolo,Missidougou,11.2641,-5.2681,1,"Undisclosed Source","Local partner-Other","On 22 April 2025, Burkina Faso soldiers and volunteer fighters (CDP) killed 4 Malian civilians, including a woman, in the village of Missidougou (Sikasso, Sikasso).",4,"Foreign military engagement",1753954689,511,591,1434
SOM49930,2025-04-25,2025,1,"Political violence",Battles,"Armed clash","Al Shabaab",,2,28,,706,"Eastern Africa",Somalia,"Lower Shabelle",Qoryooley,,Qoryooley,1.7878,44.5300,1,"Calamada; Somali Memo",Subnational-National,"On 25 April 2025, overnight, Al Shabaab carried out a hit-and-run attack against AUSSOM UPDF and engaged them in an armed clash at a base in Qoryooley town (Qoryooley, Lower Shabelle). The clash was initiated with RPGs, there were no casualties, and Al Shabaab claimed responsibility.",0,"Foreign military engagement; Insurgency",1754354914,22512,31726,41913
SOM49930,2025-04-25,2025,1,"Political violence",Battles,"Armed clash","AUSSOM: Africa Union Support and Stabilisation Mission in Somalia (2025-) (Uganda)",,8,28,,706,"Eastern Africa",Somalia,"Lower Shabelle",Qoryooley,,Qoryooley,1.7878,44.5300,1,"Calamada; Somali Memo",Subnational-National,"On 25 April 2025, overnight, Al Shabaab carried out a hit-and-run attack against AUSSOM UPDF and engaged them in an armed clash at a base in Qoryooley town (Qoryooley, Lower Shabelle). The clash was initiated with RPGs, there were no casualties, and Al Shabaab claimed responsibility.",0,"Foreign military engagement; Insurgency",1754354914,22512,31726,41913
SOM49976,2025-04-26,2025,1,"Political violence","Explosions/Remote violence","Air/drone strike","Unidentified Military Forces","Military Forces of Somalia (2022-)",8,28,,706,"Eastern Africa",Somalia,"Middle Shabelle",Cadale,,Sumadaale,2.9194,46.0998,1,"Radio Kulmiye",National,"On 26 April 2025, international forces (described as allied forces, coded as Unidentified Military Forces), in coordination with government security forces (SNA), conducted an airstrike targeting Al Shabaab in Sumadaale village (Cadale, Middle Shabelle). Casualties unknown.",0,"Foreign military engagement; Insurgency",1753970711,107,311,1604
SOM49976,2025-04-26,2025,1,"Political violence","Explosions/Remote violence","Air/drone strike","Al Shabaab",,2,28,,706,"Eastern Africa",Somalia,"Middle Shabelle",Cadale,,Sumadaale,2.9194,46.0998,1,"Radio Kulmiye",National,"On 26 April 2025, international forces (described as allied forces, coded as Unidentified Military Forces), in coordination with government security forces (SNA), conducted an airstrike targeting Al Shabaab in Sumadaale village (Cadale, Middle Shabelle). Casualties unknown.",0,"Foreign military engagement; Insurgency",1753970711,107,311,1604
SOM49935,2025-04-26,2025,1,"Political violence","Explosions/Remote violence","Shelling/artillery/missile attack","Al Shabaab",,2,28,,706,"Eastern Africa",Somalia,Bay,Baydhaba,,Baidoa,3.1172,43.6469,1,"Baidoa News Agency; Caasimada; Calamada; Hiiraan (Somalia); Radio Kulmiye; Radio Risala; Somali Memo; Undisclosed Source","Local partner-Other","On 26 April 2025, Al Shabaab fired several mortar shells targeting the AUSSOM ENDF troops, where the UNSOS/UNSOM compound is situated within the airport in Baidoa town (Baydhaba, Bay). The mortars hit civilian residential at the Wadajir neighborhood, killing 2 civilians and injuring 3 others. Al Shabaab claimed responsibility.",2,"Foreign military engagement; Insurgency",1753970711,93741,229583,337158
SOM49935,2025-04-26,2025,1,"Political violence","Explosions/Remote violence","Shelling/artillery/missile attack","AUSSOM: Africa Union Support and Stabilisation Mission in Somalia (2025-) (Ethiopia)","Civilians (Somalia)",8,28,,706,"Eastern Africa",Somalia,Bay,Baydhaba,,Baidoa,3.1172,43.6469,1,"Baidoa News Agency; Caasimada; Calamada; Hiiraan (Somalia); Radio Kulmiye; Radio Risala; Somali Memo; Undisclosed Source","Local partner-Other","On 26 April 2025, Al Shabaab fired several mortar shells targeting the AUSSOM ENDF troops, where the UNSOS/UNSOM compound is situated within the airport in Baidoa town (Baydhaba, Bay). The mortars hit civilian residential at the Wadajir neighborhood, killing 2 civilians and injuring 3 others. Al Shabaab claimed responsibility.",2,"Foreign military engagement; Insurgency",1753970711,93741,229583,337158
SOM49942,2025-04-27,2025,1,"Political violence",Battles,"Armed clash","Al Shabaab",,2,28,,706,"Eastern Africa",Somalia,Bay,Diinsoor,,Diinsoor,2.4074,42.9766,1,"Al Furqaan; Calamada; Radio Kulmiye; Somali Memo",Subnational-National,"On 27 April 2025, overnight, Al Shabaab attacked AUSSOM ENDF troops and engaged them in an armed clash at a base in Diinsoor town (Diinsoor, Bay). Several people were killed and wounded. Unspecified number of fatalities coded as 3. Al Shabaab claimed responsibility.",3,"Foreign military engagement; Insurgency",1753970711,36086,49623,51308
SOM49942,2025-04-27,2025,1,"Political violence",Battles,"Armed clash","AUSSOM: Africa Union Support and Stabilisation Mission in Somalia (2025-) (Ethiopia)",,8,28,,706,"Eastern Africa",Somalia,Bay,Diinsoor,,Diinsoor,2.4074,42.9766,1,"Al Furqaan; Calamada; Radio Kulmiye; Somali Memo",Subnational-National,"On 27 April 2025, overnight, Al Shabaab attacked AUSSOM ENDF troops and engaged them in an armed clash at a base in Diinsoor town (Diinsoor, Bay). Several people were killed and wounded. Unspecified number of fatalities coded as 3. Al Shabaab claimed responsibility.",3,"Foreign military engagement; Insurgency",1753970711,36086,49623,51308
SOM49986,2025-04-29,2025,1,"Political violence","Explosions/Remote violence","Air/drone strike","Unidentified Military Forces","Military Forces of Somalia (2022-)",8,28,,706,"Eastern Africa",Somalia,"Middle Shabelle",Cadale,,Sumadaale,2.9194,46.0998,1,"Radio Kulmiye",National,"On 29 April 2025, international forces (described as allied forces, coded as Unidentified Military Forces), in coordination with government security forces (SNA), conducted an airstrike targeting Al Shabaab in Sumadaale village (Cadale, Middle Shabelle). Casualties unknown.",0,"Foreign military engagement; Insurgency",1753970711,107,311,1604
SOM49986,2025-04-29,2025,1,"Political violence","Explosions/Remote violence","Air/drone strike","Al Shabaab",,2,28,,706,"Eastern Africa",Somalia,"Middle Shabelle",Cadale,,Sumadaale,2.9194,46.0998,1,"Radio Kulmiye",National,"On 29 April 2025, international forces (described as allied forces, coded as Unidentified Military Forces), in coordination with government security forces (SNA), conducted an airstrike targeting Al Shabaab in Sumadaale village (Cadale, Middle Shabelle). Casualties unknown.",0,"Foreign military engagement; Insurgency",1753970711,107,311,1604
SOM49964,2025-04-30,2025,1,"Political violence","Explosions/Remote violence","Air/drone strike","Unidentified Military Forces","Military Forces of Somalia (2022-)",8,28,,706,"Eastern Africa",Somalia,"Middle Shabelle",Jowhar,,"Biyo Cadde",2.9362,45.7920,1,"Radio Kulmiye",National,"On 30 April 2025, international forces (described as allied forces, coded as Unidentified Military Forces), in coordination with government security forces (SNA), conducted an airstrike targeting Al Shabaab in Biyo Cadde village (Jowhar, Middle Shabelle). More than 20 militants were killed.",20,"Foreign military engagement; Insurgency",1753970711,6819,9969,18204
SOM49964,2025-04-30,2025,1,"Political violence","Explosions/Remote violence","Air/drone strike","Al Shabaab",,2,28,,706,"Eastern Africa",Somalia,"Middle Shabelle",Jowhar,,"Biyo Cadde",2.9362,45.7920,1,"Radio Kulmiye",National,"On 30 April 2025, international forces (described as allied forces, coded as Unidentified Military Forces), in coordination with government security forces (SNA), conducted an airstrike targeting Al Shabaab in Biyo Cadde village (Jowhar, Middle Shabelle). More than 20 militants were killed.",20,"Foreign military engagement; Insurgency",1753970711,6819,9969,18204
SSD15435,2025-04-30,2025,1,"Strategic developments","Strategic developments",Other,"UNMISS: United Nations Mission in the Republic of South Sudan (2011-)",,8,80,,728,"Eastern Africa","South Sudan","Central Equatoria",Juba,Juba,Juba,4.8551,31.5799,3,"BBC News; Eye Radio (South Sudan); Radio Tamazuj; Sudans Post; UNSC; Xinhua",Other-National,"Other: On 30 April 2025, the UN Security Council extended the mandate of the United Nations Mission in South Sudan (UNMISS) until 9 May 2025 (location coded to Juba, the country's capital in Juba County, Central Equatoria State), through resolution 2778 (2025) authorizing the Mission to use all necessary means to carry out its tasks. The extension is pending a decision on adapting the Mission's role to the evolving situation in the country.",0,"Foreign military engagement",1782855118,7249,13574,15901
SOM49973,2025-05-01,2025,1,"Political violence","Explosions/Remote violence","Remote explosive/landmine/IED","Al Shabaab",,2,28,,706,"Eastern Africa",Somalia,Bakool,Waajid,,Waajid,3.8096,43.2463,1,"Al Furqaan; Calamada",National,"On 1 May 2025, an IED planted by Al Shabaab exploded, targeting an Ethiopian security forces (non-AUSSOM) patrol in the vicinity of Waajid town (Waajid, Bakool). Al Shabaab claimed to have killed 1 soldier.",1,"Foreign military engagement; Insurgency",1753956296,49655,75459,75942
SOM49973,2025-05-01,2025,1,"Political violence","Explosions/Remote violence","Remote explosive/landmine/IED","Military Forces of Ethiopia (2018-)",,8,28,,706,"Eastern Africa",Somalia,Bakool,Waajid,,Waajid,3.8096,43.2463,1,"Al Furqaan; Calamada",National,"On 1 May 2025, an IED planted by Al Shabaab exploded, targeting an Ethiopian security forces (non-AUSSOM) patrol in the vicinity of Waajid town (Waajid, Bakool). Al Shabaab claimed to have killed 1 soldier.",1,"Foreign military engagement; Insurgency",1753956296,49655,75459,75942
SOM49989,2025-05-01,2025,1,"Political violence","Explosions/Remote violence","Air/drone strike","Unidentified Military Forces","Military Forces of Somalia (2022-)",8,28,,706,"Eastern Africa",Somalia,"Middle Shabelle",Cadale,,"Warta Dibisamatar",3.3606,46.3476,1,"Radio Kulmiye",National,"On 1 May 2025, international forces (described as allied forces, coded as Unidentified Military Forces), in coordination with government security forces (SNA), conducted an airstrike targeting Al Shabaab in Warta Dibisamatar village (Cadale, Middle Shabelle). An unknown number of militants were killed and wounded. Unspecified number of fatalities coded as 3.",3,"Foreign military engagement; Insurgency",1753970711,547,681,1097
SOM49989,2025-05-01,2025,1,"Political violence","Explosions/Remote violence","Air/drone strike","Al Shabaab",,2,28,,706,"Eastern Africa",Somalia,"Middle Shabelle",Cadale,,"Warta Dibisamatar",3.3606,46.3476,1,"Radio Kulmiye",National,"On 1 May 2025, international forces (described as allied forces, coded as Unidentified Military Forces), in coordination with government security forces (SNA), conducted an airstrike targeting Al Shabaab in Warta Dibisamatar village (Cadale, Middle Shabelle). An unknown number of militants were killed and wounded. Unspecified number of fatalities coded as 3.",3,"Foreign military engagement; Insurgency",1753970711,547,681,1097
SOM50032,2025-05-03,2025,1,"Political violence","Explosions/Remote violence","Air/drone strike","Military Forces of the United States (2025-)","Military Forces of Somalia (2022-)",8,28,,706,"Eastern Africa",Somalia,Bari,Qandala,,"Buuraha Cali Miskat",10.8548,49.7434,1,"Radio Risala; Undisclosed Source","Local partner-Other","On 3 May 2025, US forces, in coordination with government security forces (SNA), conducted an airstrike targeting the Islamic State Somalia Province hideout in Miraale area in Buuraha Cali Miskat (Qandala, Bari). Casualties unknown.",0,"Foreign military engagement; Insurgency",1759790065,0,0,0
SOM50032,2025-05-03,2025,1,"Political violence","Explosions/Remote violence","Air/drone strike","Islamic State Somalia Province",,2,28,,706,"Eastern Africa",Somalia,Bari,Qandala,,"Buuraha Cali Miskat",10.8548,49.7434,1,"Radio Risala; Undisclosed Source","Local partner-Other","On 3 May 2025, US forces, in coordination with government security forces (SNA), conducted an airstrike targeting the Islamic State Somalia Province hideout in Miraale area in Buuraha Cali Miskat (Qandala, Bari). Casualties unknown.",0,"Foreign military engagement; Insurgency",1759790065,0,0,0
MZM5152,2025-05-03,2025,1,"Political violence",Battles,"Armed clash","Islamic State Mozambique (ISM)",,2,28,,508,"Eastern Africa",Mozambique,"Cabo Delgado","Mocimboa da Praia","Mocimboa da Praia",Ntotwe,-11.4424,40.1612,1,"AFP; BBC News; Cabo Ligado; Carta de Mocambique; Telegram; Zitamar","Local partner-Other","On 3 May 2025, more than 10 ISM militants ambushed and clashed with Rwandan military forces, killing at least 3 and wounding 6 soldiers in Ntotwe (Mocimboa da Praia, Cabo Delgado). The militants looted property from 7 local market traders, raided homes for food, stole 25 chickens and kidnapped up to 5 children including a 14-year old girl. Mozambique military forces followed the insurgents who had dispersed into the bush, suspected to be camping around the Messalo river and sources differ on details. One claimed the militants also raided at least 20 homes in search of food and assaulted an elderly woman on the way to the village (unspecified location), another claimed the militants suffered 'heavy casualties' (unspecified fatalities coded as 3) and another source claimed 4 RDF were killed and location as Katupa/Katumba forest in Macomia. ISM claimed it attacked a Rwandan army patrol with machine guns, killed 3 soldiers, injured others, and took 2 rifles. Fatalities coded as 6 (3 soldiers + 3 ISM).",6,"Foreign military engagement; Insurgency; Terrorist activity",1782855009,2029,2256,2278
MZM5152,2025-05-03,2025,1,"Political violence",Battles,"Armed clash","Military Forces of Rwanda (1994-)",,8,28,,508,"Eastern Africa",Mozambique,"Cabo Delgado","Mocimboa da Praia","Mocimboa da Praia",Ntotwe,-11.4424,40.1612,1,"AFP; BBC News; Cabo Ligado; Carta de Mocambique; Telegram; Zitamar","Local partner-Other","On 3 May 2025, more than 10 ISM militants ambushed and clashed with Rwandan military forces, killing at least 3 and wounding 6 soldiers in Ntotwe (Mocimboa da Praia, Cabo Delgado). The militants looted property from 7 local market traders, raided homes for food, stole 25 chickens and kidnapped up to 5 children including a 14-year old girl. Mozambique military forces followed the insurgents who had dispersed into the bush, suspected to be camping around the Messalo river and sources differ on details. One claimed the militants also raided at least 20 homes in search of food and assaulted an elderly woman on the way to the village (unspecified location), another claimed the militants suffered 'heavy casualties' (unspecified fatalities coded as 3) and another source claimed 4 RDF were killed and location as Katupa/Katumba forest in Macomia. ISM claimed it attacked a Rwandan army patrol with machine guns, killed 3 soldiers, injured others, and took 2 rifles. Fatalities coded as 6 (3 soldiers + 3 ISM).",6,"Foreign military engagement; Insurgency; Terrorist activity",1782855009,2029,2256,2278
SOM50045,2025-05-04,2025,1,"Political violence","Explosions/Remote violence","Air/drone strike","Military Forces of the United States (2025-)","Military Forces of Somalia (2022-)",8,28,,706,"Eastern Africa",Somalia,Bari,Qandala,,"Buuraha Cali Miskat",10.8548,49.7434,3,"AFRICOM; Caasimada; Horseed Media; Radio Risala",National-Regional,"On 4 May 2025, US forces, in coordination with government security forces (SNA), conducted an airstrike targeting Islamic State Somalia Province hideout in Golis Mountains area (location coded to nearest location in Bari, Buuraha Cali Miskat, Bossaso, Bari). Casualties unknown.",0,"Foreign military engagement; Insurgency",1788313418,,,
SOM50045,2025-05-04,2025,1,"Political violence","Explosions/Remote violence","Air/drone strike","Islamic State Somalia Province",,2,28,,706,"Eastern Africa",Somalia,Bari,Qandala,,"Buuraha Cali Miskat",10.8548,49.7434,3,"AFRICOM; Caasimada; Horseed Media; Radio Risala",National-Regional,"On 4 May 2025, US forces, in coordination with government security forces (SNA), conducted an airstrike targeting Islamic State Somalia Province hideout in Golis Mountains area (location coded to nearest location in Bari, Buuraha Cali Miskat, Bossaso, Bari). Casualties unknown.",0,"Foreign military engagement; Insurgency",1788313418,,,
SOM50047,2025-05-04,2025,1,"Political violence","Explosions/Remote violence","Air/drone strike","Unidentified Military Forces","Military Forces of Somalia (2022-)",8,28,,706,"Eastern Africa",Somalia,"Middle Shabelle",Cadale,,"Masjid Cali Gaduud",3.1808,46.4354,2,"Radio Kulmiye",National,"On 4 May 2025, international forces (described as allied forces, coded as Unidentified Military Forces), in coordination with government security forces (SNA), conducted an airstrike targeting Al Shabaab in Towfiiq area near Masjid Cali Gaduud village (Cadale, Middle Shabelle). Casualties unknown.",0,"Foreign military engagement; Insurgency",1788313418,4715,5160,7029
SOM50047,2025-05-04,2025,1,"Political violence","Explosions/Remote violence","Air/drone strike","Al Shabaab",,2,28,,706,"Eastern Africa",Somalia,"Middle Shabelle",Cadale,,"Masjid Cali Gaduud",3.1808,46.4354,2,"Radio Kulmiye",National,"On 4 May 2025, international forces (described as allied forces, coded as Unidentified Military Forces), in coordination with government security forces (SNA), conducted an airstrike targeting Al Shabaab in Towfiiq area near Masjid Cali Gaduud village (Cadale, Middle Shabelle). Casualties unknown.",0,"Foreign military engagement; Insurgency",1788313418,4715,5160,7029
SOM50048,2025-05-04,2025,1,"Political violence","Explosions/Remote violence","Air/drone strike","Unidentified Military Forces","Military Forces of Somalia (2022-)",8,28,,706,"Eastern Africa",Somalia,"Middle Shabelle",Cadale,,Wargaadhi,3.2033,46.5681,1,"Radio Kulmiye",National,"On 4 May 2025, international forces (described as allied forces, coded as Unidentified Military Forces), in coordination with government security forces (SNA), conducted an airstrike targeting Al Shabaab in Wargaadhi village (Cadale, Middle Shabelle). Casualties unknown.",0,"Foreign military engagement; Insurgency",1753970711,473,496,585
SOM50048,2025-05-04,2025,1,"Political violence","Explosions/Remote violence","Air/drone strike","Al Shabaab",,2,28,,706,"Eastern Africa",Somalia,"Middle Shabelle",Cadale,,Wargaadhi,3.2033,46.5681,1,"Radio Kulmiye",National,"On 4 May 2025, international forces (described as allied forces, coded as Unidentified Military Forces), in coordination with government security forces (SNA), conducted an airstrike targeting Al Shabaab in Wargaadhi village (Cadale, Middle Shabelle). Casualties unknown.",0,"Foreign military engagement; Insurgency",1753970711,473,496,585
SOM50026,2025-05-04,2025,1,"Political violence","Explosions/Remote violence","Remote explosive/landmine/IED","Al Shabaab",,2,28,,706,"Eastern Africa",Somalia,Bay,Baydhaba,,Baidoa,3.1172,43.6469,1,"Al Furqaan; Caasimada; Calamada; Undisclosed Source","Local partner-Other","On 4 May 2025, a remote-controlled IED planted by Al Shabaab exploded, targeting AUSSOM ENDF troops convoy in Baidoa town (Baydhaba, Bay). The explosion occurred during the visit of the SWS President along with the Sector 3 Commander to the military base in the Borojeed area. Al Shabaab claimed to have killed 2 soldiers.",2,"Foreign military engagement; Insurgency",1753970711,93741,229583,337158
SOM50026,2025-05-04,2025,1,"Political violence","Explosions/Remote violence","Remote explosive/landmine/IED","AUSSOM: Africa Union Support and Stabilisation Mission in Somalia (2025-) (Ethiopia)",,8,28,,706,"Eastern Africa",Somalia,Bay,Baydhaba,,Baidoa,3.1172,43.6469,1,"Al Furqaan; Caasimada; Calamada; Undisclosed Source","Local partner-Other","On 4 May 2025, a remote-controlled IED planted by Al Shabaab exploded, targeting AUSSOM ENDF troops convoy in Baidoa town (Baydhaba, Bay). The explosion occurred during the visit of the SWS President along with the Sector 3 Commander to the military base in the Borojeed area. Al Shabaab claimed to have killed 2 soldiers.",2,"Foreign military engagement; Insurgency",1753970711,93741,229583,337158
SOM50031,2025-05-05,2025,1,"Political violence","Explosions/Remote violence","Air/drone strike","Military Forces of the United Arab Emirates (2022-)","Military Forces of Somalia (2022-) Puntland Dervish Force; Police Forces of Somalia (2022-) Puntland Maritime Police Force",8,28,,706,"Eastern Africa",Somalia,Bari,Qandala,,Dharin,10.9751,50.1241,2,"Radio Kulmiye",National,"On 5 May 2025, UAE forces in coordination with Puntland Maritime Police Force (PMPF) and Puntland Dervish Force conducted an airstrike targeting Islamic State Somalia Province bases in Cad Sheilay and Sudak area in Tog-Jaceel near Dharin area (Qandala, Bari). Casualties unknown.",0,"Foreign military engagement; Insurgency",1753956296,192,224,278
SOM50031,2025-05-05,2025,1,"Political violence","Explosions/Remote violence","Air/drone strike","Islamic State Somalia Province",,2,28,,706,"Eastern Africa",Somalia,Bari,Qandala,,Dharin,10.9751,50.1241,2,"Radio Kulmiye",National,"On 5 May 2025, UAE forces in coordination with Puntland Maritime Police Force (PMPF) and Puntland Dervish Force conducted an airstrike targeting Islamic State Somalia Province bases in Cad Sheilay and Sudak area in Tog-Jaceel near Dharin area (Qandala, Bari). Casualties unknown.",0,"Foreign military engagement; Insurgency",1753956296,192,224,278
SOM50046,2025-05-05,2025,1,"Political violence","Explosions/Remote violence","Air/drone strike","Military Forces of the United States (2025-)","Military Forces of Somalia (2022-)",8,28,,706,"Eastern Africa",Somalia,Bari,Qandala,,"Buuraha Cali Miskat",10.8548,49.7434,1,"Undisclosed Source","Local partner-Other","On 5 May 2025, US forces, in coordination with government security forces (SNA), conducted an airstrike targeting Islamic State Somalia Province hideout in Miraale area in Buuraha Cali Miskat (Qandala, Bari). Casualties unknown.",0,"Foreign military engagement; Insurgency",1759790065,0,0,0
SOM50046,2025-05-05,2025,1,"Political violence","Explosions/Remote violence","Air/drone strike","Islamic State Somalia Province",,2,28,,706,"Eastern Africa",Somalia,Bari,Qandala,,"Buuraha Cali Miskat",10.8548,49.7434,1,"Undisclosed Source","Local partner-Other","On 5 May 2025, US forces, in coordination with government security forces (SNA), conducted an airstrike targeting Islamic State Somalia Province hideout in Miraale area in Buuraha Cali Miskat (Qandala, Bari). Casualties unknown.",0,"Foreign military engagement; Insurgency",1759790065,0,0,0
SOM50049,2025-05-06,2025,1,"Political violence","Explosions/Remote violence","Air/drone strike","Unidentified Military Forces","Military Forces of Somalia (2022-)",8,28,,706,"Eastern Africa",Somalia,"Middle Shabelle",Cadale,,Lamagaras,3.0969,46.1304,1,"Caasimada; Radio Kulmiye",National,"On 6 May 2025, international forces (described as allied forces, coded as Unidentified Military Forces), in coordination with government security forces (SNA), conducted an airstrike targeting Al Shabaab in Lamagaras village (Cadale, Middle Shabelle). Casualties unknown.",0,"Foreign military engagement; Insurgency",1753970711,513,679,1702
SOM50049,2025-05-06,2025,1,"Political violence","Explosions/Remote violence","Air/drone strike","Al Shabaab",,2,28,,706,"Eastern Africa",Somalia,"Middle Shabelle",Cadale,,Lamagaras,3.0969,46.1304,1,"Caasimada; Radio Kulmiye",National,"On 6 May 2025, international forces (described as allied forces, coded as Unidentified Military Forces), in coordination with government security forces (SNA), conducted an airstrike targeting Al Shabaab in Lamagaras village (Cadale, Middle Shabelle). Casualties unknown.",0,"Foreign military engagement; Insurgency",1753970711,513,679,1702
SOM50050,2025-05-06,2025,1,"Political violence","Explosions/Remote violence","Air/drone strike","Unidentified Military Forces","Military Forces of Somalia (2022-)",8,28,,706,"Eastern Africa",Somalia,"Middle Shabelle",Cadale,,Sumadaale,2.9194,46.0998,1,"Caasimada; Radio Kulmiye",National,"On 6 May 2025, international forces (described as allied forces, coded as Unidentified Military Forces), in coordination with government security forces (SNA), conducted an airstrike targeting Al Shabaab in Sumadaale village (Cadale, Middle Shabelle). Casualties unknown.",0,"Foreign military engagement; Insurgency",1753970711,107,311,1604
SOM50050,2025-05-06,2025,1,"Political violence","Explosions/Remote violence","Air/drone strike","Al Shabaab",,2,28,,706,"Eastern Africa",Somalia,"Middle Shabelle",Cadale,,Sumadaale,2.9194,46.0998,1,"Caasimada; Radio Kulmiye",National,"On 6 May 2025, international forces (described as allied forces, coded as Unidentified Military Forces), in coordination with government security forces (SNA), conducted an airstrike targeting Al Shabaab in Sumadaale village (Cadale, Middle Shabelle). Casualties unknown.",0,"Foreign military engagement; Insurgency",1753970711,107,311,1604
NIR31572,2025-05-08,2025,1,"Strategic developments","Strategic developments",Other,"Government of Niger (2023-)",,1,18,,562,"Western Africa",Niger,Niamey,"Ville de Niamey","Niamey III",Niamey,13.5200,2.1200,1,"Actu (Niger); Air Info; BBC News; Sahelien; Twitter","New media-National","Other: On 8 May 2025, the Government of Niger signed a security agreement with the Government of Iran in Niamey (Niamey III, Ville de Niamey, Niamey) in the domains of 'combating terrorism, transnational organized crime' and 'illegal migration'. The agreement mainly provides for training and the sharing of information.",0,"Foreign military engagement",1782855009,32908,135078,707830
NIR31572,2025-05-08,2025,1,"Strategic developments","Strategic developments",Other,"Government of Iran (1989-)",,8,18,,562,"Western Africa",Niger,Niamey,"Ville de Niamey","Niamey III",Niamey,13.5200,2.1200,1,"Actu (Niger); Air Info; BBC News; Sahelien; Twitter","New media-National","Other: On 8 May 2025, the Government of Niger signed a security agreement with the Government of Iran in Niamey (Niamey III, Ville de Niamey, Niamey) in the domains of 'combating terrorism, transnational organized crime' and 'illegal migration'. The agreement mainly provides for training and the sharing of information.",0,"Foreign military engagement",1782855009,32908,135078,707830
SOM50040,2025-05-08,2025,1,"Strategic developments","Strategic developments","Disrupted weapons use","AUSSOM: Africa Union Support and Stabilisation Mission in Somalia (2025-) (Djibouti)",,8,28,,706,"Eastern Africa",Somalia,Hiraan,Jalalaqsi,,Jalalaqsi,3.3834,45.5969,1,"Undisclosed Source","Local partner-Other","Defusal: On 8 May 2025, AUSSOM DNDF troops defused and detonated 2 IEDs planted by an unknown armed group (likely Al Shabaab due to similar attacks by the group) in Jalalaqsi town (Jalalaqsi, Hiraan).",0,"Foreign military engagement; Insurgency",1753970711,10577,19252,24329
SOM50040,2025-05-08,2025,1,"Strategic developments","Strategic developments","Disrupted weapons use","Al Shabaab",,2,28,,706,"Eastern Africa",Somalia,Hiraan,Jalalaqsi,,Jalalaqsi,3.3834,45.5969,1,"Undisclosed Source","Local partner-Other","Defusal: On 8 May 2025, AUSSOM DNDF troops defused and detonated 2 IEDs planted by an unknown armed group (likely Al Shabaab due to similar attacks by the group) in Jalalaqsi town (Jalalaqsi, Hiraan).",0,"Foreign military engagement; Insurgency",1753970711,10577,19252,24329
SSD15488,2025-05-08,2025,1,"Strategic developments","Strategic developments",Other,"UNMISS: United Nations Mission in the Republic of South Sudan (2011-)",,8,80,,728,"Eastern Africa","South Sudan","Central Equatoria",Juba,Juba,Juba,4.8551,31.5799,3,"BBC News; Eye Radio (South Sudan); Radio Miraya; Radio Tamazuj; UNSC",Other-National,"Other: On 8 May 2025, the UN Security Council extended the mandate of the United Nations Mission in South Sudan (UNMISS) for 1 year until 30 April 2026 (location coded to Juba, the country's capital in Juba County, Central Equatoria State), authorizing the Mission to use all necessary means to carry out its tasks, including protecting civilians, delivering aid, and supporting the 2018 peace deal.",0,"Foreign military engagement",1782855118,7249,13574,15901
NIG41952,2025-05-09,2025,1,"Political violence",Battles,"Armed clash","MNJTF: Multinational Joint Task Force",,8,28,,566,"Western Africa",Nigeria,Borno,Kaga,,Kagalmari,11.4090,12.7806,2,Twitter,"New media","On 9 May 2025, MNJTF attacked and killed 1 ISWAP/Boko Haram (JAS) informant in Karagawaru, location coded to the closest populated area, Kagalmari (Kaga, Borno).",2,"Foreign military engagement; Insurgency; Terrorist activity",1753954689,3,11,246
NIG41952,2025-05-09,2025,1,"Political violence",Battles,"Armed clash","Islamic State West Africa Province (ISWAP) and/or Boko Haram - Jamaatu Ahli is-Sunnah lid-Dawati wal-Jihad",,2,28,,566,"Western Africa",Nigeria,Borno,Kaga,,Kagalmari,11.4090,12.7806,2,Twitter,"New media","On 9 May 2025, MNJTF attacked and killed 1 ISWAP/Boko Haram (JAS) informant in Karagawaru, location coded to the closest populated area, Kagalmari (Kaga, Borno).",2,"Foreign military engagement; Insurgency; Terrorist activity",1753954689,3,11,246
SOM50068,2025-05-10,2025,1,"Political violence",Battles,"Armed clash","Al Shabaab",,2,28,,706,"Eastern Africa",Somalia,"Lower Shabelle",Qoryooley,,Qoryooley,1.7878,44.5300,1,Calamada,Subnational,"On 10 May 2025, overnight, Al Shabaab carried out a hit-and-run attack against AUSSOM UPDF and engaged them in an armed clash at a base in Qoryooley town (Qoryooley, Lower Shabelle). The clash was initiated with RPGs, there were no casualties, and Al Shabaab claimed responsibility.",0,"Foreign military engagement; Insurgency",1754354914,22512,31726,41913
SOM50068,2025-05-10,2025,1,"Political violence",Battles,"Armed clash","AUSSOM: Africa Union Support and Stabilisation Mission in Somalia (2025-) (Uganda)",,8,28,,706,"Eastern Africa",Somalia,"Lower Shabelle",Qoryooley,,Qoryooley,1.7878,44.5300,1,Calamada,Subnational,"On 10 May 2025, overnight, Al Shabaab carried out a hit-and-run attack against AUSSOM UPDF and engaged them in an armed clash at a base in Qoryooley town (Qoryooley, Lower Shabelle). The clash was initiated with RPGs, there were no casualties, and Al Shabaab claimed responsibility.",0,"Foreign military engagement; Insurgency",1754354914,22512,31726,41913
SOM50070,2025-05-10,2025,1,"Political violence",Battles,"Armed clash","Al Shabaab",,2,28,,706,"Eastern Africa",Somalia,"Lower Shabelle",Baraawe,,Embareeso,1.1808,44.0479,1,Calamada,Subnational,"On 10 May 2025, overnight, Al Shabaab carried out a hit-and-run attack against ATMIS UPDF troops and engaged them in an armed clash at a base in Embareeso village (Baraawe, Lower Shabelle). The clash was initiated with RPGs, there were no casualties and Al Shabaab claimed responsibility.",0,"Foreign military engagement; Insurgency",1753970711,75,598,1847
SOM50070,2025-05-10,2025,1,"Political violence",Battles,"Armed clash","AUSSOM: Africa Union Support and Stabilisation Mission in Somalia (2025-) (Uganda)",,8,28,,706,"Eastern Africa",Somalia,"Lower Shabelle",Baraawe,,Embareeso,1.1808,44.0479,1,Calamada,Subnational,"On 10 May 2025, overnight, Al Shabaab carried out a hit-and-run attack against ATMIS UPDF troops and engaged them in an armed clash at a base in Embareeso village (Baraawe, Lower Shabelle). The clash was initiated with RPGs, there were no casualties and Al Shabaab claimed responsibility.",0,"Foreign military engagement; Insurgency",1753970711,75,598,1847
SOM50061,2025-05-11,2025,1,"Political violence","Explosions/Remote violence","Air/drone strike","Military Forces of the United States (2025-)","Military Forces of Somalia (2022-)",8,28,,706,"Eastern Africa",Somalia,Bari,Qandala,,"Buuraha Cali Miskat",10.8548,49.7434,1,"Hiiraan (Somalia); Horseed Media; Radio Kulmiye; Somali News Agency",National,"On 11 May 2025, US forces, in coordination with government security forces (SNA), conducted an airstrike targeting Islamic State Somalia Province hideout in Miraale area in Buuraha Cali Miskat (Qandala, Bari). Casualties unknown.",0,"Foreign military engagement; Insurgency",1759790065,0,0,0
SOM50061,2025-05-11,2025,1,"Political violence","Explosions/Remote violence","Air/drone strike","Islamic State Somalia Province",,2,28,,706,"Eastern Africa",Somalia,Bari,Qandala,,"Buuraha Cali Miskat",10.8548,49.7434,1,"Hiiraan (Somalia); Horseed Media; Radio Kulmiye; Somali News Agency",National,"On 11 May 2025, US forces, in coordination with government security forces (SNA), conducted an airstrike targeting Islamic State Somalia Province hideout in Miraale area in Buuraha Cali Miskat (Qandala, Bari). Casualties unknown.",0,"Foreign military engagement; Insurgency",1759790065,0,0,0
SOM50079,2025-05-12,2025,1,"Political violence",Battles,"Armed clash","Al Shabaab",,2,28,,706,"Eastern Africa",Somalia,"Middle Shabelle",Balcad,,Garsaale,2.6363,45.3732,1,"Undisclosed Source","Local partner-Other","On 12 May 2025, Al Shabaab ambushed AUSSOM BNDF troops and engaged them in an armed clash in Garsaale village (Balcad, Middle Shabelle). 1 soldier was injured.",0,"Foreign military engagement; Insurgency",1753970711,1234,1330,1615
SOM50079,2025-05-12,2025,1,"Political violence",Battles,"Armed clash","AUSSOM: Africa Union Support and Stabilisation Mission in Somalia (2025-) (Burundi)",,8,28,,706,"Eastern Africa",Somalia,"Middle Shabelle",Balcad,,Garsaale,2.6363,45.3732,1,"Undisclosed Source","Local partner-Other","On 12 May 2025, Al Shabaab ambushed AUSSOM BNDF troops and engaged them in an armed clash in Garsaale village (Balcad, Middle Shabelle). 1 soldier was injured.",0,"Foreign military engagement; Insurgency",1753970711,1234,1330,1615
SOM50082,2025-05-13,2025,1,"Political violence",Battles,"Armed clash","Al Shabaab",,2,28,,706,"Eastern Africa",Somalia,"Lower Shabelle",Qoryooley,,Qoryooley,1.7878,44.5300,1,"Calamada; Undisclosed Source","Local partner-Other","On 13 May 2025, overnight, Al Shabaab carried out a hit-and-run attack against AUSSOM UPDF and engaged them in an armed clash at a base in Qoryooley town (Qoryooley, Lower Shabelle). The clash was initiated with RPGs, there were no casualties, and Al Shabaab claimed responsibility.",0,"Foreign military engagement; Insurgency",1754354914,22512,31726,41913
SOM50082,2025-05-13,2025,1,"Political violence",Battles,"Armed clash","AUSSOM: Africa Union Support and Stabilisation Mission in Somalia (2025-) (Uganda)",,8,28,,706,"Eastern Africa",Somalia,"Lower Shabelle",Qoryooley,,Qoryooley,1.7878,44.5300,1,"Calamada; Undisclosed Source","Local partner-Other","On 13 May 2025, overnight, Al Shabaab carried out a hit-and-run attack against AUSSOM UPDF and engaged them in an armed clash at a base in Qoryooley town (Qoryooley, Lower Shabelle). The clash was initiated with RPGs, there were no casualties, and Al Shabaab claimed responsibility.",0,"Foreign military engagement; Insurgency",1754354914,22512,31726,41913
SOM50062,2025-05-14,2025,1,"Political violence","Explosions/Remote violence","Air/drone strike","Unidentified Military Forces","Military Forces of Somalia (2022-)",8,28,,706,"Eastern Africa",Somalia,Galgaduud,"Ceel Dheer",,Cowswayne,4.1244,46.9166,1,"Radio Risala; Undisclosed Source","Local partner-Other","On 14 May 2025, international forces (described as allied forces, coded as Unidentified Military Forces), in coordination with government security forces (SNA), conducted an airstrike targeting Al Shabaab in Cowswayne village (Ceel Dheer, Galgaduud). An unknown number of militants were killed and wounded. Unspecified number of fatalities coded as 3.",3,"Foreign military engagement; Insurgency",1753970711,1477,1526,2179
SOM50062,2025-05-14,2025,1,"Political violence","Explosions/Remote violence","Air/drone strike","Al Shabaab",,2,28,,706,"Eastern Africa",Somalia,Galgaduud,"Ceel Dheer",,Cowswayne,4.1244,46.9166,1,"Radio Risala; Undisclosed Source","Local partner-Other","On 14 May 2025, international forces (described as allied forces, coded as Unidentified Military Forces), in coordination with government security forces (SNA), conducted an airstrike targeting Al Shabaab in Cowswayne village (Ceel Dheer, Galgaduud). An unknown number of militants were killed and wounded. Unspecified number of fatalities coded as 3.",3,"Foreign military engagement; Insurgency",1753970711,1477,1526,2179
SOM50113,2025-05-14,2025,1,"Political violence","Explosions/Remote violence","Remote explosive/landmine/IED","Al Shabaab",,2,28,,706,"Eastern Africa",Somalia,Bakool,Waajid,,Waajid,3.8096,43.2463,1,"Al Furqaan; Calamada; Undisclosed Source","Local partner-Other","On 14 May 2025, an IED planted by Al Shabaab exploded, targeting Ethiopia security forces (non-AUSSOM) convoy along the road the airstrip in Waajid town (Waajid, Bakool). Al Shabaab claimed to have injured at least 8 soldiers.",0,"Foreign military engagement; Insurgency",1753956296,49655,75459,75942
SOM50113,2025-05-14,2025,1,"Political violence","Explosions/Remote violence","Remote explosive/landmine/IED","Military Forces of Ethiopia (2018-)",,8,28,,706,"Eastern Africa",Somalia,Bakool,Waajid,,Waajid,3.8096,43.2463,1,"Al Furqaan; Calamada; Undisclosed Source","Local partner-Other","On 14 May 2025, an IED planted by Al Shabaab exploded, targeting Ethiopia security forces (non-AUSSOM) convoy along the road the airstrip in Waajid town (Waajid, Bakool). Al Shabaab claimed to have injured at least 8 soldiers.",0,"Foreign military engagement; Insurgency",1753956296,49655,75459,75942
NIG42041,2025-05-16,2025,1,"Political violence",Battles,"Armed clash","Islamic State West Africa Province (ISWAP)",,2,28,,566,"Western Africa",Nigeria,Borno,Ngala,,Wulgo,12.4839,14.1813,1,"Defense Post; Guardian (Nigeria)",Other-National,"On 16 May 2025, ISWAP attacked the MNJTF, killing 4 Nigerian soldiers and 1 Cameroonian soldier at their base in Wulgo (Ngala, Borno). The troops also killed 9 ISWAP members before they were outgunned and had to abandon the base. ISWAP burned two mine-resistant armored vehicles and five military trucks, seizing several motorcycles belonging to local hunters supporting the troops. There were 14 fatalities.",14,"Foreign military engagement; Insurgency",1788313380,13018,17223,19587
NIG42041,2025-05-16,2025,1,"Political violence",Battles,"Armed clash","MNJTF: Multinational Joint Task Force",,8,28,,566,"Western Africa",Nigeria,Borno,Ngala,,Wulgo,12.4839,14.1813,1,"Defense Post; Guardian (Nigeria)",Other-National,"On 16 May 2025, ISWAP attacked the MNJTF, killing 4 Nigerian soldiers and 1 Cameroonian soldier at their base in Wulgo (Ngala, Borno). The troops also killed 9 ISWAP members before they were outgunned and had to abandon the base. ISWAP burned two mine-resistant armored vehicles and five military trucks, seizing several motorcycles belonging to local hunters supporting the troops. There were 14 fatalities.",14,"Foreign military engagement; Insurgency",1788313380,13018,17223,19587
SOM50127,2025-05-17,2025,1,"Political violence","Explosions/Remote violence","Air/drone strike","Military Forces of the United States (2025-)","Military Forces of Somalia (2022-)",8,28,,706,"Eastern Africa",Somalia,Hiraan,"Bulo Burto",,Mabaax,3.8357,46.2319,2,AFRICOM,Regional,"On 17 May 2025, US forces and government security forces (SNA) conducted an airstrike targeting Al Shabaab hideout near Mabaax village (Bulo Burto, Hiraan). An unknown number of militants were killed and wounded. Unspecified number of fatalities coded as 3.",3,"Foreign military engagement; Insurgency",1753956296,60,62,357
SOM50127,2025-05-17,2025,1,"Political violence","Explosions/Remote violence","Air/drone strike","Al Shabaab",,2,28,,706,"Eastern Africa",Somalia,Hiraan,"Bulo Burto",,Mabaax,3.8357,46.2319,2,AFRICOM,Regional,"On 17 May 2025, US forces and government security forces (SNA) conducted an airstrike targeting Al Shabaab hideout near Mabaax village (Bulo Burto, Hiraan). An unknown number of militants were killed and wounded. Unspecified number of fatalities coded as 3.",3,"Foreign military engagement; Insurgency",1753956296,60,62,357
NIG42171,2025-05-17,2025,1,"Political violence",Battles,"Armed clash","Islamic State West Africa Province (ISWAP) and/or Boko Haram - Jamaatu Ahli is-Sunnah lid-Dawati wal-Jihad",,2,28,,566,"Western Africa",Nigeria,Borno,Ngala,,Wulgo,12.4839,14.1813,2,Whatsapp,"New media","On 17 May 2025, suspected ISWAP/ Boko Haram (JAS) killed 2 Cameroonian soldiers near Wulgo (Ngala, Borno). They vandalized solar streetlights and snatched two vehicles and three tricycles in Wulgo. They carried the soldiers on a motorcycle through the Sairam community before killing them.",2,"Foreign military engagement; Insurgency; Terrorist activity",1788313380,13018,17223,19587
NIG42171,2025-05-17,2025,1,"Political violence",Battles,"Armed clash","Military Forces of Cameroon (1982-)",,8,28,,566,"Western Africa",Nigeria,Borno,Ngala,,Wulgo,12.4839,14.1813,2,Whatsapp,"New media","On 17 May 2025, suspected ISWAP/ Boko Haram (JAS) killed 2 Cameroonian soldiers near Wulgo (Ngala, Borno). They vandalized solar streetlights and snatched two vehicles and three tricycles in Wulgo. They carried the soldiers on a motorcycle through the Sairam community before killing them.",2,"Foreign military engagement; Insurgency; Terrorist activity",1788313380,13018,17223,19587
SOM50140,2025-05-18,2025,1,"Political violence","Explosions/Remote violence","Air/drone strike","Unidentified Military Forces","Military Forces of Somalia (2022-)",8,28,,706,"Eastern Africa",Somalia,Hiraan,"Bulo Burto",,Ceel-Cali-Axmed,4.0336,46.3277,1,"Radio Kulmiye",National,"On 18 May 2025, overnight, international forces (described as international friends, coded as Unidentified Military Forces), in coordination with government security forces (SNA) conducted an airstrike targeting Al Shabaab in Ceel-Cali-Axmed village (Bulo Burto, Hiraan). An unknown number of militants were killed and wounded. Unspecified number of fatalities coded as 3.",3,"Foreign military engagement; Insurgency",1753970711,108,136,172
SOM50140,2025-05-18,2025,1,"Political violence","Explosions/Remote violence","Air/drone strike","Al Shabaab",,2,28,,706,"Eastern Africa",Somalia,Hiraan,"Bulo Burto",,Ceel-Cali-Axmed,4.0336,46.3277,1,"Radio Kulmiye",National,"On 18 May 2025, overnight, international forces (described as international friends, coded as Unidentified Military Forces), in coordination with government security forces (SNA) conducted an airstrike targeting Al Shabaab in Ceel-Cali-Axmed village (Bulo Burto, Hiraan). An unknown number of militants were killed and wounded. Unspecified number of fatalities coded as 3.",3,"Foreign military engagement; Insurgency",1753970711,108,136,172
SOM50141,2025-05-18,2025,1,"Political violence","Explosions/Remote violence","Air/drone strike","Unidentified Military Forces","Military Forces of Somalia (2022-)",8,28,,706,"Eastern Africa",Somalia,Hiraan,"Bulo Burto",,Mabaax,3.8357,46.2319,1,"Radio Risala; Undisclosed Source","Local partner-Other","On 18 May 2025, overnight, international forces (described as allied forces, coded as Unidentified Military Forces), in coordination with government security forces (SNA), conducted an airstrike targeting Al Shabaab, but the airstrike hit Hawadle clan militia in the vicinity of Mabaax village (Bulo Burto, Hiraan). At least 12 clan militias were killed.",12,"Foreign military engagement; Insurgency",1757377219,60,62,357
SOM50141,2025-05-18,2025,1,"Political violence","Explosions/Remote violence","Air/drone strike","Al Shabaab","Hawiye-Hawadle Sub-Clan Militia (Somalia)",2,28,,706,"Eastern Africa",Somalia,Hiraan,"Bulo Burto",,Mabaax,3.8357,46.2319,1,"Radio Risala; Undisclosed Source","Local partner-Other","On 18 May 2025, overnight, international forces (described as allied forces, coded as Unidentified Military Forces), in coordination with government security forces (SNA), conducted an airstrike targeting Al Shabaab, but the airstrike hit Hawadle clan militia in the vicinity of Mabaax village (Bulo Burto, Hiraan). At least 12 clan militias were killed.",12,"Foreign military engagement; Insurgency",1757377219,60,62,357
SOM50143,2025-05-18,2025,1,"Political violence","Explosions/Remote violence","Air/drone strike","Unidentified Military Forces","Military Forces of Somalia (2022-)",8,28,,706,"Eastern Africa",Somalia,"Middle Shabelle","Adan Yabaal",,"Adan Yabaal",3.7742,46.2499,2,Caasimada,National,"On 18 May 2025, overnight, international forces (described as allied forces, coded as Unidentified Military Forces), in coordination with government security forces (SNA), conducted an airstrike targeting Al Shabaab in the vicinity of Adan Yabaal town (Adan Yabaal, Middle Shabelle). Casualties unknown.",0,"Foreign military engagement; Insurgency",1753970711,17296,17729,18912
SOM50143,2025-05-18,2025,1,"Political violence","Explosions/Remote violence","Air/drone strike","Al Shabaab",,2,28,,706,"Eastern Africa",Somalia,"Middle Shabelle","Adan Yabaal",,"Adan Yabaal",3.7742,46.2499,2,Caasimada,National,"On 18 May 2025, overnight, international forces (described as allied forces, coded as Unidentified Military Forces), in coordination with government security forces (SNA), conducted an airstrike targeting Al Shabaab in the vicinity of Adan Yabaal town (Adan Yabaal, Middle Shabelle). Casualties unknown.",0,"Foreign military engagement; Insurgency",1753970711,17296,17729,18912
ETH15496,2025-05-18,2025,1,"Strategic developments","Strategic developments",Other,"Military Forces of Eritrea (1993-)",,8,80,,231,"Eastern Africa",Ethiopia,Tigray,"Eastern Tigray","Zala Anbesa town","Zela Ambesa",14.5219,39.3850,1,"BBC News",International,"Other: On 18 May 2025, the Eritrean Defense Force (EDF) removed a checkpoint on the road from Adigrat to Zala Anbesa town in Zela Ambesa (Eastern Tigray, Tigray) for unknown reasons. The checkpoint was established by the Eritrean army following the outbreak of the Tigray War.",0,"Foreign military engagement",1782854966,7554,9341,15176
SOM50151,2025-05-19,2025,1,"Political violence","Explosions/Remote violence","Remote explosive/landmine/IED","Al Shabaab",,2,28,,706,"Eastern Africa",Somalia,Bay,Baydhaba,,Baidoa,3.1172,43.6469,1,"Al Furqaan; Calamada; Radio Kulmiye; Undisclosed Source","Local partner-Other","On 19 May 2025, an IED planted by Al Shabaab exploded, targeting the AUSSOM (ENDF contingent) during a foot patrol at the southern edge of Baidoa town (Baydhaba, Bay). Al Shabaab claimed to have killed 3 soldiers and 4 others were injured.",3,"Foreign military engagement; Insurgency",1753970711,93741,229583,337158
SOM50151,2025-05-19,2025,1,"Political violence","Explosions/Remote violence","Remote explosive/landmine/IED","AUSSOM: Africa Union Support and Stabilisation Mission in Somalia (2025-) (Ethiopia)",,8,28,,706,"Eastern Africa",Somalia,Bay,Baydhaba,,Baidoa,3.1172,43.6469,1,"Al Furqaan; Calamada; Radio Kulmiye; Undisclosed Source","Local partner-Other","On 19 May 2025, an IED planted by Al Shabaab exploded, targeting the AUSSOM (ENDF contingent) during a foot patrol at the southern edge of Baidoa town (Baydhaba, Bay). Al Shabaab claimed to have killed 3 soldiers and 4 others were injured.",3,"Foreign military engagement; Insurgency",1753970711,93741,229583,337158
SOM50163,2025-05-20,2025,1,"Political violence",Battles,"Armed clash","Al Shabaab",,2,28,,706,"Eastern Africa",Somalia,"Lower Shabelle",Afgooye,,K60,1.9243,44.9231,1,"Calamada; Undisclosed Source","Local partner-Other","On 20 May 2025, Al Shabaab attacked AUSSOM UPDF troops and engaged them in an armed clash at a base in K60 village (Afgooye, Lower Shabelle). The clash was initiated with RPGs. Casualties unknown and Al Shabaab claimed responsibility.",0,"Foreign military engagement; Insurgency",1753970711,151,277,2032
SOM50163,2025-05-20,2025,1,"Political violence",Battles,"Armed clash","AUSSOM: Africa Union Support and Stabilisation Mission in Somalia (2025-) (Uganda)",,8,28,,706,"Eastern Africa",Somalia,"Lower Shabelle",Afgooye,,K60,1.9243,44.9231,1,"Calamada; Undisclosed Source","Local partner-Other","On 20 May 2025, Al Shabaab attacked AUSSOM UPDF troops and engaged them in an armed clash at a base in K60 village (Afgooye, Lower Shabelle). The clash was initiated with RPGs. Casualties unknown and Al Shabaab claimed responsibility.",0,"Foreign military engagement; Insurgency",1753970711,151,277,2032
SOM50165,2025-05-20,2025,1,"Political violence","Explosions/Remote violence","Air/drone strike","Unidentified Military Forces","Military Forces of Somalia (2022-)",8,28,,706,"Eastern Africa",Somalia,"Lower Shabelle",Kurtunwaarey,,Kurtunwaarey,1.6104,44.3329,1,"Caasimada; Radio Kulmiye",National,"On 20 May 2025, international forces (described as allied forces, coded as Unidentified Military Forces), in coordination with government security forces (SNA), conducted an airstrike targeting Al Shabaab in Kurtunwaarey town (Kurtunwaarey, Lower Shabelle), Sablaale, Kunyo Barrow and Jilib (coded separately). An unknown number of militants were killed and wounded. Unspecified number of fatalities coded as 3. 3 fatalities split across 3 locations (29 fatalities were reported in Jilib town) and coded as 1 for this event.",1,"Foreign military engagement; Insurgency",1753970711,13574,14204,15546
SOM50165,2025-05-20,2025,1,"Political violence","Explosions/Remote violence","Air/drone strike","Al Shabaab",,2,28,,706,"Eastern Africa",Somalia,"Lower Shabelle",Kurtunwaarey,,Kurtunwaarey,1.6104,44.3329,1,"Caasimada; Radio Kulmiye",National,"On 20 May 2025, international forces (described as allied forces, coded as Unidentified Military Forces), in coordination with government security forces (SNA), conducted an airstrike targeting Al Shabaab in Kurtunwaarey town (Kurtunwaarey, Lower Shabelle), Sablaale, Kunyo Barrow and Jilib (coded separately). An unknown number of militants were killed and wounded. Unspecified number of fatalities coded as 3. 3 fatalities split across 3 locations (29 fatalities were reported in Jilib town) and coded as 1 for this event.",1,"Foreign military engagement; Insurgency",1753970711,13574,14204,15546
SOM50166,2025-05-20,2025,1,"Political violence","Explosions/Remote violence","Air/drone strike","Unidentified Military Forces","Military Forces of Somalia (2022-)",8,28,,706,"Eastern Africa",Somalia,"Lower Shabelle",Sablaale,,Sablaale,1.2495,43.8045,1,"Caasimada; Radio Kulmiye",National,"On 20 May 2025, international forces (described as allied forces, coded as Unidentified Military Forces), in coordination with government security forces (SNA), conducted an airstrike targeting Al Shabaab in Sablaale town (Sablaale, Lower Shabelle), Kurtunwaarey, Kunyo Barrow, and Jilib (coded separately). An unknown number of militants were killed and wounded. Unspecified number of fatalities coded as 3. 3 fatalities split across 3 locations (29 fatalities were reported in Jilib town) and coded as 1 for this event.",1,"Foreign military engagement; Insurgency",1753970711,33383,40721,41316
SOM50166,2025-05-20,2025,1,"Political violence","Explosions/Remote violence","Air/drone strike","Al Shabaab",,2,28,,706,"Eastern Africa",Somalia,"Lower Shabelle",Sablaale,,Sablaale,1.2495,43.8045,1,"Caasimada; Radio Kulmiye",National,"On 20 May 2025, international forces (described as allied forces, coded as Unidentified Military Forces), in coordination with government security forces (SNA), conducted an airstrike targeting Al Shabaab in Sablaale town (Sablaale, Lower Shabelle), Kurtunwaarey, Kunyo Barrow, and Jilib (coded separately). An unknown number of militants were killed and wounded. Unspecified number of fatalities coded as 3. 3 fatalities split across 3 locations (29 fatalities were reported in Jilib town) and coded as 1 for this event.",1,"Foreign military engagement; Insurgency",1753970711,33383,40721,41316
SOM50168,2025-05-20,2025,1,"Political violence","Explosions/Remote violence","Air/drone strike","Unidentified Military Forces","Military Forces of Somalia (2022-)",8,28,,706,"Eastern Africa",Somalia,"Middle Juba",Jilib,,"Kunyo Barrow",0.8014,43.3837,1,"Caasimada; Radio Kulmiye",National,"On 20 May 2025, international forces (described as allied forces, coded as Unidentified Military Forces), in coordination with government security forces (SNA), conducted an airstrike targeting Al Shabaab in Kunyo Barrow village (Jilib, Middle Juba), Sablaale, Kurtunwaarey, and Jilib (coded separately). An unknown number of militants were killed and wounded. Unspecified number of fatalities coded as 3. 3 fatalities split across 3 locations (29 fatalities were reported in Jilib town) and coded as 1 for this event.",1,"Foreign military engagement; Insurgency",1753970711,9803,12280,12780
SOM50168,2025-05-20,2025,1,"Political violence","Explosions/Remote violence","Air/drone strike","Al Shabaab",,2,28,,706,"Eastern Africa",Somalia,"Middle Juba",Jilib,,"Kunyo Barrow",0.8014,43.3837,1,"Caasimada; Radio Kulmiye",National,"On 20 May 2025, international forces (described as allied forces, coded as Unidentified Military Forces), in coordination with government security forces (SNA), conducted an airstrike targeting Al Shabaab in Kunyo Barrow village (Jilib, Middle Juba), Sablaale, Kurtunwaarey, and Jilib (coded separately). An unknown number of militants were killed and wounded. Unspecified number of fatalities coded as 3. 3 fatalities split across 3 locations (29 fatalities were reported in Jilib town) and coded as 1 for this event.",1,"Foreign military engagement; Insurgency",1753970711,9803,12280,12780
SOM50160,2025-05-20,2025,1,"Political violence","Explosions/Remote violence","Shelling/artillery/missile attack","Al Shabaab",,2,28,,706,"Eastern Africa",Somalia,Banadir,Banadir,,"Mogadishu - Waaberi",2.0195,45.3100,1,"Al Furqaan; Caasimada; Calamada; Goobjoob; Hiiraan (Somalia); Radio Kulmiye; Shabelle Media Network; Undisclosed Source","Local partner-Other","On 20 May 2025, Al Shabaab fired 5 mortar shells, landing in various locations, including the Xalane compound AUSSOM UPDF headquarters inside the Aden Ade International Airport in Mogadishu - Waaberi (Banadir). Al Shabaab claimed to have killed 2 UPDF soldiers.",2,"Foreign military engagement; Insurgency",1753970711,39655,138876,207734
SOM50160,2025-05-20,2025,1,"Political violence","Explosions/Remote violence","Shelling/artillery/missile attack","AUSSOM: Africa Union Support and Stabilisation Mission in Somalia (2025-) (Uganda)",,8,28,,706,"Eastern Africa",Somalia,Banadir,Banadir,,"Mogadishu - Waaberi",2.0195,45.3100,1,"Al Furqaan; Caasimada; Calamada; Goobjoob; Hiiraan (Somalia); Radio Kulmiye; Shabelle Media Network; Undisclosed Source","Local partner-Other","On 20 May 2025, Al Shabaab fired 5 mortar shells, landing in various locations, including the Xalane compound AUSSOM UPDF headquarters inside the Aden Ade International Airport in Mogadishu - Waaberi (Banadir). Al Shabaab claimed to have killed 2 UPDF soldiers.",2,"Foreign military engagement; Insurgency",1753970711,39655,138876,207734
SOM50167,2025-05-20,2025,1,"Political violence","Explosions/Remote violence","Air/drone strike","Unidentified Military Forces","Military Forces of Somalia (2022-)",8,28,,706,"Eastern Africa",Somalia,"Middle Juba",Jilib,,Jilib,0.4833,42.7666,1,"Caasimada; Radio Kulmiye; Undisclosed Source","Local partner-Other","On 20 May 2025, international forces (described as allied forces, coded as Unidentified Military Forces), in coordination with government security forces (SNA), conducted an airstrike targeting Al Shabaab in Jilib town (Jilib, Middle Juba), Sablaale, Kunyo Barrow and Kurtunwaarey (coded separately). The airstrike hit Al Shabaab largest weapons depot, a major AS training camp - believed to accommodate over 300 fighters, the majority of whom are foreign nationals. At least 29 militants were killed in Jilib town, including the head of the library department, the chief of logistics and training, and the lead officer for security training.",29,"Foreign military engagement; Insurgency",1753970711,3096,57595,71215
SOM50167,2025-05-20,2025,1,"Political violence","Explosions/Remote violence","Air/drone strike","Al Shabaab",,2,28,,706,"Eastern Africa",Somalia,"Middle Juba",Jilib,,Jilib,0.4833,42.7666,1,"Caasimada; Radio Kulmiye; Undisclosed Source","Local partner-Other","On 20 May 2025, international forces (described as allied forces, coded as Unidentified Military Forces), in coordination with government security forces (SNA), conducted an airstrike targeting Al Shabaab in Jilib town (Jilib, Middle Juba), Sablaale, Kunyo Barrow and Kurtunwaarey (coded separately). The airstrike hit Al Shabaab largest weapons depot, a major AS training camp - believed to accommodate over 300 fighters, the majority of whom are foreign nationals. At least 29 militants were killed in Jilib town, including the head of the library department, the chief of logistics and training, and the lead officer for security training.",29,"Foreign military engagement; Insurgency",1753970711,3096,57595,71215
SOM50184,2025-05-21,2025,1,"Political violence","Explosions/Remote violence","Air/drone strike","Unidentified Military Forces","Military Forces of Somalia (2022-)",8,28,,706,"Eastern Africa",Somalia,"Middle Shabelle","Adan Yabaal",,"Adan Yabaal",3.7742,46.2499,2,"Radio Risala; Shabelle Media Network",National,"On 21 May 2025, international forces (described as allied forces, coded as Unidentified Military Forces), in coordination with government security forces (SNA), conducted an airstrike targeting Al Shabaab near Adan Yabaal town (Adan Yabaal, Middle Shabelle). Casualties unknown.",0,"Foreign military engagement; Insurgency",1753970711,17296,17729,18912
SOM50184,2025-05-21,2025,1,"Political violence","Explosions/Remote violence","Air/drone strike","Al Shabaab",,2,28,,706,"Eastern Africa",Somalia,"Middle Shabelle","Adan Yabaal",,"Adan Yabaal",3.7742,46.2499,2,"Radio Risala; Shabelle Media Network",National,"On 21 May 2025, international forces (described as allied forces, coded as Unidentified Military Forces), in coordination with government security forces (SNA), conducted an airstrike targeting Al Shabaab near Adan Yabaal town (Adan Yabaal, Middle Shabelle). Casualties unknown.",0,"Foreign military engagement; Insurgency",1753970711,17296,17729,18912
ETH15470,2025-05-22,2025,2,"Strategic developments","Strategic developments",Agreement,"Military Forces of Ethiopia (2018-)",,1,18,,231,"Eastern Africa",Ethiopia,Gambela,Nuwer,Lare,Pagak,8.4746,34.0346,1,"Addis Standard",National,"Around 22 May 2025 (as reported), the ENDF and the South Sudan People's Defense Forces (SSPDF) convened in Pagak, Lare (Nuwer, Gambela). They reached an agreement to collaborate in preventing elements operating in the border area and to hold them legally accountable. This security coordination took place amid recent clashes in Nasir, near the Ethiopian border, where South Sudanese government forces reportedly engaged with 'White Army' militias believed to be aligned with opposition leader Riek Machar. It was also noted that senior defense officials from both countries will continue to meet periodically for follow-up consultations on shared security concerns.",0,"Foreign military engagement",1753954363,5732,7492,12917
ETH15470,2025-05-22,2025,2,"Strategic developments","Strategic developments",Agreement,"Military Forces of South Sudan (2011-)",,8,18,,231,"Eastern Africa",Ethiopia,Gambela,Nuwer,Lare,Pagak,8.4746,34.0346,1,"Addis Standard",National,"Around 22 May 2025 (as reported), the ENDF and the South Sudan People's Defense Forces (SSPDF) convened in Pagak, Lare (Nuwer, Gambela). They reached an agreement to collaborate in preventing elements operating in the border area and to hold them legally accountable. This security coordination took place amid recent clashes in Nasir, near the Ethiopian border, where South Sudanese government forces reportedly engaged with 'White Army' militias believed to be aligned with opposition leader Riek Machar. It was also noted that senior defense officials from both countries will continue to meet periodically for follow-up consultations on shared security concerns.",0,"Foreign military engagement",1753954363,5732,7492,12917
MUS626,2025-05-22,2025,1,"Strategic developments","Strategic developments",Agreement,"Government of Mauritius (2024-)",,1,18,,480,"Eastern Africa",Mauritius,"Port Louis",,,"Port Louis",-20.1619,57.4988,1,"Defi Media; L'Express (Mauritius); Le Mauricien; Live Mega; Mo Pays; Radio One (Mauritius); Top Fm",National,"On 22 May 2025, Mauritius and the United Kingdom signed a landmark agreement recognizing Mauritius's full sovereignty over the Chagos Archipelago, including Diego Garcia, coded in Port Louis (Port Louis). The UK and the United States were granted permission to continue operating the military base on Diego Garcia for an initial period of 99 years, renewable, in exchange for paying an annual fee to Mauritius, establishing a trust fund for the benefit of the Chagossian people, and financing development projects over 25 years. The agreement also makes provisions for the potential resettlement of Chagossians on other islands in the archipelago, excluding Diego Garcia. On 14 April 2026, the foreign minister declared the Chagos deal obsolete on a political level and that the corresponding bill would not complete its passage through Parliament. It occurred after the US refused to confirm its initial support for the Anglo-Mauritian treaty.",0,"Foreign military engagement",1776720126,3053,16262,18399
MUS626,2025-05-22,2025,1,"Strategic developments","Strategic developments",Agreement,"Government of the United Kingdom (2024-)",,8,18,,480,"Eastern Africa",Mauritius,"Port Louis",,,"Port Louis",-20.1619,57.4988,1,"Defi Media; L'Express (Mauritius); Le Mauricien; Live Mega; Mo Pays; Radio One (Mauritius); Top Fm",National,"On 22 May 2025, Mauritius and the United Kingdom signed a landmark agreement recognizing Mauritius's full sovereignty over the Chagos Archipelago, including Diego Garcia, coded in Port Louis (Port Louis). The UK and the United States were granted permission to continue operating the military base on Diego Garcia for an initial period of 99 years, renewable, in exchange for paying an annual fee to Mauritius, establishing a trust fund for the benefit of the Chagossian people, and financing development projects over 25 years. The agreement also makes provisions for the potential resettlement of Chagossians on other islands in the archipelago, excluding Diego Garcia. On 14 April 2026, the foreign minister declared the Chagos deal obsolete on a political level and that the corresponding bill would not complete its passage through Parliament. It occurred after the US refused to confirm its initial support for the Anglo-Mauritian treaty.",0,"Foreign military engagement",1776720126,3053,16262,18399
SOM50196,2025-05-22,2025,1,"Political violence","Explosions/Remote violence","Air/drone strike","Unidentified Military Forces",,8,28,,706,"Eastern Africa",Somalia,Bari,Qandala,,"Buuraha Cali Miskat",10.8548,49.7434,1,"Undisclosed Source","Local partner-Other","On 22 May 2025, international forces (described as allied forces, coded as Unidentified Military Forces), conducted an airstrike targeting Islamic State Somalia Province at a base in Wangamle area in Buuraha Cali Miskat (Qandala, Bari). Casualties unknown.",0,"Foreign military engagement; Insurgency",1759790065,0,0,0
SOM50196,2025-05-22,2025,1,"Political violence","Explosions/Remote violence","Air/drone strike","Islamic State Somalia Province",,2,28,,706,"Eastern Africa",Somalia,Bari,Qandala,,"Buuraha Cali Miskat",10.8548,49.7434,1,"Undisclosed Source","Local partner-Other","On 22 May 2025, international forces (described as allied forces, coded as Unidentified Military Forces), conducted an airstrike targeting Islamic State Somalia Province at a base in Wangamle area in Buuraha Cali Miskat (Qandala, Bari). Casualties unknown.",0,"Foreign military engagement; Insurgency",1759790065,0,0,0
SOM50209,2025-05-24,2025,1,"Political violence",Battles,"Armed clash","Al Shabaab",,2,28,,706,"Eastern Africa",Somalia,Gedo,Baardheere,,Bardera,2.3385,42.2843,1,"Al Furqaan; Calamada; Radio Kulmiye; Somali Memo",National,"On 24 May 2025, overnight, Al Shabaab launched a probing attack against AUSSOM ENDF troops and engaged in an armed clash at a base in Bardera town (Baardheere, Gedo). Casualties unknown. Al Shabaab claimed responsibility.",0,"Foreign military engagement; Insurgency",1753970711,50003,102053,123191
SOM50209,2025-05-24,2025,1,"Political violence",Battles,"Armed clash","AUSSOM: Africa Union Support and Stabilisation Mission in Somalia (2025-) (Ethiopia)",,8,28,,706,"Eastern Africa",Somalia,Gedo,Baardheere,,Bardera,2.3385,42.2843,1,"Al Furqaan; Calamada; Radio Kulmiye; Somali Memo",National,"On 24 May 2025, overnight, Al Shabaab launched a probing attack against AUSSOM ENDF troops and engaged in an armed clash at a base in Bardera town (Baardheere, Gedo). Casualties unknown. Al Shabaab claimed responsibility.",0,"Foreign military engagement; Insurgency",1753970711,50003,102053,123191
SOM50210,2025-05-24,2025,1,"Political violence",Battles,"Armed clash","Al Shabaab",,2,28,,706,"Eastern Africa",Somalia,Bay,Diinsoor,,Diinsoor,2.4074,42.9766,1,"Al Furqaan; Calamada; Somali Memo; Undisclosed Source","Local partner-Other","On 24 May 2025, overnight, Al Shabaab attacked AUSSOM ENDF troops and engaged them in an armed clash at a base in Diinsoor town (Diinsoor, Bay). There were no casualties and Al Shabaab claimed responsibility.",0,"Foreign military engagement; Insurgency",1753970711,36086,49623,51308
SOM50210,2025-05-24,2025,1,"Political violence",Battles,"Armed clash","AUSSOM: Africa Union Support and Stabilisation Mission in Somalia (2025-) (Ethiopia)",,8,28,,706,"Eastern Africa",Somalia,Bay,Diinsoor,,Diinsoor,2.4074,42.9766,1,"Al Furqaan; Calamada; Somali Memo; Undisclosed Source","Local partner-Other","On 24 May 2025, overnight, Al Shabaab attacked AUSSOM ENDF troops and engaged them in an armed clash at a base in Diinsoor town (Diinsoor, Bay). There were no casualties and Al Shabaab claimed responsibility.",0,"Foreign military engagement; Insurgency",1753970711,36086,49623,51308
SOM50194,2025-05-25,2025,1,"Strategic developments","Strategic developments","Disrupted weapons use","AUSSOM: Africa Union Support and Stabilisation Mission in Somalia (2025-) (Ethiopia)",,8,28,,706,"Eastern Africa",Somalia,Bay,Baydhaba,,Berdaale,3.2150,43.1983,1,"Undisclosed Source","Local partner-Other","Defusal: On 25 May 2025, AUSSOM ENDF defused an IED planted by an unknown armed group (likely Al Shabaab due to similar attacks by the group) at the market area in Berdaale town (Baydhaba, Bay).",0,"Foreign military engagement; Insurgency",1753970711,17665,25690,27665
SOM50194,2025-05-25,2025,1,"Strategic developments","Strategic developments","Disrupted weapons use","Al Shabaab",,2,28,,706,"Eastern Africa",Somalia,Bay,Baydhaba,,Berdaale,3.2150,43.1983,1,"Undisclosed Source","Local partner-Other","Defusal: On 25 May 2025, AUSSOM ENDF defused an IED planted by an unknown armed group (likely Al Shabaab due to similar attacks by the group) at the market area in Berdaale town (Baydhaba, Bay).",0,"Foreign military engagement; Insurgency",1753970711,17665,25690,27665
SOM50211,2025-05-25,2025,1,"Political violence","Explosions/Remote violence","Remote explosive/landmine/IED","Al Shabaab",,2,28,,706,"Eastern Africa",Somalia,"Middle Shabelle",Jowhar,,Buurane,2.9647,45.5124,1,"Caasimada; Calamada; Radio Kulmiye; Undisclosed Source","Local partner-Other","On 25 May 2025, an IED planted by Al Shabaab exploded, targeting AUSSOM BNDF troops on a foot patrol in Buurane village (Jowhar, Middle Shabelle). Al Shabaab claimed to have killed 2 soldiers and injured others.",2,"Foreign military engagement; Insurgency",1753970711,8552,10344,11339
SOM50211,2025-05-25,2025,1,"Political violence","Explosions/Remote violence","Remote explosive/landmine/IED","AUSSOM: Africa Union Support and Stabilisation Mission in Somalia (2025-) (Burundi)",,8,28,,706,"Eastern Africa",Somalia,"Middle Shabelle",Jowhar,,Buurane,2.9647,45.5124,1,"Caasimada; Calamada; Radio Kulmiye; Undisclosed Source","Local partner-Other","On 25 May 2025, an IED planted by Al Shabaab exploded, targeting AUSSOM BNDF troops on a foot patrol in Buurane village (Jowhar, Middle Shabelle). Al Shabaab claimed to have killed 2 soldiers and injured others.",2,"Foreign military engagement; Insurgency",1753970711,8552,10344,11339
SOM50208,2025-05-25,2025,1,"Political violence",Battles,"Armed clash","Al Shabaab",,2,28,,706,"Eastern Africa",Somalia,Bay,Baydhaba,,Baidoa,3.1172,43.6469,1,"Al Furqaan; Calamada; Somali Memo",Subnational-National,"On 25 May 2025, Al Shabaab carried out a hit-and-run attack against AUSSOM ENDF troops and engaged them in an armed clash at the airstrip base in Baidoa town (Baydhaba, Bay). Al Shabaab claimed to have killed 2 soldiers.",2,"Foreign military engagement; Insurgency",1753970711,93741,229583,337158
SOM50208,2025-05-25,2025,1,"Political violence",Battles,"Armed clash","AUSSOM: Africa Union Support and Stabilisation Mission in Somalia (2025-) (Ethiopia)",,8,28,,706,"Eastern Africa",Somalia,Bay,Baydhaba,,Baidoa,3.1172,43.6469,1,"Al Furqaan; Calamada; Somali Memo",Subnational-National,"On 25 May 2025, Al Shabaab carried out a hit-and-run attack against AUSSOM ENDF troops and engaged them in an armed clash at the airstrip base in Baidoa town (Baydhaba, Bay). Al Shabaab claimed to have killed 2 soldiers.",2,"Foreign military engagement; Insurgency",1753970711,93741,229583,337158
SOM50225,2025-05-25,2025,1,"Political violence","Explosions/Remote violence","Air/drone strike","Military Forces of the United States (2025-)","Military Forces of Somalia (2022-) Jubaland Security Force; Military Forces of Somalia (2022-) Special Forces",8,28,,706,"Eastern Africa",Somalia,"Lower Juba",Jamaame,,Kamjaroon,0.0742,42.5899,1,"AFRICOM; Caasimada; Goobjoob; Hiiraan (Somalia); Horseed Media; Radio Kulmiye; Shabelle Media Network; Somali News Agency; Undisclosed Source","Local partner-Other","On 25 May 2025, US forces, in coordination with government security forces (Danab) and Jubaland security forces, conducted airstrike targeting Al Shabaab positions in Kamjaroon village (Jamaame, Lower Juba). The operation successfully destroyed multiple Al Shabaab command centers in the area. The local Al Shabaab Governor (Head of Finances) and 4 of his staff members were killed.",5,"Foreign military engagement; Insurgency",1753956296,0,0,8
SOM50225,2025-05-25,2025,1,"Political violence","Explosions/Remote violence","Air/drone strike","Al Shabaab",,2,28,,706,"Eastern Africa",Somalia,"Lower Juba",Jamaame,,Kamjaroon,0.0742,42.5899,1,"AFRICOM; Caasimada; Goobjoob; Hiiraan (Somalia); Horseed Media; Radio Kulmiye; Shabelle Media Network; Somali News Agency; Undisclosed Source","Local partner-Other","On 25 May 2025, US forces, in coordination with government security forces (Danab) and Jubaland security forces, conducted airstrike targeting Al Shabaab positions in Kamjaroon village (Jamaame, Lower Juba). The operation successfully destroyed multiple Al Shabaab command centers in the area. The local Al Shabaab Governor (Head of Finances) and 4 of his staff members were killed.",5,"Foreign military engagement; Insurgency",1753956296,0,0,8
SOM50283,2025-05-29,2025,1,"Political violence",Battles,"Armed clash","Al Shabaab",,2,28,,706,"Eastern Africa",Somalia,"Lower Shabelle",Afgooye,,Awbocow,1.9850,45.0018,1,"Undisclosed Source","Local partner-Other","On 29 May 2025, overnight, Al Shabaab clashed with AUSSOM UPDF troops at a base in Awbocow village (Afgooye, Lower Shabelle). The clash was initiated with RPGs. There were no casualties.",0,"Foreign military engagement; Insurgency",1753970711,1790,2071,2951
SOM50283,2025-05-29,2025,1,"Political violence",Battles,"Armed clash","AUSSOM: Africa Union Support and Stabilisation Mission in Somalia (2025-) (Uganda)",,8,28,,706,"Eastern Africa",Somalia,"Lower Shabelle",Afgooye,,Awbocow,1.9850,45.0018,1,"Undisclosed Source","Local partner-Other","On 29 May 2025, overnight, Al Shabaab clashed with AUSSOM UPDF troops at a base in Awbocow village (Afgooye, Lower Shabelle). The clash was initiated with RPGs. There were no casualties.",0,"Foreign military engagement; Insurgency",1753970711,1790,2071,2951
SOM50254,2025-05-30,2025,1,"Political violence",Battles,"Armed clash","Al Shabaab",,2,28,,706,"Eastern Africa",Somalia,Bay,Baydhaba,,Aawdiinle,3.1706,43.4099,1,"Al Furqaan; Calamada; Radio Kulmiye",Subnational-National,"On 30 May 2025, Al Shabaab carried out a hit-and-run attack against Ethiopia security forces (non-AUSSOM) and engaged them in an armed clash at a base in Aawdiinle village (Baydhaba, Bay). Casualties unknown. Al Shabaab claimed responsibility.",0,"Foreign military engagement; Insurgency",1753956296,6800,7908,10637
SOM50254,2025-05-30,2025,1,"Political violence",Battles,"Armed clash","Military Forces of Ethiopia (2018-)",,8,28,,706,"Eastern Africa",Somalia,Bay,Baydhaba,,Aawdiinle,3.1706,43.4099,1,"Al Furqaan; Calamada; Radio Kulmiye",Subnational-National,"On 30 May 2025, Al Shabaab carried out a hit-and-run attack against Ethiopia security forces (non-AUSSOM) and engaged them in an armed clash at a base in Aawdiinle village (Baydhaba, Bay). Casualties unknown. Al Shabaab claimed responsibility.",0,"Foreign military engagement; Insurgency",1753956296,6800,7908,10637
SOM50273,2025-05-30,2025,1,"Political violence","Explosions/Remote violence","Air/drone strike","Military Forces of the United States (2025-)","Military Forces of Somalia (2022-)",8,28,,706,"Eastern Africa",Somalia,"Lower Shabelle",Sablaale,,Sablaale,1.2495,43.8045,1,"Caasimada; Radio Dalsan; Radio Kulmiye; Radio Risala; Shabelle Media Network; Undisclosed Source","Local partner-Other","On 30 May 2025, US forces, in coordination with government security forces (SNA), conducted an airstrike targeting Al Shabaab in Sablaale town (Sablaale, Lower Shabelle), Haawaay, Kunyo Barrow, and Baasra (coded separately). More than 100 militants were killed, including 3 Al Shaaab leaders who were their spokesman and head of operations. 100 fatalities split across 4 events and coded as 25 for this event.",25,"Foreign military engagement; Insurgency",1753956296,33383,40721,41316
SOM50273,2025-05-30,2025,1,"Political violence","Explosions/Remote violence","Air/drone strike","Al Shabaab",,2,28,,706,"Eastern Africa",Somalia,"Lower Shabelle",Sablaale,,Sablaale,1.2495,43.8045,1,"Caasimada; Radio Dalsan; Radio Kulmiye; Radio Risala; Shabelle Media Network; Undisclosed Source","Local partner-Other","On 30 May 2025, US forces, in coordination with government security forces (SNA), conducted an airstrike targeting Al Shabaab in Sablaale town (Sablaale, Lower Shabelle), Haawaay, Kunyo Barrow, and Baasra (coded separately). More than 100 militants were killed, including 3 Al Shaaab leaders who were their spokesman and head of operations. 100 fatalities split across 4 events and coded as 25 for this event.",25,"Foreign military engagement; Insurgency",1753956296,33383,40721,41316
SOM50274,2025-05-30,2025,1,"Political violence","Explosions/Remote violence","Air/drone strike","Military Forces of the United States (2025-)","Military Forces of Somalia (2022-)",8,28,,706,"Eastern Africa",Somalia,"Lower Shabelle",Baraawe,,Haawaay,1.1685,43.7143,1,"Caasimada; Radio Dalsan; Radio Kulmiye; Radio Risala; Shabelle Media Network",Subnational-National,"On 30 May 2025, US forces, in coordination with government security forces (SNA), conducted an airstrike targeting Al Shabaab in Haawaay village (Baraawe, Lower Shabelle), Sablaale, Kunyo Barrow, and Basra (coded separately). More than 100 militants were killed, including 3 Al Shaaab leaders who were their spokesman and head of operations. 100 fatalities split across 4 events and coded as 25 for this event.",25,"Foreign military engagement; Insurgency",1753956296,1606,6081,6681
SOM50274,2025-05-30,2025,1,"Political violence","Explosions/Remote violence","Air/drone strike","Al Shabaab",,2,28,,706,"Eastern Africa",Somalia,"Lower Shabelle",Baraawe,,Haawaay,1.1685,43.7143,1,"Caasimada; Radio Dalsan; Radio Kulmiye; Radio Risala; Shabelle Media Network",Subnational-National,"On 30 May 2025, US forces, in coordination with government security forces (SNA), conducted an airstrike targeting Al Shabaab in Haawaay village (Baraawe, Lower Shabelle), Sablaale, Kunyo Barrow, and Basra (coded separately). More than 100 militants were killed, including 3 Al Shaaab leaders who were their spokesman and head of operations. 100 fatalities split across 4 events and coded as 25 for this event.",25,"Foreign military engagement; Insurgency",1753956296,1606,6081,6681
SOM50275,2025-05-30,2025,1,"Political violence","Explosions/Remote violence","Air/drone strike","Military Forces of the United States (2025-)","Military Forces of Somalia (2022-)",8,28,,706,"Eastern Africa",Somalia,"Middle Juba",Jilib,,"Kunyo Barrow",0.8014,43.3837,1,"Caasimada; Radio Dalsan; Radio Kulmiye; Radio Risala; Shabelle Media Network",National,"On 30 May 2025, US forces, in coordination with government security forces (SNA), conducted an airstrike targeting Al Shabaab in Kunyo Barrow village (Jilib, Middle Juba), Sablaale, Baasra, and Haawaay (coded separately). More than 100 militants were killed, including 3 Al Shaaab leaders who were their spokesman and head of operations. 100 fatalities split across 4 events and coded as 25 for this event.",25,"Foreign military engagement; Insurgency",1753956296,9803,12280,12780
SOM50275,2025-05-30,2025,1,"Political violence","Explosions/Remote violence","Air/drone strike","Al Shabaab",,2,28,,706,"Eastern Africa",Somalia,"Middle Juba",Jilib,,"Kunyo Barrow",0.8014,43.3837,1,"Caasimada; Radio Dalsan; Radio Kulmiye; Radio Risala; Shabelle Media Network",National,"On 30 May 2025, US forces, in coordination with government security forces (SNA), conducted an airstrike targeting Al Shabaab in Kunyo Barrow village (Jilib, Middle Juba), Sablaale, Baasra, and Haawaay (coded separately). More than 100 militants were killed, including 3 Al Shaaab leaders who were their spokesman and head of operations. 100 fatalities split across 4 events and coded as 25 for this event.",25,"Foreign military engagement; Insurgency",1753956296,9803,12280,12780
SOM50276,2025-05-30,2025,1,"Political violence","Explosions/Remote violence","Air/drone strike","Military Forces of the United States (2025-)","Military Forces of Somalia (2022-)",8,28,,706,"Eastern Africa",Somalia,"Lower Shabelle",Afgooye,,Baasra,2.3106,45.2693,1,"Hiiraan (Somalia); Radio Kulmiye; Undisclosed Source","Local partner-Other","On 30 May 2025, overnight, US forces, in coordination with government security forces (SNA), conducted an airstrike targeting Al Shabaab in the vicinity of Baasra village (Afgooye, Lower Shabeelle), Sablaale, Hawaay, and Kunyo Barrow (coded separately). More than 100 militants were killed, including 3 Al Shaaab leaders who were their spokesman and head of operations. 100 fatalities split across 4 events and coded as 25 for this event.",25,"Foreign military engagement; Insurgency",1753956296,229,369,2676
SOM50276,2025-05-30,2025,1,"Political violence","Explosions/Remote violence","Air/drone strike","Al Shabaab",,2,28,,706,"Eastern Africa",Somalia,"Lower Shabelle",Afgooye,,Baasra,2.3106,45.2693,1,"Hiiraan (Somalia); Radio Kulmiye; Undisclosed Source","Local partner-Other","On 30 May 2025, overnight, US forces, in coordination with government security forces (SNA), conducted an airstrike targeting Al Shabaab in the vicinity of Baasra village (Afgooye, Lower Shabeelle), Sablaale, Hawaay, and Kunyo Barrow (coded separately). More than 100 militants were killed, including 3 Al Shaaab leaders who were their spokesman and head of operations. 100 fatalities split across 4 events and coded as 25 for this event.",25,"Foreign military engagement; Insurgency",1753956296,229,369,2676
SOM50277,2025-05-31,2025,1,"Political violence","Explosions/Remote violence","Air/drone strike","Military Forces of the United States (2025-)","Military Forces of Somalia (2022-)",8,28,,706,"Eastern Africa",Somalia,Bari,Qandala,,"Buuraha Cali Miskat",10.8548,49.7434,1,"AFRICOM; Undisclosed Source","Local partner-Other","On 31 May 2025, US forces, in coordination with government security forces (SNA), conducted an airstrike targeting the Islamic State Somalia Province hideout in Toga Baalade and Miraale area in Buuraha Cali Miskat (Qandala, Bari). Casualties unknown.",0,"Foreign military engagement; Insurgency",1759790065,0,0,0
SOM50277,2025-05-31,2025,1,"Political violence","Explosions/Remote violence","Air/drone strike","Islamic State Somalia Province",,2,28,,706,"Eastern Africa",Somalia,Bari,Qandala,,"Buuraha Cali Miskat",10.8548,49.7434,1,"AFRICOM; Undisclosed Source","Local partner-Other","On 31 May 2025, US forces, in coordination with government security forces (SNA), conducted an airstrike targeting the Islamic State Somalia Province hideout in Toga Baalade and Miraale area in Buuraha Cali Miskat (Qandala, Bari). Casualties unknown.",0,"Foreign military engagement; Insurgency",1759790065,0,0,0
SSD15721,2025-05-31,2025,1,"Political violence",Battles,"Armed clash","Military Forces of South Sudan (2011-)",,1,18,,728,"Eastern Africa","South Sudan","Central Equatoria",Morobo,Wudabi,Nyei,3.6860,30.6508,1,"Risk and Strategic Management, Corporation","Local partner-International","On 31 May 2025, government forces (coded as SSPDF) clashed with Congolese soldiers at a border crossing in Nyei area of Wudabi Payam, Morobo County (Morobo, Central Equatoria). The clash ensued when the former were suspected to be pursuing National Salvation Front (NAS) members (further information unknown/not reported). There were no casualties.",0,"Foreign military engagement",1760471104,352,649,3149
SSD15721,2025-05-31,2025,1,"Political violence",Battles,"Armed clash","Military Forces of the Democratic Republic of Congo (2019-)",,8,18,,728,"Eastern Africa","South Sudan","Central Equatoria",Morobo,Wudabi,Nyei,3.6860,30.6508,1,"Risk and Strategic Management, Corporation","Local partner-International","On 31 May 2025, government forces (coded as SSPDF) clashed with Congolese soldiers at a border crossing in Nyei area of Wudabi Payam, Morobo County (Morobo, Central Equatoria). The clash ensued when the former were suspected to be pursuing National Salvation Front (NAS) members (further information unknown/not reported). There were no casualties.",0,"Foreign military engagement",1760471104,352,649,3149
SOM50278,2025-06-01,2025,1,"Political violence","Explosions/Remote violence","Air/drone strike","Military Forces of the United States (2025-)","Military Forces of Somalia (2022-)",8,28,,706,"Eastern Africa",Somalia,Bari,Qandala,,"Buuraha Cali Miskat",10.8548,49.7434,1,"AFRICOM; Goobjoob; Horseed Media; Radio Risala; Shabelle Media Network; Somali News Agency",National-Regional,"On 1 June 2025, US forces, in coordination with government security forces (SNA), conducted an airstrike targeting Islamic State Somalia Province hideout in Miraale area in Buuraha Cali Miskat (Qandala, Bari). Casualties unknown.",0,"Foreign military engagement; Insurgency",1759790065,0,0,0
SOM50278,2025-06-01,2025,1,"Political violence","Explosions/Remote violence","Air/drone strike","Islamic State Somalia Province",,2,28,,706,"Eastern Africa",Somalia,Bari,Qandala,,"Buuraha Cali Miskat",10.8548,49.7434,1,"AFRICOM; Goobjoob; Horseed Media; Radio Risala; Shabelle Media Network; Somali News Agency",National-Regional,"On 1 June 2025, US forces, in coordination with government security forces (SNA), conducted an airstrike targeting Islamic State Somalia Province hideout in Miraale area in Buuraha Cali Miskat (Qandala, Bari). Casualties unknown.",0,"Foreign military engagement; Insurgency",1759790065,0,0,0
ERI477,2025-06-01,2025,3,"Strategic developments","Strategic developments",Other,"Military Forces of Sudan (2019-)",,8,80,,232,"Eastern Africa",Eritrea,Maekel,"Debubawi Mierab",,Asmara,15.3333,38.9333,1,"Sudan Akhbar",Regional,"Other: Around 1 June 2025 (beginning of month), the Sudanese Armed Forces (SAF) relocated its warplanes to neigbouring Eritrea, Asmara, (Debubawi Mierab, Maekel), as a precautionary measure. This decision was prompted by a series of intense airstrikes in Port Sudan, leading the authorities to implement protective measures for military assets amid concerns about a potential escalation in conflict.",0,"Foreign military engagement",1753954363,38291,110383,299177
SOM50280,2025-06-01,2025,1,"Political violence","Explosions/Remote violence","Air/drone strike","Unidentified Military Forces",,8,28,,706,"Eastern Africa",Somalia,"Middle Juba",Jilib,,Jilib,0.4833,42.7666,2,"Undisclosed Source","Local partner-Other","On 1 June 2025, an unidentified armed group airstrike targeted Al Shabaab base in Manane village near Jilib (Jilib, Middle Juba). An unknown number of militants were killed and wounded, including senior Al Shabaab commander. Unspecified number of fatalities coded as 3.",3,"Foreign military engagement; Insurgency",1753970711,3096,57595,68785
SOM50280,2025-06-01,2025,1,"Political violence","Explosions/Remote violence","Air/drone strike","Al Shabaab",,2,28,,706,"Eastern Africa",Somalia,"Middle Juba",Jilib,,Jilib,0.4833,42.7666,2,"Undisclosed Source","Local partner-Other","On 1 June 2025, an unidentified armed group airstrike targeted Al Shabaab base in Manane village near Jilib (Jilib, Middle Juba). An unknown number of militants were killed and wounded, including senior Al Shabaab commander. Unspecified number of fatalities coded as 3.",3,"Foreign military engagement; Insurgency",1753970711,3096,57595,68785
SOM50279,2025-06-02,2025,1,"Political violence","Explosions/Remote violence","Air/drone strike","Military Forces of the United States (2025-)","Military Forces of Somalia (2022-)",8,28,,706,"Eastern Africa",Somalia,Bari,Qandala,,"Buuraha Cali Miskat",10.8548,49.7434,1,"Hiiraan (Somalia); Horseed Media; Puntland Post; Radio Dalsan",National,"On 2 June 2025, overnight, US forces, in coordination with government security forces (SNA), conducted 4 airstrike targeting Islamic State Somalia Province hideout in between Baalade and Miraale area in Buuraha Cali Miskat (Qandala, Bari). More than 10 militants were killed.",10,"Foreign military engagement; Insurgency",1759790065,0,0,0
SOM50279,2025-06-02,2025,1,"Political violence","Explosions/Remote violence","Air/drone strike","Islamic State Somalia Province",,2,28,,706,"Eastern Africa",Somalia,Bari,Qandala,,"Buuraha Cali Miskat",10.8548,49.7434,1,"Hiiraan (Somalia); Horseed Media; Puntland Post; Radio Dalsan",National,"On 2 June 2025, overnight, US forces, in coordination with government security forces (SNA), conducted 4 airstrike targeting Islamic State Somalia Province hideout in between Baalade and Miraale area in Buuraha Cali Miskat (Qandala, Bari). More than 10 militants were killed.",10,"Foreign military engagement; Insurgency",1759790065,0,0,0
SOM50281,2025-06-02,2025,1,"Political violence","Explosions/Remote violence","Air/drone strike","Unidentified Military Forces",,8,78,"Civilian targeting",706,"Eastern Africa",Somalia,Bari,Bossaso,,Mareera,11.3318,49.3008,1,"Undisclosed Source","Local partner-Other","On 2 June 2025, international forces (described as 'friendly forces', coded as Unidentified Military Forces) carried out airstrike targeting Islamic State Somalia Province, but the airstrike hit a pastoralist (frankincense) family at the Bakuuje area in Mareera village (Bossaso, Bari). 2 civilians were killed and 2 others were injured.",2,"Foreign military engagement",1754411191,6,7,7
SOM50281,2025-06-02,2025,1,"Political violence","Explosions/Remote violence","Air/drone strike","Civilians (Somalia)","Islamic State Somalia Province; Pastoralists (Somalia)",7,78,"Civilian targeting",706,"Eastern Africa",Somalia,Bari,Bossaso,,Mareera,11.3318,49.3008,1,"Undisclosed Source","Local partner-Other","On 2 June 2025, international forces (described as 'friendly forces', coded as Unidentified Military Forces) carried out airstrike targeting Islamic State Somalia Province, but the airstrike hit a pastoralist (frankincense) family at the Bakuuje area in Mareera village (Bossaso, Bari). 2 civilians were killed and 2 others were injured.",2,"Foreign military engagement",1754411191,6,7,7
SOM50389,2025-06-02,2025,1,"Political violence",Battles,"Non-state actor overtakes territory","Al Shabaab",,2,28,,706,"Eastern Africa",Somalia,"Middle Shabelle",Balcad,,Xawaadleey,2.5826,45.4894,1,"Al Furqaan; Baidoa News Agency; Calamada; Goobjoob; Radio Kulmiye; Undisclosed Source","Local partner-Other","On 2 June 2025, Al Shabaab clashed with AUSSOM BNDF troops in Xawaadleey village (Balcad, Middle Shabelle). The militants claimed to have shut down a BNDF combat helicopter near the Shabelle River bridge and crashed. Al Shabaab took control of the village. Casualties unknown. Al Shabaab claimed responsibility.",0,"Foreign military engagement; Insurgency",1753970711,3525,3837,3870
SOM50389,2025-06-02,2025,1,"Political violence",Battles,"Non-state actor overtakes territory","AUSSOM: Africa Union Support and Stabilisation Mission in Somalia (2025-) (Burundi)",,8,28,,706,"Eastern Africa",Somalia,"Middle Shabelle",Balcad,,Xawaadleey,2.5826,45.4894,1,"Al Furqaan; Baidoa News Agency; Calamada; Goobjoob; Radio Kulmiye; Undisclosed Source","Local partner-Other","On 2 June 2025, Al Shabaab clashed with AUSSOM BNDF troops in Xawaadleey village (Balcad, Middle Shabelle). The militants claimed to have shut down a BNDF combat helicopter near the Shabelle River bridge and crashed. Al Shabaab took control of the village. Casualties unknown. Al Shabaab claimed responsibility.",0,"Foreign military engagement; Insurgency",1753970711,3525,3837,3870
SOM52461,2025-06-02,2025,1,"Political violence","Explosions/Remote violence","Air/drone strike","Military Forces of the United States (2025-)","Military Forces of Somalia (2022-)",8,28,,706,"Eastern Africa",Somalia,"Middle Shabelle","Adan Yabaal",,"Adan Yabaal",3.7742,46.2499,1,"Local Network",Other,"On 2 June 2025, US forces, in coordination with government security forces (SNA) conducted an airstrike targeting Al Shabaab in Adan Yabaal town (Adan Yabaal, Middle Shabelle). Casualties unknown.",0,"Foreign military engagement; Insurgency",1758584825,17296,17729,18912
SOM52461,2025-06-02,2025,1,"Political violence","Explosions/Remote violence","Air/drone strike","Al Shabaab",,2,28,,706,"Eastern Africa",Somalia,"Middle Shabelle","Adan Yabaal",,"Adan Yabaal",3.7742,46.2499,1,"Local Network",Other,"On 2 June 2025, US forces, in coordination with government security forces (SNA) conducted an airstrike targeting Al Shabaab in Adan Yabaal town (Adan Yabaal, Middle Shabelle). Casualties unknown.",0,"Foreign military engagement; Insurgency",1758584825,17296,17729,18912
MLI34548,2025-06-04,2025,1,"Political violence","Explosions/Remote violence","Air/drone strike","Military Forces of Niger (2023-)",,8,80,,466,"Western Africa",Mali,Menaka,Menaka,Menaka,Infoukaretane,15.7012,2.4370,1,"Undisclosed Source","Local partner-Other","On 4 June 2025, the Nigerien air force carried out airstrikes in the village of Infoukaretane (Menaka, Menaka). There were no casualties or damage.",0,"Foreign military engagement",1753954689,53,179,289
MLI34549,2025-06-04,2025,1,"Political violence","Explosions/Remote violence","Air/drone strike","Military Forces of Niger (2023-)",,8,80,,466,"Western Africa",Mali,Menaka,Menaka,Menaka,Tabankort,15.3826,2.1009,1,"Undisclosed Source","Local partner-Other","On 4 June 2025, the Nigerien air force carried out airstrikes in the village of Tabankort (Menaka, Menaka). There were no casualties or damage.",0,"Foreign military engagement",1754958639,412,1643,1692
ETH15651,2025-06-05,2025,1,"Strategic developments","Strategic developments",Agreement,"Military Forces of Ethiopia (2018-)","Police Forces of Ethiopia (2018-) Federal Police; Police Forces of Ethiopia (2018-) Gambela State Police",1,18,,231,"Eastern Africa",Ethiopia,Gambela,Nuwer,Lare,Pagak,8.4746,34.0346,2,"TIKVAH Ethiopia",Other,"On 5 June 2025, representatives from the Ethiopian National Defense Force, Ethiopian Federal Police, and the Gambela Regional Police Commission met with the representatives from the South Sudan Security leaders (coded as South Sudan Defense Force based on the nature of the issue) at Rad (location not found, coded to Pagak, Lare, Nuwer, Gambela) to discuss measures to halt cross-border attacks by Murle militants. The representatives agreed to carry out military operations to end the activities of the militants on the border between the two countries. They also agreed that any South Sudanese national who wants to enter Ethiopia should pass through a formal process and get prior approval from the Ethiopian Ministry of Foreign Affairs.",0,"Foreign military engagement",1753954363,5732,7492,12917
ETH15651,2025-06-05,2025,1,"Strategic developments","Strategic developments",Agreement,"Military Forces of South Sudan (2011-)",,8,18,,231,"Eastern Africa",Ethiopia,Gambela,Nuwer,Lare,Pagak,8.4746,34.0346,2,"TIKVAH Ethiopia",Other,"On 5 June 2025, representatives from the Ethiopian National Defense Force, Ethiopian Federal Police, and the Gambela Regional Police Commission met with the representatives from the South Sudan Security leaders (coded as South Sudan Defense Force based on the nature of the issue) at Rad (location not found, coded to Pagak, Lare, Nuwer, Gambela) to discuss measures to halt cross-border attacks by Murle militants. The representatives agreed to carry out military operations to end the activities of the militants on the border between the two countries. They also agreed that any South Sudanese national who wants to enter Ethiopia should pass through a formal process and get prior approval from the Ethiopian Ministry of Foreign Affairs.",0,"Foreign military engagement",1753954363,5732,7492,12917
ETH15582,2025-06-09,2025,1,"Political violence",Battles,"Armed clash","Military Forces of South Sudan (2011-)",,8,18,,231,"Eastern Africa",Ethiopia,Gambela,Nuwer,Wantawo,Burebiey,8.4209,33.2311,2,"Risk and Strategic Management, Corporation","Local partner-International","On 9 June 2025, South Sudan government forces (coded as Military Forces of South Sudan) exchanged heavy artilleries with Ethiopian forces (likely Ethiopian Defense Force based on the nature of the incident), along the border area near Burebiey village (Wantawo, Nuwer, Gambela), after a boat travelling from Ethiopia to South Sudan was shot at by the SSPDF (coded separately). Casualties unknown. Many people were displaced along the Ethiopian Border due to the conflict. Ethiopian and South Sudanese officials met near the border area to discuss the situation.",0,"Foreign military engagement",1753954363,3081,3146,4078
ETH15582,2025-06-09,2025,1,"Political violence",Battles,"Armed clash","Military Forces of Ethiopia (2018-)",,1,18,,231,"Eastern Africa",Ethiopia,Gambela,Nuwer,Wantawo,Burebiey,8.4209,33.2311,2,"Risk and Strategic Management, Corporation","Local partner-International","On 9 June 2025, South Sudan government forces (coded as Military Forces of South Sudan) exchanged heavy artilleries with Ethiopian forces (likely Ethiopian Defense Force based on the nature of the incident), along the border area near Burebiey village (Wantawo, Nuwer, Gambela), after a boat travelling from Ethiopia to South Sudan was shot at by the SSPDF (coded separately). Casualties unknown. Many people were displaced along the Ethiopian Border due to the conflict. Ethiopian and South Sudanese officials met near the border area to discuss the situation.",0,"Foreign military engagement",1753954363,3081,3146,4078
ETH15584,2025-06-09,2025,1,"Political violence","Violence against civilians",Attack,"Military Forces of South Sudan (2011-)",,8,78,"Civilian targeting",231,"Eastern Africa",Ethiopia,Gambela,Nuwer,Wantawo,Burebiey,8.4209,33.2311,2,"Risk and Strategic Management, Corporation","Local partner-International","On 9 June 2025, the Military Forces of South Sudan shot at a boat traveling along the river from Ethiopia to South Sudan (unspecified location coded to a nearby border village, Burebiey, Wantawo, Nuwer, Gambela), triggering an armed clash between the South Sudanese and Ethiopian forces (coded separately). Casualties unknown.",0,"Foreign military engagement",1753954363,3081,3146,4078
ETH15584,2025-06-09,2025,1,"Political violence","Violence against civilians",Attack,"Civilians (Ethiopia)",,7,78,"Civilian targeting",231,"Eastern Africa",Ethiopia,Gambela,Nuwer,Wantawo,Burebiey,8.4209,33.2311,2,"Risk and Strategic Management, Corporation","Local partner-International","On 9 June 2025, the Military Forces of South Sudan shot at a boat traveling along the river from Ethiopia to South Sudan (unspecified location coded to a nearby border village, Burebiey, Wantawo, Nuwer, Gambela), triggering an armed clash between the South Sudanese and Ethiopian forces (coded separately). Casualties unknown.",0,"Foreign military engagement",1753954363,3081,3146,4078
ETH15583,2025-06-10,2025,1,"Political violence",Battles,"Armed clash","Military Forces of South Sudan (2011-)",,8,18,,231,"Eastern Africa",Ethiopia,Gambela,Nuwer,Wantawo,Burebiey,8.4209,33.2311,2,"Risk and Strategic Management, Corporation","Local partner-International","On 10 June 2025, at approximately 6:00-7:00 pm, South Sudan government forces (coded as Military Forces of South Sudan) fired heavy artillery toward the Ethiopian forces (likely ENDF based on the nature of the conflict), near Burebiey village (Wantawo, Nuwer, Gambela). Motivation unknown. Two people were killed and several others, including civilians, were injured.",2,"Foreign military engagement",1753954363,3081,3146,4078
ETH15583,2025-06-10,2025,1,"Political violence",Battles,"Armed clash","Military Forces of Ethiopia (2018-)",,1,18,,231,"Eastern Africa",Ethiopia,Gambela,Nuwer,Wantawo,Burebiey,8.4209,33.2311,2,"Risk and Strategic Management, Corporation","Local partner-International","On 10 June 2025, at approximately 6:00-7:00 pm, South Sudan government forces (coded as Military Forces of South Sudan) fired heavy artillery toward the Ethiopian forces (likely ENDF based on the nature of the conflict), near Burebiey village (Wantawo, Nuwer, Gambela). Motivation unknown. Two people were killed and several others, including civilians, were injured.",2,"Foreign military engagement",1753954363,3081,3146,4078
SOM50428,2025-06-10,2025,1,"Political violence","Explosions/Remote violence","Air/drone strike","Military Forces of the United States (2025-)","Military Forces of Somalia (2022-)",8,28,,706,"Eastern Africa",Somalia,Bari,Bossaso,,Bosaso,11.2842,49.1816,1,"AFRICOM; Hiiraan (Somalia)",National-Regional,"On 10 June 2025, US forces, in coordination with government security forces (SNA), conducted an airstrike targeting Islamic State Somalia Province hideout in southeast of Bosaso town (Bossaso, Bari). Casualties unknown.",0,"Foreign military engagement; Insurgency",1753956296,168507,235274,235274
SOM50428,2025-06-10,2025,1,"Political violence","Explosions/Remote violence","Air/drone strike","Islamic State Somalia Province",,2,28,,706,"Eastern Africa",Somalia,Bari,Bossaso,,Bosaso,11.2842,49.1816,1,"AFRICOM; Hiiraan (Somalia)",National-Regional,"On 10 June 2025, US forces, in coordination with government security forces (SNA), conducted an airstrike targeting Islamic State Somalia Province hideout in southeast of Bosaso town (Bossaso, Bari). Casualties unknown.",0,"Foreign military engagement; Insurgency",1753956296,168507,235274,235274
SOM50421,2025-06-10,2025,1,"Political violence","Explosions/Remote violence","Air/drone strike","Unidentified Military Forces","Military Forces of Somalia (2022-)",8,28,,706,"Eastern Africa",Somalia,"Lower Shabelle",Afgooye,,Caanoole,2.1304,45.0402,1,Caasimada,National,"On 10 June 2025, overnight, international forces (described as allied forces, coded as Unidentified Military Forces), in coordination with government security forces (SNA), conducted an airstrike targeting Al Shabaab in the vicinity of Caanoole village (Afgooye, Lower Shabelle). Casualties unknown.",0,"Foreign military engagement; Insurgency",1753970711,933,144,144
SOM50421,2025-06-10,2025,1,"Political violence","Explosions/Remote violence","Air/drone strike","Al Shabaab",,2,28,,706,"Eastern Africa",Somalia,"Lower Shabelle",Afgooye,,Caanoole,2.1304,45.0402,1,Caasimada,National,"On 10 June 2025, overnight, international forces (described as allied forces, coded as Unidentified Military Forces), in coordination with government security forces (SNA), conducted an airstrike targeting Al Shabaab in the vicinity of Caanoole village (Afgooye, Lower Shabelle). Casualties unknown.",0,"Foreign military engagement; Insurgency",1753970711,933,144,144
SOM50422,2025-06-10,2025,1,"Political violence","Explosions/Remote violence","Air/drone strike","Unidentified Military Forces","Military Forces of Somalia (2022-)",8,28,,706,"Eastern Africa",Somalia,"Lower Shabelle",Afgooye,,Saabid,2.1311,45.0377,1,Caasimada,National,"On 10 June 2025, overnight, international forces (described as allied forces, coded as Unidentified Military Forces), in coordination with government security forces (SNA), conducted an airstrike targeting Al Shabaab in the vicinity of Saabid village (Afgooye, Lower Shabelle). Casualties unknown.",0,"Foreign military engagement; Insurgency",1753970711,2095,2299,2964
SOM50422,2025-06-10,2025,1,"Political violence","Explosions/Remote violence","Air/drone strike","Al Shabaab",,2,28,,706,"Eastern Africa",Somalia,"Lower Shabelle",Afgooye,,Saabid,2.1311,45.0377,1,Caasimada,National,"On 10 June 2025, overnight, international forces (described as allied forces, coded as Unidentified Military Forces), in coordination with government security forces (SNA), conducted an airstrike targeting Al Shabaab in the vicinity of Saabid village (Afgooye, Lower Shabelle). Casualties unknown.",0,"Foreign military engagement; Insurgency",1753970711,2095,2299,2964
SOM50423,2025-06-11,2025,1,"Political violence","Explosions/Remote violence","Air/drone strike","Unidentified Military Forces","Military Forces of Somalia (2022-)",8,28,,706,"Eastern Africa",Somalia,"Middle Shabelle",Jowhar,,"Ceel Baraf",3.2072,45.7593,1,"Caasimada; Hiiraan (Somalia); Somali News Agency; Undisclosed Source","Local partner-Other","On 11 June 2025, international forces (described as allied forces, coded as Unidentified Military Forces), in coordination with government security forces (SNA), conducted an airstrike targeting Al Shabaab in Buurta Cadayga area in the vicinity of Ceel Baraf village (Jowhar, Middle Shabelle). 13 militants were killed, including senior members.",13,"Foreign military engagement; Insurgency",1753970711,12975,14776,18538
SOM50423,2025-06-11,2025,1,"Political violence","Explosions/Remote violence","Air/drone strike","Al Shabaab",,2,28,,706,"Eastern Africa",Somalia,"Middle Shabelle",Jowhar,,"Ceel Baraf",3.2072,45.7593,1,"Caasimada; Hiiraan (Somalia); Somali News Agency; Undisclosed Source","Local partner-Other","On 11 June 2025, international forces (described as allied forces, coded as Unidentified Military Forces), in coordination with government security forces (SNA), conducted an airstrike targeting Al Shabaab in Buurta Cadayga area in the vicinity of Ceel Baraf village (Jowhar, Middle Shabelle). 13 militants were killed, including senior members.",13,"Foreign military engagement; Insurgency",1753970711,12975,14776,18538
SOM50444,2025-06-11,2025,1,"Political violence",Battles,"Armed clash","Al Shabaab",,2,28,,706,"Eastern Africa",Somalia,Bay,Diinsoor,,Diinsoor,2.4074,42.9766,1,Calamada,Subnational,"On 11 June 2025, overnight, Al Shabaab clashed with Ethiopian security forces (non-AUSSOM) at a base in Diinsoor town (Diinsoor, Bay). There were no casualties. Al Shabaab claimed responsibility.",0,"Foreign military engagement; Insurgency",1753956296,36086,49623,51308
SOM50444,2025-06-11,2025,1,"Political violence",Battles,"Armed clash","Military Forces of Ethiopia (2018-)",,8,28,,706,"Eastern Africa",Somalia,Bay,Diinsoor,,Diinsoor,2.4074,42.9766,1,Calamada,Subnational,"On 11 June 2025, overnight, Al Shabaab clashed with Ethiopian security forces (non-AUSSOM) at a base in Diinsoor town (Diinsoor, Bay). There were no casualties. Al Shabaab claimed responsibility.",0,"Foreign military engagement; Insurgency",1753956296,36086,49623,51308
CDI3334,2025-06-11,2025,2,"Strategic developments","Strategic developments","Change to group/activity","Military Forces of Burkina Faso (2022-)",,8,80,,384,"Western Africa","Ivory Coast",Zanzan,Bounkani,Tehini,Moromoro,9.7361,-4.2410,2,"Resilience for Peace","Local partner-National","Movement of forces: Around 11 June 2025 (week of), Burkinabe authorities built defensive trenches along the border between Ivory Coast and Burkina Faso, near Moromoro (Tehini, Bounkani, Zanzan) to slow 'extremist groups' movements.",0,"Foreign military engagement",1754354897,1771,1930,2954
KEN18274,2025-06-13,2025,2,"Strategic developments","Strategic developments",Agreement,"Government of Kenya (2022-)",,1,18,,404,"Eastern Africa",Kenya,Turkana,"Turkana West",Kakuma,Kakuma,3.7170,34.8670,1,"Citizen (Kenya); Kenya Standard",National,"Around 13 June 2025 (as reported), government representatives from Kenya and Ethiopia met in Kakuma (Turkana West, Turkana) and resolved to reopen the border point, among other resolutions, following the recent cross-border clashes between Kenya's Turkana and Ethiopia's Daseenach (coded separately).",0,"Foreign military engagement",1753954518,15361,47695,67067
KEN18274,2025-06-13,2025,2,"Strategic developments","Strategic developments",Agreement,"Government of Ethiopia (2018-)",,8,18,,404,"Eastern Africa",Kenya,Turkana,"Turkana West",Kakuma,Kakuma,3.7170,34.8670,1,"Citizen (Kenya); Kenya Standard",National,"Around 13 June 2025 (as reported), government representatives from Kenya and Ethiopia met in Kakuma (Turkana West, Turkana) and resolved to reopen the border point, among other resolutions, following the recent cross-border clashes between Kenya's Turkana and Ethiopia's Daseenach (coded separately).",0,"Foreign military engagement",1753954518,15361,47695,67067
SOM50558,2025-06-13,2025,1,"Political violence",Battles,"Armed clash","Al Shabaab",,2,28,,706,"Eastern Africa",Somalia,Bay,Diinsoor,,Diinsoor,2.4074,42.9766,1,"Al Furqaan; Caasimada; Local Network; Radio Kulmiye; Undisclosed Source","Local partner-Other","On 13 June 2025, overnight, Al Shabaab clashed with AUSSOM ENDF forces at a base at the airstrip in Diinsoor town (Diinsoor, Bay). There were no casualties. Al Shabaab claimed responsibility.",0,"Foreign military engagement; Insurgency",1753970711,36086,49623,51308
SOM50558,2025-06-13,2025,1,"Political violence",Battles,"Armed clash","AUSSOM: Africa Union Support and Stabilisation Mission in Somalia (2025-) (Ethiopia)",,8,28,,706,"Eastern Africa",Somalia,Bay,Diinsoor,,Diinsoor,2.4074,42.9766,1,"Al Furqaan; Caasimada; Local Network; Radio Kulmiye; Undisclosed Source","Local partner-Other","On 13 June 2025, overnight, Al Shabaab clashed with AUSSOM ENDF forces at a base at the airstrip in Diinsoor town (Diinsoor, Bay). There were no casualties. Al Shabaab claimed responsibility.",0,"Foreign military engagement; Insurgency",1753970711,36086,49623,51308
TAZ1780,2025-06-13,2025,1,"Strategic developments","Strategic developments",Agreement,"Government of Tanzania (1964-)",,1,18,,834,"Eastern Africa",Tanzania,Kagera,Ngara,"Ngara Mjini",Ngara,-2.5122,30.6558,1,"Daily News (Tanzania)",National,"On 13 June 2025, Tanzania and Rwanda government representatives met in Ngara (Ngara, Kagera) and signed an agreement for enhanced cooperation and peaceful coexistence.",0,"Foreign military engagement",1782172068,9281,21830,48627
TAZ1780,2025-06-13,2025,1,"Strategic developments","Strategic developments",Agreement,"Government of Rwanda (1994-)",,8,18,,834,"Eastern Africa",Tanzania,Kagera,Ngara,"Ngara Mjini",Ngara,-2.5122,30.6558,1,"Daily News (Tanzania)",National,"On 13 June 2025, Tanzania and Rwanda government representatives met in Ngara (Ngara, Kagera) and signed an agreement for enhanced cooperation and peaceful coexistence.",0,"Foreign military engagement",1782172068,9281,21830,48627
SOM50559,2025-06-14,2025,1,"Political violence",Battles,"Armed clash","Al Shabaab",,2,28,,706,"Eastern Africa",Somalia,"Lower Shabelle",Afgooye,,Saabid,2.1311,45.0377,2,"Calamada; Local Network; Somali Memo; Undisclosed Source","Local partner-Other","On 14 June 2025, Al Shabaab clashed with AUSSOM UPDF and government security forces (SNA) at a checkpoint at the Macalinka village near Saabid village (Afgooye, Lower Shabelle). Al Shabaab claimed to have killed 4 UPDF soldiers and injured 5 others in their attack.",4,"Foreign military engagement; Insurgency",1753970711,2095,2299,2964
SOM50559,2025-06-14,2025,1,"Political violence",Battles,"Armed clash","AUSSOM: Africa Union Support and Stabilisation Mission in Somalia (2025-) (Uganda)","Military Forces of Somalia (2022-)",8,28,,706,"Eastern Africa",Somalia,"Lower Shabelle",Afgooye,,Saabid,2.1311,45.0377,2,"Calamada; Local Network; Somali Memo; Undisclosed Source","Local partner-Other","On 14 June 2025, Al Shabaab clashed with AUSSOM UPDF and government security forces (SNA) at a checkpoint at the Macalinka village near Saabid village (Afgooye, Lower Shabelle). Al Shabaab claimed to have killed 4 UPDF soldiers and injured 5 others in their attack.",4,"Foreign military engagement; Insurgency",1753970711,2095,2299,2964
SOM50560,2025-06-15,2025,1,"Political violence","Explosions/Remote violence","Remote explosive/landmine/IED","Al Shabaab",,2,28,,706,"Eastern Africa",Somalia,"Lower Shabelle",Afgooye,,"Cabdow Dibile",2.0864,45.0711,2,"Al Furqaan; Calamada; Somali Memo; Undisclosed Source","Local partner-Other","On 15 June 2025, 2 Al Shabaab remote-controlled IEDs exploded, targeting AUSSOM UPDF convoy from Afgooye heading to KM60, near Cabdow Dibile village (Afgooye, Lower Shabelle). 10 soldiers were killed, and 25 others were injured. Al Shabaab claimed responsibility.",10,"Foreign military engagement; Insurgency",1753970711,1000,1937,6970
SOM50560,2025-06-15,2025,1,"Political violence","Explosions/Remote violence","Remote explosive/landmine/IED","AUSSOM: Africa Union Support and Stabilisation Mission in Somalia (2025-) (Uganda)",,8,28,,706,"Eastern Africa",Somalia,"Lower Shabelle",Afgooye,,"Cabdow Dibile",2.0864,45.0711,2,"Al Furqaan; Calamada; Somali Memo; Undisclosed Source","Local partner-Other","On 15 June 2025, 2 Al Shabaab remote-controlled IEDs exploded, targeting AUSSOM UPDF convoy from Afgooye heading to KM60, near Cabdow Dibile village (Afgooye, Lower Shabelle). 10 soldiers were killed, and 25 others were injured. Al Shabaab claimed responsibility.",10,"Foreign military engagement; Insurgency",1753970711,1000,1937,6970
SOM50673,2025-06-16,2025,1,"Political violence","Explosions/Remote violence","Air/drone strike","Military Forces of the United States (2025-)","Military Forces of Somalia (2022-)",8,28,,706,"Eastern Africa",Somalia,"Lower Juba",Kismaayo,,"Buulo Xaaji",-0.6320,41.9839,1,"AFRICOM; Radio Kulmiye; Undisclosed Source","Local partner-Other","On 16 June 2025, US forces, in coordination with government security forces (SNA), conducted an airstrike targeting Al Shabaab base near Maqooqaha area, in the vicinity of Buulo Xaaji village (Kismaayo, Lower Shabelle). 14 militants were killed, including five senior commanders, and four vehicles were destroyed.",14,"Foreign military engagement; Insurgency",1753956296,3078,3239,3465
SOM50673,2025-06-16,2025,1,"Political violence","Explosions/Remote violence","Air/drone strike","Al Shabaab",,2,28,,706,"Eastern Africa",Somalia,"Lower Juba",Kismaayo,,"Buulo Xaaji",-0.6320,41.9839,1,"AFRICOM; Radio Kulmiye; Undisclosed Source","Local partner-Other","On 16 June 2025, US forces, in coordination with government security forces (SNA), conducted an airstrike targeting Al Shabaab base near Maqooqaha area, in the vicinity of Buulo Xaaji village (Kismaayo, Lower Shabelle). 14 militants were killed, including five senior commanders, and four vehicles were destroyed.",14,"Foreign military engagement; Insurgency",1753956296,3078,3239,3465
SOM50677,2025-06-16,2025,1,"Political violence","Explosions/Remote violence","Air/drone strike","Unidentified Military Forces","Military Forces of Somalia (2022-)",8,28,,706,"Eastern Africa",Somalia,"Middle Shabelle",Cadale,,"Ceel Dheere",3.4901,46.0637,1,"Caasimada; Goobjoob; Hiiraan (Somalia); Local Network; Radio Kulmiye; Radio Risala; Undisclosed Source","Local partner-Other","On 16 June 2025, international forces (described as 'friendly forces', coded as Unidentified Military Forces), in coordination with government security forces (SNA), conducted an airstrike targeting Al Shabaab hideout in Ceel Dheere village (Cadale, Middle Shabelle). Several senior commanders and fighters were killed, and the hideouts were destroyed. Unspecified number of fatalities coded as 3.",3,"Foreign military engagement; Insurgency",1753970711,1257,1269,1370
SOM50677,2025-06-16,2025,1,"Political violence","Explosions/Remote violence","Air/drone strike","Al Shabaab",,2,28,,706,"Eastern Africa",Somalia,"Middle Shabelle",Cadale,,"Ceel Dheere",3.4901,46.0637,1,"Caasimada; Goobjoob; Hiiraan (Somalia); Local Network; Radio Kulmiye; Radio Risala; Undisclosed Source","Local partner-Other","On 16 June 2025, international forces (described as 'friendly forces', coded as Unidentified Military Forces), in coordination with government security forces (SNA), conducted an airstrike targeting Al Shabaab hideout in Ceel Dheere village (Cadale, Middle Shabelle). Several senior commanders and fighters were killed, and the hideouts were destroyed. Unspecified number of fatalities coded as 3.",3,"Foreign military engagement; Insurgency",1753970711,1257,1269,1370
SOM50667,2025-06-16,2025,1,"Political violence","Explosions/Remote violence","Remote explosive/landmine/IED","Al Shabaab",,2,28,,706,"Eastern Africa",Somalia,"Lower Shabelle",Afgooye,,Saabid,2.1311,45.0377,1,"Calamada; Local Network; Somali Memo; Undisclosed Source","Local partner-Other","On 16 June 2025, a vehicle-borne improvised explosive device (SVBIED) by Al Shabaab targeted an AUSSOM UPDF and government security forces (SNA) convoy in Saabid village (Afgooye, Lower Shabelle). Al Shabaab claimed to have killed 14 UPDF soldiers and 6 SNA soldiers, and injured 7 others.",20,"Foreign military engagement; Insurgency",1753970711,2095,2299,2964
SOM50667,2025-06-16,2025,1,"Political violence","Explosions/Remote violence","Remote explosive/landmine/IED","AUSSOM: Africa Union Support and Stabilisation Mission in Somalia (2025-) (Uganda)","Military Forces of Somalia (2022-)",8,28,,706,"Eastern Africa",Somalia,"Lower Shabelle",Afgooye,,Saabid,2.1311,45.0377,1,"Calamada; Local Network; Somali Memo; Undisclosed Source","Local partner-Other","On 16 June 2025, a vehicle-borne improvised explosive device (SVBIED) by Al Shabaab targeted an AUSSOM UPDF and government security forces (SNA) convoy in Saabid village (Afgooye, Lower Shabelle). Al Shabaab claimed to have killed 14 UPDF soldiers and 6 SNA soldiers, and injured 7 others.",20,"Foreign military engagement; Insurgency",1753970711,2095,2299,2964
MAA2246,2025-06-16,2025,1,"Political violence",Battles,"Armed clash","Military Forces of Mauritania (2019-)",,1,18,,478,"Western Africa",Mauritania,"Tiris Zemmour",Fderick,Zoueirat,Zouerat,22.7354,-12.4713,3,Yabiladi,Regional,"On 16 June 2025, Mauritanian soldiers opened fire on Algerian troops and Polisario elements in the Reg Tekchar area of Lebriga, following an unauthorized cross-border incursion by the latter who were pursuing fleeing Polisario members from the Tindouf refugee camp. The Mauritanian army, which sealed off the strategic border zone on 22 May 2025 (coded separately), opened fire to repel the unauthorized entry. Location coded to the administrative capital of Tiris Zemmour province at the Algerian border, Zouerat (Fderick, Tiris Zemmour). Casualties unknown.",0,"Foreign military engagement",1753954689,16890,45988,56820
MAA2246,2025-06-16,2025,1,"Political violence",Battles,"Armed clash","Military Forces of Algeria (2019-)","Polisario Front",8,18,,478,"Western Africa",Mauritania,"Tiris Zemmour",Fderick,Zoueirat,Zouerat,22.7354,-12.4713,3,Yabiladi,Regional,"On 16 June 2025, Mauritanian soldiers opened fire on Algerian troops and Polisario elements in the Reg Tekchar area of Lebriga, following an unauthorized cross-border incursion by the latter who were pursuing fleeing Polisario members from the Tindouf refugee camp. The Mauritanian army, which sealed off the strategic border zone on 22 May 2025 (coded separately), opened fire to repel the unauthorized entry. Location coded to the administrative capital of Tiris Zemmour province at the Algerian border, Zouerat (Fderick, Tiris Zemmour). Casualties unknown.",0,"Foreign military engagement",1753954689,16890,45988,56820
SOM50678,2025-06-17,2025,1,"Political violence","Explosions/Remote violence","Air/drone strike","Unidentified Military Forces","Military Forces of Somalia (2022-)",8,28,,706,"Eastern Africa",Somalia,"Lower Juba",Kismaayo,,"Buulo Xaaji",-0.6320,41.9839,1,"Undisclosed Source","Local partner-Other","On 17 June 2025, international forces (described as 'friendly forces', coded as Unidentified Military Forces), in coordination with government security forces (SNA), conducted an airstrike targeting Al Shabaab base in the outskirts of Buulo Xaaji village (Kismaayo, Lower Juba). 10 militants were killed.",10,"Foreign military engagement; Insurgency",1753970711,3078,3239,3465
SOM50678,2025-06-17,2025,1,"Political violence","Explosions/Remote violence","Air/drone strike","Al Shabaab",,2,28,,706,"Eastern Africa",Somalia,"Lower Juba",Kismaayo,,"Buulo Xaaji",-0.6320,41.9839,1,"Undisclosed Source","Local partner-Other","On 17 June 2025, international forces (described as 'friendly forces', coded as Unidentified Military Forces), in coordination with government security forces (SNA), conducted an airstrike targeting Al Shabaab base in the outskirts of Buulo Xaaji village (Kismaayo, Lower Juba). 10 militants were killed.",10,"Foreign military engagement; Insurgency",1753970711,3078,3239,3465
SOM50679,2025-06-17,2025,1,"Political violence","Explosions/Remote violence","Air/drone strike","Unidentified Military Forces","Military Forces of Somalia (2022-)",8,28,,706,"Eastern Africa",Somalia,"Middle Shabelle",Cadale,,"Masjid Cali Gaduud",3.1808,46.4354,1,Caasimada,National,"On 17 June 2025, overnight, international forces (described as 'friendly forces', coded as Unidentified Military Forces), in coordination with government security forces (SNA), conducted an airstrike targeting an Al Shabaab hideout in Masjid Cali Gaduud village (Cadale, Middle Shabelle). Several senior commanders and fighters were killed, and the hideouts were destroyed. Unspecified number of fatalities coded as 3.",3,"Foreign military engagement; Insurgency",1782172068,4715,5160,7029
SOM50679,2025-06-17,2025,1,"Political violence","Explosions/Remote violence","Air/drone strike","Al Shabaab",,2,28,,706,"Eastern Africa",Somalia,"Middle Shabelle",Cadale,,"Masjid Cali Gaduud",3.1808,46.4354,1,Caasimada,National,"On 17 June 2025, overnight, international forces (described as 'friendly forces', coded as Unidentified Military Forces), in coordination with government security forces (SNA), conducted an airstrike targeting an Al Shabaab hideout in Masjid Cali Gaduud village (Cadale, Middle Shabelle). Several senior commanders and fighters were killed, and the hideouts were destroyed. Unspecified number of fatalities coded as 3.",3,"Foreign military engagement; Insurgency",1782172068,4715,5160,7029
ERI479,2025-06-18,2025,2,"Strategic developments","Strategic developments",Other,"Government of Sudan (2019-)","Al Baraa Ibn Malik Brigade; Military Forces of Sudan (2019-)",8,80,,232,"Eastern Africa",Eritrea,"Semienawi Keih Bahri",Massawa,,Massawa,15.6097,39.4500,1,"Al Rakoba",Regional,"Other: Around 18 June 2025 (week of), a shipment of weapons belonging to the Sudanese Armed Forces (SAF) arrived at the Eritrean port of Massawa (Massawa, Semienawi Keih Bahri) for transfer to SAF-allied Al Baraa militias in Eastern Sudan. The shipment includes anti-aircraft and anti-drone missiles, modern drone interception equipment, and jamming devices. It is believed that the shipment aims to counter attacks launched by the Rapid Support Forces against SAF targets using drones.",0,"Foreign military engagement",1753954363,52532,111804,205220
ETH15632,2025-06-18,2025,2,"Strategic developments","Strategic developments","Change to group/activity","Military Forces of Eritrea (1993-)",,8,80,,231,"Eastern Africa",Ethiopia,Tigray,"Eastern Tigray","Zala Anbesa town","Zela Ambesa",14.5219,39.3850,1,"Local Network",Other,"Movement of forces: Around 18 June 2025 (week of), Eritrean forces withdrew from Zela Ambesa (Zala Anbesa town, Eastern Tigray, Tigray). Motivation unknown. People-to-people interaction and cross-border movements were resumed following the withdrawal (coded separately). Some IDPs also began returning to their homes voluntarily.",0,"Foreign military engagement",1753954363,7554,9341,15176
SOM50684,2025-06-19,2025,1,"Political violence","Explosions/Remote violence","Air/drone strike","Military Forces of the United States (2025-)","Military Forces of Somalia (2022-)",8,28,,706,"Eastern Africa",Somalia,"Lower Shabelle",Afgooye,,Saabid,2.1311,45.0377,1,"AFRICOM; Local Network; Radio Risala",Other-National,"On 19 June 2025, US forces, in coordination with government security forces (SNA), conducted an airstrike targeting Al Shabaab base near Maqooqaha area, in the vicinity of Saabid village (Afgooye, Lower Shabelle). Casualties unknown.",0,"Foreign military engagement; Insurgency",1754500357,2095,2299,2964
SOM50684,2025-06-19,2025,1,"Political violence","Explosions/Remote violence","Air/drone strike","Al Shabaab",,2,28,,706,"Eastern Africa",Somalia,"Lower Shabelle",Afgooye,,Saabid,2.1311,45.0377,1,"AFRICOM; Local Network; Radio Risala",Other-National,"On 19 June 2025, US forces, in coordination with government security forces (SNA), conducted an airstrike targeting Al Shabaab base near Maqooqaha area, in the vicinity of Saabid village (Afgooye, Lower Shabelle). Casualties unknown.",0,"Foreign military engagement; Insurgency",1754500357,2095,2299,2964
SOM50681,2025-06-20,2025,1,"Political violence","Explosions/Remote violence","Air/drone strike","Unidentified Military Forces","Military Forces of Somalia (2022-) National Intelligence and Security Agency",8,28,,706,"Eastern Africa",Somalia,"Middle Shabelle","Adan Yabaal",,"Adan Yabaal",3.7742,46.2499,1,"Local Network; Radio Kulmiye; Somali News Agency",Other-National,"On 20 June 2025, international forces (described as 'friendly forces', coded as Unidentified Military Forces), in coordination with government security forces (NISA) conducted an airstrike targeting Al Shabaab in Adan Yabaal town (Adan Yabaal, Middle Shabelle). More than 12 militants were killed.",12,"Foreign military engagement; Insurgency",1753970711,17296,17729,18912
SOM50681,2025-06-20,2025,1,"Political violence","Explosions/Remote violence","Air/drone strike","Al Shabaab",,2,28,,706,"Eastern Africa",Somalia,"Middle Shabelle","Adan Yabaal",,"Adan Yabaal",3.7742,46.2499,1,"Local Network; Radio Kulmiye; Somali News Agency",Other-National,"On 20 June 2025, international forces (described as 'friendly forces', coded as Unidentified Military Forces), in coordination with government security forces (NISA) conducted an airstrike targeting Al Shabaab in Adan Yabaal town (Adan Yabaal, Middle Shabelle). More than 12 militants were killed.",12,"Foreign military engagement; Insurgency",1753970711,17296,17729,18912
SOM50695,2025-06-21,2025,1,"Political violence","Explosions/Remote violence","Air/drone strike","Unidentified Military Forces","Military Forces of Somalia (2022-) National Intelligence and Security Agency",8,28,,706,"Eastern Africa",Somalia,"Middle Shabelle","Adan Yabaal",,"Adan Yabaal",3.7742,46.2499,1,"Caasimada; Hiiraan (Somalia); Radio Dalsan; Radio Risala; Shabelle Media Network; Somali News Agency; Undisclosed Source","Local partner-Other","On 21 June 2025, overnight, international forces (described as 'friendly forces', coded as Unidentified Military Forces), in coordination with government security forces (NISA), conducted an airstrike targeting Al Shabaab at the Hawlwadag neighborhood in Adan Yabaal town (Adan Yabaal, Middle Shabelle). The airstrike hit two key facilities. One of the targeted facilities contained vehicles equipped with explosive devices that were prepared to carry out attacks against the security forces. Casualties unknown.",0,"Foreign military engagement; Insurgency",1753970711,17296,17729,18912
SOM50695,2025-06-21,2025,1,"Political violence","Explosions/Remote violence","Air/drone strike","Al Shabaab",,2,28,,706,"Eastern Africa",Somalia,"Middle Shabelle","Adan Yabaal",,"Adan Yabaal",3.7742,46.2499,1,"Caasimada; Hiiraan (Somalia); Radio Dalsan; Radio Risala; Shabelle Media Network; Somali News Agency; Undisclosed Source","Local partner-Other","On 21 June 2025, overnight, international forces (described as 'friendly forces', coded as Unidentified Military Forces), in coordination with government security forces (NISA), conducted an airstrike targeting Al Shabaab at the Hawlwadag neighborhood in Adan Yabaal town (Adan Yabaal, Middle Shabelle). The airstrike hit two key facilities. One of the targeted facilities contained vehicles equipped with explosive devices that were prepared to carry out attacks against the security forces. Casualties unknown.",0,"Foreign military engagement; Insurgency",1753970711,17296,17729,18912
SOM50714,2025-06-22,2025,1,"Political violence","Explosions/Remote violence","Air/drone strike","Unidentified Military Forces","Military Forces of Somalia (2022-) National Intelligence and Security Agency",8,28,,706,"Eastern Africa",Somalia,Hiraan,"Bulo Burto",,Mabaax,3.8357,46.2319,1,"Caasimada; Goobjoob; Horseed Media; Radio Kulmiye; Radio Risala",National,"On 22 June 2025, overnight, international forces (described as 'friendly forces', coded as Unidentified Military Forces), in coordination with government security forces (NISA) conducted an airstrike targeting Al Shabaab in Mabaax village (Bulo Burto, Hiraan) and Gayacad (coded separately). 13 militants were killed. 13 fatalities split across 2 events and coded as 6 for this event.",6,"Foreign military engagement; Insurgency",1753970711,60,62,357
SOM50714,2025-06-22,2025,1,"Political violence","Explosions/Remote violence","Air/drone strike","Al Shabaab",,2,28,,706,"Eastern Africa",Somalia,Hiraan,"Bulo Burto",,Mabaax,3.8357,46.2319,1,"Caasimada; Goobjoob; Horseed Media; Radio Kulmiye; Radio Risala",National,"On 22 June 2025, overnight, international forces (described as 'friendly forces', coded as Unidentified Military Forces), in coordination with government security forces (NISA) conducted an airstrike targeting Al Shabaab in Mabaax village (Bulo Burto, Hiraan) and Gayacad (coded separately). 13 militants were killed. 13 fatalities split across 2 events and coded as 6 for this event.",6,"Foreign military engagement; Insurgency",1753970711,60,62,357
SOM50716,2025-06-22,2025,1,"Political violence","Explosions/Remote violence","Air/drone strike","Unidentified Military Forces","Military Forces of Somalia (2022-) National Intelligence and Security Agency",8,28,,706,"Eastern Africa",Somalia,Hiraan,"Bulo Burto",,Moqokori,4.0625,46.1342,2,"Caasimada; Goobjoob; Horseed Media; Radio Kulmiye; Radio Risala",National,"On 22 June 2025, overnight, international forces (described as 'friendly forces', coded as Unidentified Military Forces), in coordination with government security forces (NISA), conducted an airstrike targeting Al Shabaab in Gayacad village near Moqokori village (Bulo Burto, Hiraan) and Mabaax (coded separately). 13 militants were killed. 13 fatalities split across 2 events and coded as 7 for this event.",7,"Foreign military engagement; Insurgency",1753970711,794,1004,1242
SOM50716,2025-06-22,2025,1,"Political violence","Explosions/Remote violence","Air/drone strike","Al Shabaab",,2,28,,706,"Eastern Africa",Somalia,Hiraan,"Bulo Burto",,Moqokori,4.0625,46.1342,2,"Caasimada; Goobjoob; Horseed Media; Radio Kulmiye; Radio Risala",National,"On 22 June 2025, overnight, international forces (described as 'friendly forces', coded as Unidentified Military Forces), in coordination with government security forces (NISA), conducted an airstrike targeting Al Shabaab in Gayacad village near Moqokori village (Bulo Burto, Hiraan) and Mabaax (coded separately). 13 militants were killed. 13 fatalities split across 2 events and coded as 7 for this event.",7,"Foreign military engagement; Insurgency",1753970711,794,1004,1242
SOM50755,2025-06-25,2025,1,"Political violence","Violence against civilians",Attack,"AUSSOM: Africa Union Support and Stabilisation Mission in Somalia (2025-) (Uganda)",,8,78,"Civilian targeting",706,"Eastern Africa",Somalia,"Lower Shabelle",Afgooye,,Afgooye,2.1500,45.1160,2,"Local Network",Other,"On 25 June 2025, AUSSOM UPDF soldiers shot and killed 3 farmers near Afgooye town (Afgooye, Lower Shabelle). The motive is unknown.",3,"Foreign military engagement",1754500357,8412,8794,10511
SOM50755,2025-06-25,2025,1,"Political violence","Violence against civilians",Attack,"Civilians (Somalia)","Farmers (Somalia)",7,78,"Civilian targeting",706,"Eastern Africa",Somalia,"Lower Shabelle",Afgooye,,Afgooye,2.1500,45.1160,2,"Local Network",Other,"On 25 June 2025, AUSSOM UPDF soldiers shot and killed 3 farmers near Afgooye town (Afgooye, Lower Shabelle). The motive is unknown.",3,"Foreign military engagement",1754500357,8412,8794,10511
SOM50766,2025-06-26,2025,1,"Political violence","Explosions/Remote violence","Air/drone strike","Unidentified Military Forces","Military Forces of Somalia (2022-) National Intelligence and Security Agency",8,28,,706,"Eastern Africa",Somalia,"Middle Shabelle","Adan Yabaal",,"Adan Yabaal",3.7742,46.2499,1,"Somali News Agency",National,"On 26 June 2025, overnight, international forces (described as 'friendly forces', coded as Unidentified Military Forces), in coordination with government security forces (NISA), conducted an airstrike targeting Al Shabaab at the Hawlwadag neighborhood in Adan Yabaal town (Adan Yabaal, Middle Shabelle). Casualties unknown.",0,"Foreign military engagement; Insurgency",1753970711,17296,17729,18912
SOM50766,2025-06-26,2025,1,"Political violence","Explosions/Remote violence","Air/drone strike","Al Shabaab",,2,28,,706,"Eastern Africa",Somalia,"Middle Shabelle","Adan Yabaal",,"Adan Yabaal",3.7742,46.2499,1,"Somali News Agency",National,"On 26 June 2025, overnight, international forces (described as 'friendly forces', coded as Unidentified Military Forces), in coordination with government security forces (NISA), conducted an airstrike targeting Al Shabaab at the Hawlwadag neighborhood in Adan Yabaal town (Adan Yabaal, Middle Shabelle). Casualties unknown.",0,"Foreign military engagement; Insurgency",1753970711,17296,17729,18912
SOM50774,2025-06-26,2025,1,"Political violence","Explosions/Remote violence","Air/drone strike","Unidentified Military Forces","Military Forces of Somalia (2022-) National Intelligence and Security Agency",8,28,,706,"Eastern Africa",Somalia,Hiraan,"Bulo Burto",,Mabaax,3.8357,46.2319,1,"Hiiraan (Somalia); Somali News Agency",National,"On 26 June 2025, overnight, international forces (described as 'friendly forces', coded as Unidentified Military Forces), in coordination with government security forces (NISA), conducted an airstrike targeting an Al Shabaab convoy in Mabaax village (Bulo Burto, Hiraan). At least 18 militants were killed.",18,"Foreign military engagement; Insurgency",1753970711,60,62,357
SOM50774,2025-06-26,2025,1,"Political violence","Explosions/Remote violence","Air/drone strike","Al Shabaab",,2,28,,706,"Eastern Africa",Somalia,Hiraan,"Bulo Burto",,Mabaax,3.8357,46.2319,1,"Hiiraan (Somalia); Somali News Agency",National,"On 26 June 2025, overnight, international forces (described as 'friendly forces', coded as Unidentified Military Forces), in coordination with government security forces (NISA), conducted an airstrike targeting an Al Shabaab convoy in Mabaax village (Bulo Burto, Hiraan). At least 18 militants were killed.",18,"Foreign military engagement; Insurgency",1753970711,60,62,357
SOM50856,2025-06-28,2025,1,"Political violence","Explosions/Remote violence","Shelling/artillery/missile attack","AUSSOM: Africa Union Support and Stabilisation Mission in Somalia (2025-) (Uganda)",,8,28,,706,"Eastern Africa",Somalia,"Lower Shabelle",Afgooye,,Afgooye,2.1500,45.1160,2,"Local Network",Other,"On 28 June 2025, AUSSOM UPDF troops fired mortar shells targeting Al Shabaab positions near Afgooye town (Afgooye, Lower Shabelle). The mortars landed in a civilian residential, 2 women were killed and 2 others were injured.",2,"Foreign military engagement; Insurgency",1754500357,8412,8794,10511
SOM50856,2025-06-28,2025,1,"Political violence","Explosions/Remote violence","Shelling/artillery/missile attack","Al Shabaab","Civilians (Somalia)",2,28,,706,"Eastern Africa",Somalia,"Lower Shabelle",Afgooye,,Afgooye,2.1500,45.1160,2,"Local Network",Other,"On 28 June 2025, AUSSOM UPDF troops fired mortar shells targeting Al Shabaab positions near Afgooye town (Afgooye, Lower Shabelle). The mortars landed in a civilian residential, 2 women were killed and 2 others were injured.",2,"Foreign military engagement; Insurgency",1754500357,8412,8794,10511
SOM50945,2025-06-28,2025,1,"Political violence","Explosions/Remote violence","Air/drone strike","Unidentified Military Forces",,8,28,,706,"Eastern Africa",Somalia,"Lower Juba",Badhaadhe,,Goba,-0.8346,41.6718,1,"Undisclosed Source","Local partner-Other","On 28 June 2025, overnight, international forces (described as ' international partner', coded as Unidentified Military Forces) conducted a series of airstrikes targeting Al Shabaab positions in Goba village (Badhaadhe, Lower Juba). Casualties unknown.",0,"Foreign military engagement; Insurgency",1764045690,1,8,20
SOM50945,2025-06-28,2025,1,"Political violence","Explosions/Remote violence","Air/drone strike","Al Shabaab",,2,28,,706,"Eastern Africa",Somalia,"Lower Juba",Badhaadhe,,Goba,-0.8346,41.6718,1,"Undisclosed Source","Local partner-Other","On 28 June 2025, overnight, international forces (described as ' international partner', coded as Unidentified Military Forces) conducted a series of airstrikes targeting Al Shabaab positions in Goba village (Badhaadhe, Lower Juba). Casualties unknown.",0,"Foreign military engagement; Insurgency",1764045690,1,8,20
SOM50946,2025-06-28,2025,1,"Political violence","Explosions/Remote violence","Air/drone strike","Unidentified Military Forces",,8,28,,706,"Eastern Africa",Somalia,"Lower Juba",Kismaayo,,Gurmadka,-0.4778,42.2261,2,"Undisclosed Source","Local partner-Other","On 28 June 2025, overnight, international forces (described as ' international partner', coded as Unidentified Military Forces) conducted a series of airstrikes targeting Al Shabaab positions near Gurmadka village (Kismaayo, Lower Juba). Casualties unknown.",0,"Foreign military engagement; Insurgency",1753970711,187,193,230
SOM50946,2025-06-28,2025,1,"Political violence","Explosions/Remote violence","Air/drone strike","Al Shabaab",,2,28,,706,"Eastern Africa",Somalia,"Lower Juba",Kismaayo,,Gurmadka,-0.4778,42.2261,2,"Undisclosed Source","Local partner-Other","On 28 June 2025, overnight, international forces (described as ' international partner', coded as Unidentified Military Forces) conducted a series of airstrikes targeting Al Shabaab positions near Gurmadka village (Kismaayo, Lower Juba). Casualties unknown.",0,"Foreign military engagement; Insurgency",1753970711,187,193,230
SOM50820,2025-06-29,2025,1,"Political violence","Explosions/Remote violence","Remote explosive/landmine/IED","Al Shabaab",,2,28,,706,"Eastern Africa",Somalia,"Lower Shabelle",Afgooye,,Mukaiga,2.1517,45.0686,2,"Al Furqaan; Calamada; Local Network; Radio Kulmiye; Somali Memo; Undisclosed Source","Local partner-Other","On 29 June 2025, a remote-controlled IED planted by Al Shabaab exploded, targeting AUSSOM UPDF troops convoy on the road between Hanta Dheer and Mukaiga village (Afgooye, Lower Shabelle). The explosion damaged the vehicle. Al Shabaab claimed to have killed 1 soldier and injured 2 others.",1,"Foreign military engagement; Insurgency",1754500357,221,348,420
SOM50820,2025-06-29,2025,1,"Political violence","Explosions/Remote violence","Remote explosive/landmine/IED","AUSSOM: Africa Union Support and Stabilisation Mission in Somalia (2025-) (Uganda)",,8,28,,706,"Eastern Africa",Somalia,"Lower Shabelle",Afgooye,,Mukaiga,2.1517,45.0686,2,"Al Furqaan; Calamada; Local Network; Radio Kulmiye; Somali Memo; Undisclosed Source","Local partner-Other","On 29 June 2025, a remote-controlled IED planted by Al Shabaab exploded, targeting AUSSOM UPDF troops convoy on the road between Hanta Dheer and Mukaiga village (Afgooye, Lower Shabelle). The explosion damaged the vehicle. Al Shabaab claimed to have killed 1 soldier and injured 2 others.",1,"Foreign military engagement; Insurgency",1754500357,221,348,420
SOM50947,2025-06-29,2025,1,"Political violence","Explosions/Remote violence","Air/drone strike","Unidentified Military Forces","Military Forces of Somalia (2022-) National Intelligence and Security Agency",8,28,,706,"Eastern Africa",Somalia,"Middle Shabelle",Balcad,,"Raga Ceel",2.6557,46.0091,2,"Local Network",Other,"On 29 June 2025, international forces (described as 'friendly forces', coded as Unidentified Military Forces), in coordination with government security forces (NISA), conducted an airstrike targeting an Al Shabaab in Xararey area near Raga Ceel village (Balcad, Middle Shabelle). Casualties unknown.",0,"Foreign military engagement; Insurgency",1754500357,3484,4245,8105
SOM50947,2025-06-29,2025,1,"Political violence","Explosions/Remote violence","Air/drone strike","Al Shabaab",,2,28,,706,"Eastern Africa",Somalia,"Middle Shabelle",Balcad,,"Raga Ceel",2.6557,46.0091,2,"Local Network",Other,"On 29 June 2025, international forces (described as 'friendly forces', coded as Unidentified Military Forces), in coordination with government security forces (NISA), conducted an airstrike targeting an Al Shabaab in Xararey area near Raga Ceel village (Balcad, Middle Shabelle). Casualties unknown.",0,"Foreign military engagement; Insurgency",1754500357,3484,4245,8105
MYT609,2025-06-29,2025,1,"Political violence",Riots,"Mob violence","Rioters (Mayotte)",,5,58,,175,"Eastern Africa",Mayotte,Tsingoni,,,Combani,-12.7871,45.1326,1,"L'info Kwezi",National,"On 29 June 2025, around thirty people clashed in front of the Adapted Military Services Regiment (RSMA) premises in Combani (Tsingoni). A soldier was assaulted during the event. The youths threw projectiles at the gendarmes who intervened at the scene. One gendarme was injured by the projectiles. Additional gendarmes were called to restore order and tear gas grenades were used to disperse the crowd. One person was arrested.",0,"Foreign military engagement; crowd size=small",1787716818,,,
MYT609,2025-06-29,2025,1,"Political violence",Riots,"Mob violence","Military Forces of France (2017-)","Military Forces of France (2017-) Gendarmerie Mayotte",8,58,,175,"Eastern Africa",Mayotte,Tsingoni,,,Combani,-12.7871,45.1326,1,"L'info Kwezi",National,"On 29 June 2025, around thirty people clashed in front of the Adapted Military Services Regiment (RSMA) premises in Combani (Tsingoni). A soldier was assaulted during the event. The youths threw projectiles at the gendarmes who intervened at the scene. One gendarme was injured by the projectiles. Additional gendarmes were called to restore order and tear gas grenades were used to disperse the crowd. One person was arrested.",0,"Foreign military engagement; crowd size=small",1787716818,,,
SOM50948,2025-06-30,2025,1,"Political violence","Explosions/Remote violence","Air/drone strike","Unidentified Military Forces","Military Forces of Somalia (2022-)",8,28,,706,"Eastern Africa",Somalia,"Middle Shabelle",Balcad,,Maaxaay,2.2826,45.7353,2,"Local Network",Other,"On 30 June 2025, international forces (described as 'friendly forces', coded as Unidentified Military Forces), in coordination with government security forces (SNA), conducted an airstrike targeting an Al Shabaab in Cantamugle area near Maaxaay village (Balcad, Middle Shabelle). Casualties unknown.",0,"Foreign military engagement; Insurgency",1754500357,47,67,571
SOM50948,2025-06-30,2025,1,"Political violence","Explosions/Remote violence","Air/drone strike","Al Shabaab",,2,28,,706,"Eastern Africa",Somalia,"Middle Shabelle",Balcad,,Maaxaay,2.2826,45.7353,2,"Local Network",Other,"On 30 June 2025, international forces (described as 'friendly forces', coded as Unidentified Military Forces), in coordination with government security forces (SNA), conducted an airstrike targeting an Al Shabaab in Cantamugle area near Maaxaay village (Balcad, Middle Shabelle). Casualties unknown.",0,"Foreign military engagement; Insurgency",1754500357,47,67,571
SOM50949,2025-06-30,2025,1,"Political violence","Explosions/Remote violence","Air/drone strike","Unidentified Military Forces","Military Forces of Somalia (2022-) National Intelligence and Security Agency",8,28,,706,"Eastern Africa",Somalia,"Middle Shabelle",Balcad,,"Raga Ceel",2.6557,46.0091,2,"Local Network",Other,"On 30 June 2025, overnight, international forces (described as 'friendly forces', coded as Unidentified Military Forces), in coordination with government security forces (NISA), conducted an airstrike targeting an Al Shabaab in Xararey area near Raga Ceel village (Balcad, Middle Shabelle). Casualties unknown.",0,"Foreign military engagement; Insurgency",1754500357,3484,4245,8105
SOM50949,2025-06-30,2025,1,"Political violence","Explosions/Remote violence","Air/drone strike","Al Shabaab",,2,28,,706,"Eastern Africa",Somalia,"Middle Shabelle",Balcad,,"Raga Ceel",2.6557,46.0091,2,"Local Network",Other,"On 30 June 2025, overnight, international forces (described as 'friendly forces', coded as Unidentified Military Forces), in coordination with government security forces (NISA), conducted an airstrike targeting an Al Shabaab in Xararey area near Raga Ceel village (Balcad, Middle Shabelle). Casualties unknown.",0,"Foreign military engagement; Insurgency",1754500357,3484,4245,8105
SOM50819,2025-07-04,2025,1,"Political violence",Battles,"Armed clash","Al Shabaab",,2,28,,706,"Eastern Africa",Somalia,Bay,Diinsoor,,Diinsoor,2.4074,42.9766,1,"Al Furqaan; Calamada",Subnational-National,"On 4 July 2025, Al Shabaab clashed with AUSSOM ENDF troops at a base in Diinsoor town (Diinsoor, Bay). There were no casualties. Al Shabaab claimed responsibility.",0,"Foreign military engagement; Insurgency",1753970711,36086,49623,51308
SOM50819,2025-07-04,2025,1,"Political violence",Battles,"Armed clash","AUSSOM: Africa Union Support and Stabilisation Mission in Somalia (2025-) (Ethiopia)",,8,28,,706,"Eastern Africa",Somalia,Bay,Diinsoor,,Diinsoor,2.4074,42.9766,1,"Al Furqaan; Calamada",Subnational-National,"On 4 July 2025, Al Shabaab clashed with AUSSOM ENDF troops at a base in Diinsoor town (Diinsoor, Bay). There were no casualties. Al Shabaab claimed responsibility.",0,"Foreign military engagement; Insurgency",1753970711,36086,49623,51308
SOM50993,2025-07-06,2025,1,"Political violence","Explosions/Remote violence","Air/drone strike","Military Forces of the United States (2025-)","Military Forces of Somalia (2022-)",8,28,,706,"Eastern Africa",Somalia,Bari,Bossaso,,Balaade,11.1612,49.3646,1,"AFRICOM; Hiiraan (Somalia); Horseed Media; Local Network; Puntland Post; Radio Risala; Undisclosed Source","Local partner-Other","On 6 July 2025, US forces, in coordination with government security forces (SNA), conducted an airstrike targeting Islamic State Somalia Province base in Balade village (Bossaso, Bari). Casualties unknown.",0,"Foreign military engagement; Insurgency",1781806855,1,11,49
SOM50993,2025-07-06,2025,1,"Political violence","Explosions/Remote violence","Air/drone strike","Islamic State Somalia Province",,2,28,,706,"Eastern Africa",Somalia,Bari,Bossaso,,Balaade,11.1612,49.3646,1,"AFRICOM; Hiiraan (Somalia); Horseed Media; Local Network; Puntland Post; Radio Risala; Undisclosed Source","Local partner-Other","On 6 July 2025, US forces, in coordination with government security forces (SNA), conducted an airstrike targeting Islamic State Somalia Province base in Balade village (Bossaso, Bari). Casualties unknown.",0,"Foreign military engagement; Insurgency",1781806855,1,11,49
BFO14097,2025-07-07,2025,1,"Political violence","Explosions/Remote violence","Air/drone strike","Military Forces of Togo (2005-)",,8,28,,854,"Western Africa","Burkina Faso",Centre-Est,Koulpelogo,Soudougui,Koultianga,11.0627,0.3420,1,"Undisclosed Source","Local partner-Other","On 7 July 2025, the Togolese air force carried out several airstrikes against an armed group (likely JNIM militants, based on location) in the village of Koultianga (Koulpelogo, Centre-Est). Casualties unknown.",0,"Foreign military engagement; Insurgency; Terrorist activity",1781806841,449,1682,2750
BFO14097,2025-07-07,2025,1,"Political violence","Explosions/Remote violence","Air/drone strike","JNIM: Group for Support of Islam and Muslims",,2,28,,854,"Western Africa","Burkina Faso",Centre-Est,Koulpelogo,Soudougui,Koultianga,11.0627,0.3420,1,"Undisclosed Source","Local partner-Other","On 7 July 2025, the Togolese air force carried out several airstrikes against an armed group (likely JNIM militants, based on location) in the village of Koultianga (Koulpelogo, Centre-Est). Casualties unknown.",0,"Foreign military engagement; Insurgency; Terrorist activity",1781806841,449,1682,2750
SOM51070,2025-07-07,2025,1,"Strategic developments","Strategic developments","Disrupted weapons use","AUSSOM: Africa Union Support and Stabilisation Mission in Somalia (2025-) (Ethiopia)",,8,28,,706,"Eastern Africa",Somalia,Bay,"Buur Hakaba",,"Buur Xakaba",2.8049,44.0821,1,"Undisclosed Source","Local partner-Other","Defusal: On 7 July 2025, AUSSOM ENDF troops defused an IED planted by an unknown armed group (likely Al Shabaab due to similar attacks by the group) near the checkpoint in Buur Xakaba town (Buur Hakaba, Bay).",0,"Foreign military engagement; Insurgency",1753970711,11577,50115,62556
SOM51070,2025-07-07,2025,1,"Strategic developments","Strategic developments","Disrupted weapons use","Al Shabaab",,2,28,,706,"Eastern Africa",Somalia,Bay,"Buur Hakaba",,"Buur Xakaba",2.8049,44.0821,1,"Undisclosed Source","Local partner-Other","Defusal: On 7 July 2025, AUSSOM ENDF troops defused an IED planted by an unknown armed group (likely Al Shabaab due to similar attacks by the group) near the checkpoint in Buur Xakaba town (Buur Hakaba, Bay).",0,"Foreign military engagement; Insurgency",1753970711,11577,50115,62556
BFO14098,2025-07-07,2025,1,"Political violence","Explosions/Remote violence","Air/drone strike","Military Forces of Togo (2005-)",,8,28,,854,"Western Africa","Burkina Faso",Centre-Est,Koulpelogo,Soudougui,Kouapendi,11.0345,0.4005,1,"Undisclosed Source","Local partner-Other","On 7 July 2025, the Togolese air force carried out several airstrikes against an armed group (likely JNIM militants, based on location) in the village of Kouapendi (Koulpelogo, Centre-Est). Casualties unknown.",0,"Foreign military engagement; Insurgency; Terrorist activity",1781806841,838,2169,3198
BFO14098,2025-07-07,2025,1,"Political violence","Explosions/Remote violence","Air/drone strike","JNIM: Group for Support of Islam and Muslims",,2,28,,854,"Western Africa","Burkina Faso",Centre-Est,Koulpelogo,Soudougui,Kouapendi,11.0345,0.4005,1,"Undisclosed Source","Local partner-Other","On 7 July 2025, the Togolese air force carried out several airstrikes against an armed group (likely JNIM militants, based on location) in the village of Kouapendi (Koulpelogo, Centre-Est). Casualties unknown.",0,"Foreign military engagement; Insurgency; Terrorist activity",1781806841,838,2169,3198
SOM51067,2025-07-10,2025,1,"Political violence","Explosions/Remote violence","Air/drone strike","Unidentified Military Forces","Military Forces of Somalia (2022-) National Intelligence and Security Agency",8,28,,706,"Eastern Africa",Somalia,"Middle Juba",Jilib,,Jilib,0.4833,42.7666,1,"Local Network; Radio Risala",Other-National,"On 10 July 2025, international forces (described as 'friendly forces', coded as Unidentified Military Forces), in coordination with government security forces (NISA), conducted an airstrike targeting an Al Shabaab in Jilib town (Jilib, Middle Shabelle). An unknown number of militants were killed and wounded. Unspecified number of fatalities coded as 3.",3,"Foreign military engagement; Insurgency",1754500357,3096,57595,68785
SOM51067,2025-07-10,2025,1,"Political violence","Explosions/Remote violence","Air/drone strike","Al Shabaab",,2,28,,706,"Eastern Africa",Somalia,"Middle Juba",Jilib,,Jilib,0.4833,42.7666,1,"Local Network; Radio Risala",Other-National,"On 10 July 2025, international forces (described as 'friendly forces', coded as Unidentified Military Forces), in coordination with government security forces (NISA), conducted an airstrike targeting an Al Shabaab in Jilib town (Jilib, Middle Shabelle). An unknown number of militants were killed and wounded. Unspecified number of fatalities coded as 3.",3,"Foreign military engagement; Insurgency",1754500357,3096,57595,68785
SOM51068,2025-07-10,2025,1,"Strategic developments","Strategic developments","Change to group/activity","Police Forces of Ethiopia (2018-) Somali Regional State Police",,8,80,,706,"Eastern Africa",Somalia,Hiraan,"Belet Weyne",,Feerfeer,5.0863,45.1581,1,"Local Network",Other,"Movement of forces: On 10 July 2025, Ethiopian Somali Regional Police Forces were deployed in Feerfeer town (Belet Weyne, Hiraan). The deployment comes days after the Somali region of Ethiopia assisted the security forces in Hiraan with weapons and ammunition. The forces will participate in the fight against al-Shabaab along the Somalia-Ethiopia border.",0,"Foreign military engagement",1754500357,6,107,11916
SOM51074,2025-07-10,2025,1,"Political violence","Explosions/Remote violence","Air/drone strike","Unidentified Military Forces","Military Forces of Somalia (2022-) National Intelligence and Security Agency",8,28,,706,"Eastern Africa",Somalia,"Middle Juba",Jilib,,Jilib,0.4833,42.7666,2,"Local Network; Radio Risala",Other-National,"On 10 July 2025, international forces (described as 'friendly forces', coded as Unidentified Military Forces), in coordination with government security forces (NISA), conducted an airstrike targeting an Al Shabaab near Jilib town (Jilib, Middle Shabelle). An unknown number of militants were killed and wounded. Unspecified number of fatalities coded as 3.",3,"Foreign military engagement; Insurgency",1754500357,3096,57595,68785
SOM51074,2025-07-10,2025,1,"Political violence","Explosions/Remote violence","Air/drone strike","Al Shabaab",,2,28,,706,"Eastern Africa",Somalia,"Middle Juba",Jilib,,Jilib,0.4833,42.7666,2,"Local Network; Radio Risala",Other-National,"On 10 July 2025, international forces (described as 'friendly forces', coded as Unidentified Military Forces), in coordination with government security forces (NISA), conducted an airstrike targeting an Al Shabaab near Jilib town (Jilib, Middle Shabelle). An unknown number of militants were killed and wounded. Unspecified number of fatalities coded as 3.",3,"Foreign military engagement; Insurgency",1754500357,3096,57595,68785
SOM51083,2025-07-10,2025,1,"Political violence","Explosions/Remote violence","Air/drone strike","Unidentified Military Forces","Military Forces of Somalia (2022-) National Intelligence and Security Agency",8,28,,706,"Eastern Africa",Somalia,"Lower Shabelle",Kurtunwaarey,,Kurtunwaarey,1.6104,44.3329,1,"Local Network; Radio Risala",Other-National,"On 10 July 2025, international forces (described as 'friendly forces', coded as Unidentified Military Forces), in coordination with government security forces (NISA), conducted an airstrike targeting an Al Shabaab in Kurtunwaarey village (Kurtunwaarey, Lower Shabelle). 6 senior Al Shabaab were killed.",6,"Foreign military engagement; Insurgency",1754500357,13574,14204,15546
SOM51083,2025-07-10,2025,1,"Political violence","Explosions/Remote violence","Air/drone strike","Al Shabaab",,2,28,,706,"Eastern Africa",Somalia,"Lower Shabelle",Kurtunwaarey,,Kurtunwaarey,1.6104,44.3329,1,"Local Network; Radio Risala",Other-National,"On 10 July 2025, international forces (described as 'friendly forces', coded as Unidentified Military Forces), in coordination with government security forces (NISA), conducted an airstrike targeting an Al Shabaab in Kurtunwaarey village (Kurtunwaarey, Lower Shabelle). 6 senior Al Shabaab were killed.",6,"Foreign military engagement; Insurgency",1754500357,13574,14204,15546
SOM51086,2025-07-11,2025,1,"Political violence","Explosions/Remote violence","Air/drone strike","Unidentified Military Forces","Military Forces of Somalia (2022-)",8,28,,706,"Eastern Africa",Somalia,"Middle Shabelle",Jowhar,,"Ceel Baraf",3.2072,45.7593,2,"Local Network",Other,"On 11 July 2025, international forces (described as allied forces, coded as Unidentified Military Forces), in coordination with government security forces (SNA), conducted an airstrike targeting Al Shabaab in Ceel Weyne village near Ceel Baraf village (Jowhar, Middle Shabelle), Haloley, and Xararey (coded separately). More than 40 Militants were killed. 40 fatalities split across 3 events and coded as 13 for this event.",13,"Foreign military engagement; Insurgency",1754500357,12975,14776,18538
SOM51086,2025-07-11,2025,1,"Political violence","Explosions/Remote violence","Air/drone strike","Al Shabaab",,2,28,,706,"Eastern Africa",Somalia,"Middle Shabelle",Jowhar,,"Ceel Baraf",3.2072,45.7593,2,"Local Network",Other,"On 11 July 2025, international forces (described as allied forces, coded as Unidentified Military Forces), in coordination with government security forces (SNA), conducted an airstrike targeting Al Shabaab in Ceel Weyne village near Ceel Baraf village (Jowhar, Middle Shabelle), Haloley, and Xararey (coded separately). More than 40 Militants were killed. 40 fatalities split across 3 events and coded as 13 for this event.",13,"Foreign military engagement; Insurgency",1754500357,12975,14776,18538
SOM51087,2025-07-11,2025,1,"Political violence","Explosions/Remote violence","Air/drone strike","Unidentified Military Forces","Military Forces of Somalia (2022-)",8,28,,706,"Eastern Africa",Somalia,"Middle Shabelle",Jowhar,,Jowhar,2.7797,45.5042,2,"Local Network",Other,"On 11 July 2025, international forces (described as friendly forces, coded as Unidentified Military Forces), in coordination with government security forces (SNA), conducted an airstrike targeting Al Shabaab in Haloley village near Jowhar town (Jowhar, Middle Shabelle), Ceel Weyne, and Xararey (coded separately). More than 40 Militants were killed. 40 fatalities split across 3 events and coded as 13 for this event.",13,"Foreign military engagement; Insurgency",1754500357,58183,99068,112176
SOM51087,2025-07-11,2025,1,"Political violence","Explosions/Remote violence","Air/drone strike","Al Shabaab",,2,28,,706,"Eastern Africa",Somalia,"Middle Shabelle",Jowhar,,Jowhar,2.7797,45.5042,2,"Local Network",Other,"On 11 July 2025, international forces (described as friendly forces, coded as Unidentified Military Forces), in coordination with government security forces (SNA), conducted an airstrike targeting Al Shabaab in Haloley village near Jowhar town (Jowhar, Middle Shabelle), Ceel Weyne, and Xararey (coded separately). More than 40 Militants were killed. 40 fatalities split across 3 events and coded as 13 for this event.",13,"Foreign military engagement; Insurgency",1754500357,58183,99068,112176
SOM51092,2025-07-11,2025,1,"Political violence","Explosions/Remote violence","Air/drone strike","Unidentified Military Forces","Military Forces of Somalia (2022-)",8,28,,706,"Eastern Africa",Somalia,"Middle Shabelle","Adan Yabaal",,Xararey,3.8110,46.4400,1,"Local Network",Other,"On 11 July 2025, international forces (described as friendly forces, coded as Unidentified Military Forces), in coordination with government security forces (SNA), conducted an airstrike targeting Al Shabaab in Xararey village (Adan Yabaal, Middle Shabelle), Ceel Weyne, and Haloley (coded separately). More than 40 Militants were killed. 40 fatalities split across 3 events and coded as 14 for this event.",14,"Foreign military engagement; Insurgency",1781806855,1,107,1882
SOM51092,2025-07-11,2025,1,"Political violence","Explosions/Remote violence","Air/drone strike","Al Shabaab",,2,28,,706,"Eastern Africa",Somalia,"Middle Shabelle","Adan Yabaal",,Xararey,3.8110,46.4400,1,"Local Network",Other,"On 11 July 2025, international forces (described as friendly forces, coded as Unidentified Military Forces), in coordination with government security forces (SNA), conducted an airstrike targeting Al Shabaab in Xararey village (Adan Yabaal, Middle Shabelle), Ceel Weyne, and Haloley (coded separately). More than 40 Militants were killed. 40 fatalities split across 3 events and coded as 14 for this event.",14,"Foreign military engagement; Insurgency",1781806855,1,107,1882
SOM51140,2025-07-13,2025,1,"Political violence","Explosions/Remote violence","Shelling/artillery/missile attack","AUSSOM: Africa Union Support and Stabilisation Mission in Somalia (2025-) (Uganda)",,8,28,,706,"Eastern Africa",Somalia,"Lower Shabelle",Qoryooley,,Jowhar-Awdheegle,1.9341,44.8315,1,"Local Network",Other,"On 13 July 2025, AUSSOM UPDF forces fired several mortar shells towards Al Shabaab hideouts and base in Jowhar-Awdheegle (Qoryooley, Lower Shabelle). The shelling landed in a civilian-populated area. 2 civilians were killed and others were injured.",2,"Foreign military engagement; Insurgency",1754500357,1193,1270,1889
SOM51140,2025-07-13,2025,1,"Political violence","Explosions/Remote violence","Shelling/artillery/missile attack","Al Shabaab","Civilians (Somalia)",2,28,,706,"Eastern Africa",Somalia,"Lower Shabelle",Qoryooley,,Jowhar-Awdheegle,1.9341,44.8315,1,"Local Network",Other,"On 13 July 2025, AUSSOM UPDF forces fired several mortar shells towards Al Shabaab hideouts and base in Jowhar-Awdheegle (Qoryooley, Lower Shabelle). The shelling landed in a civilian-populated area. 2 civilians were killed and others were injured.",2,"Foreign military engagement; Insurgency",1754500357,1193,1270,1889
SOM51232,2025-07-13,2025,1,"Political violence","Explosions/Remote violence","Air/drone strike","Unidentified Military Forces",,8,28,,706,"Eastern Africa",Somalia,Bari,Bossaso,,Balaade,11.1612,49.3646,2,"Local Network",Other,"On 13 July 2025, international forces (described as allied forces, coded as Unidentified Military Forces), conducted an airstrike targeting Islamic State Somalia Province position in the vicinity of Shakalo caves near Balade village (Bossaso, Bari). Casualties unknown.",0,"Foreign military engagement; Insurgency",1781806855,1,11,49
SOM51232,2025-07-13,2025,1,"Political violence","Explosions/Remote violence","Air/drone strike","Islamic State Somalia Province",,2,28,,706,"Eastern Africa",Somalia,Bari,Bossaso,,Balaade,11.1612,49.3646,2,"Local Network",Other,"On 13 July 2025, international forces (described as allied forces, coded as Unidentified Military Forces), conducted an airstrike targeting Islamic State Somalia Province position in the vicinity of Shakalo caves near Balade village (Bossaso, Bari). Casualties unknown.",0,"Foreign military engagement; Insurgency",1781806855,1,11,49
SOM51099,2025-07-14,2025,1,"Political violence","Explosions/Remote violence","Remote explosive/landmine/IED","Al Shabaab",,2,28,,706,"Eastern Africa",Somalia,Bay,Baydhaba,,Baidoa,3.1172,43.6469,1,"Al Furqaan; Calamada; Local Network",Other-Subnational,"On 14 July 2025, an IED planted by Al Shabaab exploded, targeting AUSSOM ENDF troops at the airport area in Baidoa town (Baydhaba, Bay). Al Shabaab claimed to have killed 2 soldiers.",2,"Foreign military engagement; Insurgency",1754500357,93741,229583,326207
SOM51099,2025-07-14,2025,1,"Political violence","Explosions/Remote violence","Remote explosive/landmine/IED","AUSSOM: Africa Union Support and Stabilisation Mission in Somalia (2025-) (Ethiopia)",,8,28,,706,"Eastern Africa",Somalia,Bay,Baydhaba,,Baidoa,3.1172,43.6469,1,"Al Furqaan; Calamada; Local Network",Other-Subnational,"On 14 July 2025, an IED planted by Al Shabaab exploded, targeting AUSSOM ENDF troops at the airport area in Baidoa town (Baydhaba, Bay). Al Shabaab claimed to have killed 2 soldiers.",2,"Foreign military engagement; Insurgency",1754500357,93741,229583,326207
SOM51101,2025-07-14,2025,1,"Political violence","Explosions/Remote violence","Remote explosive/landmine/IED","Al Shabaab",,2,28,,706,"Eastern Africa",Somalia,"Lower Shabelle",Afgooye,,Saabid,2.1311,45.0377,2,"Al Furqaan; Calamada; Local Network; Radio Kulmiye; Somali Memo; Undisclosed Source","Local partner-Other","On 14 July 2025, a vehicle-borne improvised explosive device (VBIED) by Al Shabaab exploded, targeting AUSSOM UPDF convoy traveling the along the K60-Afgooye road, near Saabid village (Afgooye, Lower Shabelle). Al Shabaab claimed to have killed 20 soldiers and injured 43 others.",20,"Foreign military engagement; Insurgency",1754500357,2095,2299,2964
SOM51101,2025-07-14,2025,1,"Political violence","Explosions/Remote violence","Remote explosive/landmine/IED","AUSSOM: Africa Union Support and Stabilisation Mission in Somalia (2025-) (Uganda)",,8,28,,706,"Eastern Africa",Somalia,"Lower Shabelle",Afgooye,,Saabid,2.1311,45.0377,2,"Al Furqaan; Calamada; Local Network; Radio Kulmiye; Somali Memo; Undisclosed Source","Local partner-Other","On 14 July 2025, a vehicle-borne improvised explosive device (VBIED) by Al Shabaab exploded, targeting AUSSOM UPDF convoy traveling the along the K60-Afgooye road, near Saabid village (Afgooye, Lower Shabelle). Al Shabaab claimed to have killed 20 soldiers and injured 43 others.",20,"Foreign military engagement; Insurgency",1754500357,2095,2299,2964
SOM51229,2025-07-14,2025,1,"Political violence","Explosions/Remote violence","Air/drone strike","Unidentified Military Forces",,8,28,,706,"Eastern Africa",Somalia,"Middle Shabelle","Adan Yabaal",,"Adan Yabaal",3.7742,46.2499,2,"Local Network",Other,"On 14 July 2025, international forces (described as allied forces, coded as Unidentified Military Forces), conducted an airstrike targeting Al Shabaab hideout near Adan Yabaal town (Jowhar, Middle Shabelle). Casualties unknown.",0,"Foreign military engagement; Insurgency",1754500357,17296,17729,18912
SOM51229,2025-07-14,2025,1,"Political violence","Explosions/Remote violence","Air/drone strike","Al Shabaab",,2,28,,706,"Eastern Africa",Somalia,"Middle Shabelle","Adan Yabaal",,"Adan Yabaal",3.7742,46.2499,2,"Local Network",Other,"On 14 July 2025, international forces (described as allied forces, coded as Unidentified Military Forces), conducted an airstrike targeting Al Shabaab hideout near Adan Yabaal town (Jowhar, Middle Shabelle). Casualties unknown.",0,"Foreign military engagement; Insurgency",1754500357,17296,17729,18912
SOM51230,2025-07-14,2025,1,"Political violence","Explosions/Remote violence","Air/drone strike","Unidentified Military Forces",,8,28,,706,"Eastern Africa",Somalia,"Middle Shabelle",Jowhar,,"Biyo Cadde",2.9362,45.7920,1,"Local Network",Other,"On 14 July 2025, international forces (described as allied forces, coded as Unidentified Military Forces), conducted an airstrike targeting Al Shabaab in Biyo Cadde village (Jowhar, Middle Shabelle). Casualties unknown.",0,"Foreign military engagement; Insurgency",1754500357,6819,9969,18204
SOM51230,2025-07-14,2025,1,"Political violence","Explosions/Remote violence","Air/drone strike","Al Shabaab",,2,28,,706,"Eastern Africa",Somalia,"Middle Shabelle",Jowhar,,"Biyo Cadde",2.9362,45.7920,1,"Local Network",Other,"On 14 July 2025, international forces (described as allied forces, coded as Unidentified Military Forces), conducted an airstrike targeting Al Shabaab in Biyo Cadde village (Jowhar, Middle Shabelle). Casualties unknown.",0,"Foreign military engagement; Insurgency",1754500357,6819,9969,18204
SOM51231,2025-07-14,2025,1,"Political violence","Explosions/Remote violence","Air/drone strike","Unidentified Military Forces",,8,28,,706,"Eastern Africa",Somalia,"Middle Shabelle",Jowhar,,"Qurac Madoobe",2.9252,45.6393,1,"Local Network",Other,"On 14 July 2025, international forces (described as allied forces, coded as Unidentified Military Forces), conducted an airstrike targeting Al Shabaab in Qurac Madoobe village (Jowhar, Middle Shabelle). Casualties unknown.",0,"Foreign military engagement; Insurgency",1754500357,627,1105,4313
SOM51231,2025-07-14,2025,1,"Political violence","Explosions/Remote violence","Air/drone strike","Al Shabaab",,2,28,,706,"Eastern Africa",Somalia,"Middle Shabelle",Jowhar,,"Qurac Madoobe",2.9252,45.6393,1,"Local Network",Other,"On 14 July 2025, international forces (described as allied forces, coded as Unidentified Military Forces), conducted an airstrike targeting Al Shabaab in Qurac Madoobe village (Jowhar, Middle Shabelle). Casualties unknown.",0,"Foreign military engagement; Insurgency",1754500357,627,1105,4313
SOM51098,2025-07-16,2025,1,"Political violence","Explosions/Remote violence","Remote explosive/landmine/IED","Al Shabaab",,2,28,,706,"Eastern Africa",Somalia,"Middle Shabelle",Jowhar,,Buurane,2.9647,45.5124,1,"Al Furqaan; Calamada; Somali Memo; Undisclosed Source","Local partner-Other","On 16 July 2025, an IED planted by Al Shabaab exploded, targeting AUSSOM BNDF combat and reconnaissance patrol near the forward operation bases in Buurane village (Jowhar, Middle Shabelle). Al Shabaab claimed to have killed 1 soldier and injured another.",1,"Foreign military engagement; Insurgency",1753970711,8552,10344,11339
SOM51098,2025-07-16,2025,1,"Political violence","Explosions/Remote violence","Remote explosive/landmine/IED","AUSSOM: Africa Union Support and Stabilisation Mission in Somalia (2025-) (Burundi)",,8,28,,706,"Eastern Africa",Somalia,"Middle Shabelle",Jowhar,,Buurane,2.9647,45.5124,1,"Al Furqaan; Calamada; Somali Memo; Undisclosed Source","Local partner-Other","On 16 July 2025, an IED planted by Al Shabaab exploded, targeting AUSSOM BNDF combat and reconnaissance patrol near the forward operation bases in Buurane village (Jowhar, Middle Shabelle). Al Shabaab claimed to have killed 1 soldier and injured another.",1,"Foreign military engagement; Insurgency",1753970711,8552,10344,11339
SOM51100,2025-07-16,2025,1,"Political violence",Battles,"Armed clash","Al Shabaab",,2,28,,706,"Eastern Africa",Somalia,Bay,Diinsoor,,Diinsoor,2.4074,42.9766,1,"Al Furqaan; Calamada; Local Network; Undisclosed Source","Local partner-Other","On 16 July 2025, overnight, Al Shabaab clashed with AUSSOM ENDF troops at a base in Diinsoor town (Diinsoor, Bay). There were no casualties. Al Shabaab claimed responsibility.",0,"Foreign military engagement; Insurgency",1754500357,36086,49623,51308
SOM51100,2025-07-16,2025,1,"Political violence",Battles,"Armed clash","AUSSOM: Africa Union Support and Stabilisation Mission in Somalia (2025-) (Ethiopia)",,8,28,,706,"Eastern Africa",Somalia,Bay,Diinsoor,,Diinsoor,2.4074,42.9766,1,"Al Furqaan; Calamada; Local Network; Undisclosed Source","Local partner-Other","On 16 July 2025, overnight, Al Shabaab clashed with AUSSOM ENDF troops at a base in Diinsoor town (Diinsoor, Bay). There were no casualties. Al Shabaab claimed responsibility.",0,"Foreign military engagement; Insurgency",1754500357,36086,49623,51308
SOM51141,2025-07-16,2025,1,"Strategic developments","Strategic developments","Disrupted weapons use","AUSSOM: Africa Union Support and Stabilisation Mission in Somalia (2025-) (Uganda)",,8,28,,706,"Eastern Africa",Somalia,"Lower Shabelle",Afgooye,,Afgooye,2.1500,45.1160,1,"Undisclosed Source","Local partner-Other","Defusal: On 16 July 2025, AUSSOM UPDF troops defused a IED planted by an unknown armed group (likely Al Shabaab due to similar attacks by the group) near the Livestock Market in Afgooye town (Afgooye, Lower Shabelle).",0,"Foreign military engagement; Insurgency",1753970711,8412,8794,10511
SOM51141,2025-07-16,2025,1,"Strategic developments","Strategic developments","Disrupted weapons use","Al Shabaab",,2,28,,706,"Eastern Africa",Somalia,"Lower Shabelle",Afgooye,,Afgooye,2.1500,45.1160,1,"Undisclosed Source","Local partner-Other","Defusal: On 16 July 2025, AUSSOM UPDF troops defused a IED planted by an unknown armed group (likely Al Shabaab due to similar attacks by the group) near the Livestock Market in Afgooye town (Afgooye, Lower Shabelle).",0,"Foreign military engagement; Insurgency",1753970711,8412,8794,10511
SEN2244,2025-07-17,2025,1,"Strategic developments","Strategic developments",Other,"Military Forces of France (2017-)",,8,18,,686,"Western Africa",Senegal,Dakar,Dakar,Plateau,Dakar,14.6763,-17.4410,1,"Agence de Presse Senegalaise; Dakaractu; Reuters; RFI; WalfNet",National-International,"Other: On 17 July 2025, the French military closed its last two installations in Senegal-Camp Geille and its airport stopover-and handed over the infrastructure to the Senegalese military during a ceremony at Camp Geille in Dakar (Plateau, Dakar), marking the end of more than six decades of continuous French military presence and leaving Paris with no permanent army camps in either west or central Africa.",0,"Foreign military engagement",1753956296,53368,136584,379498
SEN2244,2025-07-17,2025,1,"Strategic developments","Strategic developments",Other,"Military Forces of Senegal (2024-)",,1,18,,686,"Western Africa",Senegal,Dakar,Dakar,Plateau,Dakar,14.6763,-17.4410,1,"Agence de Presse Senegalaise; Dakaractu; Reuters; RFI; WalfNet",National-International,"Other: On 17 July 2025, the French military closed its last two installations in Senegal-Camp Geille and its airport stopover-and handed over the infrastructure to the Senegalese military during a ceremony at Camp Geille in Dakar (Plateau, Dakar), marking the end of more than six decades of continuous French military presence and leaving Paris with no permanent army camps in either west or central Africa.",0,"Foreign military engagement",1753956296,53368,136584,379498
SOM51258,2025-07-20,2025,1,"Political violence","Explosions/Remote violence","Remote explosive/landmine/IED","Al Shabaab",,2,28,,706,"Eastern Africa",Somalia,Bay,Baydhaba,,Baidoa,3.1172,43.6469,1,"Al Furqaan; Calamada; Somali Memo; Undisclosed Source","Local partner-Other","On 20 July 2025, an IED planted by Al Shabaab exploded, targeting AUSSOM ENDF troops at the airport base in Baidoa town (Baydhaba, Bay). Al Shabaab claimed to have killed 3 soldiers and 2 others were injured.",3,"Foreign military engagement; Insurgency",1754354914,93741,229583,326207
SOM51258,2025-07-20,2025,1,"Political violence","Explosions/Remote violence","Remote explosive/landmine/IED","AUSSOM: Africa Union Support and Stabilisation Mission in Somalia (2025-) (Ethiopia)",,8,28,,706,"Eastern Africa",Somalia,Bay,Baydhaba,,Baidoa,3.1172,43.6469,1,"Al Furqaan; Calamada; Somali Memo; Undisclosed Source","Local partner-Other","On 20 July 2025, an IED planted by Al Shabaab exploded, targeting AUSSOM ENDF troops at the airport base in Baidoa town (Baydhaba, Bay). Al Shabaab claimed to have killed 3 soldiers and 2 others were injured.",3,"Foreign military engagement; Insurgency",1754354914,93741,229583,326207
TOG8873,2025-07-22,2025,1,"Strategic developments","Strategic developments",Agreement,"Government of Togo (2005-)",,1,18,,768,"Western Africa",Togo,Maritime,"Lome Commune",,Lome,6.1287,1.2215,3,"Acotonou; Critical Threats",Regional-International,"On 22 July 2025, Togo and Russia ratified a military cooperation agreement that includes, among others, the facilitation of joint military exercises, training, weapons and equipment exchanges, and support for hydrography. Unconfirmed reports also mentioned it would give Russia access to the port of Lome. Event coded to Lome (Lome Commune, Maritime).",0,"Foreign military engagement",1756165968,32167,86346,378353
TOG8873,2025-07-22,2025,1,"Strategic developments","Strategic developments",Agreement,"Government of Russia (2000-)",,8,18,,768,"Western Africa",Togo,Maritime,"Lome Commune",,Lome,6.1287,1.2215,3,"Acotonou; Critical Threats",Regional-International,"On 22 July 2025, Togo and Russia ratified a military cooperation agreement that includes, among others, the facilitation of joint military exercises, training, weapons and equipment exchanges, and support for hydrography. Unconfirmed reports also mentioned it would give Russia access to the port of Lome. Event coded to Lome (Lome Commune, Maritime).",0,"Foreign military engagement",1756165968,32167,86346,378353
SOM51269,2025-07-25,2025,1,"Political violence",Battles,"Armed clash","Al Shabaab",,2,28,,706,"Eastern Africa",Somalia,"Lower Shabelle",Afgooye,,Afgooye,2.1500,45.1160,2,"Local Network",Other,"On 25 July 2025, Al Shabaab ambushed AUSSOM UPDF near Afgooye town (Afgooye, Lower Shabelle). Casualties unknown.",0,"Foreign military engagement; Insurgency",1754500357,8412,8794,10511
SOM51269,2025-07-25,2025,1,"Political violence",Battles,"Armed clash","AUSSOM: Africa Union Support and Stabilisation Mission in Somalia (2025-) (Uganda)",,8,28,,706,"Eastern Africa",Somalia,"Lower Shabelle",Afgooye,,Afgooye,2.1500,45.1160,2,"Local Network",Other,"On 25 July 2025, Al Shabaab ambushed AUSSOM UPDF near Afgooye town (Afgooye, Lower Shabelle). Casualties unknown.",0,"Foreign military engagement; Insurgency",1754500357,8412,8794,10511
SOM51403,2025-07-25,2025,1,"Political violence","Explosions/Remote violence","Air/drone strike","Military Forces of the United States (2025-)","Military Forces of Somalia (2022-)",8,28,,706,"Eastern Africa",Somalia,Bari,Qandala,,"Buuraha Cali Miskat",10.8548,49.7434,1,"AFRICOM; Local Network; Radio Risala",Other-National,"On 25 July 2025, US forces, in coordination with government security forces (SNA), conducted an airstrike targeting Islamic State Somalia Province base in Buuraha Cali Miskat (Qandala, Bari). Casualties unknown.",0,"Foreign military engagement; Insurgency",1759790065,0,0,0
SOM51403,2025-07-25,2025,1,"Political violence","Explosions/Remote violence","Air/drone strike","Islamic State Somalia Province",,2,28,,706,"Eastern Africa",Somalia,Bari,Qandala,,"Buuraha Cali Miskat",10.8548,49.7434,1,"AFRICOM; Local Network; Radio Risala",Other-National,"On 25 July 2025, US forces, in coordination with government security forces (SNA), conducted an airstrike targeting Islamic State Somalia Province base in Buuraha Cali Miskat (Qandala, Bari). Casualties unknown.",0,"Foreign military engagement; Insurgency",1759790065,0,0,0
SOM51481,2025-07-25,2025,1,"Political violence","Explosions/Remote violence","Air/drone strike","Military Forces of the United States (2025-)","Military Forces of Somalia (2022-)",8,28,,706,"Eastern Africa",Somalia,"Lower Shabelle",Afgooye,,Saabid,2.1311,45.0377,1,AFRICOM,Regional,"On 25 July 2025, US forces, in coordination with government security forces (SNA), conducted an airstrike targeting an Al Shabaab base west of Saabid village (Afgooye, Lower Shabelle). Casualties unknown.",0,"Foreign military engagement; Insurgency",1754354914,2095,2299,2964
SOM51481,2025-07-25,2025,1,"Political violence","Explosions/Remote violence","Air/drone strike","Al Shabaab",,2,28,,706,"Eastern Africa",Somalia,"Lower Shabelle",Afgooye,,Saabid,2.1311,45.0377,1,AFRICOM,Regional,"On 25 July 2025, US forces, in coordination with government security forces (SNA), conducted an airstrike targeting an Al Shabaab base west of Saabid village (Afgooye, Lower Shabelle). Casualties unknown.",0,"Foreign military engagement; Insurgency",1754354914,2095,2299,2964
SOM51405,2025-07-26,2025,1,"Political violence","Explosions/Remote violence","Remote explosive/landmine/IED","Al Shabaab",,2,28,,706,"Eastern Africa",Somalia,"Lower Shabelle",Afgooye,,K60,1.9243,44.9231,1,"Al Furqaan; Calamada",Subnational-National,"On 26 July 2025, a roadside IED planted by Al Shabaab exploded, targeting AUSSOM UPDF convoy passing in the vicinity of K60 village (Afgooye, Lower Shabelle). Al Shabaab claimed to have killed 1 soldier and destroyed a water truck vehicle.",1,"Foreign military engagement; Insurgency",1754354914,151,277,526
SOM51405,2025-07-26,2025,1,"Political violence","Explosions/Remote violence","Remote explosive/landmine/IED","AUSSOM: Africa Union Support and Stabilisation Mission in Somalia (2025-) (Uganda)",,8,28,,706,"Eastern Africa",Somalia,"Lower Shabelle",Afgooye,,K60,1.9243,44.9231,1,"Al Furqaan; Calamada",Subnational-National,"On 26 July 2025, a roadside IED planted by Al Shabaab exploded, targeting AUSSOM UPDF convoy passing in the vicinity of K60 village (Afgooye, Lower Shabelle). Al Shabaab claimed to have killed 1 soldier and destroyed a water truck vehicle.",1,"Foreign military engagement; Insurgency",1754354914,151,277,526
SOM51416,2025-07-27,2025,1,"Political violence",Battles,"Armed clash","Military Forces of Ethiopia (2018-)",,8,18,,706,"Eastern Africa",Somalia,Gedo,Doolow,,Doolow,4.1642,42.0794,1,"Caasimada; Goobjoob; Hiiraan (Somalia); Local Network; Radio Kulmiye; Radio Risala; Undisclosed Source","Local partner-Other","On 27 July 2025, Ethiopia security forces (non-Aussom) clashed with government security forces (NISA) in Doolow town (Doolow, Gedo). The clash started when ENDF attacked NISA camp. The clash was initiated with RPGs and heavy weapons. 1 mortar struck the weapons store within the NISA compound, triggering some ammunition to explode, which led to a fire that engulfed the compound. An unknown number of soldiers were killed and wounded, including a senior member. Unspecified number of fatalities coded as 3.",3,"Foreign military engagement",1754500357,10695,16582,140427
SOM51416,2025-07-27,2025,1,"Political violence",Battles,"Armed clash","Military Forces of Somalia (2022-) National Intelligence and Security Agency",,1,18,,706,"Eastern Africa",Somalia,Gedo,Doolow,,Doolow,4.1642,42.0794,1,"Caasimada; Goobjoob; Hiiraan (Somalia); Local Network; Radio Kulmiye; Radio Risala; Undisclosed Source","Local partner-Other","On 27 July 2025, Ethiopia security forces (non-Aussom) clashed with government security forces (NISA) in Doolow town (Doolow, Gedo). The clash started when ENDF attacked NISA camp. The clash was initiated with RPGs and heavy weapons. 1 mortar struck the weapons store within the NISA compound, triggering some ammunition to explode, which led to a fire that engulfed the compound. An unknown number of soldiers were killed and wounded, including a senior member. Unspecified number of fatalities coded as 3.",3,"Foreign military engagement",1754500357,10695,16582,140427
UGA9651,2025-07-28,2025,1,"Political violence",Battles,"Armed clash","Military Forces of Uganda (1986-)",,1,18,,800,"Eastern Africa",Uganda,Yumbe,Aringa,Kochi,Goboro,3.6381,31.4496,1,"Barrons; Daily Monitor (Uganda)",National-International,"On 28 July 2025, for the first of two consecutive days, UPDF clashed with the South Sudanese army in Goboro village (Kochi, Aringa, Yumbe) and Fitina Mbaya (coded separately) over border row. 5 South Sudanese soldiers, 1 Uganda soldier, and 1 Ugandan civilian were killed. The clash started after the South Sudanese soldiers crossed into Uganda and started building small houses. 7 fatalities split between two locations and two days (coded as 2 for this event).",2,"Foreign military engagement",1754354946,1415,1873,2690
UGA9651,2025-07-28,2025,1,"Political violence",Battles,"Armed clash","Military Forces of South Sudan (2011-)",,8,18,,800,"Eastern Africa",Uganda,Yumbe,Aringa,Kochi,Goboro,3.6381,31.4496,1,"Barrons; Daily Monitor (Uganda)",National-International,"On 28 July 2025, for the first of two consecutive days, UPDF clashed with the South Sudanese army in Goboro village (Kochi, Aringa, Yumbe) and Fitina Mbaya (coded separately) over border row. 5 South Sudanese soldiers, 1 Uganda soldier, and 1 Ugandan civilian were killed. The clash started after the South Sudanese soldiers crossed into Uganda and started building small houses. 7 fatalities split between two locations and two days (coded as 2 for this event).",2,"Foreign military engagement",1754354946,1415,1873,2690
UGA9652,2025-07-28,2025,1,"Political violence",Battles,"Armed clash","Military Forces of Uganda (1986-)",,1,18,,800,"Eastern Africa",Uganda,Yumbe,Aringa,Kochi,Maru,3.6658,31.4674,2,"Barrons; Daily Monitor (Uganda)",National-International,"On 28 July 2025, for the first of two consecutive days, UPDF clashed with the South Sudanese army in Fitina Mbaya village, near Maru (Kochi, Aringa, Yumbe) and Goboro (coded separately) over border row. 5 South Sudanese soldiers, 1 Uganda soldier, and 1 Ugandan civilian were killed. The clash started after the South Sudanese soldiers crossed into Uganda and started building small houses. 7 fatalities split between two locations and two days (coded as 2 for this event).",2,"Foreign military engagement",1754354946,43,365,1646
UGA9652,2025-07-28,2025,1,"Political violence",Battles,"Armed clash","Military Forces of South Sudan (2011-)",,8,18,,800,"Eastern Africa",Uganda,Yumbe,Aringa,Kochi,Maru,3.6658,31.4674,2,"Barrons; Daily Monitor (Uganda)",National-International,"On 28 July 2025, for the first of two consecutive days, UPDF clashed with the South Sudanese army in Fitina Mbaya village, near Maru (Kochi, Aringa, Yumbe) and Goboro (coded separately) over border row. 5 South Sudanese soldiers, 1 Uganda soldier, and 1 Ugandan civilian were killed. The clash started after the South Sudanese soldiers crossed into Uganda and started building small houses. 7 fatalities split between two locations and two days (coded as 2 for this event).",2,"Foreign military engagement",1754354946,43,365,1646
SSD16074,2025-07-28,2025,1,"Political violence",Battles,"Armed clash","Military Forces of South Sudan (2011-)","Military Forces of South Sudan (2011-) Wildlife Protection Services; Police Forces of South Sudan (2011-) Prison Guards",1,18,,728,"Eastern Africa","South Sudan","Central Equatoria","Kajo Keji","Kangepo ll",Bori,3.7770,31.5140,2,"AFP; BBC News; East African (Kenya); Eye Radio (South Sudan); Radio Miraya; Radio Tamazuj; Reuters; Risk and Strategic Management, Corporation; Sudans Post; The Juba Mirror; Xinhua","Local partner-International","On 28 July 2025, SSPDF forces clashed with Ugandan forces in the Nyainga-Muda (Meruwa) area of Bori Boma, Kangepo II Payam, Kajo Keji County (location coded to Bori, the nearest known location in Kajo Keji County, Central Equatoria State), resulting in at least 6 fatalities, 5 South Sudanese, including soldiers and police from the wildlife and prison departments, and 1 UPDF. At least 16,000 people were displaced from the area. The clash ensued over a suspected border issue. The UPDF accused the SSPDF of crossing into their territory and ignoring orders to vacate, while South Sudanese officials accused the Ugandan troops of ambushing SSPDF forces on South Sudanese territory. Senior military leaders from the 2 countries engaged and agreed to de-escalate the issue.",6,"Foreign military engagement",1782855118,1719,3664,14382
SSD16074,2025-07-28,2025,1,"Political violence",Battles,"Armed clash","Military Forces of Uganda (1986-)",,8,18,,728,"Eastern Africa","South Sudan","Central Equatoria","Kajo Keji","Kangepo ll",Bori,3.7770,31.5140,2,"AFP; BBC News; East African (Kenya); Eye Radio (South Sudan); Radio Miraya; Radio Tamazuj; Reuters; Risk and Strategic Management, Corporation; Sudans Post; The Juba Mirror; Xinhua","Local partner-International","On 28 July 2025, SSPDF forces clashed with Ugandan forces in the Nyainga-Muda (Meruwa) area of Bori Boma, Kangepo II Payam, Kajo Keji County (location coded to Bori, the nearest known location in Kajo Keji County, Central Equatoria State), resulting in at least 6 fatalities, 5 South Sudanese, including soldiers and police from the wildlife and prison departments, and 1 UPDF. At least 16,000 people were displaced from the area. The clash ensued over a suspected border issue. The UPDF accused the SSPDF of crossing into their territory and ignoring orders to vacate, while South Sudanese officials accused the Ugandan troops of ambushing SSPDF forces on South Sudanese territory. Senior military leaders from the 2 countries engaged and agreed to de-escalate the issue.",6,"Foreign military engagement",1782855118,1719,3664,14382
UGA9654,2025-07-29,2025,1,"Political violence",Battles,"Armed clash","Military Forces of Uganda (1986-)",,1,18,,800,"Eastern Africa",Uganda,Yumbe,Aringa,Kochi,Goboro,3.6381,31.4496,1,"Barrons; Daily Monitor (Uganda)",National-International,"On 29 July 2025, for the second of two consecutive days, UPDF clashed with the South Sudanese army in Goboro village (Kochi, Aringa, Yumbe) and Fitina Mbaya (coded separately) over border row. 5 South Sudanese soldiers, 1 Uganda soldier, and 1 Ugandan civilian were killed. The clash started after the South Sudanese soldiers crossed into Uganda and started building small houses. 7 fatalities split between four events (coded as 2 for this event).",2,"Foreign military engagement",1754354946,1415,1873,2690
UGA9654,2025-07-29,2025,1,"Political violence",Battles,"Armed clash","Military Forces of South Sudan (2011-)",,8,18,,800,"Eastern Africa",Uganda,Yumbe,Aringa,Kochi,Goboro,3.6381,31.4496,1,"Barrons; Daily Monitor (Uganda)",National-International,"On 29 July 2025, for the second of two consecutive days, UPDF clashed with the South Sudanese army in Goboro village (Kochi, Aringa, Yumbe) and Fitina Mbaya (coded separately) over border row. 5 South Sudanese soldiers, 1 Uganda soldier, and 1 Ugandan civilian were killed. The clash started after the South Sudanese soldiers crossed into Uganda and started building small houses. 7 fatalities split between four events (coded as 2 for this event).",2,"Foreign military engagement",1754354946,1415,1873,2690
UGA9655,2025-07-29,2025,1,"Political violence",Battles,"Armed clash","Military Forces of Uganda (1986-)",,1,18,,800,"Eastern Africa",Uganda,Yumbe,Aringa,Kochi,Maru,3.6658,31.4674,2,"Barrons; Daily Monitor (Uganda)",National-International,"On 29 July 2025, for the second of two consecutive days, UPDF clashed with the South Sudanese army in Fitina Mbaya village, near Maru (Kochi, Aringa, Yumbe) and Goboro (coded separately) over border row. 5 South Sudanese soldiers, 1 Uganda soldier, and 1 Ugandan civilian were killed. The clash started after the South Sudanese soldiers crossed into Uganda and started building small houses. 7 fatalities split between two locations and two days (coded as 1 for this event).",1,"Foreign military engagement",1754354946,43,365,1646
UGA9655,2025-07-29,2025,1,"Political violence",Battles,"Armed clash","Military Forces of South Sudan (2011-)",,8,18,,800,"Eastern Africa",Uganda,Yumbe,Aringa,Kochi,Maru,3.6658,31.4674,2,"Barrons; Daily Monitor (Uganda)",National-International,"On 29 July 2025, for the second of two consecutive days, UPDF clashed with the South Sudanese army in Fitina Mbaya village, near Maru (Kochi, Aringa, Yumbe) and Goboro (coded separately) over border row. 5 South Sudanese soldiers, 1 Uganda soldier, and 1 Ugandan civilian were killed. The clash started after the South Sudanese soldiers crossed into Uganda and started building small houses. 7 fatalities split between two locations and two days (coded as 1 for this event).",1,"Foreign military engagement",1754354946,43,365,1646
MZM5353,2025-07-29,2025,1,"Strategic developments","Strategic developments",Arrests,"Military Forces of Rwanda (1994-)",,8,28,,508,"Eastern Africa",Mozambique,"Cabo Delgado",Macomia,Mucojo,Messano,-12.0674,40.5012,1,"Cabo Ligado","Local partner-Other","On 29 July 2025, the Rwandan Defense Forces captured 3 ISM militants with no shots fired in Messano (Mucojo, Macomia, Cabo Delgado). The forces had monitored the militants from their base about 2.5 kilometers away and organized an ambush; the militants did not resist.",0,"Foreign military engagement; Insurgency; Terrorist activity",1762291831,1293,2206,3537
MZM5353,2025-07-29,2025,1,"Strategic developments","Strategic developments",Arrests,"Islamic State Mozambique (ISM)",,2,28,,508,"Eastern Africa",Mozambique,"Cabo Delgado",Macomia,Mucojo,Messano,-12.0674,40.5012,1,"Cabo Ligado","Local partner-Other","On 29 July 2025, the Rwandan Defense Forces captured 3 ISM militants with no shots fired in Messano (Mucojo, Macomia, Cabo Delgado). The forces had monitored the militants from their base about 2.5 kilometers away and organized an ambush; the militants did not resist.",0,"Foreign military engagement; Insurgency; Terrorist activity",1762291831,1293,2206,3537
ETH16088,2025-07-29,2025,2,"Strategic developments","Strategic developments",Other,"Military Forces of Sudan (2019-)","Military Forces of Eritrea (1993-); Sudan Shield Forces",8,28,,231,"Eastern Africa",Ethiopia,Amhara,"West Gondar","Mirab Armacho",Abderafi,13.7333,36.4500,2,"Ethiopia Reporter; Local Network",Other-National,"Other: Around 29 July 2025 (as reported), Sudan armed forces and military forces of Eritrea started providing logistical support to TDF in the Ethiopian border (location coded to the Wereda administrative center where the Sudanese army is currently operating, Abderafi, Mirab Armacho, West Gondar, Amhara). A faction of the Sudan armed forces, called Sudan Shield Forces (led by Abu Aqla Kikil), started operating in Mirab Armacho Wereda and was implicated in political violence against civilians, including abduction (coded separately). This logistical support is given to the TDF, likely in exchange for the deployment of the TDF unit, Army 70, along the contested Al-Fashaga triangle in eastern Sudan (coded separately).",0,"Foreign military engagement; Insurgency",1768945728,43,96,25181
ETH16088,2025-07-29,2025,2,"Strategic developments","Strategic developments",Other,"TDF: Tigray Defense Force",,2,28,,231,"Eastern Africa",Ethiopia,Amhara,"West Gondar","Mirab Armacho",Abderafi,13.7333,36.4500,2,"Ethiopia Reporter; Local Network",Other-National,"Other: Around 29 July 2025 (as reported), Sudan armed forces and military forces of Eritrea started providing logistical support to TDF in the Ethiopian border (location coded to the Wereda administrative center where the Sudanese army is currently operating, Abderafi, Mirab Armacho, West Gondar, Amhara). A faction of the Sudan armed forces, called Sudan Shield Forces (led by Abu Aqla Kikil), started operating in Mirab Armacho Wereda and was implicated in political violence against civilians, including abduction (coded separately). This logistical support is given to the TDF, likely in exchange for the deployment of the TDF unit, Army 70, along the contested Al-Fashaga triangle in eastern Sudan (coded separately).",0,"Foreign military engagement; Insurgency",1768945728,43,96,25181
SOM51482,2025-07-31,2025,1,"Political violence","Explosions/Remote violence","Air/drone strike","Unidentified Military Forces","Military Forces of Somalia (2022-)",8,28,,706,"Eastern Africa",Somalia,Hiraan,"Bulo Burto",,Aborey,4.0104,45.6813,1,"Local Network; Radio Kulmiye; Shabelle Media Network",Other-Subnational,"On 31 July 2025, international forces (described as 'friendly forces', coded as Unidentified Military Forces), in coordination with government security forces (SNA), conducted an airstrike targeting an Al Shabaab base in Aborey village (Bulo Burto, Hiraan) and Maxaas (coded separately). 40 militants were killed. 40 fatalities split across 2 events and coded as 20 for this event.",20,"Foreign military engagement; Insurgency",1754500357,714,855,1398
SOM51482,2025-07-31,2025,1,"Political violence","Explosions/Remote violence","Air/drone strike","Al Shabaab",,2,28,,706,"Eastern Africa",Somalia,Hiraan,"Bulo Burto",,Aborey,4.0104,45.6813,1,"Local Network; Radio Kulmiye; Shabelle Media Network",Other-Subnational,"On 31 July 2025, international forces (described as 'friendly forces', coded as Unidentified Military Forces), in coordination with government security forces (SNA), conducted an airstrike targeting an Al Shabaab base in Aborey village (Bulo Burto, Hiraan) and Maxaas (coded separately). 40 militants were killed. 40 fatalities split across 2 events and coded as 20 for this event.",20,"Foreign military engagement; Insurgency",1754500357,714,855,1398
SOM51486,2025-07-31,2025,1,"Political violence","Explosions/Remote violence","Air/drone strike","Unidentified Military Forces","Military Forces of Somalia (2022-)",8,28,,706,"Eastern Africa",Somalia,Hiraan,"Bulo Burto",,Maxaas,4.3934,46.0882,1,"Shabelle Media Network",Subnational,"On 31 July 2025, international forces (described as 'friendly forces', coded as Unidentified Military Forces), in coordination with government security forces (SNA), conducted an airstrike targeting an Al Shabaab base in Maxaas town (Bulo Burto, Hiraan) and Aborey (coded separately). 40 militants were killed. 40 fatalities split across 2 events and coded as 20 for this event.",20,"Foreign military engagement; Insurgency",1754354914,233,456,482
SOM51486,2025-07-31,2025,1,"Political violence","Explosions/Remote violence","Air/drone strike","Al Shabaab",,2,28,,706,"Eastern Africa",Somalia,Hiraan,"Bulo Burto",,Maxaas,4.3934,46.0882,1,"Shabelle Media Network",Subnational,"On 31 July 2025, international forces (described as 'friendly forces', coded as Unidentified Military Forces), in coordination with government security forces (SNA), conducted an airstrike targeting an Al Shabaab base in Maxaas town (Bulo Burto, Hiraan) and Aborey (coded separately). 40 militants were killed. 40 fatalities split across 2 events and coded as 20 for this event.",20,"Foreign military engagement; Insurgency",1754354914,233,456,482
SOM51494,2025-07-31,2025,1,"Political violence","Explosions/Remote violence","Air/drone strike","Unidentified Military Forces",,8,28,,706,"Eastern Africa",Somalia,Hiraan,"Bulo Burto",,Aborey,4.0104,45.6813,2,"Local Network",Other,"On 31 July 2025, international forces (coded as Unidentified Military Forces) conducted an airstrike targeting Al Shabaab near Aborey village (Bulo Burto, Hiraan). Casualties unknown.",0,"Foreign military engagement; Insurgency",1754500357,714,855,1398
SOM51494,2025-07-31,2025,1,"Political violence","Explosions/Remote violence","Air/drone strike","Al Shabaab",,2,28,,706,"Eastern Africa",Somalia,Hiraan,"Bulo Burto",,Aborey,4.0104,45.6813,2,"Local Network",Other,"On 31 July 2025, international forces (coded as Unidentified Military Forces) conducted an airstrike targeting Al Shabaab near Aborey village (Bulo Burto, Hiraan). Casualties unknown.",0,"Foreign military engagement; Insurgency",1754500357,714,855,1398
SOM51525,2025-07-31,2025,1,"Political violence","Explosions/Remote violence","Air/drone strike","Unidentified Military Forces",,8,28,,706,"Eastern Africa",Somalia,"Lower Shabelle",Afgooye,,Bariirre,2.0476,44.8975,2,"Local Network",Other,"On 31 July 2025, international forces (coded as Unidentified Military Forces) conducted an airstrike targeting Al Shabaab in Sham Gare village near Bariirre village (Afgooye, Lower Shabelle). 11 fighters, including a Senior Al Shabaab leader, were killed.",11,"Foreign military engagement; Insurgency",1781806855,2985,3043,4577
SOM51525,2025-07-31,2025,1,"Political violence","Explosions/Remote violence","Air/drone strike","Al Shabaab",,2,28,,706,"Eastern Africa",Somalia,"Lower Shabelle",Afgooye,,Bariirre,2.0476,44.8975,2,"Local Network",Other,"On 31 July 2025, international forces (coded as Unidentified Military Forces) conducted an airstrike targeting Al Shabaab in Sham Gare village near Bariirre village (Afgooye, Lower Shabelle). 11 fighters, including a Senior Al Shabaab leader, were killed.",11,"Foreign military engagement; Insurgency",1781806855,2985,3043,4577
SOM51483,2025-08-01,2025,1,"Political violence",Battles,"Armed clash","Al Shabaab",,2,28,,706,"Eastern Africa",Somalia,"Lower Shabelle",Afgooye,,Bariirre,2.0476,44.8975,1,"Al Furqaan; Calamada",Subnational-National,"On 1 August 2025, Al Shabaab clashed with AUSSOM UPDF troops convoy near Bariirre village (Afgooye, Lower Shabelle). Al Shabaab claimed to have killed over 20 soldiers, 34 others injured, and destroyed 5 vehicles.",20,"Foreign military engagement; Insurgency",1784600258,2985,3043,4632
SOM51483,2025-08-01,2025,1,"Political violence",Battles,"Armed clash","AUSSOM: Africa Union Support and Stabilisation Mission in Somalia (2025-) (Uganda)",,8,28,,706,"Eastern Africa",Somalia,"Lower Shabelle",Afgooye,,Bariirre,2.0476,44.8975,1,"Al Furqaan; Calamada",Subnational-National,"On 1 August 2025, Al Shabaab clashed with AUSSOM UPDF troops convoy near Bariirre village (Afgooye, Lower Shabelle). Al Shabaab claimed to have killed over 20 soldiers, 34 others injured, and destroyed 5 vehicles.",20,"Foreign military engagement; Insurgency",1784600258,2985,3043,4632
SOM51539,2025-08-01,2025,1,"Political violence","Explosions/Remote violence","Air/drone strike","Unidentified Military Forces","Military Forces of Somalia (2022-)",8,28,,706,"Eastern Africa",Somalia,Hiraan,"Bulo Burto",,Aborey,4.0104,45.6813,1,"Hiiraan (Somalia); Mareeg News (Somalia); Radio Dalsan; Radio Kulmiye; Somali News Agency; Undisclosed Source","Local partner-Other","On 1 August 2025, international forces (described as 'friendly forces', coded as Unidentified Military Forces), in coordination with government security forces (SNA), conducted an airstrike targeting an Al Shabaab base in Aborey village (Bulo Burto, Hiraan). 8 militants were killed.",8,"Foreign military engagement; Insurgency",1754958639,714,855,1398
SOM51539,2025-08-01,2025,1,"Political violence","Explosions/Remote violence","Air/drone strike","Al Shabaab",,2,28,,706,"Eastern Africa",Somalia,Hiraan,"Bulo Burto",,Aborey,4.0104,45.6813,1,"Hiiraan (Somalia); Mareeg News (Somalia); Radio Dalsan; Radio Kulmiye; Somali News Agency; Undisclosed Source","Local partner-Other","On 1 August 2025, international forces (described as 'friendly forces', coded as Unidentified Military Forces), in coordination with government security forces (SNA), conducted an airstrike targeting an Al Shabaab base in Aborey village (Bulo Burto, Hiraan). 8 militants were killed.",8,"Foreign military engagement; Insurgency",1754958639,714,855,1398
SOM51566,2025-08-01,2025,1,"Political violence","Explosions/Remote violence","Air/drone strike","Military Forces of the United States (2025-)","Military Forces of Somalia (2022-)",8,28,,706,"Eastern Africa",Somalia,"Lower Shabelle",Afgooye,,Bariirre,2.0476,44.8975,1,"AFRICOM; Radio Kulmiye",National-Regional,"On 1 August 2025, US forces, in coordination with government security forces (SNA), conducted an airstrike targeting an Al Shabaab base in Bariirre village (Afgooye, Lower Shabelle). Casualties unknown.",0,"Foreign military engagement; Insurgency",1784600258,2985,3043,4632
SOM51566,2025-08-01,2025,1,"Political violence","Explosions/Remote violence","Air/drone strike","Al Shabaab",,2,28,,706,"Eastern Africa",Somalia,"Lower Shabelle",Afgooye,,Bariirre,2.0476,44.8975,1,"AFRICOM; Radio Kulmiye",National-Regional,"On 1 August 2025, US forces, in coordination with government security forces (SNA), conducted an airstrike targeting an Al Shabaab base in Bariirre village (Afgooye, Lower Shabelle). Casualties unknown.",0,"Foreign military engagement; Insurgency",1784600258,2985,3043,4632
SSD16110,2025-08-02,2025,1,"Political violence",Battles,"Armed clash","Unidentified Armed Group (South Sudan)",,3,38,,728,"Eastern Africa","South Sudan","Central Equatoria","Kajo Keji","Kangepo II",Nyainga,3.7443,31.6912,1,"Risk and Strategic Management, Corporation","Local partner-International","On 2 August 2025, unidentified youth armed with bladed weapons (coded as unidentified armed group) ambushed Ugandan forces in Nyainga village, Kangepo II Payam, Kajo Keji County (Kajo Keji, Central Equatoria), resulting in 9 fatalities and 3 injuries. Motivation unknown/not reported.",9,"Foreign military engagement; Terrorist activity",1762292076,705,2452,4911
SSD16110,2025-08-02,2025,1,"Political violence",Battles,"Armed clash","Military Forces of Uganda (1986-)",,8,38,,728,"Eastern Africa","South Sudan","Central Equatoria","Kajo Keji","Kangepo II",Nyainga,3.7443,31.6912,1,"Risk and Strategic Management, Corporation","Local partner-International","On 2 August 2025, unidentified youth armed with bladed weapons (coded as unidentified armed group) ambushed Ugandan forces in Nyainga village, Kangepo II Payam, Kajo Keji County (Kajo Keji, Central Equatoria), resulting in 9 fatalities and 3 injuries. Motivation unknown/not reported.",9,"Foreign military engagement; Terrorist activity",1762292076,705,2452,4911
SOM51697,2025-08-02,2025,1,"Political violence","Explosions/Remote violence","Air/drone strike","Military Forces of the United States (2025-)","Military Forces of Somalia (2022-)",8,28,,706,"Eastern Africa",Somalia,"Lower Shabelle",Afgooye,,Bariirre,2.0476,44.8975,1,"AFRICOM; Local Network",Other-Regional,"On 2 August 2025, for the second day, US forces, in coordination with government security forces (SNA), conducted an airstrike targeting an Al Shabaab base in Bariirre village (Afgooye, Lower Shabelle). Casualties unknown.",0,"Foreign military engagement; Insurgency",1784600258,2985,3043,4632
SOM51697,2025-08-02,2025,1,"Political violence","Explosions/Remote violence","Air/drone strike","Al Shabaab",,2,28,,706,"Eastern Africa",Somalia,"Lower Shabelle",Afgooye,,Bariirre,2.0476,44.8975,1,"AFRICOM; Local Network",Other-Regional,"On 2 August 2025, for the second day, US forces, in coordination with government security forces (SNA), conducted an airstrike targeting an Al Shabaab base in Bariirre village (Afgooye, Lower Shabelle). Casualties unknown.",0,"Foreign military engagement; Insurgency",1784600258,2985,3043,4632
SOM51561,2025-08-03,2025,1,"Political violence",Battles,"Armed clash","Al Shabaab",,2,28,,706,"Eastern Africa",Somalia,Gedo,Baardheere,,Bardera,2.3385,42.2843,1,"Al Furqaan; Calamada; Local Network; Somali Memo",Other-National,"On 3 August 2025, Al Shabaab clashed with AUSSOM ENDF at a base in Bardera town (Baardheere, Gedo), after the militants threw a hand grenade. 3 soldiers were injured. Al Shabaab claimed responsibility.",0,"Foreign military engagement; Insurgency",1754958639,50003,102053,123191
SOM51561,2025-08-03,2025,1,"Political violence",Battles,"Armed clash","AUSSOM: Africa Union Support and Stabilisation Mission in Somalia (2025-) (Ethiopia)",,8,28,,706,"Eastern Africa",Somalia,Gedo,Baardheere,,Bardera,2.3385,42.2843,1,"Al Furqaan; Calamada; Local Network; Somali Memo",Other-National,"On 3 August 2025, Al Shabaab clashed with AUSSOM ENDF at a base in Bardera town (Baardheere, Gedo), after the militants threw a hand grenade. 3 soldiers were injured. Al Shabaab claimed responsibility.",0,"Foreign military engagement; Insurgency",1754958639,50003,102053,123191
SOM51563,2025-08-03,2025,1,"Political violence",Battles,"Armed clash","Al Shabaab",,2,28,,706,"Eastern Africa",Somalia,"Lower Juba",Badhaadhe,,Hosingow,-0.1734,41.2695,1,"Local Network; Somali Memo",Other-National,"On 3 August 2025, overnight, Al Shabaab clashed with AUSSOM KDF at a base in Hosingow village (Badhaadhe, Lower Juba). There were no casualties. Al Shabaab claimed responsibility.",0,"Foreign military engagement; Insurgency",1754958639,9058,10329,10408
SOM51563,2025-08-03,2025,1,"Political violence",Battles,"Armed clash","AUSSOM: Africa Union Support and Stabilisation Mission in Somalia (2025-) (Kenya)",,8,28,,706,"Eastern Africa",Somalia,"Lower Juba",Badhaadhe,,Hosingow,-0.1734,41.2695,1,"Local Network; Somali Memo",Other-National,"On 3 August 2025, overnight, Al Shabaab clashed with AUSSOM KDF at a base in Hosingow village (Badhaadhe, Lower Juba). There were no casualties. Al Shabaab claimed responsibility.",0,"Foreign military engagement; Insurgency",1754958639,9058,10329,10408
SOM51698,2025-08-03,2025,1,"Political violence","Explosions/Remote violence","Air/drone strike","Military Forces of the United States (2025-)","Military Forces of Somalia (2022-)",8,28,,706,"Eastern Africa",Somalia,"Lower Shabelle",Afgooye,,Bariirre,2.0476,44.8975,1,"AFRICOM; Local Network",Other-Regional,"On 3 August 2025, for the third day, US forces, in coordination with government security forces (SNA), conducted an airstrike targeting an Al Shabaab base in Bariirre village (Afgooye, Lower Shabelle). Casualties unknown.",0,"Foreign military engagement; Insurgency",1784600258,2985,3043,4632
SOM51698,2025-08-03,2025,1,"Political violence","Explosions/Remote violence","Air/drone strike","Al Shabaab",,2,28,,706,"Eastern Africa",Somalia,"Lower Shabelle",Afgooye,,Bariirre,2.0476,44.8975,1,"AFRICOM; Local Network",Other-Regional,"On 3 August 2025, for the third day, US forces, in coordination with government security forces (SNA), conducted an airstrike targeting an Al Shabaab base in Bariirre village (Afgooye, Lower Shabelle). Casualties unknown.",0,"Foreign military engagement; Insurgency",1784600258,2985,3043,4632
SOM51572,2025-08-04,2025,1,"Political violence",Battles,"Armed clash","Al Shabaab",,2,28,,706,"Eastern Africa",Somalia,"Lower Juba",Afmadow,,Afmadow,0.5172,42.0710,1,"Al Furqaan; Calamada",Subnational-National,"On 4 August 2025, overnight, Al Shabaab clashed with AUSSOM KDF at a base in Afmadow town (Afmadow, Lower Juba). Al Shabaab claimed to have killed 1 soldier and 2 others were injured.",1,"Foreign military engagement; Insurgency",1754958639,33799,61559,67101
SOM51572,2025-08-04,2025,1,"Political violence",Battles,"Armed clash","AUSSOM: Africa Union Support and Stabilisation Mission in Somalia (2025-) (Kenya)",,8,28,,706,"Eastern Africa",Somalia,"Lower Juba",Afmadow,,Afmadow,0.5172,42.0710,1,"Al Furqaan; Calamada",Subnational-National,"On 4 August 2025, overnight, Al Shabaab clashed with AUSSOM KDF at a base in Afmadow town (Afmadow, Lower Juba). Al Shabaab claimed to have killed 1 soldier and 2 others were injured.",1,"Foreign military engagement; Insurgency",1754958639,33799,61559,67101
SOM51699,2025-08-04,2025,1,"Political violence","Explosions/Remote violence","Air/drone strike","Military Forces of the United States (2025-)","Military Forces of Somalia (2022-)",8,28,,706,"Eastern Africa",Somalia,"Lower Shabelle",Afgooye,,Bariirre,2.0476,44.8975,1,"AFRICOM; Local Network",Other-Regional,"On 4 August 2025, for the fourth day, US forces, in coordination with government security forces (SNA), conducted an airstrike targeting an Al Shabaab base in Bariirre village (Afgooye, Lower Shabelle). Casualties unknown.",0,"Foreign military engagement; Insurgency",1784600258,2985,3043,4632
SOM51699,2025-08-04,2025,1,"Political violence","Explosions/Remote violence","Air/drone strike","Al Shabaab",,2,28,,706,"Eastern Africa",Somalia,"Lower Shabelle",Afgooye,,Bariirre,2.0476,44.8975,1,"AFRICOM; Local Network",Other-Regional,"On 4 August 2025, for the fourth day, US forces, in coordination with government security forces (SNA), conducted an airstrike targeting an Al Shabaab base in Bariirre village (Afgooye, Lower Shabelle). Casualties unknown.",0,"Foreign military engagement; Insurgency",1784600258,2985,3043,4632
KEN18864,2025-08-04,2025,2,"Strategic developments","Strategic developments",Other,"Government of Kenya (2022-)",,1,18,,404,"Eastern Africa",Kenya,Turkana,Loima,Loima,Loima,2.8558,35.0771,2,"NTV (Kenya)","New media","Other: Around 4 August 2025 (as reported), the Kenya and Uganda government boundary agencies demarcated and erected beacons along the Kenya-Uganda border (coded to Loima, Loima, and Turkana). It is suspected that the move will help resolve the perennial cross-border pastoral community conflicts.",0,"Foreign military engagement",1755564853,244,505,4410
KEN18864,2025-08-04,2025,2,"Strategic developments","Strategic developments",Other,"Government of Uganda (1986-)",,8,18,,404,"Eastern Africa",Kenya,Turkana,Loima,Loima,Loima,2.8558,35.0771,2,"NTV (Kenya)","New media","Other: Around 4 August 2025 (as reported), the Kenya and Uganda government boundary agencies demarcated and erected beacons along the Kenya-Uganda border (coded to Loima, Loima, and Turkana). It is suspected that the move will help resolve the perennial cross-border pastoral community conflicts.",0,"Foreign military engagement",1755564853,244,505,4410
SOM51621,2025-08-05,2025,1,"Strategic developments","Strategic developments","Change to group/activity","Military Forces of Ethiopia (2018-)",,8,80,,706,"Eastern Africa",Somalia,Hiraan,"Belet Weyne",,Feerfeer,5.0863,45.1581,1,"Local Network",Other,"Movement of forces: On 5 August 2025, thousands of Ethiopian security forces (non-AUSSOM) crossed the shared border in Feerfeer village (Belet Weyne, Hiraan). The forces established checkpoints and bases in the area. The deployment comes after Al Shabaab captured several towns in the Hiraan region (coded separately).",0,"Foreign military engagement",1754958639,6,107,11916
SOM51700,2025-08-05,2025,1,"Political violence","Explosions/Remote violence","Air/drone strike","Military Forces of the United States (2025-)","Military Forces of Somalia (2022-)",8,28,,706,"Eastern Africa",Somalia,"Lower Shabelle",Afgooye,,Bariirre,2.0476,44.8975,1,"AFRICOM; Local Network",Other-Regional,"On 5 August 2025, for the fifth day, US forces, in coordination with government security forces (SNA), conducted an airstrike targeting an Al Shabaab base in Bariirre village (Afgooye, Lower Shabelle). Casualties unknown.",0,"Foreign military engagement; Insurgency",1784600258,2985,3043,4632
SOM51700,2025-08-05,2025,1,"Political violence","Explosions/Remote violence","Air/drone strike","Al Shabaab",,2,28,,706,"Eastern Africa",Somalia,"Lower Shabelle",Afgooye,,Bariirre,2.0476,44.8975,1,"AFRICOM; Local Network",Other-Regional,"On 5 August 2025, for the fifth day, US forces, in coordination with government security forces (SNA), conducted an airstrike targeting an Al Shabaab base in Bariirre village (Afgooye, Lower Shabelle). Casualties unknown.",0,"Foreign military engagement; Insurgency",1784600258,2985,3043,4632
SOM51701,2025-08-06,2025,1,"Political violence","Explosions/Remote violence","Air/drone strike","Military Forces of the United States (2025-)","Military Forces of Somalia (2022-)",8,28,,706,"Eastern Africa",Somalia,"Lower Shabelle",Afgooye,,Bariirre,2.0476,44.8975,1,"AFRICOM; Local Network",Other-Regional,"On 6 August 2025, for the sixth day, US forces, in coordination with government security forces (SNA), conducted an airstrike targeting an Al Shabaab base in Bariirre village (Afgooye, Lower Shabelle). Casualties unknown.",0,"Foreign military engagement; Insurgency",1784600258,2985,3043,4632
SOM51701,2025-08-06,2025,1,"Political violence","Explosions/Remote violence","Air/drone strike","Al Shabaab",,2,28,,706,"Eastern Africa",Somalia,"Lower Shabelle",Afgooye,,Bariirre,2.0476,44.8975,1,"AFRICOM; Local Network",Other-Regional,"On 6 August 2025, for the sixth day, US forces, in coordination with government security forces (SNA), conducted an airstrike targeting an Al Shabaab base in Bariirre village (Afgooye, Lower Shabelle). Casualties unknown.",0,"Foreign military engagement; Insurgency",1784600258,2985,3043,4632
SOM51667,2025-08-07,2025,1,"Political violence",Battles,"Armed clash","Al Shabaab",,2,28,,706,"Eastern Africa",Somalia,"Lower Shabelle",Qoryooley,,Qoryooley,1.7878,44.5300,1,"Local Network",Other,"On 7 August 2025, Al Shabaab clashed with government security forces (SNA) and AUSSOM UPDF in Qoryooley town (Qoryooley, Lower Shabelle). 24 Al Shabaab were killed, and others were injured. The clash involved mortar shelling and RPGs.",24,"Foreign military engagement; Insurgency",1754958639,16290,23687,27768
SOM51667,2025-08-07,2025,1,"Political violence",Battles,"Armed clash","AUSSOM: Africa Union Support and Stabilisation Mission in Somalia (2025-) (Uganda)","Military Forces of Somalia (2022-)",8,28,,706,"Eastern Africa",Somalia,"Lower Shabelle",Qoryooley,,Qoryooley,1.7878,44.5300,1,"Local Network",Other,"On 7 August 2025, Al Shabaab clashed with government security forces (SNA) and AUSSOM UPDF in Qoryooley town (Qoryooley, Lower Shabelle). 24 Al Shabaab were killed, and others were injured. The clash involved mortar shelling and RPGs.",24,"Foreign military engagement; Insurgency",1754958639,16290,23687,27768
SOM51705,2025-08-07,2025,1,"Political violence","Explosions/Remote violence","Air/drone strike","Military Forces of the United States (2025-)","Military Forces of Somalia (2022-)",8,28,,706,"Eastern Africa",Somalia,"Lower Shabelle",Afgooye,,Bariirre,2.0476,44.8975,1,"AFRICOM; Local Network",Other-Regional,"On 7 August 2025, for the seventh day, US forces, in coordination with government security forces (SNA), conducted an airstrike targeting an Al Shabaab base in Bariirre village (Afgooye, Lower Shabelle). Casualties unknown.",0,"Foreign military engagement; Insurgency",1784600258,2985,3043,4632
SOM51705,2025-08-07,2025,1,"Political violence","Explosions/Remote violence","Air/drone strike","Al Shabaab",,2,28,,706,"Eastern Africa",Somalia,"Lower Shabelle",Afgooye,,Bariirre,2.0476,44.8975,1,"AFRICOM; Local Network",Other-Regional,"On 7 August 2025, for the seventh day, US forces, in coordination with government security forces (SNA), conducted an airstrike targeting an Al Shabaab base in Bariirre village (Afgooye, Lower Shabelle). Casualties unknown.",0,"Foreign military engagement; Insurgency",1784600258,2985,3043,4632
SOM51641,2025-08-08,2025,1,"Political violence","Explosions/Remote violence","Remote explosive/landmine/IED","Al Shabaab",,2,28,,706,"Eastern Africa",Somalia,Bay,Baydhaba,,Baidoa,3.1172,43.6469,1,"Al Furqaan",National,"On 8 August 2025, an IED planted by Al Shabaab exploded, targeting AUSSOM ENDF troops in the vicinity of Baidoa town (Baydhaba, Bay). Al Shabaab claimed to have killed 3 soldiers and 1 other was injured.",3,"Foreign military engagement; Insurgency",1754958639,93741,229583,326207
SOM51641,2025-08-08,2025,1,"Political violence","Explosions/Remote violence","Remote explosive/landmine/IED","AUSSOM: Africa Union Support and Stabilisation Mission in Somalia (2025-) (Ethiopia)",,8,28,,706,"Eastern Africa",Somalia,Bay,Baydhaba,,Baidoa,3.1172,43.6469,1,"Al Furqaan",National,"On 8 August 2025, an IED planted by Al Shabaab exploded, targeting AUSSOM ENDF troops in the vicinity of Baidoa town (Baydhaba, Bay). Al Shabaab claimed to have killed 3 soldiers and 1 other was injured.",3,"Foreign military engagement; Insurgency",1754958639,93741,229583,326207
SOM51711,2025-08-08,2025,1,"Political violence","Explosions/Remote violence","Air/drone strike","Military Forces of the United States (2025-)","Military Forces of Somalia (2022-)",8,28,,706,"Eastern Africa",Somalia,"Lower Shabelle",Afgooye,,Bariirre,2.0476,44.8975,1,"AFRICOM; Local Network",Other-Regional,"On 8 August 2025, for the eighth day, US forces, in coordination with government security forces (SNA), conducted an airstrike targeting an Al Shabaab base in Bariirre village (Afgooye, Lower Shabelle). Casualties unknown.",0,"Foreign military engagement; Insurgency",1784600258,2985,3043,4632
SOM51711,2025-08-08,2025,1,"Political violence","Explosions/Remote violence","Air/drone strike","Al Shabaab",,2,28,,706,"Eastern Africa",Somalia,"Lower Shabelle",Afgooye,,Bariirre,2.0476,44.8975,1,"AFRICOM; Local Network",Other-Regional,"On 8 August 2025, for the eighth day, US forces, in coordination with government security forces (SNA), conducted an airstrike targeting an Al Shabaab base in Bariirre village (Afgooye, Lower Shabelle). Casualties unknown.",0,"Foreign military engagement; Insurgency",1784600258,2985,3043,4632
SSD16144,2025-08-09,2025,1,"Strategic developments","Strategic developments",Agreement,"Military Forces of South Sudan (2011-)",,1,18,,728,"Eastern Africa","South Sudan","Central Equatoria",Juba,Juba,Juba,4.8551,31.5799,2,"Eye Radio (South Sudan)",National,"On 9 August 2025, the chiefs of defense forces for South Sudan and Uganda agreed to form a 14-member joint investigation committee to probe recent clashes along their shared border, particularly in Kajo Keji County, which has displaced over 15,000 people (location coded to Juba, the country's capital in Central Equatoria State). The agreement follows rising tensions after the UPDF announced it had reclaimed control over an area claimed by Uganda, while South Sudan disputes this claim.",0,"Foreign military engagement",1755564853,7249,17524,17524
SSD16144,2025-08-09,2025,1,"Strategic developments","Strategic developments",Agreement,"Military Forces of Uganda (1986-)",,8,18,,728,"Eastern Africa","South Sudan","Central Equatoria",Juba,Juba,Juba,4.8551,31.5799,2,"Eye Radio (South Sudan)",National,"On 9 August 2025, the chiefs of defense forces for South Sudan and Uganda agreed to form a 14-member joint investigation committee to probe recent clashes along their shared border, particularly in Kajo Keji County, which has displaced over 15,000 people (location coded to Juba, the country's capital in Central Equatoria State). The agreement follows rising tensions after the UPDF announced it had reclaimed control over an area claimed by Uganda, while South Sudan disputes this claim.",0,"Foreign military engagement",1755564853,7249,17524,17524
NIG43442,2025-08-09,2025,1,"Political violence",Battles,"Armed clash","MNJTF: Multinational Joint Task Force",,8,28,,566,"Western Africa",Nigeria,Borno,Gwoza,,Kirawa,11.1914,13.9098,1,"Daily Leadership (Nigeria); Daily Trust (Nigeria); Local Network",Other-National,"On 9 August 2025, Cameroonian MNJTF troops clashed with Boko Haram militants in Kirawa (Gwoza, Borno). Some media outlets claimed that at least 3 soldiers were killed, but others later denied it and stated that there were no fatalities. 0 fatalities coded, as per lowest estimate available. The militants abducted a schoolgirl and looted weapons and ammunition.",0,"Foreign military engagement; Insurgency; Terrorist activity",1788832846,4233,4378,6284
NIG43442,2025-08-09,2025,1,"Political violence",Battles,"Armed clash","Boko Haram - Jamaatu Ahli is-Sunnah lid-Dawati wal-Jihad",,2,28,,566,"Western Africa",Nigeria,Borno,Gwoza,,Kirawa,11.1914,13.9098,1,"Daily Leadership (Nigeria); Daily Trust (Nigeria); Local Network",Other-National,"On 9 August 2025, Cameroonian MNJTF troops clashed with Boko Haram militants in Kirawa (Gwoza, Borno). Some media outlets claimed that at least 3 soldiers were killed, but others later denied it and stated that there were no fatalities. 0 fatalities coded, as per lowest estimate available. The militants abducted a schoolgirl and looted weapons and ammunition.",0,"Foreign military engagement; Insurgency; Terrorist activity",1788832846,4233,4378,6284
SOM51740,2025-08-10,2025,1,"Political violence","Explosions/Remote violence","Air/drone strike","Unidentified Military Forces",,8,28,,706,"Eastern Africa",Somalia,Bari,Qandala,,"Buuraha Cali Miskat",10.8548,49.7434,1,"Radio Kulmiye",National,"On 10 August 2025, international forces (described as allied forces, coded as Unidentified Military Forces), conducted an airstrike targeting Islamic State Somalia Province at a base in Yucrin area in Buuraha Cali Miskat (Qandala, Bari). Casualties unknown.",0,"Foreign military engagement; Insurgency",1759790065,0,0,0
SOM51740,2025-08-10,2025,1,"Political violence","Explosions/Remote violence","Air/drone strike","Islamic State Somalia Province",,2,28,,706,"Eastern Africa",Somalia,Bari,Qandala,,"Buuraha Cali Miskat",10.8548,49.7434,1,"Radio Kulmiye",National,"On 10 August 2025, international forces (described as allied forces, coded as Unidentified Military Forces), conducted an airstrike targeting Islamic State Somalia Province at a base in Yucrin area in Buuraha Cali Miskat (Qandala, Bari). Casualties unknown.",0,"Foreign military engagement; Insurgency",1759790065,0,0,0
SOM51749,2025-08-10,2025,1,"Political violence","Explosions/Remote violence","Air/drone strike","Unidentified Military Forces",,8,28,,706,"Eastern Africa",Somalia,Bari,Qandala,,Qandala,11.4710,49.8726,2,"Radio Kulmiye",National,"On 10 August 2025, international forces (described as allied forces, coded as Unidentified Military Forces), conducted an airstrike targeting Islamic State Somalia Province at a base in Maragathe area near Qandala town (Qandala, Bari). Casualties unknown.",0,"Foreign military engagement; Insurgency",1755564853,10323,11128,11683
SOM51749,2025-08-10,2025,1,"Political violence","Explosions/Remote violence","Air/drone strike","Islamic State Somalia Province",,2,28,,706,"Eastern Africa",Somalia,Bari,Qandala,,Qandala,11.4710,49.8726,2,"Radio Kulmiye",National,"On 10 August 2025, international forces (described as allied forces, coded as Unidentified Military Forces), conducted an airstrike targeting Islamic State Somalia Province at a base in Maragathe area near Qandala town (Qandala, Bari). Casualties unknown.",0,"Foreign military engagement; Insurgency",1755564853,10323,11128,11683
KEN18876,2025-08-10,2025,1,"Strategic developments","Strategic developments",Agreement,"Government of Kenya (2022-)",,1,18,,404,"Eastern Africa",Kenya,Turkana,Kibish,Kibish,Kibish,4.9231,35.2744,2,"Local Network; National Police Service-Kenya; People Daily",Other-National,"On 10 August 2025, Kenyan and Ethiopian government authorities met in Welegech (coded to the sub-county headquarters as Kibish, Kibish, Turkana) and discussed ways of bringing the Turkana and Dassanach (also known as Merrile) communities to coexist peacefully, following a recent cross-border raid (coded separately). It is unclear whether an agreement was signed.",0,"Foreign military engagement",1755564853,0,1,215
KEN18876,2025-08-10,2025,1,"Strategic developments","Strategic developments",Agreement,"Government of Ethiopia (2018-)",,8,18,,404,"Eastern Africa",Kenya,Turkana,Kibish,Kibish,Kibish,4.9231,35.2744,2,"Local Network; National Police Service-Kenya; People Daily",Other-National,"On 10 August 2025, Kenyan and Ethiopian government authorities met in Welegech (coded to the sub-county headquarters as Kibish, Kibish, Turkana) and discussed ways of bringing the Turkana and Dassanach (also known as Merrile) communities to coexist peacefully, following a recent cross-border raid (coded separately). It is unclear whether an agreement was signed.",0,"Foreign military engagement",1755564853,0,1,215
ETH16089,2025-08-10,2025,1,"Political violence","Violence against civilians","Abduction/forced disappearance","Military Forces of Sudan (2019-)",,8,78,"Civilian targeting",231,"Eastern Africa",Ethiopia,Amhara,"West Gondar","Mirab Armacho",Abderafi,13.7333,36.4500,2,"Local Network",Other,"On 10 August 2025, members of the Sudan armed forces crossed into the Ethiopian border and abducted 4 farmers in Abutir, Senarr, and Selam Ber Kebelles near Abderafi (Mirab Armacho West Gondar, Amhara). The perpetrators controlled these Kebeles, and destroyed (means unknown/not reported) 6 farming camps. There is no clash/not reported.",0,"Foreign military engagement",1755564837,43,96,25181
ETH16089,2025-08-10,2025,1,"Political violence","Violence against civilians","Abduction/forced disappearance","Civilians (Ethiopia)","Farmers (Ethiopia)",7,78,"Civilian targeting",231,"Eastern Africa",Ethiopia,Amhara,"West Gondar","Mirab Armacho",Abderafi,13.7333,36.4500,2,"Local Network",Other,"On 10 August 2025, members of the Sudan armed forces crossed into the Ethiopian border and abducted 4 farmers in Abutir, Senarr, and Selam Ber Kebelles near Abderafi (Mirab Armacho West Gondar, Amhara). The perpetrators controlled these Kebeles, and destroyed (means unknown/not reported) 6 farming camps. There is no clash/not reported.",0,"Foreign military engagement",1755564837,43,96,25181
ETH16090,2025-08-10,2025,1,"Political violence","Explosions/Remote violence","Shelling/artillery/missile attack","Military Forces of Sudan (2019-)",,8,78,"Civilian targeting",231,"Eastern Africa",Ethiopia,Amhara,"West Gondar",Metema,Metema,12.9521,36.1563,2,"Local Network",Other,"On 10 August 2025, Sudan armed forces shelled, with mortar and DShK weapons, Forgena in Metema Wereda (location coded to the admin center Metema, West Gondar, Amhara). The shelling destroyed 16 civilians' farming camps. Casualties unknown.",0,"Foreign military engagement",1755564837,44397,48114,49175
ETH16090,2025-08-10,2025,1,"Political violence","Explosions/Remote violence","Shelling/artillery/missile attack","Civilians (Ethiopia)",,7,78,"Civilian targeting",231,"Eastern Africa",Ethiopia,Amhara,"West Gondar",Metema,Metema,12.9521,36.1563,2,"Local Network",Other,"On 10 August 2025, Sudan armed forces shelled, with mortar and DShK weapons, Forgena in Metema Wereda (location coded to the admin center Metema, West Gondar, Amhara). The shelling destroyed 16 civilians' farming camps. Casualties unknown.",0,"Foreign military engagement",1755564837,44397,48114,49175
ETH16091,2025-08-10,2025,1,"Political violence","Violence against civilians",Attack,"Military Forces of Sudan (2019-)",,8,78,"Civilian targeting",231,"Eastern Africa",Ethiopia,Amhara,"West Gondar",Metema,Metema,12.9521,36.1563,2,"Local Network",Other,"On 10 August 2025, Sudan armed forces killed 4 farmers (means unknown/not reported) in Ademgren near Metema (West Gondar, Amhara).",4,"Foreign military engagement",1755564837,44397,48114,49175
ETH16091,2025-08-10,2025,1,"Political violence","Violence against civilians",Attack,"Civilians (Ethiopia)","Farmers (Ethiopia)",7,78,"Civilian targeting",231,"Eastern Africa",Ethiopia,Amhara,"West Gondar",Metema,Metema,12.9521,36.1563,2,"Local Network",Other,"On 10 August 2025, Sudan armed forces killed 4 farmers (means unknown/not reported) in Ademgren near Metema (West Gondar, Amhara).",4,"Foreign military engagement",1755564837,44397,48114,49175
ETH16027,2025-08-11,2025,1,"Strategic developments","Strategic developments","Looting/property destruction","Military Forces of Sudan (2019-)",,8,78,,231,"Eastern Africa",Ethiopia,Tigray,"Western Tigray","Kafta Humera",Rawoyan,14.1803,36.6070,2,"Ethiopia Reporter; Local Network",Other-National,"Property destruction: On 11 August 2025, Sudanese Armed Forces (SAF) entered Qabatiya Humera woreda (Kafata Humera) in Western Tigray, specifically targeting Lugudi, Redem, and Mechash (location coded to the main town, Rawoyan, in Kafta Humera, Western Tigray, Tigray) and destroyed six commercial farming camps. Some sources indicated that the Sudan Shield Forces, led by Abu Aqla Kikil, have directed a number of their units towards the Ethiopian border to support the Tigray forces, in coordination with Eritrea, to provide logistical support to Tigray forces in Ethiopia, in exchange for their deployment in areas of eastern Sudan bordering Ethiopia.",0,"Foreign military engagement",1759789823,378,714,9359
ETH16027,2025-08-11,2025,1,"Strategic developments","Strategic developments","Looting/property destruction","Civilians (Ethiopia)","Labor Group (Ethiopia)",7,78,,231,"Eastern Africa",Ethiopia,Tigray,"Western Tigray","Kafta Humera",Rawoyan,14.1803,36.6070,2,"Ethiopia Reporter; Local Network",Other-National,"Property destruction: On 11 August 2025, Sudanese Armed Forces (SAF) entered Qabatiya Humera woreda (Kafata Humera) in Western Tigray, specifically targeting Lugudi, Redem, and Mechash (location coded to the main town, Rawoyan, in Kafta Humera, Western Tigray, Tigray) and destroyed six commercial farming camps. Some sources indicated that the Sudan Shield Forces, led by Abu Aqla Kikil, have directed a number of their units towards the Ethiopian border to support the Tigray forces, in coordination with Eritrea, to provide logistical support to Tigray forces in Ethiopia, in exchange for their deployment in areas of eastern Sudan bordering Ethiopia.",0,"Foreign military engagement",1759789823,378,714,9359
SOM51777,2025-08-12,2025,1,"Political violence","Explosions/Remote violence","Air/drone strike","Unidentified Military Forces","Military Forces of Somalia (2022-) National Intelligence and Security Agency",8,28,,706,"Eastern Africa",Somalia,Hiraan,Jalalaqsi,,Tarda,3.5676,45.9656,1,"Hiiraan (Somalia); Local Network; Radio Kulmiye; Radio Risala; Somali News Agency; Undisclosed Source","Local partner-Other","On 12 August 2025, international forces (described as allied forces, coded as Unidentified Military Forces), in coordination with government security forces (NISA), conducted an airstrike targeting an Al Shabaab gathering position in Tarda village (Jalalaqsi, Hiraan). More than 20 militants were killed.",20,"Foreign military engagement; Insurgency",1755564853,589,649,650
SOM51777,2025-08-12,2025,1,"Political violence","Explosions/Remote violence","Air/drone strike","Al Shabaab",,2,28,,706,"Eastern Africa",Somalia,Hiraan,Jalalaqsi,,Tarda,3.5676,45.9656,1,"Hiiraan (Somalia); Local Network; Radio Kulmiye; Radio Risala; Somali News Agency; Undisclosed Source","Local partner-Other","On 12 August 2025, international forces (described as allied forces, coded as Unidentified Military Forces), in coordination with government security forces (NISA), conducted an airstrike targeting an Al Shabaab gathering position in Tarda village (Jalalaqsi, Hiraan). More than 20 militants were killed.",20,"Foreign military engagement; Insurgency",1755564853,589,649,650
SSD16167,2025-08-13,2025,1,"Strategic developments","Strategic developments",Agreement,"Government of South Sudan (2011-)",,1,18,,728,"Eastern Africa","South Sudan","Central Equatoria",Juba,Juba,Juba,4.8551,31.5799,1,"AP; Radio Tamazuj",National-International,"On 13 August 2025, the governments of South Sudan and Israel signed a memorandum of understanding in Juba (Juba, Central Equatoria) to cooperate bilaterally. The agreement established a framework for diplomatic consultations and joint initiatives between the 2 countries. The South Sudanese government dismissed reports of discussions to resettle Palestinians from Gaza in their country, with the foreign ministry stating that the claims were baseless.",0,"Foreign military engagement",1756165968,7249,17524,17524
SSD16167,2025-08-13,2025,1,"Strategic developments","Strategic developments",Agreement,"Military Forces of Israel (2022-)",,8,18,,728,"Eastern Africa","South Sudan","Central Equatoria",Juba,Juba,Juba,4.8551,31.5799,1,"AP; Radio Tamazuj",National-International,"On 13 August 2025, the governments of South Sudan and Israel signed a memorandum of understanding in Juba (Juba, Central Equatoria) to cooperate bilaterally. The agreement established a framework for diplomatic consultations and joint initiatives between the 2 countries. The South Sudanese government dismissed reports of discussions to resettle Palestinians from Gaza in their country, with the foreign ministry stating that the claims were baseless.",0,"Foreign military engagement",1756165968,7249,17524,17524
SOM51793,2025-08-14,2025,1,"Political violence","Explosions/Remote violence","Air/drone strike","Unidentified Military Forces",,8,28,,706,"Eastern Africa",Somalia,Bari,Qandala,,"Buuraha Cali Miskat",10.8548,49.7434,1,"Local Network",Other,"On 14 August 2025, international forces (described as allied forces, coded as Unidentified Military Forces), conducted an airstrike targeting Islamic State Somalia Province in Tooga Miraale and Tooga Jecel areas in Buuraha Cali Miskat (Qandala, Bari). Casualties unknown.",0,"Foreign military engagement; Insurgency",1759790065,0,0,0
SOM51793,2025-08-14,2025,1,"Political violence","Explosions/Remote violence","Air/drone strike","Islamic State Somalia Province",,2,28,,706,"Eastern Africa",Somalia,Bari,Qandala,,"Buuraha Cali Miskat",10.8548,49.7434,1,"Local Network",Other,"On 14 August 2025, international forces (described as allied forces, coded as Unidentified Military Forces), conducted an airstrike targeting Islamic State Somalia Province in Tooga Miraale and Tooga Jecel areas in Buuraha Cali Miskat (Qandala, Bari). Casualties unknown.",0,"Foreign military engagement; Insurgency",1759790065,0,0,0
SOM51797,2025-08-14,2025,1,"Political violence","Explosions/Remote violence","Air/drone strike","Military Forces of Turkey (2016-)",,8,28,,706,"Eastern Africa",Somalia,Galgaduud,"Ceel Dheer",,Cowswayne,4.1244,46.9166,1,"Local Network",Other,"On 14 August 2025, Turkey military forces conducted an airstrike targeting Al Shabaab in Cowswayne village (Ceel Dheer, Galgaduud). An unknown number of militants were killed and wounded, including a senior Al Shabaab member. Unspecified number of fatalities coded as 3.",3,"Foreign military engagement; Insurgency",1755564853,1477,1526,2164
SOM51797,2025-08-14,2025,1,"Political violence","Explosions/Remote violence","Air/drone strike","Al Shabaab",,2,28,,706,"Eastern Africa",Somalia,Galgaduud,"Ceel Dheer",,Cowswayne,4.1244,46.9166,1,"Local Network",Other,"On 14 August 2025, Turkey military forces conducted an airstrike targeting Al Shabaab in Cowswayne village (Ceel Dheer, Galgaduud). An unknown number of militants were killed and wounded, including a senior Al Shabaab member. Unspecified number of fatalities coded as 3.",3,"Foreign military engagement; Insurgency",1755564853,1477,1526,2164
KEN18893,2025-08-14,2025,1,"Political violence","Explosions/Remote violence","Remote explosive/landmine/IED","Military Forces of Somalia (2022-)","Military Forces of Somalia (2022-) Jubaland Security Force",8,78,"Civilian targeting",404,"Eastern Africa",Kenya,Mandera,"Mandera East",Township,Mandera,3.9357,41.8542,1,"Opera News (Kenya); Star (Kenya)",National,"On 14 August 2025, an explosive remnant linked to the Somali National Army (SNA) and Jubaland forces (actors involved in the fighting in the neighboring Bulahawa in Somalia) detonated, targeting civilians along the Kenya-Somalia border in Mandera town (Mandera East, Mandera). 1 woman was killed, while her daughter sustained injuries during the incident.",1,"Foreign military engagement",1761603436,55393,119554,197524
KEN18893,2025-08-14,2025,1,"Political violence","Explosions/Remote violence","Remote explosive/landmine/IED","Civilians (Kenya)",,7,78,"Civilian targeting",404,"Eastern Africa",Kenya,Mandera,"Mandera East",Township,Mandera,3.9357,41.8542,1,"Opera News (Kenya); Star (Kenya)",National,"On 14 August 2025, an explosive remnant linked to the Somali National Army (SNA) and Jubaland forces (actors involved in the fighting in the neighboring Bulahawa in Somalia) detonated, targeting civilians along the Kenya-Somalia border in Mandera town (Mandera East, Mandera). 1 woman was killed, while her daughter sustained injuries during the incident.",1,"Foreign military engagement",1761603436,55393,119554,197524
SOM51815,2025-08-16,2025,1,"Political violence",Battles,"Armed clash","Al Shabaab",,2,28,,706,"Eastern Africa",Somalia,Bay,Baydhaba,,Aawdiinle,3.1706,43.4099,1,"Calamada; Local Network; Radio Kulmiye; Undisclosed Source","Local partner-Other","On 16 August 2025, overnight, Al Shabaab clashed with Ethiopian security forces (non-AUSSOM) at a base in Aawdiinle village (Baydhaba, Bay). Casualties unknown. Al Shabaab claimed responsibility.",0,"Foreign military engagement; Insurgency",1756165968,6800,7908,10637
SOM51815,2025-08-16,2025,1,"Political violence",Battles,"Armed clash","Military Forces of Ethiopia (2018-)",,8,28,,706,"Eastern Africa",Somalia,Bay,Baydhaba,,Aawdiinle,3.1706,43.4099,1,"Calamada; Local Network; Radio Kulmiye; Undisclosed Source","Local partner-Other","On 16 August 2025, overnight, Al Shabaab clashed with Ethiopian security forces (non-AUSSOM) at a base in Aawdiinle village (Baydhaba, Bay). Casualties unknown. Al Shabaab claimed responsibility.",0,"Foreign military engagement; Insurgency",1756165968,6800,7908,10637
SOM51956,2025-08-17,2025,1,"Political violence","Explosions/Remote violence","Air/drone strike","Military Forces of the United States (2025-)","Military Forces of Somalia (2022-)",8,28,,706,"Eastern Africa",Somalia,"Lower Shabelle",Afgooye,,Bariirre,2.0476,44.8975,1,AFRICOM,Regional,"On 17 August 2025, US forces, in coordination with government security forces (SNA), conducted an airstrike targeting an Al Shabaab base in Bariirre village (Afgooye, Lower Shabelle). Casualties unknown.",0,"Foreign military engagement; Insurgency",1784600258,2985,3043,4632
SOM51956,2025-08-17,2025,1,"Political violence","Explosions/Remote violence","Air/drone strike","Al Shabaab",,2,28,,706,"Eastern Africa",Somalia,"Lower Shabelle",Afgooye,,Bariirre,2.0476,44.8975,1,AFRICOM,Regional,"On 17 August 2025, US forces, in coordination with government security forces (SNA), conducted an airstrike targeting an Al Shabaab base in Bariirre village (Afgooye, Lower Shabelle). Casualties unknown.",0,"Foreign military engagement; Insurgency",1784600258,2985,3043,4632
SOM51813,2025-08-18,2025,1,"Political violence","Explosions/Remote violence","Air/drone strike","Unidentified Military Forces","Military Forces of Somalia (2022-)",8,28,,706,"Eastern Africa",Somalia,"Lower Shabelle",Afgooye,,Awdheegle,1.9833,44.8333,2,"Local Network",Other,"On 18 August 2025, international forces (described as 'friendly forces', coded as Unidentified Military Forces), in coordination with government security forces (SNA), conducted an airstrike near Awdheegle village (Afgooye, Lower Shabelle) and Awdheegle (coded separately). 100 fatalities split across 2 events and coded as 50 for this event.",50,"Foreign military engagement; Insurgency",1756770069,5234,6226,7440
SOM51813,2025-08-18,2025,1,"Political violence","Explosions/Remote violence","Air/drone strike","Al Shabaab",,2,28,,706,"Eastern Africa",Somalia,"Lower Shabelle",Afgooye,,Awdheegle,1.9833,44.8333,2,"Local Network",Other,"On 18 August 2025, international forces (described as 'friendly forces', coded as Unidentified Military Forces), in coordination with government security forces (SNA), conducted an airstrike near Awdheegle village (Afgooye, Lower Shabelle) and Awdheegle (coded separately). 100 fatalities split across 2 events and coded as 50 for this event.",50,"Foreign military engagement; Insurgency",1756770069,5234,6226,7440
SSD16166,2025-08-18,2025,1,"Strategic developments","Strategic developments",Agreement,"Government of South Sudan (2011-)",,1,18,,728,"Eastern Africa","South Sudan","Central Equatoria",Juba,Juba,Juba,4.8551,31.5799,3,"BBC News; Eye Radio (South Sudan); Radio Tamazuj; The City Review (South Sudan)",National-International,"On 18 August 2025, the governments of South Sudan and Djibouti signed an agreement (location coded to Juba, South Sudan's capital) to develop a major trade corridor along the White Nile River, aiming to provide South Sudan with new access to sea routes and boost regional commerce. The agreement involves the development of modern ports in several towns, including Juba, Bor, Malakal, and Renk.",0,"Foreign military engagement",1782855118,7249,17524,17524
SSD16166,2025-08-18,2025,1,"Strategic developments","Strategic developments",Agreement,"Government of Djibouti (1999-)",,8,18,,728,"Eastern Africa","South Sudan","Central Equatoria",Juba,Juba,Juba,4.8551,31.5799,3,"BBC News; Eye Radio (South Sudan); Radio Tamazuj; The City Review (South Sudan)",National-International,"On 18 August 2025, the governments of South Sudan and Djibouti signed an agreement (location coded to Juba, South Sudan's capital) to develop a major trade corridor along the White Nile River, aiming to provide South Sudan with new access to sea routes and boost regional commerce. The agreement involves the development of modern ports in several towns, including Juba, Bor, Malakal, and Renk.",0,"Foreign military engagement",1782855118,7249,17524,17524
KEN18935,2025-08-19,2025,2,"Strategic developments","Strategic developments","Change to group/activity","Military Forces of Somalia (2022-) Jubaland Security Force",,8,80,,404,"Eastern Africa",Kenya,Mandera,"Mandera East",Township,Mandera,3.9357,41.8542,1,"Daily Nation (Kenya); K24; Kenyans.co; NTV (Kenya); Opera News (Kenya)","New media-National","Movement of forces: Around 19 August 2025 (as reported), suspected members of the Jubaland forces are claimed to have crossed into Kenyan territory and set up a training camp at Border Point One primary school in Mandera town (Mandera East, Mandera), following ongoing clashes with the Somali National Army (SNA) in Bula Hawa (coded separately).",0,"Foreign military engagement",1757366068,55393,119554,197524
SSD16180,2025-08-20,2025,1,"Strategic developments","Strategic developments","Looting/property destruction","Military Forces of Uganda (1986-)",,8,78,,728,"Eastern Africa","South Sudan","Eastern Equatoria",Magwi,Pajok,Pugee,3.7676,32.5173,1,"Risk and Strategic Management, Corporation","Local partner-International","Property destruction: On 20 August 2025, 3 suspected UPDF vehicles entered Pugee/Pogee village in Pajok Payam, Magwi County (Magwi, Eastern Equatoria), where they destroyed homes and displaced an unspecified number of locals. The encroachment was claimed to help Ugandan farmers get farmland. Local County officials responded to the area to restore normalcy.",0,"Foreign military engagement",1756165968,1335,1427,1539
SSD16180,2025-08-20,2025,1,"Strategic developments","Strategic developments","Looting/property destruction","Civilians (South Sudan)",,7,78,,728,"Eastern Africa","South Sudan","Eastern Equatoria",Magwi,Pajok,Pugee,3.7676,32.5173,1,"Risk and Strategic Management, Corporation","Local partner-International","Property destruction: On 20 August 2025, 3 suspected UPDF vehicles entered Pugee/Pogee village in Pajok Payam, Magwi County (Magwi, Eastern Equatoria), where they destroyed homes and displaced an unspecified number of locals. The encroachment was claimed to help Ugandan farmers get farmland. Local County officials responded to the area to restore normalcy.",0,"Foreign military engagement",1756165968,1335,1427,1539
SOM51967,2025-08-21,2025,1,"Political violence",Battles,"Armed clash","Al Shabaab",,2,28,,706,"Eastern Africa",Somalia,Bay,Baydhaba,,Aawdiinle,3.1706,43.4099,1,Calamada,Subnational,"On 21 August 2025, overnight, Al Shabaab clashed with Ethiopian security forces (non-AUSSOM) at a base in Aawdiinle village (Baydhaba, Bay). Casualties unknown. Al Shabaab claimed responsibility.",0,"Foreign military engagement; Insurgency",1756770069,6800,7908,10637
SOM51967,2025-08-21,2025,1,"Political violence",Battles,"Armed clash","Military Forces of Ethiopia (2018-)",,8,28,,706,"Eastern Africa",Somalia,Bay,Baydhaba,,Aawdiinle,3.1706,43.4099,1,Calamada,Subnational,"On 21 August 2025, overnight, Al Shabaab clashed with Ethiopian security forces (non-AUSSOM) at a base in Aawdiinle village (Baydhaba, Bay). Casualties unknown. Al Shabaab claimed responsibility.",0,"Foreign military engagement; Insurgency",1756770069,6800,7908,10637
SOM51959,2025-08-22,2025,1,"Political violence","Explosions/Remote violence","Air/drone strike","Military Forces of the United States (2025-)","Military Forces of Somalia (2022-)",8,28,,706,"Eastern Africa",Somalia,Bay,"Buur Hakaba",,"Ceel Bashir",3.0473,44.3237,1,AFRICOM,Regional,"On 22 August 2025, US forces, in coordination with government security forces (SNA), conducted an airstrike targeting an Al Shabaab base in Ceel Bashir village (Buur Hakaba, Bay). Casualties unknown.",0,"Foreign military engagement; Insurgency",1756770069,0,3,197
SOM51959,2025-08-22,2025,1,"Political violence","Explosions/Remote violence","Air/drone strike","Al Shabaab",,2,28,,706,"Eastern Africa",Somalia,Bay,"Buur Hakaba",,"Ceel Bashir",3.0473,44.3237,1,AFRICOM,Regional,"On 22 August 2025, US forces, in coordination with government security forces (SNA), conducted an airstrike targeting an Al Shabaab base in Ceel Bashir village (Buur Hakaba, Bay). Casualties unknown.",0,"Foreign military engagement; Insurgency",1756770069,0,3,197
SOM51960,2025-08-23,2025,1,"Political violence","Explosions/Remote violence","Air/drone strike","Military Forces of the United States (2025-)","Military Forces of Somalia (2022-)",8,28,,706,"Eastern Africa",Somalia,"Lower Shabelle",Baraawe,,Haawaay,1.1685,43.7143,2,"Radio Risala",National,"On 23 August 2025, US forces, in coordination with government security forces (SNA), conducted an airstrike targeting an Al Shabaab base near Haawaay village (Baraawe, Lower Shabelle). Casualties unknown.",0,"Foreign military engagement; Insurgency",1756770069,1606,6081,6681
SOM51960,2025-08-23,2025,1,"Political violence","Explosions/Remote violence","Air/drone strike","Al Shabaab",,2,28,,706,"Eastern Africa",Somalia,"Lower Shabelle",Baraawe,,Haawaay,1.1685,43.7143,2,"Radio Risala",National,"On 23 August 2025, US forces, in coordination with government security forces (SNA), conducted an airstrike targeting an Al Shabaab base near Haawaay village (Baraawe, Lower Shabelle). Casualties unknown.",0,"Foreign military engagement; Insurgency",1756770069,1606,6081,6681
SOM51957,2025-08-24,2025,1,"Political violence","Explosions/Remote violence","Air/drone strike","Military Forces of the United States (2025-)",,8,28,,706,"Eastern Africa",Somalia,Bari,Bossaso,,Balaade,11.1612,49.3646,2,"Caasimada; Horseed Media; Puntland Post; Radio Kulmiye; Radio Risala; Shabelle Media Network; Undisclosed Source","Local partner-Other","On 24 August 2025, US forces conducted an airstrike targeting an Islamic State Somalia Province in Maraagade village near Balade village (Bossaso, Bari). Casualties unknown.",0,"Foreign military engagement; Insurgency",1788832867,53368,57373,85492
SOM51957,2025-08-24,2025,1,"Political violence","Explosions/Remote violence","Air/drone strike","Al Shabaab",,2,28,,706,"Eastern Africa",Somalia,Bari,Bossaso,,Balaade,11.1612,49.3646,2,"Caasimada; Horseed Media; Puntland Post; Radio Kulmiye; Radio Risala; Shabelle Media Network; Undisclosed Source","Local partner-Other","On 24 August 2025, US forces conducted an airstrike targeting an Islamic State Somalia Province in Maraagade village near Balade village (Bossaso, Bari). Casualties unknown.",0,"Foreign military engagement; Insurgency",1788832867,53368,57373,85492
SOM51958,2025-08-24,2025,1,"Political violence","Explosions/Remote violence","Air/drone strike","Military Forces of the United States (2025-)",,8,28,,706,"Eastern Africa",Somalia,Bari,Bossaso,,Balaade,11.1612,49.3646,1,"Caasimada; Horseed Media; Puntland Post; Radio Kulmiye; Radio Risala; Shabelle Media Network; Undisclosed Source","Local partner-Other","On 24 August 2025, US forces conducted an airstrike targeting an Islamic State Somalia Province in Balade village (Bossaso, Bari). Casualties unknown.",0,"Foreign military engagement; Insurgency",1788832867,53368,57373,85492
SOM51958,2025-08-24,2025,1,"Political violence","Explosions/Remote violence","Air/drone strike","Al Shabaab",,2,28,,706,"Eastern Africa",Somalia,Bari,Bossaso,,Balaade,11.1612,49.3646,1,"Caasimada; Horseed Media; Puntland Post; Radio Kulmiye; Radio Risala; Shabelle Media Network; Undisclosed Source","Local partner-Other","On 24 August 2025, US forces conducted an airstrike targeting an Islamic State Somalia Province in Balade village (Bossaso, Bari). Casualties unknown.",0,"Foreign military engagement; Insurgency",1788832867,53368,57373,85492
SOM52086,2025-08-24,2025,1,"Political violence","Explosions/Remote violence","Remote explosive/landmine/IED","Al Shabaab",,2,28,,706,"Eastern Africa",Somalia,"Middle Shabelle",Jowhar,,Buurane,2.9647,45.5124,1,"Calamada; Undisclosed Source","Local partner-Other","On 24 August 2025, an IED planted by Al Shabaab exploded, targeting AUSSOM BNDF troops at a forward operation base in Buurane village (Jowhar, Middle Shabelle). Al Shabaab claimed to have killed at least 1 soldier.",1,"Foreign military engagement; Insurgency",1756770069,8552,10344,11339
SOM52086,2025-08-24,2025,1,"Political violence","Explosions/Remote violence","Remote explosive/landmine/IED","AUSSOM: Africa Union Support and Stabilisation Mission in Somalia (2025-) (Burundi)",,8,28,,706,"Eastern Africa",Somalia,"Middle Shabelle",Jowhar,,Buurane,2.9647,45.5124,1,"Calamada; Undisclosed Source","Local partner-Other","On 24 August 2025, an IED planted by Al Shabaab exploded, targeting AUSSOM BNDF troops at a forward operation base in Buurane village (Jowhar, Middle Shabelle). Al Shabaab claimed to have killed at least 1 soldier.",1,"Foreign military engagement; Insurgency",1756770069,8552,10344,11339
SOM52088,2025-08-25,2025,1,"Political violence","Explosions/Remote violence","Remote explosive/landmine/IED","Al Shabaab",,2,28,,706,"Eastern Africa",Somalia,Bakool,Waajid,,Waajid,3.8096,43.2463,1,"Calamada; Somali Memo; Undisclosed Source","Local partner-Other","On 25 August 2025, an IED planted by Al Shabaab exploded, targeting Ethiopia security forces in Waajid town (Waajid, Bakool). Al Shabaab claimed to have killed 3 soldiers and injured 4 others.",3,"Foreign military engagement; Insurgency",1756770069,49655,75459,75942
SOM52088,2025-08-25,2025,1,"Political violence","Explosions/Remote violence","Remote explosive/landmine/IED","Military Forces of Ethiopia (2018-)",,8,28,,706,"Eastern Africa",Somalia,Bakool,Waajid,,Waajid,3.8096,43.2463,1,"Calamada; Somali Memo; Undisclosed Source","Local partner-Other","On 25 August 2025, an IED planted by Al Shabaab exploded, targeting Ethiopia security forces in Waajid town (Waajid, Bakool). Al Shabaab claimed to have killed 3 soldiers and injured 4 others.",3,"Foreign military engagement; Insurgency",1756770069,49655,75459,75942
SOM51961,2025-08-26,2025,1,"Political violence","Explosions/Remote violence","Air/drone strike","Military Forces of the United States (2025-)","Military Forces of Somalia (2022-) National Intelligence and Security Agency",8,28,,706,"Eastern Africa",Somalia,Hiraan,"Belet Weyne",,"Hawo Gadid",4.8000,45.2000,1,"Radio Risala",National,"On 26 August 2025, US forces, in coordination with government security forces (NISA), conducted an airstrike targeting an Al Shabaab base in Hawo Gadid village (Belet Weyne, Hiraan). 2 senior militants and several fighters were killed. Unspecified number of fatalities coded as 3. Fatalities coded as 5 (2 senior militants + 3 unspecified number of fighters).",5,"Foreign military engagement; Insurgency",1756770069,1313,3193,11233
SOM51961,2025-08-26,2025,1,"Political violence","Explosions/Remote violence","Air/drone strike","Al Shabaab",,2,28,,706,"Eastern Africa",Somalia,Hiraan,"Belet Weyne",,"Hawo Gadid",4.8000,45.2000,1,"Radio Risala",National,"On 26 August 2025, US forces, in coordination with government security forces (NISA), conducted an airstrike targeting an Al Shabaab base in Hawo Gadid village (Belet Weyne, Hiraan). 2 senior militants and several fighters were killed. Unspecified number of fatalities coded as 3. Fatalities coded as 5 (2 senior militants + 3 unspecified number of fighters).",5,"Foreign military engagement; Insurgency",1756770069,1313,3193,11233
SOM51962,2025-08-26,2025,1,"Political violence","Explosions/Remote violence","Air/drone strike","Military Forces of the United States (2025-)","Military Forces of Somalia (2022-) National Intelligence and Security Agency",8,28,,706,"Eastern Africa",Somalia,Galgaduud,"Ceel Dheer",,Cowswayne,4.1244,46.9166,1,"Radio Risala",National,"On 26 August 2025, US forces, in coordination with government security forces (NISA), conducted an airstrike targeting an Al Shabaab base in Cowswayne village (Ceel Dheer, Galgaduud). Casualties unknown.",0,"Foreign military engagement; Insurgency",1756770069,1477,1526,2164
SOM51962,2025-08-26,2025,1,"Political violence","Explosions/Remote violence","Air/drone strike","Al Shabaab",,2,28,,706,"Eastern Africa",Somalia,Galgaduud,"Ceel Dheer",,Cowswayne,4.1244,46.9166,1,"Radio Risala",National,"On 26 August 2025, US forces, in coordination with government security forces (NISA), conducted an airstrike targeting an Al Shabaab base in Cowswayne village (Ceel Dheer, Galgaduud). Casualties unknown.",0,"Foreign military engagement; Insurgency",1756770069,1477,1526,2164
BFO14331,2025-08-27,2025,1,"Political violence","Explosions/Remote violence","Air/drone strike","Military Forces of Togo (2005-)",,8,28,,854,"Western Africa","Burkina Faso",Est,Kompienga,Kompienga,Pognoa-Sankoado,11.0290,0.5848,2,"Undisclosed Source","Local partner-Other","On 27 August 2025, the Togolese air force carried out airstrikes against an armed group (likely JNIM militants based on location) near Pognoa-Sankoado (Kompienga, Kompienga, Est). A number of militants were killed. Unspecified fatalities coded as 3.",3,"Foreign military engagement; Insurgency; Terrorist activity",1788832846,2252,3368,5732
BFO14331,2025-08-27,2025,1,"Political violence","Explosions/Remote violence","Air/drone strike","JNIM: Group for Support of Islam and Muslims",,2,28,,854,"Western Africa","Burkina Faso",Est,Kompienga,Kompienga,Pognoa-Sankoado,11.0290,0.5848,2,"Undisclosed Source","Local partner-Other","On 27 August 2025, the Togolese air force carried out airstrikes against an armed group (likely JNIM militants based on location) near Pognoa-Sankoado (Kompienga, Kompienga, Est). A number of militants were killed. Unspecified fatalities coded as 3.",3,"Foreign military engagement; Insurgency; Terrorist activity",1788832846,2252,3368,5732
ZAM1675,2025-08-27,2025,1,"Strategic developments","Strategic developments",Arrests,"Military Forces of Zambia (2021-)",,1,18,,894,"Southern Africa",Zambia,Northern,Kaputa,,Kaputa,-8.4667,29.6667,2,"Dianzambi; Radio Okapi",Regional,"On 27 August 2025, Zambian soldiers arrested two DRC soldiers at the Musosa border area, coded to the nearest Zambian town of Kaputa (Kaputa, Zambia) after they entered Zambia without authorization while pursing two Congolese civilians. Authorities closed the DRC-Zambia border and re-opened it after 8 days, even though the soldiers remained in Zambian custody.",0,"Foreign military engagement",1757975743,12631,27861,38724
ZAM1675,2025-08-27,2025,1,"Strategic developments","Strategic developments",Arrests,"Military Forces of the Democratic Republic of Congo (2019-)",,8,18,,894,"Southern Africa",Zambia,Northern,Kaputa,,Kaputa,-8.4667,29.6667,2,"Dianzambi; Radio Okapi",Regional,"On 27 August 2025, Zambian soldiers arrested two DRC soldiers at the Musosa border area, coded to the nearest Zambian town of Kaputa (Kaputa, Zambia) after they entered Zambia without authorization while pursing two Congolese civilians. Authorities closed the DRC-Zambia border and re-opened it after 8 days, even though the soldiers remained in Zambian custody.",0,"Foreign military engagement",1757975743,12631,27861,38724
KEN19096,2025-08-29,2025,1,"Strategic developments","Strategic developments","Looting/property destruction","Military Forces of Somalia (2022-) Jubaland Security Force",,8,78,,404,"Eastern Africa",Kenya,Mandera,"Mandera East",Township,Mandera,3.9357,41.8542,1,"Opera News (Kenya)",National,"Looting: On 29 August 2025, 2 suspected members of the Jubaland forces hijacked and drove off with a county government vehicle at the Green View area of Mandera town (Mandera East, Mandera). No details on the driver.",0,"local administrators; Foreign military engagement",1757377080,55393,119554,197524
KEN19096,2025-08-29,2025,1,"Strategic developments","Strategic developments","Looting/property destruction","Civilians (Kenya)","Government of Kenya (2022-)",7,78,,404,"Eastern Africa",Kenya,Mandera,"Mandera East",Township,Mandera,3.9357,41.8542,1,"Opera News (Kenya)",National,"Looting: On 29 August 2025, 2 suspected members of the Jubaland forces hijacked and drove off with a county government vehicle at the Green View area of Mandera town (Mandera East, Mandera). No details on the driver.",0,"local administrators; Foreign military engagement",1757377080,55393,119554,197524
SOM52096,2025-08-30,2025,1,"Political violence","Explosions/Remote violence","Air/drone strike","Unidentified Military Forces",,8,28,,706,"Eastern Africa",Somalia,"Lower Juba",Jamaame,,Malayle,-0.0016,42.6609,1,"Undisclosed Source","Local partner-Other","On 30 August 2025, international forces (described as 'international partners', coded as Unidentified Military Forces), conducted an airstrike targeting an Al Shabaab position in Malayle village (Jamaame, Lower Juba). Casualties unknown.",0,"Foreign military engagement; Insurgency",1788832867,13704,15864,18201
SOM52096,2025-08-30,2025,1,"Political violence","Explosions/Remote violence","Air/drone strike","Al Shabaab",,2,28,,706,"Eastern Africa",Somalia,"Lower Juba",Jamaame,,Malayle,-0.0016,42.6609,1,"Undisclosed Source","Local partner-Other","On 30 August 2025, international forces (described as 'international partners', coded as Unidentified Military Forces), conducted an airstrike targeting an Al Shabaab position in Malayle village (Jamaame, Lower Juba). Casualties unknown.",0,"Foreign military engagement; Insurgency",1788832867,13704,15864,18201
SOM52107,2025-08-30,2025,1,"Political violence","Explosions/Remote violence","Air/drone strike","Military Forces of the United States (2025-)","Military Forces of Somalia (2022-)",8,28,,706,"Eastern Africa",Somalia,"Lower Juba",Kismaayo,,Kismayo,-0.3603,42.5463,2,AFRICOM,Regional,"On 30 August 2025, US forces, in coordination with government security forces (SNA), conducted an airstrike targeting an Al Shabaab base near Kismayo town (Kismaayo, Lower Juba). Casualties unknown.",0,"Foreign military engagement; Insurgency",1757377219,56077,116596,160303
SOM52107,2025-08-30,2025,1,"Political violence","Explosions/Remote violence","Air/drone strike","Al Shabaab",,2,28,,706,"Eastern Africa",Somalia,"Lower Juba",Kismaayo,,Kismayo,-0.3603,42.5463,2,AFRICOM,Regional,"On 30 August 2025, US forces, in coordination with government security forces (SNA), conducted an airstrike targeting an Al Shabaab base near Kismayo town (Kismaayo, Lower Juba). Casualties unknown.",0,"Foreign military engagement; Insurgency",1757377219,56077,116596,160303
SOM52189,2025-08-30,2025,1,"Political violence","Explosions/Remote violence","Air/drone strike","Military Forces of the United States (2025-)","Military Forces of Somalia (2022-)",8,28,,706,"Eastern Africa",Somalia,"Lower Shabelle",Afgooye,,K50,2.0054,44.9872,2,AFRICOM,Regional,"On 30 August 2025, US forces, in coordination with government security forces (SNA), conducted an airstrike targeting an Al Shabaab base near K50 village (Afgooye, Lower Shabelle). Casualties unknown.",0,"Foreign military engagement; Insurgency",1757377219,2104,4521,5557
SOM52189,2025-08-30,2025,1,"Political violence","Explosions/Remote violence","Air/drone strike","Al Shabaab",,2,28,,706,"Eastern Africa",Somalia,"Lower Shabelle",Afgooye,,K50,2.0054,44.9872,2,AFRICOM,Regional,"On 30 August 2025, US forces, in coordination with government security forces (SNA), conducted an airstrike targeting an Al Shabaab base near K50 village (Afgooye, Lower Shabelle). Casualties unknown.",0,"Foreign military engagement; Insurgency",1757377219,2104,4521,5557
SOM52117,2025-08-31,2025,1,"Political violence",Battles,"Armed clash","Al Shabaab",,2,28,,706,"Eastern Africa",Somalia,Gedo,Luuq,,Luuq,3.8000,42.5446,1,"Somali Memo",National,"On 31 August 2025, Al Shabaab clashed with Ethiopia security forces (non-AUSSOM) at a base in Luuq town (Luuq, Gedo). There were no casualties. Al Shabaab claimed responsibility.",0,"Foreign military engagement; Insurgency",1757377219,8306,18956,28606
SOM52117,2025-08-31,2025,1,"Political violence",Battles,"Armed clash","Military Forces of Ethiopia (2018-)",,8,28,,706,"Eastern Africa",Somalia,Gedo,Luuq,,Luuq,3.8000,42.5446,1,"Somali Memo",National,"On 31 August 2025, Al Shabaab clashed with Ethiopia security forces (non-AUSSOM) at a base in Luuq town (Luuq, Gedo). There were no casualties. Al Shabaab claimed responsibility.",0,"Foreign military engagement; Insurgency",1757377219,8306,18956,28606
SOM52506,2025-08-31,2025,1,"Political violence","Explosions/Remote violence","Air/drone strike","Military Forces of the United States (2025-)","Military Forces of Somalia (2022-)",8,28,,706,"Eastern Africa",Somalia,Bari,Qandala,,"Buuraha Cali Miskat",10.8548,49.7434,3,AFRICOM,Regional,"On 31 August 2025, US forces, in coordination with government security forces (SNA), conducted airstrikes targeting Islamic State Somalia Province in Golis Mountains area (location coded to nearest location in Bari, Buuraha Cali Miskat, Bossaso, Bari). Casualties unknown.",0,"Foreign military engagement; Insurgency",1790720401,,,
SOM52506,2025-08-31,2025,1,"Political violence","Explosions/Remote violence","Air/drone strike","Islamic State Somalia Province",,2,28,,706,"Eastern Africa",Somalia,Bari,Qandala,,"Buuraha Cali Miskat",10.8548,49.7434,3,AFRICOM,Regional,"On 31 August 2025, US forces, in coordination with government security forces (SNA), conducted airstrikes targeting Islamic State Somalia Province in Golis Mountains area (location coded to nearest location in Bari, Buuraha Cali Miskat, Bossaso, Bari). Casualties unknown.",0,"Foreign military engagement; Insurgency",1790720401,,,
SOM52507,2025-09-01,2025,1,"Political violence","Explosions/Remote violence","Air/drone strike","Military Forces of the United States (2025-)","Military Forces of Somalia (2022-)",8,28,,706,"Eastern Africa",Somalia,Bari,Qandala,,"Buuraha Cali Miskat",10.8548,49.7434,3,AFRICOM,Regional,"On 1 September 2025, US forces, in coordination with government security forces (SNA), conducted airstrikes targeting Islamic State Somalia Province in Golis Mountains area (location coded to nearest location in Bari, Buuraha Cali Miskat, Bossaso, Bari). Casualties unknown.",0,"Foreign military engagement; Insurgency",1790720401,,,
SOM52507,2025-09-01,2025,1,"Political violence","Explosions/Remote violence","Air/drone strike","Islamic State Somalia Province",,2,28,,706,"Eastern Africa",Somalia,Bari,Qandala,,"Buuraha Cali Miskat",10.8548,49.7434,3,AFRICOM,Regional,"On 1 September 2025, US forces, in coordination with government security forces (SNA), conducted airstrikes targeting Islamic State Somalia Province in Golis Mountains area (location coded to nearest location in Bari, Buuraha Cali Miskat, Bossaso, Bari). Casualties unknown.",0,"Foreign military engagement; Insurgency",1790720401,,,
SOM52131,2025-09-02,2025,1,"Political violence","Explosions/Remote violence","Air/drone strike","Unidentified Military Forces","Military Forces of Somalia (2022-)",8,28,,706,"Eastern Africa",Somalia,Galgaduud,"Ceel Buur",,"Ceel Buur",4.6815,46.6234,2,"Undisclosed Source","Local partner-Other","On 2 September 2025, international forces (described as 'friendly forces', coded as Unidentified Military Forces), in coordination with government security forces (SNA), conducted an airstrike targeting Al Shabaab position near Ceel Buur town (Ceel Buur, Galgaduud). 1 senior militant and several fighters were killed. Unspecified number of fatalities coded as 3. Fatalities coded as 4 (1 senior militant + 3 unspecified number of fighters).",4,"Foreign military engagement; Insurgency",1757377219,3237,3974,4171
SOM52131,2025-09-02,2025,1,"Political violence","Explosions/Remote violence","Air/drone strike","Al Shabaab",,2,28,,706,"Eastern Africa",Somalia,Galgaduud,"Ceel Buur",,"Ceel Buur",4.6815,46.6234,2,"Undisclosed Source","Local partner-Other","On 2 September 2025, international forces (described as 'friendly forces', coded as Unidentified Military Forces), in coordination with government security forces (SNA), conducted an airstrike targeting Al Shabaab position near Ceel Buur town (Ceel Buur, Galgaduud). 1 senior militant and several fighters were killed. Unspecified number of fatalities coded as 3. Fatalities coded as 4 (1 senior militant + 3 unspecified number of fighters).",4,"Foreign military engagement; Insurgency",1757377219,3237,3974,4171
SOM52174,2025-09-02,2025,1,"Political violence","Explosions/Remote violence","Air/drone strike","Unidentified Military Forces","Military Forces of Somalia (2022-) National Intelligence and Security Agency",8,28,,706,"Eastern Africa",Somalia,Hiraan,Jalalaqsi,,Shaw,3.4166,45.4085,1,"Caasimada; Goobjoob; Hiiraan (Somalia); Horseed Media; Puntland Post; Radio Dalsan; Radio Kulmiye; Radio Risala; Shabelle Media Network; Somali News Agency; Undisclosed Source","Local partner-Other","On 2 September 2025, international forces (described as 'friendly forces', coded as Unidentified Military Forces), in coordination with government security forces (NISA), conducted an airstrike targeting Al Shabaab gathering position in Shaw village (Jalalaqsi, Hiraan). A senior militant, his wife and 3 fighters were killed.",5,"Foreign military engagement; Insurgency",1757377219,4536,4961,5566
SOM52174,2025-09-02,2025,1,"Political violence","Explosions/Remote violence","Air/drone strike","Al Shabaab",,2,28,,706,"Eastern Africa",Somalia,Hiraan,Jalalaqsi,,Shaw,3.4166,45.4085,1,"Caasimada; Goobjoob; Hiiraan (Somalia); Horseed Media; Puntland Post; Radio Dalsan; Radio Kulmiye; Radio Risala; Shabelle Media Network; Somali News Agency; Undisclosed Source","Local partner-Other","On 2 September 2025, international forces (described as 'friendly forces', coded as Unidentified Military Forces), in coordination with government security forces (NISA), conducted an airstrike targeting Al Shabaab gathering position in Shaw village (Jalalaqsi, Hiraan). A senior militant, his wife and 3 fighters were killed.",5,"Foreign military engagement; Insurgency",1757377219,4536,4961,5566
SOM52514,2025-09-02,2025,1,"Political violence","Explosions/Remote violence","Air/drone strike","Military Forces of the United States (2025-)","Military Forces of Somalia (2022-)",8,28,,706,"Eastern Africa",Somalia,Bari,Qandala,,"Buuraha Cali Miskat",10.8548,49.7434,3,AFRICOM,Regional,"On 2 September 2025, US forces, in coordination with government security forces (SNA), conducted airstrikes targeting Islamic State Somalia Province in Golis Mountains area (location coded to nearest location in Bari, Buuraha Cali Miskat, Bossaso, Bari). Casualties unknown.",0,"Foreign military engagement; Insurgency",1790720401,,,
SOM52514,2025-09-02,2025,1,"Political violence","Explosions/Remote violence","Air/drone strike","Islamic State Somalia Province",,2,28,,706,"Eastern Africa",Somalia,Bari,Qandala,,"Buuraha Cali Miskat",10.8548,49.7434,3,AFRICOM,Regional,"On 2 September 2025, US forces, in coordination with government security forces (SNA), conducted airstrikes targeting Islamic State Somalia Province in Golis Mountains area (location coded to nearest location in Bari, Buuraha Cali Miskat, Bossaso, Bari). Casualties unknown.",0,"Foreign military engagement; Insurgency",1790720401,,,
SOM52183,2025-09-03,2025,1,"Political violence","Explosions/Remote violence","Shelling/artillery/missile attack","Al Shabaab",,2,28,,706,"Eastern Africa",Somalia,Gedo,Luuq,,Luuq,3.8000,42.5446,1,"Calamada; Somali Memo",National,"On 3 September 2025, overnight, Al Shabaab fired mortar shells targeting Ethiopia security forces (non-AUSSOM) at a base in Luuq town (Luuq, Gedo). There were no casualties. Al Shabaab claimed responsibility.",0,"Foreign military engagement; Insurgency",1757377219,8306,18956,28606
SOM52183,2025-09-03,2025,1,"Political violence","Explosions/Remote violence","Shelling/artillery/missile attack","Military Forces of Ethiopia (2018-)",,8,28,,706,"Eastern Africa",Somalia,Gedo,Luuq,,Luuq,3.8000,42.5446,1,"Calamada; Somali Memo",National,"On 3 September 2025, overnight, Al Shabaab fired mortar shells targeting Ethiopia security forces (non-AUSSOM) at a base in Luuq town (Luuq, Gedo). There were no casualties. Al Shabaab claimed responsibility.",0,"Foreign military engagement; Insurgency",1757377219,8306,18956,28606
ETH16334,2025-09-03,2025,1,"Strategic developments","Strategic developments",Other,"Unidentified Military Forces",,8,78,,231,"Eastern Africa",Ethiopia,Tigray,"Central Tigray",Abergele,Yechilay,13.2878,38.9914,1,"TIKVAH Ethiopia",Other,"Explosive remnants of war: On 3 September 2025, an unexploded ordnance, which is believed to have been from the Northern Ethiopia conflict (2020-2022), detonated in Yechilay (Abergele, Central Tigray, Tigray), killing 2 and wounding 1 civilian. The ordinance exploded in the house (how the landmine ended up in the house is unknown/not reported).",2,"Foreign military engagement",1757377045,12862,16337,21767
ETH16334,2025-09-03,2025,1,"Strategic developments","Strategic developments",Other,"Civilians (Ethiopia)",,7,78,,231,"Eastern Africa",Ethiopia,Tigray,"Central Tigray",Abergele,Yechilay,13.2878,38.9914,1,"TIKVAH Ethiopia",Other,"Explosive remnants of war: On 3 September 2025, an unexploded ordnance, which is believed to have been from the Northern Ethiopia conflict (2020-2022), detonated in Yechilay (Abergele, Central Tigray, Tigray), killing 2 and wounding 1 civilian. The ordinance exploded in the house (how the landmine ended up in the house is unknown/not reported).",2,"Foreign military engagement",1757377045,12862,16337,21767
MLI35045,2025-09-04,2025,1,"Strategic developments","Strategic developments",Other,"Government of Mali (2021-)",,1,18,,466,"Western Africa",Mali,Kidal,Abeibara,Tinzawatene,"Tin Zaouaten",19.9486,2.9649,3,"AMAP; Essor; Reuters",National-International,"Other: On 4 September 2025, the Malian government filed an International Court of Justice (ICJ) case against Algeria for the destruction of a reconnaissance drone, TZ-98D, on the night of 31 March to 1 April 2025, in Tinzawatene, Kidal Region (coded separately). They denounced the action as an aggression on the Malian territory as well as a violation of the principle of non-use of force. They also accused Algeria of obstructing Mali's military campaign against armed rebels. Location coded to where the Malian government declared the drone was shot down: Tin Zaouaten (Tinzawatene, Abeibara, Kidal).",0,"Foreign military engagement",1757377124,3473,4084,5615
MLI35045,2025-09-04,2025,1,"Strategic developments","Strategic developments",Other,"Government of Algeria (2019-)",,8,18,,466,"Western Africa",Mali,Kidal,Abeibara,Tinzawatene,"Tin Zaouaten",19.9486,2.9649,3,"AMAP; Essor; Reuters",National-International,"Other: On 4 September 2025, the Malian government filed an International Court of Justice (ICJ) case against Algeria for the destruction of a reconnaissance drone, TZ-98D, on the night of 31 March to 1 April 2025, in Tinzawatene, Kidal Region (coded separately). They denounced the action as an aggression on the Malian territory as well as a violation of the principle of non-use of force. They also accused Algeria of obstructing Mali's military campaign against armed rebels. Location coded to where the Malian government declared the drone was shot down: Tin Zaouaten (Tinzawatene, Abeibara, Kidal).",0,"Foreign military engagement",1757377124,3473,4084,5615
SOM52190,2025-09-04,2025,1,"Political violence",Battles,"Armed clash","Al Shabaab",,2,28,,706,"Eastern Africa",Somalia,"Lower Juba",Kismaayo,,Kismayo,-0.3603,42.5463,2,"AFRICOM; Al Furqaan; Caasimada; Calamada; Hiiraan (Somalia); Radio Kulmiye",Subnational-National,"On 4 September 2025, Al Shabaab clashed with US forces and Jubaland security forces convoy near Kismayo town (Kismaayo, Lower Juba). An unknown number of militants and soldiers were killed and wounded. Unspecified number of fatalities coded as 3. Al Shabaab claimed responsibility.",3,"Foreign military engagement; Insurgency",1757377219,56077,116596,160303
SOM52190,2025-09-04,2025,1,"Political violence",Battles,"Armed clash","Military Forces of the United States (2025-)","Military Forces of Somalia (2022-) Jubaland Security Force",8,28,,706,"Eastern Africa",Somalia,"Lower Juba",Kismaayo,,Kismayo,-0.3603,42.5463,2,"AFRICOM; Al Furqaan; Caasimada; Calamada; Hiiraan (Somalia); Radio Kulmiye",Subnational-National,"On 4 September 2025, Al Shabaab clashed with US forces and Jubaland security forces convoy near Kismayo town (Kismaayo, Lower Juba). An unknown number of militants and soldiers were killed and wounded. Unspecified number of fatalities coded as 3. Al Shabaab claimed responsibility.",3,"Foreign military engagement; Insurgency",1757377219,56077,116596,160303
SOM52236,2025-09-05,2025,1,"Political violence",Battles,"Armed clash","Al Shabaab",,2,28,,706,"Eastern Africa",Somalia,Bay,Diinsoor,,Diinsoor,2.4074,42.9766,1,"Somali Memo; Undisclosed Source","Local partner-Other","On 5 September 2025, overnight, Al Shabaab clashed with AUSSOM ENDF troops at a base in Diinsoor town (Diinsoor, Bay). There were no casualties. Al Shabaab claimed responsibility.",0,"Foreign military engagement; Insurgency",1757975700,36086,49623,51308
SOM52236,2025-09-05,2025,1,"Political violence",Battles,"Armed clash","AUSSOM: Africa Union Support and Stabilisation Mission in Somalia (2025-) (Ethiopia)",,8,28,,706,"Eastern Africa",Somalia,Bay,Diinsoor,,Diinsoor,2.4074,42.9766,1,"Somali Memo; Undisclosed Source","Local partner-Other","On 5 September 2025, overnight, Al Shabaab clashed with AUSSOM ENDF troops at a base in Diinsoor town (Diinsoor, Bay). There were no casualties. Al Shabaab claimed responsibility.",0,"Foreign military engagement; Insurgency",1757975700,36086,49623,51308
NIR31888,2025-09-07,2025,1,"Political violence","Explosions/Remote violence","Air/drone strike","Military Forces of Mali (2021-)",,8,28,,562,"Western Africa",Niger,Tillaberi,Tera,Gorouol,Yessi,14.9221,0.6595,1,"Undisclosed Source","Local partner-Other","On 7 September 2025, the Malian air forces carried out a drone strike against ISSP militants in Yessi (Tera, Tillaberi). Casualties unknown.",0,"Foreign military engagement; Insurgency; Terrorist activity",1757975700,63,326,1052
NIR31888,2025-09-07,2025,1,"Political violence","Explosions/Remote violence","Air/drone strike","Islamic State Sahel Province (ISSP)",,2,28,,562,"Western Africa",Niger,Tillaberi,Tera,Gorouol,Yessi,14.9221,0.6595,1,"Undisclosed Source","Local partner-Other","On 7 September 2025, the Malian air forces carried out a drone strike against ISSP militants in Yessi (Tera, Tillaberi). Casualties unknown.",0,"Foreign military engagement; Insurgency; Terrorist activity",1757975700,63,326,1052
SOM52317,2025-09-09,2025,1,"Political violence","Explosions/Remote violence","Air/drone strike","Military Forces of the United States (2025-)","Military Forces of Somalia (2022-) National Intelligence and Security Agency",8,28,,706,"Eastern Africa",Somalia,"Lower Shabelle",Qoryooley,,Ugunji,1.8734,44.7208,1,"AFRICOM; Hiiraan (Somalia); Shabelle Media Network; Somali News Agency; Undisclosed Source","Local partner-Other","On 9 September 2025, US forces, in coordination with government security forces (NISA), conducted an airstrike targeting Al Shabaab in Ugunji village (Qoryooley, Lower Shabelle). A senior Al Shabaab commander and 3 fighters were killed. The commander was involved in the roadside bombing that targeted the President's convoy to end the route to the airport on 18 March 2025 (coded separately). He was described as one of the most dangerous Al Shabaab operatives and was believed to be responsible for organizing multiple bomb attacks that caused significant civilian casualties.",4,"Foreign military engagement; Insurgency",1759192102,2067,4014,5198
SOM52317,2025-09-09,2025,1,"Political violence","Explosions/Remote violence","Air/drone strike","Al Shabaab",,2,28,,706,"Eastern Africa",Somalia,"Lower Shabelle",Qoryooley,,Ugunji,1.8734,44.7208,1,"AFRICOM; Hiiraan (Somalia); Shabelle Media Network; Somali News Agency; Undisclosed Source","Local partner-Other","On 9 September 2025, US forces, in coordination with government security forces (NISA), conducted an airstrike targeting Al Shabaab in Ugunji village (Qoryooley, Lower Shabelle). A senior Al Shabaab commander and 3 fighters were killed. The commander was involved in the roadside bombing that targeted the President's convoy to end the route to the airport on 18 March 2025 (coded separately). He was described as one of the most dangerous Al Shabaab operatives and was believed to be responsible for organizing multiple bomb attacks that caused significant civilian casualties.",4,"Foreign military engagement; Insurgency",1759192102,2067,4014,5198
SOM52327,2025-09-10,2025,1,"Political violence","Explosions/Remote violence","Air/drone strike","Military Forces of the United States (2025-)","Military Forces of Somalia (2022-)",8,28,,706,"Eastern Africa",Somalia,Bari,Qandala,,"Buuraha Cali Miskat",10.8548,49.7434,3,"AFRICOM; Caasimada; Hiiraan (Somalia); Puntland Post",National-Regional,"On 10 September 2025, US forces, in coordination with government security forces (SNA), conducted airstrikes targeting Islamic State Somalia Province in Golis Mountains area (location coded to nearest location in Bari, Buuraha Cali Miskat, Bossaso, Bari). Casualties unknown.",0,"Foreign military engagement; Insurgency",1790720401,,,
SOM52327,2025-09-10,2025,1,"Political violence","Explosions/Remote violence","Air/drone strike","Islamic State Somalia Province",,2,28,,706,"Eastern Africa",Somalia,Bari,Qandala,,"Buuraha Cali Miskat",10.8548,49.7434,3,"AFRICOM; Caasimada; Hiiraan (Somalia); Puntland Post",National-Regional,"On 10 September 2025, US forces, in coordination with government security forces (SNA), conducted airstrikes targeting Islamic State Somalia Province in Golis Mountains area (location coded to nearest location in Bari, Buuraha Cali Miskat, Bossaso, Bari). Casualties unknown.",0,"Foreign military engagement; Insurgency",1790720401,,,
MZM5416,2025-09-11,2025,1,"Strategic developments","Strategic developments","Change to group/activity","Military Forces of Rwanda (1994-)",,8,80,,508,"Eastern Africa",Mozambique,"Cabo Delgado",Macomia,Mucojo,Mucojo,-12.0653,40.4794,1,"Cabo Ligado","Local partner-Other","Movement of forces: On 11 September 2025, around 15 RDF military vehicles entered Mucojo (Mucojo, Macomia, Cabo Delgado) due to ISM militant activity in the area.",0,"Foreign military engagement",1757975700,3444,6528,9205
SOM52369,2025-09-12,2025,1,"Political violence","Explosions/Remote violence","Air/drone strike","Military Forces of the United States (2025-)","Military Forces of Somalia (2022-)",8,28,,706,"Eastern Africa",Somalia,Galgaduud,"Ceel Dheer",,"Ceel Dheer",3.8491,47.1803,1,"AFRICOM; Hiiraan (Somalia); Radio Risala",National-Regional,"On 12 September 2025, US forces, in coordination with government security forces (SNA), conducted an airstrike targeting an Al Shabaab in the vicinity of Ceel Dheer town (Ceel Dheer, Galgaduud). Casualties unknown.",0,"Foreign military engagement; Insurgency",1758584825,16873,17969,18366
SOM52369,2025-09-12,2025,1,"Political violence","Explosions/Remote violence","Air/drone strike","Al Shabaab",,2,28,,706,"Eastern Africa",Somalia,Galgaduud,"Ceel Dheer",,"Ceel Dheer",3.8491,47.1803,1,"AFRICOM; Hiiraan (Somalia); Radio Risala",National-Regional,"On 12 September 2025, US forces, in coordination with government security forces (SNA), conducted an airstrike targeting an Al Shabaab in the vicinity of Ceel Dheer town (Ceel Dheer, Galgaduud). Casualties unknown.",0,"Foreign military engagement; Insurgency",1758584825,16873,17969,18366
SOM52394,2025-09-12,2025,1,"Political violence",Battles,"Armed clash","AUSSOM: Africa Union Support and Stabilisation Mission in Somalia (2025-) (Uganda)",,8,28,,706,"Eastern Africa",Somalia,"Lower Shabelle",Afgooye,,Mukaiga,2.1517,45.0686,1,"Local Network",Other,"On 12 September 2025, AUSSOM UPDF troops clashed with Al Shabaab in Mukaiga village (Afgooye, Lower Shabelle). The clash was initiated with RPGs. 5 militants were injured.",0,"Foreign military engagement; Insurgency",1758584825,221,348,382
SOM52394,2025-09-12,2025,1,"Political violence",Battles,"Armed clash","Al Shabaab",,2,28,,706,"Eastern Africa",Somalia,"Lower Shabelle",Afgooye,,Mukaiga,2.1517,45.0686,1,"Local Network",Other,"On 12 September 2025, AUSSOM UPDF troops clashed with Al Shabaab in Mukaiga village (Afgooye, Lower Shabelle). The clash was initiated with RPGs. 5 militants were injured.",0,"Foreign military engagement; Insurgency",1758584825,221,348,382
SOM52368,2025-09-13,2025,1,"Political violence","Explosions/Remote violence","Air/drone strike","Military Forces of the United States (2025-)","Military Forces of Somalia (2022-)",8,28,,706,"Eastern Africa",Somalia,Sanaag,Ceerigaabo,,Ceel-Buh,10.2255,48.3099,2,"AFRICOM; Caasimada; Calamada; Garowe Online; Goobjoob; Hiiraan (Somalia); Horseed Media; Local Network; Puntland Post; Radio Dalsan; Radio Risala; Shabelle Media Network; Undisclosed Source","Local partner-Other","On 13 September 2025, US forces, in coordination with government security forces (SNA), conducted an airstrike targeting an Al Shabaab weapons dealer near Ceel-Buh village (Ceerigaabo, Sanaag). 3 civilians were killed, including a prominent traditional leader from the Darod-Warsangeli sub-clan, his driver and another person. Al Shabaab rejected the traditional leader being a member of the group.",3,"Foreign military engagement; Insurgency",1758584825,3415,3742,3857
SOM52368,2025-09-13,2025,1,"Political violence","Explosions/Remote violence","Air/drone strike","Al Shabaab","Civilians (Somalia); Darod-Warsangeli Sub-Clan Group (Somalia); Labor Group (Somalia)",2,28,,706,"Eastern Africa",Somalia,Sanaag,Ceerigaabo,,Ceel-Buh,10.2255,48.3099,2,"AFRICOM; Caasimada; Calamada; Garowe Online; Goobjoob; Hiiraan (Somalia); Horseed Media; Local Network; Puntland Post; Radio Dalsan; Radio Risala; Shabelle Media Network; Undisclosed Source","Local partner-Other","On 13 September 2025, US forces, in coordination with government security forces (SNA), conducted an airstrike targeting an Al Shabaab weapons dealer near Ceel-Buh village (Ceerigaabo, Sanaag). 3 civilians were killed, including a prominent traditional leader from the Darod-Warsangeli sub-clan, his driver and another person. Al Shabaab rejected the traditional leader being a member of the group.",3,"Foreign military engagement; Insurgency",1758584825,3415,3742,3857
ERI482,2025-09-13,2025,1,"Strategic developments","Strategic developments","Change to group/activity","Police Forces of Ethiopia (2018-) Afar State Police",,8,28,,232,"Eastern Africa",Eritrea,"Debubawi Keih Bahri","Debub Debubawi Keih Bahri",,"Deba Sima",12.7003,42.3454,3,"BBC News",International,"Change to armed group: On 13 September 2025, 15 members of the Afar Regional Special Force (coded as Afar Regional Police) defected to join an Ethiopian rebel group, the 'Afar People's Unity Front,' based in Eritrea, along with their weapons. The commander of the Uguugumo rebel group, also known as the Afar Revolutionary Democratic Unity Front (ARDUF), which is based in Eritrea, welcomed the defectors upon their arrival at an unspecified location near the Ethiopian-Eritrean border (location coded to Deba Sima, Debub Debubawi Keih Bahri, Debubawi Keih Bahri). This defection occurs amid rising tensions between Eritrea and Ethiopia over Ethiopia's efforts to gain access to the Red Sea.",0,"Foreign military engagement; Insurgency",1782854937,99,160,323
ERI482,2025-09-13,2025,1,"Strategic developments","Strategic developments","Change to group/activity","ARDUF: Afar Revolutionary Democratic Unity Front",,2,28,,232,"Eastern Africa",Eritrea,"Debubawi Keih Bahri","Debub Debubawi Keih Bahri",,"Deba Sima",12.7003,42.3454,3,"BBC News",International,"Change to armed group: On 13 September 2025, 15 members of the Afar Regional Special Force (coded as Afar Regional Police) defected to join an Ethiopian rebel group, the 'Afar People's Unity Front,' based in Eritrea, along with their weapons. The commander of the Uguugumo rebel group, also known as the Afar Revolutionary Democratic Unity Front (ARDUF), which is based in Eritrea, welcomed the defectors upon their arrival at an unspecified location near the Ethiopian-Eritrean border (location coded to Deba Sima, Debub Debubawi Keih Bahri, Debubawi Keih Bahri). This defection occurs amid rising tensions between Eritrea and Ethiopia over Ethiopia's efforts to gain access to the Red Sea.",0,"Foreign military engagement; Insurgency",1782854937,99,160,323
SOM52376,2025-09-14,2025,1,"Political violence",Battles,"Armed clash","Al Shabaab",,2,28,,706,"Eastern Africa",Somalia,Bay,Diinsoor,,Diinsoor,2.4074,42.9766,1,"Calamada; Somali Memo; Undisclosed Source","Local partner-Other","On 14 September 2025, overnight, Al Shabaab clashed with AUSSOM ENDF troops at a base in Diinsoor town (Diinsoor, Bay). There were no casualties. Al Shabaab claimed responsibility.",0,"Foreign military engagement; Insurgency",1758584825,36086,49623,51308
SOM52376,2025-09-14,2025,1,"Political violence",Battles,"Armed clash","AUSSOM: Africa Union Support and Stabilisation Mission in Somalia (2025-) (Ethiopia)",,8,28,,706,"Eastern Africa",Somalia,Bay,Diinsoor,,Diinsoor,2.4074,42.9766,1,"Calamada; Somali Memo; Undisclosed Source","Local partner-Other","On 14 September 2025, overnight, Al Shabaab clashed with AUSSOM ENDF troops at a base in Diinsoor town (Diinsoor, Bay). There were no casualties. Al Shabaab claimed responsibility.",0,"Foreign military engagement; Insurgency",1758584825,36086,49623,51308
SOM52451,2025-09-15,2025,1,"Strategic developments","Strategic developments","Disrupted weapons use","AUSSOM: Africa Union Support and Stabilisation Mission in Somalia (2025-) (Burundi)",,8,28,,706,"Eastern Africa",Somalia,"Middle Shabelle",Jowhar,,Mahadaay,2.9704,45.5347,1,"Undisclosed Source","Local partner-Other","Defusal: On 15 September 2025, AUSSOM BNDF troops defused an IED planted an by unknown armed group (likely Al Shabaab due to similar attacks by the group), along the road in Mahadaay town (Jowhar, Middle Shabelle). The security forces conducted a combat and reconnaissance patrol in the area.",0,"Foreign military engagement; Insurgency",1758584825,15765,24550,27306
SOM52451,2025-09-15,2025,1,"Strategic developments","Strategic developments","Disrupted weapons use","Al Shabaab",,2,28,,706,"Eastern Africa",Somalia,"Middle Shabelle",Jowhar,,Mahadaay,2.9704,45.5347,1,"Undisclosed Source","Local partner-Other","Defusal: On 15 September 2025, AUSSOM BNDF troops defused an IED planted an by unknown armed group (likely Al Shabaab due to similar attacks by the group), along the road in Mahadaay town (Jowhar, Middle Shabelle). The security forces conducted a combat and reconnaissance patrol in the area.",0,"Foreign military engagement; Insurgency",1758584825,15765,24550,27306
SOM52377,2025-09-16,2025,1,"Political violence",Battles,"Armed clash","Al Shabaab",,2,28,,706,"Eastern Africa",Somalia,Bay,Baydhaba,,Berdaale,3.2150,43.1983,1,"Al Furqaan; Calamada",Subnational-National,"On 16 September 2025, overnight, Al Shabaab clashed with Ethiopia security forces (non-AUSSOM) at a base in Berdaale town (Baydhaba, Bay). Al Shabaab claimed to have injured soldiers.",0,"Foreign military engagement; Insurgency",1758584825,17665,25690,27665
SOM52377,2025-09-16,2025,1,"Political violence",Battles,"Armed clash","Military Forces of Ethiopia (2018-)",,8,28,,706,"Eastern Africa",Somalia,Bay,Baydhaba,,Berdaale,3.2150,43.1983,1,"Al Furqaan; Calamada",Subnational-National,"On 16 September 2025, overnight, Al Shabaab clashed with Ethiopia security forces (non-AUSSOM) at a base in Berdaale town (Baydhaba, Bay). Al Shabaab claimed to have injured soldiers.",0,"Foreign military engagement; Insurgency",1758584825,17665,25690,27665
SOM52378,2025-09-16,2025,1,"Political violence",Battles,"Armed clash","Al Shabaab",,2,28,,706,"Eastern Africa",Somalia,Gedo,Baardheere,,Bardera,2.3385,42.2843,1,Calamada,National,"On 16 September 2025, overnight, Al Shabaab clashed with Ethiopia security forces (non-AUSSOM) at the airport area in Bardera town (Baardheere, Gedo). There were no casualties. Al Shabaab claimed responsibility.",0,"Foreign military engagement; Insurgency",1758584825,50003,102053,123191
SOM52378,2025-09-16,2025,1,"Political violence",Battles,"Armed clash","Military Forces of Ethiopia (2018-)",,8,28,,706,"Eastern Africa",Somalia,Gedo,Baardheere,,Bardera,2.3385,42.2843,1,Calamada,National,"On 16 September 2025, overnight, Al Shabaab clashed with Ethiopia security forces (non-AUSSOM) at the airport area in Bardera town (Baardheere, Gedo). There were no casualties. Al Shabaab claimed responsibility.",0,"Foreign military engagement; Insurgency",1758584825,50003,102053,123191
SOM52457,2025-09-16,2025,1,"Political violence","Explosions/Remote violence","Air/drone strike","Unidentified Military Forces","Military Forces of Somalia (2022-) National Intelligence and Security Agency",8,28,,706,"Eastern Africa",Somalia,"Lower Shabelle",Kurtunwaarey,,Kurtunwaarey,1.6104,44.3329,1,"Local Network",Other,"On 16 September 2025, international forces (described as allied forces, coded as Unidentified Military Forces), in coordination with government security forces (NISA), conducted an airstrike targeting Al Shabaab in Kurtunwaarey town (Kurtunwaarey, Lower Shabelle). An unknown number of senior militants were killed, including foreign fighters, and wounded. Unspecified number of fatalities coded as 3.",3,"Foreign military engagement; Insurgency",1758584825,13574,14204,15546
SOM52457,2025-09-16,2025,1,"Political violence","Explosions/Remote violence","Air/drone strike","Al Shabaab",,2,28,,706,"Eastern Africa",Somalia,"Lower Shabelle",Kurtunwaarey,,Kurtunwaarey,1.6104,44.3329,1,"Local Network",Other,"On 16 September 2025, international forces (described as allied forces, coded as Unidentified Military Forces), in coordination with government security forces (NISA), conducted an airstrike targeting Al Shabaab in Kurtunwaarey town (Kurtunwaarey, Lower Shabelle). An unknown number of senior militants were killed, including foreign fighters, and wounded. Unspecified number of fatalities coded as 3.",3,"Foreign military engagement; Insurgency",1758584825,13574,14204,15546
SOM52462,2025-09-16,2025,1,"Political violence","Explosions/Remote violence","Air/drone strike","Unidentified Military Forces","Military Forces of Somalia (2022-) National Intelligence and Security Agency",8,28,,706,"Eastern Africa",Somalia,"Lower Shabelle",Sablaale,,Sablaale,1.2495,43.8045,1,"Local Network",Other,"On 16 September 2025, international forces (described as allied forces, coded as Unidentified Military Forces), in coordination with government security forces (NISA), conducted an airstrike targeting Al Shabaab in Sablaale town (Sablaale, Lower Shabelle). An unknown number of senior militants were killed, including foreign fighters, and wounded. Unspecified number of fatalities coded as 3. Explosive centres were also destroyed.",3,"Foreign military engagement; Insurgency",1758584825,33383,40721,41316
SOM52462,2025-09-16,2025,1,"Political violence","Explosions/Remote violence","Air/drone strike","Al Shabaab",,2,28,,706,"Eastern Africa",Somalia,"Lower Shabelle",Sablaale,,Sablaale,1.2495,43.8045,1,"Local Network",Other,"On 16 September 2025, international forces (described as allied forces, coded as Unidentified Military Forces), in coordination with government security forces (NISA), conducted an airstrike targeting Al Shabaab in Sablaale town (Sablaale, Lower Shabelle). An unknown number of senior militants were killed, including foreign fighters, and wounded. Unspecified number of fatalities coded as 3. Explosive centres were also destroyed.",3,"Foreign military engagement; Insurgency",1758584825,33383,40721,41316
SOM52463,2025-09-16,2025,1,"Political violence","Explosions/Remote violence","Air/drone strike","Unidentified Military Forces","Military Forces of Somalia (2022-) National Intelligence and Security Agency",8,28,,706,"Eastern Africa",Somalia,"Lower Shabelle",Baraawe,,Haawaay,1.1685,43.7143,2,"Local Network",Other,"On 16 September 2025, international forces (described as allied forces, coded as Unidentified Military Forces), in coordination with government security forces (NISA), conducted an airstrike targeting Al Shabaab near Haawaay village (Baraawe, Lower Shabelle). An unknown number of militants were killed and wounded. Unspecified number of fatalities coded as 3.",3,"Foreign military engagement; Insurgency",1758584825,1606,6081,6681
SOM52463,2025-09-16,2025,1,"Political violence","Explosions/Remote violence","Air/drone strike","Al Shabaab",,2,28,,706,"Eastern Africa",Somalia,"Lower Shabelle",Baraawe,,Haawaay,1.1685,43.7143,2,"Local Network",Other,"On 16 September 2025, international forces (described as allied forces, coded as Unidentified Military Forces), in coordination with government security forces (NISA), conducted an airstrike targeting Al Shabaab near Haawaay village (Baraawe, Lower Shabelle). An unknown number of militants were killed and wounded. Unspecified number of fatalities coded as 3.",3,"Foreign military engagement; Insurgency",1758584825,1606,6081,6681
SSD17030,2025-09-16,2025,2,"Strategic developments","Strategic developments","Non-violent transfer of territory","Military Forces of Uganda (1986-)",,8,18,,728,"Eastern Africa","South Sudan","Central Equatoria",Morobo,Kimba,Kaya,3.5418,30.8813,2,"Africa Intelligence",International,"Around 16 September 2025 (as reported), UPDF forces were suspected to have taken de facto control of a strip of land between Magwi and Kaya along the South Sudan-Uganda border (location coded to Kaya, the nearest known location in Morobo County, Central Equatoria State).",0,"Foreign military engagement",1781738825,9597,17936,43347
SSD17030,2025-09-16,2025,2,"Strategic developments","Strategic developments","Non-violent transfer of territory","Military Forces of South Sudan (2011-)",,1,18,,728,"Eastern Africa","South Sudan","Central Equatoria",Morobo,Kimba,Kaya,3.5418,30.8813,2,"Africa Intelligence",International,"Around 16 September 2025 (as reported), UPDF forces were suspected to have taken de facto control of a strip of land between Magwi and Kaya along the South Sudan-Uganda border (location coded to Kaya, the nearest known location in Morobo County, Central Equatoria State).",0,"Foreign military engagement",1781738825,9597,17936,43347
SSD17031,2025-09-16,2025,2,"Strategic developments","Strategic developments","Non-violent transfer of territory","Military Forces of Uganda (1986-)",,8,18,,728,"Eastern Africa","South Sudan","Eastern Equatoria",Magwi,Nimule,Nimule,3.5863,32.0680,2,"Africa Intelligence",International,"Around 16 September 2025 (as reported), UPDF forces were suspected to have taken de facto control of an area around Nimule Town along the South Sudan-Uganda border (location coded to Nimule, the nearest known location in Magwi County, Eastern Equatoria State).",0,"Foreign military engagement",1781738825,23333,55992,81966
SSD17031,2025-09-16,2025,2,"Strategic developments","Strategic developments","Non-violent transfer of territory","Military Forces of South Sudan (2011-)",,1,18,,728,"Eastern Africa","South Sudan","Eastern Equatoria",Magwi,Nimule,Nimule,3.5863,32.0680,2,"Africa Intelligence",International,"Around 16 September 2025 (as reported), UPDF forces were suspected to have taken de facto control of an area around Nimule Town along the South Sudan-Uganda border (location coded to Nimule, the nearest known location in Magwi County, Eastern Equatoria State).",0,"Foreign military engagement",1781738825,23333,55992,81966
MLI35190,2025-09-17,2025,1,"Strategic developments","Strategic developments",Other,"Government of Mali (2021-)",,1,18,,466,"Western Africa",Mali,Bamako,Bamako,"Commune III",Bamako,12.6500,-8.0000,3,"Mali Jet; Whatsapp","New media-National","Other: On 17 September 2025, the government of Mali has expelled five French diplomats and officially announced the end of counter-terrorism cooperation with France country. Location coded to Bamako (Commune III, Bamako, Bamako).",0,"Foreign military engagement",1759192033,89498,312842,1235074
MLI35190,2025-09-17,2025,1,"Strategic developments","Strategic developments",Other,"Government of France (2017-)",,8,18,,466,"Western Africa",Mali,Bamako,Bamako,"Commune III",Bamako,12.6500,-8.0000,3,"Mali Jet; Whatsapp","New media-National","Other: On 17 September 2025, the government of Mali has expelled five French diplomats and officially announced the end of counter-terrorism cooperation with France country. Location coded to Bamako (Commune III, Bamako, Bamako).",0,"Foreign military engagement",1759192033,89498,312842,1235074
SOM52503,2025-09-20,2025,1,"Political violence","Explosions/Remote violence","Air/drone strike","Military Forces of the United States (2025-)",,8,28,,706,"Eastern Africa",Somalia,Bari,Qandala,,"Buuraha Cali Miskat",10.8548,49.7434,3,"Puntland Post; Radio Kulmiye",National,"On 20 September 2025, US forces conducted airstrikes targeting Islamic State Somalia Province in Golis Mountains area (location coded to nearest location in Bari, Buuraha Cali Miskat, Bossaso, Bari). Casualties unknown.",0,"Foreign military engagement; Insurgency",1790720401,,,
SOM52503,2025-09-20,2025,1,"Political violence","Explosions/Remote violence","Air/drone strike","Islamic State Somalia Province",,2,28,,706,"Eastern Africa",Somalia,Bari,Qandala,,"Buuraha Cali Miskat",10.8548,49.7434,3,"Puntland Post; Radio Kulmiye",National,"On 20 September 2025, US forces conducted airstrikes targeting Islamic State Somalia Province in Golis Mountains area (location coded to nearest location in Bari, Buuraha Cali Miskat, Bossaso, Bari). Casualties unknown.",0,"Foreign military engagement; Insurgency",1790720401,,,
SOM52504,2025-09-20,2025,1,"Political violence","Explosions/Remote violence","Air/drone strike","Military Forces of the United States (2025-)",,8,28,,706,"Eastern Africa",Somalia,Bari,Bossaso,,Balaade,11.1612,49.3646,2,"Puntland Post; Radio Kulmiye",National,"On 20 September 2025, US forces conducted an airstrike targeting an Islamic State Somalia Province in Maraagade village near Balade village (Bossaso, Bari). Casualties unknown.",0,"Foreign military engagement; Insurgency",1781806855,1,11,49
SOM52504,2025-09-20,2025,1,"Political violence","Explosions/Remote violence","Air/drone strike","Islamic State Somalia Province",,2,28,,706,"Eastern Africa",Somalia,Bari,Bossaso,,Balaade,11.1612,49.3646,2,"Puntland Post; Radio Kulmiye",National,"On 20 September 2025, US forces conducted an airstrike targeting an Islamic State Somalia Province in Maraagade village near Balade village (Bossaso, Bari). Casualties unknown.",0,"Foreign military engagement; Insurgency",1781806855,1,11,49
SOM52515,2025-09-20,2025,1,"Political violence","Explosions/Remote violence","Air/drone strike","Unidentified Military Forces","Military Forces of Somalia (2022-) National Intelligence and Security Agency",8,28,,706,"Eastern Africa",Somalia,"Middle Juba",Bu'aale,,Buaale,1.2448,42.5732,2,"Caasimada; Radio Kulmiye; Shabelle Media Network; Undisclosed Source","Local partner-Other","On 20 September 2025, international forces (described as allied forces, coded as Unidentified Military Forces), in coordination with government security forces (NISA), conducted an airstrike targeting Al Shabaab in Sariiraha area near Buaale town (Bu'aale, Middle Juba). 4 senior foreign militants and several others were killed. Unspecified number of fatalities coded as 3. Fatalities coded as 7 (4 senior militant + 3 unspecified number of fighters).",7,"Foreign military engagement; Insurgency",1759192102,12948,57953,59212
SOM52515,2025-09-20,2025,1,"Political violence","Explosions/Remote violence","Air/drone strike","Al Shabaab",,2,28,,706,"Eastern Africa",Somalia,"Middle Juba",Bu'aale,,Buaale,1.2448,42.5732,2,"Caasimada; Radio Kulmiye; Shabelle Media Network; Undisclosed Source","Local partner-Other","On 20 September 2025, international forces (described as allied forces, coded as Unidentified Military Forces), in coordination with government security forces (NISA), conducted an airstrike targeting Al Shabaab in Sariiraha area near Buaale town (Bu'aale, Middle Juba). 4 senior foreign militants and several others were killed. Unspecified number of fatalities coded as 3. Fatalities coded as 7 (4 senior militant + 3 unspecified number of fighters).",7,"Foreign military engagement; Insurgency",1759192102,12948,57953,59212
SOM52518,2025-09-20,2025,1,"Political violence","Explosions/Remote violence","Air/drone strike","Unidentified Military Forces","Military Forces of Somalia (2022-) National Intelligence and Security Agency",8,28,,706,"Eastern Africa",Somalia,"Lower Shabelle",Sablaale,,Sablaale,1.2495,43.8045,1,"Caasimada; Radio Kulmiye; Shabelle Media Network; Undisclosed Source","Local partner-Other","On 20 September 2025, international forces (described as allied forces, coded as Unidentified Military Forces), in coordination with government security forces (NISA), conducted an airstrike targeting Al Shabaab in Sablaale town (Sablaale, Lower Shabelle). An unknown number of militants were killed and wounded. Unspecified number of fatalities coded as 3.",3,"Foreign military engagement; Insurgency",1759192102,33383,40721,41316
SOM52518,2025-09-20,2025,1,"Political violence","Explosions/Remote violence","Air/drone strike","Al Shabaab",,2,28,,706,"Eastern Africa",Somalia,"Lower Shabelle",Sablaale,,Sablaale,1.2495,43.8045,1,"Caasimada; Radio Kulmiye; Shabelle Media Network; Undisclosed Source","Local partner-Other","On 20 September 2025, international forces (described as allied forces, coded as Unidentified Military Forces), in coordination with government security forces (NISA), conducted an airstrike targeting Al Shabaab in Sablaale town (Sablaale, Lower Shabelle). An unknown number of militants were killed and wounded. Unspecified number of fatalities coded as 3.",3,"Foreign military engagement; Insurgency",1759192102,33383,40721,41316
SOM52519,2025-09-20,2025,1,"Political violence","Explosions/Remote violence","Air/drone strike","Unidentified Military Forces","Military Forces of Somalia (2022-) National Intelligence and Security Agency",8,28,,706,"Eastern Africa",Somalia,"Lower Shabelle",Kurtunwaarey,,Kurtunwaarey,1.6104,44.3329,1,"Caasimada; Radio Kulmiye; Shabelle Media Network; Undisclosed Source","Local partner-Other","On 20 September 2025, international forces (described as allied forces, coded as Unidentified Military Forces), in coordination with government security forces (NISA), conducted an airstrike targeting Al Shabaab in Kurtunwaarey town (Kurtunwaarey, Lower Shabelle). An unknown number of militants were killed and wounded. Unspecified number of fatalities coded as 3.",3,"Foreign military engagement; Insurgency",1759192102,13574,14204,15546
SOM52519,2025-09-20,2025,1,"Political violence","Explosions/Remote violence","Air/drone strike","Al Shabaab",,2,28,,706,"Eastern Africa",Somalia,"Lower Shabelle",Kurtunwaarey,,Kurtunwaarey,1.6104,44.3329,1,"Caasimada; Radio Kulmiye; Shabelle Media Network; Undisclosed Source","Local partner-Other","On 20 September 2025, international forces (described as allied forces, coded as Unidentified Military Forces), in coordination with government security forces (NISA), conducted an airstrike targeting Al Shabaab in Kurtunwaarey town (Kurtunwaarey, Lower Shabelle). An unknown number of militants were killed and wounded. Unspecified number of fatalities coded as 3.",3,"Foreign military engagement; Insurgency",1759192102,13574,14204,15546
SOM52566,2025-09-20,2025,1,"Political violence","Explosions/Remote violence","Air/drone strike","Unidentified Military Forces","Military Forces of Somalia (2022-)",8,28,,706,"Eastern Africa",Somalia,Galgaduud,"Ceel Dheer",,"Ceel Dheer",3.8491,47.1803,2,"Caasimada; Garowe Online; Hiiraan (Somalia); Radio Kulmiye; Shabelle Media Network; Somali News Agency",National,"On 20 September 2025, international forces (described as allied forces, coded as Unidentified Military Forces), in coordination with government security forces (SNA), conducted an airstrike targeting Al Shabaab in the vicinity of Nooleeye village near Ceel Dheer town (Ceel Dheer, Galgaduud). 11 militants were killed and the strike continued the following day (coded separately).",11,"Foreign military engagement; Insurgency",1759192102,16873,17969,18366
SOM52566,2025-09-20,2025,1,"Political violence","Explosions/Remote violence","Air/drone strike","Al Shabaab",,2,28,,706,"Eastern Africa",Somalia,Galgaduud,"Ceel Dheer",,"Ceel Dheer",3.8491,47.1803,2,"Caasimada; Garowe Online; Hiiraan (Somalia); Radio Kulmiye; Shabelle Media Network; Somali News Agency",National,"On 20 September 2025, international forces (described as allied forces, coded as Unidentified Military Forces), in coordination with government security forces (SNA), conducted an airstrike targeting Al Shabaab in the vicinity of Nooleeye village near Ceel Dheer town (Ceel Dheer, Galgaduud). 11 militants were killed and the strike continued the following day (coded separately).",11,"Foreign military engagement; Insurgency",1759192102,16873,17969,18366
SOM52505,2025-09-21,2025,1,"Political violence","Explosions/Remote violence","Air/drone strike","Military Forces of the United States (2025-)",,8,28,,706,"Eastern Africa",Somalia,Bari,Qandala,,"Buuraha Cali Miskat",10.8548,49.7434,3,"AFRICOM; Hiiraan (Somalia); Puntland Post; Radio Kulmiye",National-Regional,"On 21 September 2025, US forces conducted airstrikes targeting Islamic State Somalia Province in Golis Mountains area (location coded to nearest location in Bari, Buuraha Cali Miskat, Bossaso, Bari). Casualties unknown.",0,"Foreign military engagement; Insurgency",1790720401,,,
SOM52505,2025-09-21,2025,1,"Political violence","Explosions/Remote violence","Air/drone strike","Islamic State Somalia Province",,2,28,,706,"Eastern Africa",Somalia,Bari,Qandala,,"Buuraha Cali Miskat",10.8548,49.7434,3,"AFRICOM; Hiiraan (Somalia); Puntland Post; Radio Kulmiye",National-Regional,"On 21 September 2025, US forces conducted airstrikes targeting Islamic State Somalia Province in Golis Mountains area (location coded to nearest location in Bari, Buuraha Cali Miskat, Bossaso, Bari). Casualties unknown.",0,"Foreign military engagement; Insurgency",1790720401,,,
SOM52531,2025-09-21,2025,1,"Political violence","Explosions/Remote violence","Air/drone strike","Unidentified Military Forces","Military Forces of Somalia (2022-) National Intelligence and Security Agency",8,28,,706,"Eastern Africa",Somalia,"Middle Juba",Jilib,,"Kunyo Barrow",0.8014,43.3837,1,"Caasimada; Radio Kulmiye; Shabelle Media Network; Undisclosed Source","Local partner-Other","On 21 September 2025, international forces (described as allied forces, coded as Unidentified Military Forces), in coordination with government security forces (NISA), conducted an airstrike targeting an Al Shabaab explosive center in Kunyo Barrow village (Jilib, Middle Juba). An unknown number of militants were killed and wounded. Unspecified number of fatalities coded as 3.",3,"Foreign military engagement; Insurgency",1759192102,9803,12280,12780
SOM52531,2025-09-21,2025,1,"Political violence","Explosions/Remote violence","Air/drone strike","Al Shabaab",,2,28,,706,"Eastern Africa",Somalia,"Middle Juba",Jilib,,"Kunyo Barrow",0.8014,43.3837,1,"Caasimada; Radio Kulmiye; Shabelle Media Network; Undisclosed Source","Local partner-Other","On 21 September 2025, international forces (described as allied forces, coded as Unidentified Military Forces), in coordination with government security forces (NISA), conducted an airstrike targeting an Al Shabaab explosive center in Kunyo Barrow village (Jilib, Middle Juba). An unknown number of militants were killed and wounded. Unspecified number of fatalities coded as 3.",3,"Foreign military engagement; Insurgency",1759192102,9803,12280,12780
SOM52536,2025-09-21,2025,1,"Political violence","Explosions/Remote violence","Air/drone strike","Unidentified Military Forces","Military Forces of Somalia (2022-) National Intelligence and Security Agency",8,28,,706,"Eastern Africa",Somalia,Bay,"Buur Hakaba",,"Bulo Fulay",2.1105,43.5232,1,"Caasimada; Radio Kulmiye; Shabelle Media Network; Undisclosed Source","Local partner-Other","On 21 September 2025, international forces (described as allied forces, coded as Unidentified Military Forces), in coordination with government security forces (NISA), conducted an airstrike targeting Al Shabaab in Bulo Fulay village (Buur Hakaba, Bay). An unknown number of militants were killed and wounded. Unspecified number of fatalities coded as 3.",3,"Foreign military engagement; Insurgency",1759192102,3374,3626,5171
SOM52536,2025-09-21,2025,1,"Political violence","Explosions/Remote violence","Air/drone strike","Al Shabaab",,2,28,,706,"Eastern Africa",Somalia,Bay,"Buur Hakaba",,"Bulo Fulay",2.1105,43.5232,1,"Caasimada; Radio Kulmiye; Shabelle Media Network; Undisclosed Source","Local partner-Other","On 21 September 2025, international forces (described as allied forces, coded as Unidentified Military Forces), in coordination with government security forces (NISA), conducted an airstrike targeting Al Shabaab in Bulo Fulay village (Buur Hakaba, Bay). An unknown number of militants were killed and wounded. Unspecified number of fatalities coded as 3.",3,"Foreign military engagement; Insurgency",1759192102,3374,3626,5171
SOM52570,2025-09-21,2025,1,"Political violence","Explosions/Remote violence","Air/drone strike","Unidentified Military Forces","Military Forces of Somalia (2022-)",8,28,,706,"Eastern Africa",Somalia,Galgaduud,"Ceel Dheer",,"Ceel Dheer",3.8491,47.1803,2,"Undisclosed Source","Local partner-Other","On 21 September 2025, for the second day, international forces (described as allied forces, coded as Unidentified Military Forces), in coordination with government security forces (SNA), conducted an airstrike targeting Al Shabaab in the vicinity of Nooleeye village near Ceel Dheer town (Ceel Dheer, Galgaduud). Casualties unknown.",0,"Foreign military engagement; Insurgency",1759192102,16873,17969,18366
SOM52570,2025-09-21,2025,1,"Political violence","Explosions/Remote violence","Air/drone strike","Al Shabaab",,2,28,,706,"Eastern Africa",Somalia,Galgaduud,"Ceel Dheer",,"Ceel Dheer",3.8491,47.1803,2,"Undisclosed Source","Local partner-Other","On 21 September 2025, for the second day, international forces (described as allied forces, coded as Unidentified Military Forces), in coordination with government security forces (SNA), conducted an airstrike targeting Al Shabaab in the vicinity of Nooleeye village near Ceel Dheer town (Ceel Dheer, Galgaduud). Casualties unknown.",0,"Foreign military engagement; Insurgency",1759192102,16873,17969,18366
SOM52575,2025-09-21,2025,1,"Political violence","Explosions/Remote violence","Air/drone strike","Unidentified Military Forces",,8,28,,706,"Eastern Africa",Somalia,Galgaduud,"Ceel Dheer",,Cowswayne,4.1244,46.9166,1,"Local Network",Other,"On 21 September 2025, international forces (described as allied forces, coded as Unidentified Military Forces), conducted an airstrike targeting an Al Shabaab gathering center and detention area in Cowswayne village (Ceel Dheer, Galgaduud). 11 militants were killed, including 8 mid-level commanders and more than 15 were injured.",11,"Foreign military engagement; Insurgency",1759192102,1477,1526,2164
SOM52575,2025-09-21,2025,1,"Political violence","Explosions/Remote violence","Air/drone strike","Al Shabaab",,2,28,,706,"Eastern Africa",Somalia,Galgaduud,"Ceel Dheer",,Cowswayne,4.1244,46.9166,1,"Local Network",Other,"On 21 September 2025, international forces (described as allied forces, coded as Unidentified Military Forces), conducted an airstrike targeting an Al Shabaab gathering center and detention area in Cowswayne village (Ceel Dheer, Galgaduud). 11 militants were killed, including 8 mid-level commanders and more than 15 were injured.",11,"Foreign military engagement; Insurgency",1759192102,1477,1526,2164
MZM5435,2025-09-22,2025,1,"Political violence",Battles,"Armed clash","Military Forces of Rwanda (1994-)",,8,28,,508,"Eastern Africa",Mozambique,"Cabo Delgado","Mocimboa da Praia","Mocimboa da Praia","Mocimboa Da Praia",-11.3460,40.3522,1,"Cabo Ligado; Deutsche Welle; Lusa; Telegram; Zitamar","Local partner-Other","On 22 September 2025, the RDF clashed with ISM militants by launching 2 grenades to force the militants' retreat after an attack in Mocimboa da Praia (Mocimboa da Praia, Cabo Delgado). The clash was in response to ISM's attack on civilians (coded separately). Casualties unknown.",0,"Foreign military engagement; Insurgency; Terrorist activity",1762291831,28459,44264,53838
MZM5435,2025-09-22,2025,1,"Political violence",Battles,"Armed clash","Islamic State Mozambique (ISM)",,2,28,,508,"Eastern Africa",Mozambique,"Cabo Delgado","Mocimboa da Praia","Mocimboa da Praia","Mocimboa Da Praia",-11.3460,40.3522,1,"Cabo Ligado; Deutsche Welle; Lusa; Telegram; Zitamar","Local partner-Other","On 22 September 2025, the RDF clashed with ISM militants by launching 2 grenades to force the militants' retreat after an attack in Mocimboa da Praia (Mocimboa da Praia, Cabo Delgado). The clash was in response to ISM's attack on civilians (coded separately). Casualties unknown.",0,"Foreign military engagement; Insurgency; Terrorist activity",1762291831,28459,44264,53838
SOM52574,2025-09-24,2025,1,"Political violence","Explosions/Remote violence","Air/drone strike","Unidentified Military Forces","Military Forces of Somalia (2022-) National Intelligence and Security Agency",8,28,,706,"Eastern Africa",Somalia,Hiraan,"Bulo Burto",,Moqokori,4.0625,46.1342,2,"Caasimada; Goobjoob; Hiiraan (Somalia); Horseed Media; Radio Dalsan; Radio Kulmiye; Shabelle Media Network; Somali News Agency; Undisclosed Source","Local partner-Other","On 24 September 2025, international forces (described as allied forces, coded as Unidentified Military Forces), in coordination with government security forces (NISA), conducted an airstrike targeting Al Shabaab in Moqokori village (Bulo Burto, Hiraan). 3 militants were killed, including a senior Al Shabaab leader.",3,"Foreign military engagement; Insurgency",1759192102,794,1004,1242
SOM52574,2025-09-24,2025,1,"Political violence","Explosions/Remote violence","Air/drone strike","Al Shabaab",,2,28,,706,"Eastern Africa",Somalia,Hiraan,"Bulo Burto",,Moqokori,4.0625,46.1342,2,"Caasimada; Goobjoob; Hiiraan (Somalia); Horseed Media; Radio Dalsan; Radio Kulmiye; Shabelle Media Network; Somali News Agency; Undisclosed Source","Local partner-Other","On 24 September 2025, international forces (described as allied forces, coded as Unidentified Military Forces), in coordination with government security forces (NISA), conducted an airstrike targeting Al Shabaab in Moqokori village (Bulo Burto, Hiraan). 3 militants were killed, including a senior Al Shabaab leader.",3,"Foreign military engagement; Insurgency",1759192102,794,1004,1242
SOM52576,2025-09-24,2025,1,"Political violence","Explosions/Remote violence","Air/drone strike","Unidentified Military Forces","Military Forces of Somalia (2022-) National Intelligence and Security Agency",8,28,,706,"Eastern Africa",Somalia,"Lower Shabelle",Qoryooley,,Tugaarrey,1.8947,44.7604,2,"Caasimada; Hiiraan (Somalia); Shabelle Media Network; Somali News Agency",Subnational-National,"On 24 September 2025, international forces (described as allied forces, coded as Unidentified Military Forces), in coordination with government security forces (SNA), conducted an airstrike targeting Al Shabaab in Tugaarrey village (Qoryooley, Lower Shabelle). More than 10 militants were killed.",10,"Foreign military engagement; Insurgency",1759192102,480,735,2661
SOM52576,2025-09-24,2025,1,"Political violence","Explosions/Remote violence","Air/drone strike","Al Shabaab",,2,28,,706,"Eastern Africa",Somalia,"Lower Shabelle",Qoryooley,,Tugaarrey,1.8947,44.7604,2,"Caasimada; Hiiraan (Somalia); Shabelle Media Network; Somali News Agency",Subnational-National,"On 24 September 2025, international forces (described as allied forces, coded as Unidentified Military Forces), in coordination with government security forces (SNA), conducted an airstrike targeting Al Shabaab in Tugaarrey village (Qoryooley, Lower Shabelle). More than 10 militants were killed.",10,"Foreign military engagement; Insurgency",1759192102,480,735,2661
ETH16495,2025-09-24,2025,1,"Strategic developments","Strategic developments",Agreement,"Government of Ethiopia (2018-)","Military Forces of Ethiopia (2018-)",1,18,,231,"Eastern Africa",Ethiopia,"Addis Ababa","Region 14",Lideta,"Addis Ababa",9.0250,38.7469,1,"Addis Standard; Wazema Radio","New media-National","On 24 September 2025, Ethiopia and Kenya signed a Mutual Defence Cooperation Agreement (DCA) in Addis Ababa, Lideta (Region 14, Addis Ababa). The agreement, signed by Ethiopia's Chief of Staff, Field Marshal Birhanu Jula, and Kenya's Chief of Defence Forces, General Charles Muriu Kahariri, covers joint military exercises, training, industrial development, counter-terrorism, and border security. It also addresses cross-border threats, human trafficking, contraband, and drug control. Ethiopia and Kenya first signed a Mutual Defence Pact in 1964.",0,"Foreign military engagement",1759191936,57617,104650,104650
ETH16495,2025-09-24,2025,1,"Strategic developments","Strategic developments",Agreement,"Government of Kenya (2022-)","Military Forces of Kenya (2022-)",8,18,,231,"Eastern Africa",Ethiopia,"Addis Ababa","Region 14",Lideta,"Addis Ababa",9.0250,38.7469,1,"Addis Standard; Wazema Radio","New media-National","On 24 September 2025, Ethiopia and Kenya signed a Mutual Defence Cooperation Agreement (DCA) in Addis Ababa, Lideta (Region 14, Addis Ababa). The agreement, signed by Ethiopia's Chief of Staff, Field Marshal Birhanu Jula, and Kenya's Chief of Defence Forces, General Charles Muriu Kahariri, covers joint military exercises, training, industrial development, counter-terrorism, and border security. It also addresses cross-border threats, human trafficking, contraband, and drug control. Ethiopia and Kenya first signed a Mutual Defence Pact in 1964.",0,"Foreign military engagement",1759191936,57617,104650,104650
SOM52586,2025-09-25,2025,1,"Political violence","Explosions/Remote violence","Air/drone strike","Unidentified Military Forces",,8,28,,706,"Eastern Africa",Somalia,"Middle Shabelle","Adan Yabaal",,Al-Kowsar,3.6965,46.3835,1,"Local Network",Other,"On 25 September 2025, international forces (coded as Unidentified Military Forces) launched an airstrike targeting Al Shabaab in Al-Kowsar village (Adan Yabaal, Middle Shabelle). Casualties unknown.",0,"Foreign military engagement; Insurgency",1781806855,10556,11491,13386
SOM52586,2025-09-25,2025,1,"Political violence","Explosions/Remote violence","Air/drone strike","Al Shabaab",,2,28,,706,"Eastern Africa",Somalia,"Middle Shabelle","Adan Yabaal",,Al-Kowsar,3.6965,46.3835,1,"Local Network",Other,"On 25 September 2025, international forces (coded as Unidentified Military Forces) launched an airstrike targeting Al Shabaab in Al-Kowsar village (Adan Yabaal, Middle Shabelle). Casualties unknown.",0,"Foreign military engagement; Insurgency",1781806855,10556,11491,13386
SOM52587,2025-09-26,2025,1,"Political violence","Explosions/Remote violence","Air/drone strike","Unidentified Military Forces",,8,28,,706,"Eastern Africa",Somalia,"Middle Shabelle","Adan Yabaal",,Al-Kowsar,3.6965,46.3835,1,"Local Network",Other,"On 26 September 2025, international forces (coded as Unidentified Military Forces) launched an airstrike targeting Al Shabaab in Al-Kowsar village (Adan Yabaal, Middle Shabelle). Casualties unknown.",0,"Foreign military engagement; Insurgency",1781806855,10556,11491,13386
SOM52587,2025-09-26,2025,1,"Political violence","Explosions/Remote violence","Air/drone strike","Al Shabaab",,2,28,,706,"Eastern Africa",Somalia,"Middle Shabelle","Adan Yabaal",,Al-Kowsar,3.6965,46.3835,1,"Local Network",Other,"On 26 September 2025, international forces (coded as Unidentified Military Forces) launched an airstrike targeting Al Shabaab in Al-Kowsar village (Adan Yabaal, Middle Shabelle). Casualties unknown.",0,"Foreign military engagement; Insurgency",1781806855,10556,11491,13386
