{"type": "FeatureCollection", "features": [{"type": "Feature", "geometry": {"type": "MultiLineString", "coordinates": [[[33.888654, 31.143504], [33.868314, 31.050545], [33.87797, 31.003442], [33.899511, 30.981793], [33.91511, 30.965871], [33.949308, 30.947791], [33.99635, 30.928878], [34.074262, 30.867068], [34.097783, 30.836779], [34.128654, 30.832992], [34.146295, 30.822894], [34.155115, 30.811531], [34.185986, 30.809006], [34.225677, 30.802693], [34.235968, 30.779962], [34.242866, 30.706674], [34.274994, 30.692466], [34.319974, 30.679046], [34.364035, 30.651411], [34.369322, 30.628947], [34.365979, 30.606893], [34.359294, 30.588671], [34.347037, 30.56277], [34.349769, 30.436664], [34.363466, 30.423575], [34.377125, 30.400921], [34.385531, 30.375543], [34.39247, 30.3357], [34.400156, 30.3139], [34.40894, 30.300629], [34.446274, 30.271235], [34.486901, 30.255113], [34.514291, 30.240643], [34.547107, 30.218692], [34.567219, 30.196737], [34.577805, 30.172031], [34.579908, 30.156904], [34.580571, 30.138576], [34.589844, 30.123108], [34.603754, 30.121389], [34.610685, 30.097453], [34.621651, 30.061607], [34.647846, 30.023111], [34.657592, 30.008869], [34.660909, 29.988076], [34.661507, 29.969941], [34.650142, 29.946618], [34.652534, 29.910847], [34.663325, 29.892837], [34.665598, 29.876672], [34.666746, 29.8289], [34.676247, 29.775771], [34.716361, 29.711612], [34.759642, 29.679517], [34.786033, 29.643742], [34.800812, 29.614378], [34.802923, 29.580416], [34.795534, 29.546443], [34.793422, 29.485813], [34.798701, 29.448131], [34.825091, 29.424227]]]}, "properties": {"source": "GEM", "layer": "pipelines", "tracker": "GGIT", "name": "Arab Gas Pipeline \u00b7 Arish-Taba Gas Pipeline", "pipeline": "Arab Gas Pipeline", "segment": "Arish-Taba Gas Pipeline", "fuel": "Gas", "countries": ["Egypt"], "sector": "energy", "owner": "Egyptian Natural Gas Holding Co [100.00%]", "parent": "Egyptian General Petroleum Corp [unknown %]; Gazprom PJSC [unknown %]; Syrian Petroleum Co [unknown %]; small shareholder(s) [unknown %]; unknown [unknown %]", "start_year": "2003", "capacity": 10.3, "capacity_units": "bcm/y", "capacity_bcm_y": 10.3, "capacity_boed": 166013.42, "length_km": 250.0, "diameter": "36 in", "start_location": "Arish", "end_location": "Taba", "raw_status": "operating", "dash_status": "operating", "project_id": "P0436", "url": "https://www.gem.wiki/Arab_Gas_Pipeline", "last_updated": "2025-08-06", "release": "2025-11"}}, {"type": "Feature", "geometry": {"type": "MultiLineString", "coordinates": [[[6.254675, 4.977061], [6.27304, 5.204229], [6.267676, 5.298598], [6.242708, 5.338941], [6.188721, 5.373722], [6.074395, 5.421146], [5.925137, 5.490695], [5.713047, 5.574694]], [[5.713047, 5.574694], [5.702651, 5.723966], [5.691923, 5.869837], [5.682982, 6.038785], [5.674042, 6.184572], [5.662376, 6.304512], [5.64219, 6.372065], [5.594219, 6.409197], [5.51664, 6.461813], [5.390909, 6.506787], [5.164592, 6.591727], [4.96845, 6.661666], [4.757489, 6.723636], [4.636519, 6.731595], [4.410202, 6.731595], [3.982714, 6.706622], [3.704414, 6.704664], [3.490649, 6.704664], [3.281849, 6.717337]], [[5.713047, 5.574694], [5.673737, 5.582602], [5.620485, 5.603801], [5.559626, 5.637112], [5.427259, 5.668908], [5.317713, 5.667394], [5.238596, 5.641655], [5.201265, 5.611385]]]}, "properties": {"source": "GEM", "layer": "pipelines", "tracker": "GGIT", "name": "Escravos-Lagos Pipeline System (ELPS)", "pipeline": "Escravos-Lagos Pipeline System (ELPS)", "segment": null, "fuel": "Gas", "countries": ["Nigeria"], "sector": "energy", "owner": "Nigerian Gas Co [100.00%]", "parent": "NNPC Ltd [100.00%]", "start_year": "1989", "capacity": 1100.0, "capacity_units": "MMcf/d", "capacity_bcm_y": 11.24, "capacity_boed": 181196.4, "length_km": 344.0, "diameter": "36.0 in", "start_location": "Escravos", "end_location": "Lagos", "raw_status": "operating", "dash_status": "operating", "project_id": "P0438", "url": "https://www.gem.wiki/Escravos%E2%80%93Lagos_Pipeline_System", "last_updated": "2025-08-11", "release": "2025-11"}}, {"type": "Feature", "geometry": {"type": "MultiLineString", "coordinates": [[[12.113564, 32.914163], [12.170881, 33.016679], [12.86006, 33.812632], [13.224063, 34.739627], [13.588066, 35.055096], [13.723961, 35.360859], [13.79171, 35.444374], [13.742877, 35.826902], [13.694044, 35.867597], [13.69947, 36.046653], [13.94635, 36.228421], [13.970766, 36.277255], [13.995183, 36.453598], [14.090137, 36.627227], [14.101614, 36.77823], [14.161254, 36.977031], [14.26427, 37.049323]]]}, "properties": {"source": "GEM", "layer": "pipelines", "tracker": "GGIT", "name": "Greenstream Gas Pipeline", "pipeline": "Greenstream Gas Pipeline", "segment": null, "fuel": "Gas", "countries": ["Libya", "Italy"], "sector": "energy", "owner": "Eni SpA; Libyan National Oil Corp", "parent": "Eni SpA [unknown %]; National Oil Corp [unknown %]", "start_year": "2004", "capacity": 20.0, "capacity_units": "MMcf/d", "capacity_bcm_y": 0.2, "capacity_boed": 3294.48, "length_km": 520.0, "diameter": "36, 32, 10 in", "start_location": "Mellitah Complex", "end_location": "Gela", "raw_status": "operating", "dash_status": "operating", "project_id": "P0439", "url": "https://www.gem.wiki/Greenstream_Pipeline", "last_updated": "2022-07-20", "release": "2025-11"}}, {"type": "Feature", "geometry": {"type": "MultiLineString", "coordinates": [[[3.247745, 32.931267], [3.251114, 32.953884], [3.247072, 32.965191], [3.226185, 33.001927], [3.210014, 33.020008], [3.210014, 33.033], [3.160155, 33.119382], [3.154091, 33.12841], [3.142637, 33.13236], [3.130509, 33.131231], [2.929955, 33.052831], [2.683551, 32.960993], [2.630098, 32.953335], [2.601416, 32.957711], [2.298952, 32.952241], [2.245499, 32.970837], [2.219425, 32.988336], [2.182921, 32.986149], [2.164669, 32.980681], [2.128164, 32.965368], [2.098179, 32.956617], [2.055156, 32.960993], [2.047333, 32.954429], [2.026474, 32.954429], [2.004311, 32.958805], [1.84656, 32.975212], [1.714884, 32.9774], [1.639268, 32.989429], [1.585815, 32.987242], [1.541488, 32.99271], [1.319855, 32.979587], [1.245543, 32.980681], [1.225987, 32.969743], [1.103437, 32.965368], [1.061718, 32.969743], [0.944383, 32.969743], [0.8453, 32.980681], [0.654956, 33.020043], [0.608022, 33.01567], [0.561088, 33.026601], [0.571518, 33.065943], [0.597592, 33.094891], [0.569562, 33.120009], [0.562392, 33.127652], [0.531754, 33.132565], [0.459397, 33.159309], [0.45679, 33.16422], [0.450923, 33.165857], [0.448316, 33.165857], [0.432671, 33.18659], [0.359663, 33.232403], [0.269706, 33.289636], [0.220164, 33.299988], [0.175837, 33.327498], [0.033731, 33.380314], [0.008961, 33.3912], [-0.141619, 33.431466], [-0.177472, 33.440169], [-0.202243, 33.440169], [-0.274599, 33.454311], [-0.296111, 33.461925], [-0.343045, 33.467363], [-0.413446, 33.478781], [-0.440824, 33.492373], [-0.478632, 33.508409], [-0.496884, 33.536667], [-0.569893, 33.586641], [-0.609005, 33.606188], [-0.731555, 33.638756], [-0.770666, 33.659377], [-0.824119, 33.701687], [-1.147443, 33.861519], [-1.403298, 33.962952], [-1.520145, 34.001195], [-1.563331, 34.014839], [-1.61222, 34.030034], [-1.656873, 34.043269], [-1.662902, 34.043674], [-1.692073, 34.039893], [-1.709348, 34.039893], [-1.765571, 34.022336], [-1.780564, 34.024227], [-1.970418, 34.00437], [-1.997797, 34.033006], [-2.041145, 34.045632], [-2.062494, 34.045227], [-2.07879, 34.045902], [-2.116598, 34.047117], [-2.185207, 34.051438], [-2.231815, 34.029697], [-2.322587, 34.030507], [-2.355669, 34.032128], [-2.378158, 34.029427], [-2.466974, 34.029427], [-2.509997, 34.027536], [-2.540798, 34.022673], [-2.587243, 34.023889], [-2.598976, 34.02497], [-2.602562, 34.024429], [-2.610547, 34.030237], [-2.624236, 34.037395], [-2.65194, 34.056299], [-2.656177, 34.063454], [-2.692845, 34.081273], [-2.706534, 34.089506], [-2.718267, 34.095444], [-2.723319, 34.095916], [-2.72886, 34.099493], [-2.732119, 34.099358], [-2.733749, 34.098346], [-2.736845, 34.096389], [-2.74206, 34.095174], [-2.747112, 34.094837], [-2.751349, 34.096726], [-2.75526, 34.099965], [-2.817839, 34.128029], [-2.834136, 34.129108], [-2.865425, 34.169568], [-2.892803, 34.180354], [-2.903233, 34.187903], [-2.924093, 34.19707], [-2.992538, 34.239114], [-3.032302, 34.268748], [-3.107918, 34.295678], [-3.18223, 34.276289], [-3.195267, 34.285984], [-3.213519, 34.277366], [-3.300869, 34.27198], [-3.311299, 34.278444], [-3.36084, 34.273057], [-3.369966, 34.276289], [-3.441671, 34.26336], [-3.491213, 34.256895], [-3.526413, 34.256895], [-3.548576, 34.262283], [-3.654178, 34.251507], [-3.733705, 34.28383], [-3.793677, 34.255818], [-3.916227, 34.264438], [-4.223906, 34.217016], [-4.596771, 34.15015], [-4.745395, 34.169568], [-5.045252, 34.206235], [-5.298174, 34.238575], [-5.433762, 34.260128], [-5.65644, 34.74652], [-5.763643, 34.96925], [-5.750965, 35.178815], [-5.734923, 35.227723], [-5.715777, 35.313698], [-5.69663, 35.625565], [-5.687057, 35.796576], [-5.706203, 36.067881]]]}, "properties": {"source": "GEM", "layer": "pipelines", "tracker": "GGIT", "name": "Maghreb-Europe Gas Pipeline", "pipeline": "Maghreb-Europe Gas Pipeline", "segment": null, "fuel": "Gas", "countries": ["Algeria", "Morocco", "Spain", "Portugal"], "sector": "energy", "owner": "Sonatrach; Government of Morocco; Enag\u00e1s; SaskEnergy", "parent": "Enag\u00e1s SA [unknown %]; Government of Morocco [unknown %]; SaskEnergy Inc [unknown %]; Sonatrach SpA [unknown %]", "start_year": "1996", "capacity": 12.0, "capacity_units": "bcm/y", "capacity_bcm_y": 12.0, "capacity_boed": 193413.7, "length_km": 1350.0, "diameter": "48,22 in", "start_location": "Hassi R'Mel", "end_location": "Cordoba", "raw_status": "operating", "dash_status": "operating", "project_id": "P0453", "url": "https://www.gem.wiki/Maghreb-Europe_Gas_Pipeline", "last_updated": "2025-07-27", "release": "2025-11"}}, {"type": "Feature", "geometry": {"type": "MultiLineString", "coordinates": [[[29.14458, -26.562479], [29.490411, -26.404191], [29.796944, -26.340815], [30.217443, -26.189276], [30.35499, -26.090493], [30.496466, -25.977496], [30.547555, -25.938629], [30.74012, -25.839635], [31.007353, -25.754717], [31.12918, -25.687447], [31.262797, -25.609508], [31.400343, -25.542156], [31.54575, -25.492504], [31.939571, -25.425517], [32.101778, -25.363308], [32.176864, -25.332908], [32.57468, -24.967664], [32.983862, -24.202827], [33.489656, -23.709445], [33.705613, -23.532409], [34.074977, -23.047362], [34.403492, -22.53143], [34.597917, -22.243817], [34.683264, -22.133179], [34.814572, -21.981216], [34.916202, -21.797326], [34.911121, -21.802044]]]}, "properties": {"source": "GEM", "layer": "pipelines", "tracker": "GGIT", "name": "Mozambique-South Africa Gas Pipeline", "pipeline": "Mozambique-South Africa Gas Pipeline", "segment": null, "fuel": "Gas", "countries": ["Mozambique", "South Africa"], "sector": "energy", "owner": "Sasol [50.00%]; South African Gas Development Ltd Co [25.00%]; Companhia Mocambi\u00e7ana de Gasoduto [25.00%]", "parent": "CEF SOC Ltd [unknown %]; Empresa Nacional de Hidrocarbonetos EP [unknown %]; unknown [unknown %]", "start_year": "2004", "capacity": 540.3, "capacity_units": "MMcf/d", "capacity_bcm_y": 5.52, "capacity_boed": 89000.38, "length_km": 865.0, "diameter": null, "start_location": null, "end_location": null, "raw_status": "operating", "dash_status": "operating", "project_id": "P0455", "url": "https://www.gem.wiki/Mozambique-South_Africa_Gas_Pipeline", "last_updated": "2025-08-06", "release": "2025-11"}}, {"type": "Feature", "geometry": {"type": "MultiLineString", "coordinates": [[[40.315973, -10.322982], [40.193066, -10.326437], [40.043823, -10.26079], [39.899847, -10.257335], [39.773429, -10.188217], [39.690906, -10.027462], [39.638232, -9.99461], [39.592581, -9.728211], [39.476698, -9.523943], [39.318675, -9.052627], [39.30814, -8.917355], [39.339745, -8.801119], [39.25371, -8.615414], [39.273024, -8.372298], [39.162409, -8.139458], [39.013165, -8.094265], [39.020188, -8.003862], [38.953468, -7.767331], [39.050037, -7.636833], [39.118513, -7.561997], [39.141339, -7.47148], [39.093932, -7.391391], [39.079886, -7.313029], [39.167676, -7.245105], [39.171188, -7.154523], [39.236152, -7.046498], [39.178211, -6.88267], [39.206304, -6.798991]]]}, "properties": {"source": "GEM", "layer": "pipelines", "tracker": "GGIT", "name": "Mtwara\u2013Dar es Salaam Gas Pipeline", "pipeline": "Mtwara\u2013Dar es Salaam Gas Pipeline", "segment": null, "fuel": "Gas", "countries": ["Tanzania"], "sector": "energy", "owner": "China National Petroleum Corp; Tanzania Petroleum Development Corp (TPDC)", "parent": "Tanzania Petroleum Development Corp [unknown %]; unknown [unknown %]", "start_year": "2015", "capacity": 8.1, "capacity_units": "bcm/y", "capacity_bcm_y": 8.1, "capacity_boed": 130554.25, "length_km": 535.0, "diameter": "36.0 in", "start_location": "Madimba Village", "end_location": "Dar es Salaam", "raw_status": "operating", "dash_status": "operating", "project_id": "P0456", "url": "https://www.gem.wiki/Mtwara%E2%80%93Dar_es_Salaam_Gas_Pipeline", "last_updated": "2025-07-29", "release": "2025-11"}}, {"type": "Feature", "geometry": {"type": "MultiLineString", "coordinates": [[[3.2516, 32.9361], [5.509454, 26.627536], [5.457818, 24.920486], [8.541634, 11.992435]]]}, "properties": {"source": "GEM", "layer": "pipelines", "tracker": "GGIT", "name": "Trans-Sahara Gas Pipeline", "pipeline": "Trans-Sahara Gas Pipeline", "segment": null, "fuel": "Gas", "countries": ["Nigeria", "Niger", "Algeria"], "sector": "energy", "owner": "Sonatrach; Nigerian National Petroleum Corp; Niger Ministry of Petroleum, Energy and Renewable Energies", "parent": "Ministry of Petroleum, Energy and Renewable Energies (Niger) [unknown %]; NNPC Ltd [unknown %]; Sonatrach SpA [unknown %]", "start_year": "2030", "capacity": 30.0, "capacity_units": "bcm/y", "capacity_bcm_y": 30.0, "capacity_boed": 483534.25, "length_km": 4128.0, "diameter": "48, 56 in", "start_location": "Warri", "end_location": "Hassi R'Mel", "raw_status": "shelved", "dash_status": "stalled", "project_id": "P0460", "url": "https://www.gem.wiki/Trans-Sahara_Gas_Pipeline", "last_updated": "2025-07-26", "release": "2025-11"}}, {"type": "Feature", "geometry": {"type": "MultiLineString", "coordinates": [[[3.281849, 6.717337], [3.384082, 6.455027], [3.750292, 5.397266], [3.750292, 5.2753], [3.655017, 5.193976], [3.423634, 5.099084], [3.096975, 4.99062], [2.892813, 4.963501]], [[2.892813, 4.963501], [2.566155, 4.90926], [2.280329, 4.855014], [2.035335, 4.814327], [1.831173, 4.787201], [1.633316, 4.758622]], [[1.633316, 4.758622], [1.436461, 4.719381], [1.041748, 4.624423], [0.647036, 4.543019], [0.249911, 4.476409]], [[0.249911, 4.476409], [0.007329, 4.434467], [-0.400994, 4.366614], [-0.714042, 4.298754], [-1.449023, 4.135867], [-1.509054, 4.132529], [-1.567791, 4.155311], [-1.613475, 4.191111], [-1.646107, 4.249689], [-1.665686, 4.31477], [-1.766667, 4.916667]], [[2.892813, 4.963501], [2.433333, 6.366667]], [[1.633316, 4.758622], [1.222778, 6.131944]], [[0.249911, 4.476409], [0.0, 5.666667]]]}, "properties": {"source": "GEM", "layer": "pipelines", "tracker": "GGIT", "name": "West African Gas Pipeline \u00b7 WAGP", "pipeline": "West African Gas Pipeline", "segment": "WAGP", "fuel": "Gas", "countries": ["Nigeria", "Ghana", "Togo", "Benin"], "sector": "energy", "owner": "West African Gas Pipeline Co Ltd [100.00%]", "parent": "Chevron West African Gas Pipeline Ltd [36.90%]; NNPC Ltd [24.90%]; Shell Overseas Holdings Ltd [17.90%]; Takoradi Power Co [16.30%]; small shareholder(s) [4.00%]", "start_year": "2006", "capacity": 200.0, "capacity_units": "MMcf/d", "capacity_bcm_y": 2.04, "capacity_boed": 32944.8, "length_km": 678.0, "diameter": null, "start_location": "Itoki terminal, Lagos", "end_location": "Takoradi", "raw_status": "operating", "dash_status": "operating", "project_id": "P0461", "url": "https://www.gem.wiki/West_African_Gas_Pipeline", "last_updated": "2025-08-06", "release": "2025-11"}}, {"type": "Feature", "geometry": {"type": "MultiLineString", "coordinates": [[[33.889558, 31.142732], [33.898903, 31.163033], [33.910664, 31.185912], [33.91292, 31.190101], [33.913725, 31.193807], [33.925809, 31.236987], [33.941745, 31.302537], [33.942708, 31.306921], [33.943884, 31.309594], [33.946343, 31.312267], [34.026457, 31.39564], [34.155513, 31.529831], [34.30158, 31.67991], [34.310962, 31.684909], [34.317375, 31.686672], [34.323789, 31.687795], [34.348963, 31.686833], [34.374938, 31.687634], [34.383116, 31.689077], [34.387926, 31.689558], [34.390812, 31.690681], [34.394821, 31.691964], [34.405082, 31.691964], [34.408289, 31.691322], [34.528005, 31.638988], [34.531752, 31.636806], [34.536087, 31.6332]]]}, "properties": {"source": "GEM", "layer": "pipelines", "tracker": "GGIT", "name": "Arish\u2013Ashkelon Pipeline", "pipeline": "Arish\u2013Ashkelon Pipeline", "segment": null, "fuel": "Gas", "countries": ["Israel", "Egypt"], "sector": "energy", "owner": "East Mediterranean Gas Co [61.00%]; EMED [39.00%]", "parent": "unknown [37.21%]; Chevron Corp [33.54%]; Egyptian Natural Gas Co [19.50%]; NewMed Energy LP [9.75%]", "start_year": "2008", "capacity": 7.0, "capacity_units": "bcm/y", "capacity_bcm_y": 7.0, "capacity_boed": 112824.66, "length_km": 90.0, "diameter": null, "start_location": "Ashkelon", "end_location": "Arish", "raw_status": "operating", "dash_status": "operating", "project_id": "P0462", "url": "https://www.gem.wiki/Arish%E2%80%93Ashkelon_Pipeline", "last_updated": "2023-09-21", "release": "2025-11"}}, {"type": "Feature", "geometry": {"type": "MultiLineString", "coordinates": [[[-1.449023, 4.135867], [-1.911063, 4.014729], [-2.254852, 3.892177], [-2.549708, 3.817065], [-2.976308, 3.773246], [-3.463418, 3.769251], [-3.967016, 3.877895], [-4.457004, 3.959369], [-4.715609, 4.000103], [-5.123932, 3.986525], [-5.505034, 3.972947], [-5.668363, 3.932212]], [[-5.668363, 3.932212], [-6.049465, 3.823575], [-6.376123, 3.728506], [-6.702782, 3.660594], [-7.070273, 3.592676], [-7.505818, 3.565508], [-7.954973, 3.565508], [-8.376907, 3.565508], [-8.812452, 3.647011], [-9.179943, 3.809994], [-9.901314, 4.176592], [-10.350469, 4.407326], [-10.677128, 4.624423], [-10.922122, 4.760074]], [[-10.922122, 4.760074], [-11.684325, 5.261746], [-12.133481, 5.586942], [-12.569025, 5.911957], [-12.909295, 6.196188], [-13.317618, 6.53436], [-13.603444, 6.845276], [-13.916492, 7.196502], [-14.107043, 7.426003]], [[-14.107043, 7.426003], [-14.365647, 7.763287], [-14.515366, 8.086826], [-14.678695, 8.423569], [-14.882857, 8.827273], [-15.087018, 9.270837], [-15.345623, 9.83456], [-15.413677, 9.968641]], [[-15.413677, 9.968641], [-15.631449, 10.129464], [-15.849222, 10.31699], [-16.121437, 10.544549], [-16.393653, 10.825419], [-16.625036, 11.065956], [-16.856419, 11.252904], [-17.006138, 11.45307]], [[-17.006138, 11.45307], [-17.360018, 11.852976], [-17.591401, 12.079332], [-17.822784, 12.358682], [-17.999724, 12.531465], [-18.163053, 12.889949], [-18.231107, 13.075629]], [[-18.231107, 13.075629], [-18.28555, 13.473042], [-18.326383, 13.803716], [-18.353604, 14.186711]], [[-18.353604, 14.186711], [-18.353604, 14.661252], [-18.339993, 14.924445], [-18.326383, 15.318629], [-18.190275, 15.829957], [-18.054167, 16.287744], [-17.93167, 16.73143], [-17.809173, 17.26509], [-17.713898, 17.797211], [-17.673065, 18.237283], [-17.659455, 18.585962], [-17.727509, 18.972548], [-17.822784, 19.37108], [-17.945281, 19.730208], [-18.067778, 20.024605], [-18.149443, 20.343977], [-18.203886, 20.497042]], [[-18.203886, 20.497042], [-18.28555, 20.955318], [-18.28555, 21.399522], [-18.299161, 21.918162], [-18.27194, 22.283871], [-18.149443, 22.610938], [-17.958892, 23.012415], [-17.645844, 23.475137], [-17.360018, 23.898915], [-17.019748, 24.370911], [-16.815587, 24.630999], [-16.570593, 24.902894], [-16.284767, 25.223452], [-16.16227, 25.444884], [-16.026162, 25.714971], [-15.952923, 25.897117], [-15.876443, 26.057833], [-15.726725, 26.253305], [-15.372845, 26.606761], [-15.018965, 26.971259], [-14.637863, 27.370848], [-14.275246, 27.66849], [-14.124835, 27.781907], [-13.974424, 27.875511], [-13.725941, 28.021613]], [[-13.725941, 28.021613], [-13.412893, 28.20169], [-12.814019, 28.620688], [-12.419307, 28.942779], [-12.065427, 29.251997], [-11.913236, 29.41545], [-11.779601, 29.583958], [-11.616271, 29.844022], [-11.480163, 30.10341], [-11.41211, 30.303382], [-11.384012, 30.434154], [-11.384888, 30.666987], [-11.384888, 31.110836], [-11.344056, 31.564217], [-11.269133, 31.881697], [-11.202078, 32.100431], [-11.009946, 32.57416], [-10.845983, 32.881856], [-10.690739, 33.139366], [-10.522338, 33.324602], [-10.34735, 33.479612], [-10.152293, 33.620177], [-9.955757, 33.729997], [-9.601877, 33.933507], [-9.247997, 34.113998], [-8.907727, 34.327832]], [[-8.907727, 34.327832], [-8.553847, 34.585955], [-8.295242, 34.787408], [-8.036638, 34.99952], [-7.805255, 35.244438], [-7.519428, 35.621496], [-7.342488, 35.985772], [-7.274434, 36.150798], [-7.138327, 36.348373], [-6.961387, 36.479812], [-6.743614, 36.567314], [-6.607507, 36.611028], [-6.362513, 36.632876], [-6.158351, 36.643798]], [[-8.907727, 34.327832], [-8.540236, 33.922214], [-8.295242, 33.684707], [-8.104692, 33.514656], [-7.988628, 33.401794]], [[-13.725941, 28.021613], [-13.595403, 27.852954], [-13.476768, 27.716054], [-13.316869, 27.578981], [-13.172445, 27.487505]], [[-18.203886, 20.497042], [-17.848872, 20.483919], [-17.586356, 20.483919], [-17.314117, 20.529453], [-17.119661, 20.602278], [-16.915482, 20.738732], [-16.711303, 20.911397]], [[-18.353604, 14.186711], [-18.026946, 14.186711], [-17.645844, 14.199906], [-17.346407, 14.213101], [-16.876591, 14.308285]], [[-18.231107, 13.075629], [-17.795562, 13.168417], [-17.455293, 13.221422], [-17.022433, 13.28854], [-16.662689, 13.316926]], [[-17.006138, 11.45307], [-16.543371, 11.559768], [-16.271156, 11.679755], [-15.99894, 11.746391], [-15.699503, 11.839656]], [[-15.413677, 9.968641], [-14.978132, 10.19645], [-14.610641, 10.357159], [-14.460923, 10.424097]], [[-14.107043, 7.426003], [-13.52178, 7.817228], [-13.195121, 8.005965], [-12.870791, 8.170045]], [[-10.922122, 4.760074], [-10.71796, 5.139754], [-10.54102, 5.397266], [-10.391302, 5.600488], [-10.119235, 5.970238]], [[-5.668363, 3.932212], [-5.763639, 4.258036], [-5.804471, 4.570155], [-5.845303, 4.868576], [-5.858914, 5.180421]]]}, "properties": {"source": "GEM", "layer": "pipelines", "tracker": "GGIT", "name": "Nigeria-Morocco Gas Pipeline", "pipeline": "Nigeria-Morocco Gas Pipeline", "segment": null, "fuel": "Gas", "countries": ["Nigeria", "Benin", "Togo", "Ghana", "C\u00f4te d'Ivoire", "Liberia", "Sierra Leone", "Guinea", "Guinea-Bissau", "The Gambia", "Senegal", "Mauritania", "Morocco", "Spain"], "sector": "energy", "owner": "Nigerian National Petroleum Corp; Moroccan National Board of Hydrocarbons and Mines", "parent": "NNPC Ltd [unknown %]; Office National des Hydrocarbures et des Mines [unknown %]", "start_year": "2046", "capacity": 30.0, "capacity_units": "bcm/y", "capacity_bcm_y": 30.0, "capacity_boed": 483534.25, "length_km": 5660.0, "diameter": null, "start_location": "Lagos", "end_location": "Tangiers", "raw_status": "proposed", "dash_status": "announced", "project_id": "P0463", "url": "https://www.gem.wiki/Nigeria-Morocco_Gas_Pipeline", "last_updated": "2025-08-31", "release": "2025-11"}}, {"type": "Feature", "geometry": {"type": "MultiLineString", "coordinates": [[[6.4776, 30.4758], [6.5094, 30.5364], [6.464796, 30.873153], [6.421606, 30.955906], [6.422326, 30.989851], [6.384895, 31.074045], [6.347464, 31.144766], [6.310393, 31.195116], [6.302835, 31.225898], [6.261445, 31.321721], [6.225454, 31.370902], [6.212677, 31.3941], [6.0677, 31.6038], [6.037759, 31.634806], [6.028042, 31.643386], [6.022283, 31.651352], [6.046037, 31.66085], [6.0556, 31.671]]]}, "properties": {"source": "GEM", "layer": "pipelines", "tracker": "GGIT", "name": "Gassi Touil-Hassi Messaoud Gas Pipeline", "pipeline": "Gassi Touil-Hassi Messaoud Gas Pipeline", "segment": null, "fuel": "Gas", "countries": ["Algeria"], "sector": "energy", "owner": "Sonatrach [100.00%]", "parent": "Sonatrach SpA [100.00%]", "start_year": "1976", "capacity": 630.0, "capacity_units": "MMcf/d", "capacity_bcm_y": 6.44, "capacity_boed": 103776.12, "length_km": 150.0, "diameter": "40 in", "start_location": "Gassi Touil", "end_location": "Hassi Messaoud", "raw_status": "operating", "dash_status": "operating", "project_id": "P0464", "url": "https://www.gem.wiki/Gassi_Touil-Hassi_Messaoud_Gas_Pipeline", "last_updated": "2025-07-28", "release": "2025-11"}}, {"type": "Feature", "geometry": {"type": "MultiLineString", "coordinates": [[[5.976534, 31.893037], [5.96923, 31.880235], [5.955158, 31.887153], [5.934419, 31.897215], [5.869982, 31.904761], [5.809248, 31.902246], [5.788509, 31.895329], [5.627786, 31.901617], [5.466323, 31.89973], [5.2074, 31.9547], [5.105147, 32.029982], [4.952544, 32.098304], [4.359768, 32.309656], [4.292104, 32.375337], [4.270509, 32.381416], [4.169833, 32.445678], [4.136721, 32.460256], [3.886942, 32.574367], [3.737839, 32.643644], [3.710485, 32.647281], [3.674735, 32.653011], [3.6697, 32.655212], [3.658083, 32.672328], [3.650144, 32.67681], [3.646174, 32.680314], [3.644625, 32.683329], [3.640172, 32.687159], [3.638453, 32.687702], [3.625148, 32.691422], [3.610476, 32.69554], [3.608361, 32.69643], [3.606292, 32.697584], [3.601928, 32.699932], [3.593041, 32.704652], [3.590342, 32.706621], [3.585595, 32.709119], [3.581816, 32.712223], [3.576958, 32.715706], [3.576148, 32.716993], [3.572189, 32.720323], [3.559592, 32.735084], [3.554103, 32.739625], [3.53712, 32.749274], [3.520451, 32.757522], [3.513725, 32.759036], [3.508754, 32.761911], [3.478162, 32.769856], [3.473303, 32.772201], [3.472043, 32.778329], [3.462839, 32.786096], [3.4446, 32.791642], [3.433712, 32.795727], [3.428179, 32.797731], [3.418191, 32.802647], [3.402805, 32.804236], [3.390568, 32.806693], [3.383459, 32.808735], [3.38013, 32.816298], [3.374282, 32.826657], [3.251336, 32.915831], [3.204547, 33.032983], [3.088206, 33.25256], [3.06841, 33.287692], [3.050235, 33.32033], [3.031699, 33.35333], [3.017753, 33.375387], [2.992829, 33.412084], [2.964576, 33.452032], [2.931733, 33.499503], [2.911488, 33.529998], [2.902221, 33.553397], [2.891513, 33.576827], [2.873158, 33.620483], [2.839191, 33.700411], [2.829473, 33.722136], [2.822466, 33.737158], [2.820768, 33.744304], [2.818552, 33.750738], [2.815988, 33.758144], [2.813941, 33.763773], [2.811016, 33.764568], [2.744905, 33.832335], [2.730925, 33.840626], [2.723839, 33.844746], [2.718463, 33.847884], [2.708183, 33.853895], [2.70031, 33.858476], [2.6926, 33.86302], [2.688961, 33.865131], [2.685683, 33.867036], [2.682578, 33.868827], [2.675509, 33.874154], [2.674475, 33.875686], [2.660382, 33.882689], [2.658087, 33.885406], [2.655141, 33.886452], [2.652216, 33.886751], [2.6472, 33.888534], [2.642566, 33.894659], [2.637707, 33.902127], [2.614763, 33.936903], [2.613683, 33.94377], [2.616742, 33.948025], [2.611119, 33.9947], [2.615618, 34.021887], [2.608824, 34.03408], [2.582056, 34.069416], [2.570629, 34.078695], [2.568109, 34.08421], [2.562441, 34.089799], [2.559561, 34.095462], [2.557852, 34.103211], [2.558032, 34.104887], [2.551441, 34.115876], [2.549371, 34.117738], [2.542353, 34.120569], [2.539114, 34.123436], [2.532545, 34.132747], [2.529576, 34.136061], [2.519318, 34.156241], [2.517519, 34.157954], [2.509961, 34.168601], [2.502223, 34.188848], [2.493405, 34.207006], [2.460473, 34.250973], [2.441037, 34.280271], [2.43078, 34.30562], [2.416024, 34.317363], [2.397848, 34.336831], [2.368335, 34.381695], [2.369145, 34.390235], [2.34998, 34.416998], [2.337922, 34.42969], [2.331039, 34.439523], [2.314843, 34.471426], [2.242321, 34.551686], [2.20444, 34.586583], [2.169348, 34.62502], [2.105149, 34.698659], [2.013731, 34.741258], [1.876424, 34.804082], [1.806331, 34.849432], [1.753424, 34.876011], [1.73039, 34.883688], [1.713294, 34.895865], [1.634923, 34.93556], [1.575087, 34.966646], [1.569149, 34.972249], [1.540086, 35.009309], [1.525217, 35.028487], [1.50054, 35.042982], [1.485514, 35.051969], [1.477596, 35.059482], [1.465944, 35.077027], [1.446958, 35.11369], [1.424914, 35.152102], [1.341774, 35.289118], [1.302543, 35.344917], [1.279869, 35.355191], [1.27519, 35.367225], [1.27375, 35.376763], [1.271951, 35.381752], [1.268712, 35.382926], [1.265472, 35.382632], [1.260434, 35.377937], [1.256475, 35.377937], [1.248916, 35.383512], [1.247117, 35.391141], [1.246757, 35.400823], [1.229841, 35.419597], [1.222643, 35.42077], [1.21351, 35.431182], [1.196054, 35.439539], [1.191195, 35.440712], [1.178059, 35.450241], [1.167981, 35.461675], [1.162043, 35.467245], [1.155204, 35.468857], [1.13028, 35.466878], [1.109225, 35.476258], [1.094289, 35.484611], [1.087451, 35.487834], [1.081962, 35.489153], [1.066936, 35.496772], [1.063246, 35.499702], [1.051729, 35.503218], [1.028695, 35.513766], [1.016548, 35.517427], [1.00719, 35.517135], [0.984516, 35.533245], [0.973358, 35.54496], [0.974438, 35.548767], [0.971919, 35.550524], [0.9676, 35.551695], [0.961481, 35.549938], [0.952483, 35.554037], [0.943845, 35.566627], [0.938807, 35.566627], [0.933048, 35.569555], [0.92441, 35.575117], [0.917572, 35.576874], [0.912533, 35.585362], [0.906055, 35.588289], [0.897777, 35.588582], [0.890218, 35.590923], [0.88482, 35.601752], [0.875102, 35.607897], [0.868264, 35.62984], [0.8226, 35.650534], [0.812815, 35.652691], [0.803907, 35.656201], [0.797968, 35.657517], [0.794189, 35.660002], [0.785326, 35.664791], [0.784067, 35.671954], [0.767488, 35.684727], [0.759833, 35.690576], [0.758018, 35.693633], [0.754813, 35.699059], [0.749746, 35.70226], [0.747544, 35.706032], [0.743191, 35.706708], [0.738962, 35.710809], [0.737163, 35.713804], [0.734283, 35.716946], [0.727386, 35.722151], [0.722568, 35.725715], [0.717754, 35.727724], [0.6922, 35.732837], [0.685362, 35.732837], [0.680323, 35.735758], [0.671325, 35.737219], [0.65423, 35.737073], [0.614279, 35.727139], [0.608881, 35.725094], [0.606721, 35.725386], [0.587646, 35.721003], [0.581617, 35.71662], [0.565781, 35.71662], [0.548865, 35.715451], [0.544906, 35.714283], [0.541307, 35.71399], [0.533209, 35.711945], [0.477063, 35.718958], [0.423076, 35.723633], [0.395722, 35.724218], [0.36477, 35.707269], [0.345514, 35.707269], [0.316721, 35.700839], [0.285769, 35.690316], [0.24042, 35.669852], [0.205868, 35.656985], [0.171317, 35.65874], [0.123088, 35.652306], [0.07414, 35.641777], [0.03455, 35.640022], [-0.0411, 35.6148], [-0.106716, 35.624811], [-0.17438, 35.656401], [-0.21469, 35.732399], [-0.243483, 35.791977], [-0.2617, 35.8093]]]}, "properties": {"source": "GEM", "layer": "pipelines", "tracker": "GGIT", "name": "Haoudh El Hamra-Arzew Gas Pipeline", "pipeline": "Haoudh El Hamra-Arzew Gas Pipeline", "segment": null, "fuel": "Gas", "countries": ["Algeria"], "sector": "energy", "owner": "Sonatrach [100.00%]", "parent": "Sonatrach SpA [100.00%]", "start_year": null, "capacity": null, "capacity_units": null, "capacity_bcm_y": null, "capacity_boed": null, "length_km": 795.0, "diameter": null, "start_location": "Haoudh El Hamra", "end_location": "Arzew", "raw_status": "operating", "dash_status": "operating", "project_id": "P0465", "url": "https://www.gem.wiki/Haoudh_El_Hamra-Arzew_Gas_Pipeline", "last_updated": "2022-07-06", "release": "2025-11"}}, {"type": "Feature", "geometry": {"type": "MultiLineString", "coordinates": [[[3.248774, 32.936657], [2.986581, 33.406428], [2.899183, 33.519502], [2.796972, 33.750133], [2.731794, 33.817233], [2.623658, 33.877516], [2.594031, 33.925466], [2.589587, 34.020058], [2.35702, 34.357024], [2.094827, 34.676197], [1.555627, 34.952572], [1.333429, 35.276404], [1.306025, 35.280637], [1.260844, 35.316302], [1.235662, 35.328388], [1.197148, 35.388189], [1.126785, 35.431048], [1.051978, 35.450509], [0.85126, 35.549398], [0.790526, 35.562654], [0.664614, 35.621679], [0.573512, 35.615808], [0.52611, 35.638083], [0.400198, 35.623635], [0.378719, 35.606174], [0.304653, 35.609185], [0.260954, 35.635676], [0.175778, 35.651325], [-0.037532, 35.610389], [-0.110857, 35.615206], [-0.176776, 35.647112], [-0.247138, 35.781818], [-0.254545, 35.79023], [-0.292318, 35.793234], [-0.338815, 35.843762]]]}, "properties": {"source": "GEM", "layer": "pipelines", "tracker": "GGIT", "name": "Hassi R'Mel-Arzew Gas Pipeline \u00b7 Mainline", "pipeline": "Hassi R'Mel-Arzew Gas Pipeline", "segment": "Mainline", "fuel": "Gas", "countries": ["Algeria"], "sector": "energy", "owner": "Sonatrach [100.00%]", "parent": "Sonatrach SpA [100.00%]", "start_year": "1961", "capacity": 652.33, "capacity_units": "MMcf/d", "capacity_bcm_y": 6.67, "capacity_boed": 107454.41, "length_km": 509.0, "diameter": "20,24 in", "start_location": "Hassi R'Mel", "end_location": "Arzew", "raw_status": "operating", "dash_status": "operating", "project_id": "P0466", "url": "https://www.gem.wiki/Hassi_R'Mel-Arzew_Gas_Pipeline", "last_updated": "2025-07-28", "release": "2025-11"}}, {"type": "Feature", "geometry": {"type": "MultiLineString", "coordinates": [[[3.249578, 32.953543], [3.258466, 33.098853], [3.274761, 33.250118], [3.292537, 33.54569], [3.283649, 33.564207], [3.289574, 33.585188], [3.283649, 33.6148], [3.301425, 33.69125], [3.299943, 33.748235], [3.305868, 33.807336], [3.295499, 33.851635], [3.308831, 33.922343], [3.336976, 33.980095], [3.360677, 34.0464], [3.388822, 34.086895], [3.421411, 34.197236], [3.431781, 34.207037], [3.433262, 34.242556], [3.443631, 34.275613], [3.448075, 34.340463], [3.458444, 34.361254], [3.456963, 34.372259], [3.47622, 34.422373], [3.507328, 34.484668], [3.525104, 34.527698], [3.538436, 34.549662], [3.560655, 34.617957], [3.573987, 34.726383], [3.585838, 34.777501], [3.584356, 34.803656], [3.594726, 34.84257], [3.622871, 34.938558], [3.638425, 34.98378], [3.639165, 34.995313], [3.650275, 35.036557], [3.651016, 35.063843], [3.658422, 35.070814], [3.659904, 35.084149], [3.686567, 35.120809], [3.686567, 35.129896], [3.697677, 35.143827], [3.701381, 35.159269], [3.711009, 35.194836], [3.722119, 35.238404], [3.735451, 35.258515], [3.753227, 35.283157], [3.745079, 35.32849], [3.750264, 35.355073], [3.758411, 35.475344], [3.756189, 35.574504], [3.760633, 35.629305], [3.769521, 35.671435], [3.762855, 35.71715], [3.75693, 35.76885], [3.762855, 35.787026], [3.761004, 35.862169], [3.758041, 35.871472], [3.759893, 35.884075], [3.761374, 35.891575], [3.75693, 35.909874], [3.753597, 35.917372], [3.744339, 35.937764], [3.749153, 35.950656], [3.749523, 35.956652], [3.748598, 35.960399], [3.750264, 35.978082], [3.75156, 35.989469], [3.74619, 35.997971], [3.746376, 35.999507], [3.75082, 36.0049], [3.755634, 36.010442], [3.758041, 36.017032], [3.75656, 36.023322], [3.758411, 36.025587], [3.760263, 36.029106], [3.761929, 36.031652], [3.762578, 36.036818], [3.757856, 36.055083], [3.758874, 36.061482], [3.764985, 36.077646], [3.764985, 36.081238], [3.76554, 36.083782], [3.767762, 36.085727], [3.768503, 36.088608], [3.767855, 36.0916], [3.772114, 36.099455], [3.776743, 36.104318], [3.776835, 36.105066], [3.775076, 36.10731], [3.774706, 36.109778], [3.77915, 36.11793], [3.780353, 36.123128], [3.782205, 36.127914], [3.784705, 36.129185], [3.786093, 36.131129], [3.786834, 36.13412], [3.788686, 36.136513], [3.788778, 36.140102], [3.791278, 36.144775], [3.796463, 36.162492], [3.796833, 36.165706], [3.795907, 36.167126], [3.795954, 36.167612], [3.800999, 36.175646], [3.801462, 36.177028], [3.801555, 36.178869], [3.809424, 36.190264], [3.817155, 36.201182], [3.821645, 36.208895], [3.825672, 36.216963], [3.826228, 36.222079], [3.816183, 36.242662], [3.817896, 36.245201], [3.819701, 36.247628], [3.819701, 36.268708], [3.819608, 36.273756], [3.819655, 36.278085], [3.821877, 36.289541], [3.820118, 36.296835], [3.821645, 36.299409], [3.82109, 36.30356], [3.821553, 36.308036], [3.822293, 36.312858], [3.822988, 36.320429], [3.824237, 36.332988], [3.826598, 36.342907], [3.827385, 36.344548], [3.826321, 36.348687], [3.824469, 36.351371], [3.824469, 36.35249], [3.822525, 36.355099], [3.823265, 36.357261], [3.822247, 36.359871], [3.821691, 36.365388], [3.819562, 36.369582], [3.816599, 36.372247], [3.812341, 36.374557], [3.811507, 36.376645], [3.81123, 36.385105], [3.807989, 36.38898], [3.801694, 36.392558], [3.798731, 36.396302], [3.80012, 36.399656], [3.801971, 36.400997], [3.804841, 36.412919], [3.804564, 36.414856], [3.805027, 36.417464], [3.806508, 36.41955], [3.809933, 36.422009], [3.811507, 36.426031], [3.809008, 36.432065], [3.806786, 36.433853], [3.806693, 36.435678], [3.804193, 36.438434], [3.801323, 36.440891], [3.799286, 36.441562], [3.79725, 36.443275], [3.797342, 36.444839], [3.783455, 36.460254], [3.781603, 36.464647], [3.780955, 36.46595], [3.780863, 36.467811], [3.782159, 36.47064], [3.782344, 36.472725], [3.782899, 36.474437], [3.780492, 36.479351], [3.780029, 36.482328], [3.774104, 36.48538], [3.772993, 36.486646], [3.771419, 36.487316], [3.769753, 36.48739], [3.763087, 36.491484], [3.762716, 36.493754], [3.764753, 36.502239], [3.766512, 36.508043], [3.766049, 36.518758], [3.76642, 36.529546], [3.768086, 36.530848], [3.769105, 36.532559], [3.771234, 36.534047], [3.772067, 36.535832], [3.774752, 36.536799], [3.776974, 36.539552], [3.780029, 36.540667], [3.782066, 36.54394], [3.782066, 36.546841], [3.780214, 36.550039], [3.781603, 36.552438], [3.785677, 36.55452], [3.788732, 36.557049], [3.789565, 36.561362], [3.788177, 36.56627], [3.786695, 36.569541], [3.787158, 36.570954], [3.785955, 36.573036], [3.784288, 36.575099], [3.784658, 36.578724], [3.7804, 36.586976], [3.773086, 36.592551], [3.767994, 36.594633], [3.761883, 36.599836], [3.759476, 36.601471], [3.756791, 36.608829], [3.755495, 36.609572], [3.751329, 36.608178], [3.749847, 36.608476], [3.748088, 36.60803], [3.745589, 36.608996], [3.743459, 36.608847], [3.7392, 36.610408], [3.737719, 36.613009], [3.728276, 36.621629], [3.725683, 36.622706], [3.722536, 36.627536], [3.719758, 36.63296], [3.712537, 36.636749], [3.712166, 36.640166], [3.7105, 36.643472], [3.701149, 36.655134], [3.693743, 36.671324], [3.682008, 36.707402], [3.682193, 36.71898], [3.679601, 36.71898], [3.676453, 36.721652], [3.665991, 36.72577]]]}, "properties": {"source": "GEM", "layer": "pipelines", "tracker": "GGIT", "name": "Hassi R'Mel-Isser Gas Pipeline", "pipeline": "Hassi R'Mel-Isser Gas Pipeline", "segment": null, "fuel": "Gas", "countries": ["Algeria"], "sector": "energy", "owner": "Sonatrach [100.00%]", "parent": "Sonatrach SpA [100.00%]", "start_year": "1981", "capacity": 11.3, "capacity_units": "bcm/y", "capacity_bcm_y": 11.3, "capacity_boed": 182131.23, "length_km": 436.0, "diameter": "42.0 in", "start_location": "Hassi R'Mel", "end_location": "Isser", "raw_status": "operating", "dash_status": "operating", "project_id": "P0467", "url": "https://www.gem.wiki/Hassi_R'mel-Isser_Gas_Pipeline", "last_updated": "2024-07-03", "release": "2025-11"}}, {"type": "Feature", "geometry": {"type": "MultiLineString", "coordinates": [[[3.254401, 32.954433], [3.450002, 33.130918], [3.497646, 33.160837], [3.997349, 33.735974], [4.220681, 33.946202], [4.612255, 34.28764], [4.61821, 34.302401], [4.726898, 34.419776], [4.75072, 34.423461], [4.789431, 34.451703], [4.915241, 34.615751], [4.925663, 34.62249], [5.055195, 34.787729], [5.114006, 34.846096], [5.123683, 34.858925], [5.13485, 34.87053], [5.139317, 34.881523], [5.143039, 34.921819], [5.136339, 34.931584], [5.136339, 34.947451], [5.146017, 34.955994], [5.157928, 34.961485], [5.173561, 34.979175], [5.191427, 34.997472], [5.194405, 35.016984], [5.187705, 35.034663], [5.192172, 35.051119], [5.187705, 35.07793], [5.187705, 35.102904], [5.195149, 35.106863], [5.205572, 35.126349], [5.198127, 35.140352], [5.226416, 35.170784], [5.26736, 35.212153], [5.312026, 35.258973], [5.338826, 35.280854], [5.347759, 35.301513], [5.377537, 35.33978], [5.39317, 35.355567], [5.415503, 35.3756], [5.50558, 35.442949], [5.516002, 35.461444], [5.513769, 35.46872], [5.524191, 35.486907], [5.538335, 35.497817], [5.547269, 35.515391], [5.539824, 35.533568], [5.556202, 35.548711], [5.568113, 35.563247], [5.591935, 35.572935], [5.620968, 35.60033], [5.640323, 35.602751], [5.64479, 35.613645], [5.663401, 35.621512], [5.682756, 35.626353], [5.697645, 35.626353], [5.7371, 35.652369], [5.781766, 35.674142], [5.832388, 35.708605], [5.902365, 35.785639], [5.912787, 35.807376], [5.920976, 35.815225], [5.934376, 35.81945], [5.950009, 35.821865], [5.962665, 35.856867], [5.996909, 35.871346], [6.033386, 35.919591], [6.101875, 35.958768], [6.137608, 35.995818], [6.228429, 36.068662], [6.250762, 36.095134], [6.382528, 36.181106], [6.423472, 36.246875], [6.529182, 36.354267], [6.681791, 36.505505], [6.72348, 36.56233], [6.859898, 36.737999], [6.868273, 36.756342], [6.885023, 36.773673], [6.889117, 36.795286], [6.911078, 36.81287], [6.937878, 36.817638], [6.950161, 36.830003], [6.947, 36.88]]]}, "properties": {"source": "GEM", "layer": "pipelines", "tracker": "GGIT", "name": "Hassi R'Mel-Skikda Gas Pipeline \u00b7 GK1", "pipeline": "Hassi R'Mel-Skikda Gas Pipeline", "segment": "GK1", "fuel": "Gas", "countries": ["Algeria"], "sector": "energy", "owner": "Sonatrach [100.00%]", "parent": "Sonatrach SpA [100.00%]", "start_year": "1971", "capacity": 20.47, "capacity_units": "bcm/y", "capacity_bcm_y": 20.47, "capacity_boed": 329931.53, "length_km": 575.0, "diameter": "40.0 in", "start_location": "Hassi R'Mel", "end_location": "Skikda", "raw_status": "operating", "dash_status": "operating", "project_id": "P0468", "url": "https://www.gem.wiki/Hassi_R'Mel-Skikda_Gas_Pipeline", "last_updated": "2025-07-28", "release": "2025-11"}}, {"type": "Feature", "geometry": {"type": "MultiLineString", "coordinates": [[[2.487142, 27.556646], [2.481383, 27.55537], [2.480303, 27.568771], [2.479944, 27.585679], [2.462668, 27.615342], [2.45331, 27.622677], [2.435314, 27.666993], [2.423437, 27.670181], [2.405082, 27.684205], [2.378178, 27.724674], [2.309075, 27.82944], [2.290449, 27.850127], [2.278932, 27.857446], [2.273893, 27.862537], [2.272454, 27.8724], [2.262736, 27.876218], [2.24879, 27.897373], [2.241501, 27.909937], [2.227825, 27.909937], [2.214868, 27.93029], [2.20659, 27.946506], [2.20659, 27.950003], [2.202991, 27.954772], [2.203711, 27.960495], [2.200471, 27.965581], [2.201551, 27.971621], [2.201911, 27.974163], [2.198672, 27.97766], [2.196872, 27.982427], [2.193993, 27.986559], [2.192553, 27.997047], [2.188594, 27.998636], [2.188234, 28.003403], [2.184725, 28.006104], [2.182566, 28.016272], [2.172488, 28.018814], [2.170329, 28.024532], [2.158811, 28.042323], [2.136497, 28.065827], [2.151613, 28.091231], [2.178967, 28.138213], [2.222876, 28.221333], [2.2891, 28.345575], [2.296298, 28.35191], [2.304936, 28.372813], [2.305656, 28.382313], [2.40472, 28.569339], [2.28838, 28.933421], [2.279022, 28.9435], [2.264626, 29.005214], [2.259587, 29.019692], [2.254548, 29.036057], [2.24519, 29.053048], [2.213518, 29.081667], [2.215678, 29.090796], [2.318613, 29.273678], [2.379798, 29.382874], [2.392035, 29.409841], [2.45178, 29.515759], [2.517284, 29.644716], [2.649732, 29.944559], [2.747629, 30.11407], [2.953679, 30.419637], [2.963756, 30.427706], [2.997588, 30.575937], [3.015584, 30.595766], [3.018463, 30.613733], [3.006946, 30.629839], [2.996868, 30.832786], [3.036459, 30.880985], [3.057334, 30.944595], [3.054454, 30.951386], [3.055894, 30.960646], [3.059493, 30.97299], [3.060213, 30.987801], [3.067411, 30.997057], [3.07245, 31.021118], [3.079648, 31.040239], [3.060213, 31.096347], [3.040418, 31.125929], [3.044737, 31.164126], [3.057693, 31.204769], [3.057693, 31.229393], [3.041857, 31.257703], [3.026021, 31.282313], [3.03178, 31.300767], [3.027461, 31.329055], [3.0289, 31.362253], [3.032859, 31.370243], [3.033579, 31.409569], [3.040058, 31.430454], [3.045816, 31.4673], [3.091165, 31.564869], [3.089726, 31.577748], [3.076769, 31.603501], [3.068851, 31.610858], [3.058773, 31.623117], [3.047256, 31.638439], [3.033579, 31.658048], [3.037898, 31.667239], [3.032859, 31.678878], [3.0307, 31.697866], [2.970954, 31.783569], [2.961597, 31.805595], [2.960157, 31.827615], [2.966636, 31.853298], [2.979592, 31.879585], [2.975273, 31.888142], [2.975273, 31.900976], [2.984631, 31.911365], [2.993269, 31.921752], [2.991829, 31.933359], [3.001907, 31.95657], [3.017743, 32.019454], [3.02926, 32.056676], [3.03142, 32.065827], [3.063452, 32.106688], [3.089366, 32.249255], [3.108801, 32.542212], [3.11456, 32.648947], [3.2516, 32.9361]]]}, "properties": {"source": "GEM", "layer": "pipelines", "tracker": "GGIT", "name": "In Salah Gas Pipeline", "pipeline": "In Salah Gas Pipeline", "segment": null, "fuel": "Gas", "countries": ["Algeria"], "sector": "energy", "owner": "Sonatrach [35.00%]; BP plc [33.15%]; Equinor [31.85%]", "parent": "Sonatrach SpA [35.00%]; BP PLC [33.15%]; Equinor ASA [31.85%]", "start_year": "2003", "capacity": 9.0, "capacity_units": "bcm/y", "capacity_bcm_y": 9.0, "capacity_boed": 145060.27, "length_km": 520.0, "diameter": "48 in", "start_location": "In Salah", "end_location": "Haoudh El Hamra", "raw_status": "operating", "dash_status": "operating", "project_id": "P0469", "url": "https://www.gem.wiki/In_Salah_Gas_Pipeline", "last_updated": "2025-07-29", "release": "2025-11"}}, {"type": "Feature", "geometry": {"type": "MultiLineString", "coordinates": [[[6.7133, 29.6963], [6.596, 29.7476], [6.464, 30.8708], [5.9015, 31.7917], [5.7715, 31.8834], [5.2074, 31.9547], [4.3567, 32.3079], [3.2516, 32.9361]]]}, "properties": {"source": "GEM", "layer": "pipelines", "tracker": "GGIT", "name": "Rhourd Ennous-Hassi R'Mel Gas Pipeline \u00b7 GR6", "pipeline": "Rhourd Ennous-Hassi R'Mel Gas Pipeline", "segment": "GR6", "fuel": "Gas", "countries": ["Algeria"], "sector": "energy", "owner": "Sonatrach [100.00%]", "parent": "Sonatrach SpA [100.00%]", "start_year": "2017", "capacity": 12.0, "capacity_units": "bcm/y", "capacity_bcm_y": 12.0, "capacity_boed": 193413.7, "length_km": 531.0, "diameter": "48.0 in", "start_location": "Rhourd Ennous", "end_location": "Hassi R'Mel", "raw_status": "operating", "dash_status": "operating", "project_id": "P0470", "url": "https://www.gem.wiki/Rhourd_Ennous-Hassi_R'mel_Gas_Pipeline", "last_updated": "2025-07-28", "release": "2025-11"}}, {"type": "Feature", "geometry": {"type": "MultiLineString", "coordinates": [[[11.419969, -4.740874], [11.424942, -4.753687], [11.447282, -4.755176], [11.458393, -4.756099], [11.466726, -4.754253], [11.486632, -4.750563], [11.496353, -4.751024], [11.504686, -4.754715], [11.519037, -4.769016], [11.52737, -4.787008], [11.535703, -4.804538], [11.544961, -4.822067], [11.556072, -4.839596], [11.566719, -4.85528], [11.576904, -4.871885], [11.589403, -4.88849], [11.600976, -4.904634], [11.612087, -4.918471], [11.626438, -4.933691], [11.642177, -4.947066], [11.650047, -4.949372], [11.658843, -4.949834], [11.658843, -4.94476], [11.656065, -4.940609], [11.652825, -4.937381], [11.649121, -4.931846]], [[11.275186, -4.489817], [11.292909, -4.489817], [11.312404, -4.497767], [11.32924, -4.503068], [11.348735, -4.510135], [11.366458, -4.517202], [11.386839, -4.522502], [11.404561, -4.527802], [11.42317, -4.533103], [11.43912, -4.537519], [11.435576, -4.529569]], [[11.843417, -5.068653], [11.847848, -5.069536], [11.852279, -5.073949], [11.850949, -5.083217]], [[11.711827, -5.207658], [11.716701, -5.214276], [11.71803, -5.217365], [11.719802, -5.218688], [11.719802, -5.220895], [11.723347, -5.221777], [11.723347, -5.226631], [11.726005, -5.229278]], [[11.928881, -5.18472], [11.921897, -5.181011], [11.911654, -5.185184], [11.901877, -5.187966], [11.89629, -5.196776], [11.885116, -5.212541], [11.873476, -5.228769], [11.866026, -5.238969], [11.866013, -5.238988]], [[11.866013, -5.238988], [11.861836, -5.244996], [11.857646, -5.251487], [11.856756, -5.257051]], [[11.856756, -5.257051], [11.856756, -5.257052]], [[11.841816, -5.213932], [11.847868, -5.215323], [11.855318, -5.224596], [11.863698, -5.235723], [11.866013, -5.238988]], [[11.866013, -5.238988], [11.869286, -5.243605], [11.866492, -5.251024], [11.857646, -5.257051]], [[11.838091, -5.247314], [11.847403, -5.257051], [11.856756, -5.257051]], [[11.856756, -5.257051], [11.85718, -5.257051], [11.863233, -5.258442], [11.870682, -5.265396], [11.873941, -5.269105], [11.889771, -5.27235], [11.908395, -5.274669], [11.921432, -5.27745], [11.927484, -5.280696], [11.944711, -5.289968], [11.962403, -5.299703], [11.979165, -5.309902], [11.996392, -5.318711], [12.013618, -5.328909], [12.030845, -5.338644], [12.048072, -5.348379], [12.064833, -5.357651], [12.071317, -5.3618]], [[12.071317, -5.3618], [12.073579, -5.363247]], [[12.073579, -5.363247], [12.073613, -5.363269], [12.078097, -5.364959]], [[11.855475, -5.257052], [11.86882, -5.27096], [11.869286, -5.290895], [11.879063, -5.300167], [11.893031, -5.313611], [11.907929, -5.327055], [11.912585, -5.330764], [11.922828, -5.329373]], [[12.104408, -5.375034], [12.104874, -5.368544], [12.10208, -5.366226], [12.096028, -5.357882], [12.085927, -5.35399], [12.085908, -5.354004]], [[12.085908, -5.354004], [12.073579, -5.363247]], [[12.073579, -5.363247], [12.073549, -5.363269], [12.06623, -5.379669], [12.056918, -5.398674], [12.052728, -5.408408], [12.05459, -5.41397], [12.054659, -5.414299]], [[12.054659, -5.414299], [12.054663, -5.414314]], [[12.085927, -5.354022], [12.085908, -5.354004]], [[12.085908, -5.354004], [12.079778, -5.348123]], [[12.084326, -5.352555], [12.071317, -5.3618]], [[12.071317, -5.3618], [12.071179, -5.361898], [12.062597, -5.380391], [12.049915, -5.394674], [12.040051, -5.401816], [12.037233, -5.404303], [12.035824, -5.407364], [12.034415, -5.412337]], [[12.034415, -5.412337], [12.036721, -5.419989], [12.039667, -5.423687], [12.041044, -5.425154], [12.041813, -5.425887]], [[12.087832, -5.354883], [12.078225, -5.364704], [12.070539, -5.381028], [12.054783, -5.414059], [12.054695, -5.414298]], [[12.021989, -5.40341], [12.034415, -5.412337]], [[12.034415, -5.412337], [12.038291, -5.415256]], [[12.038291, -5.415256], [12.044407, -5.419862], [12.045023, -5.420324]], [[12.045944, -5.401752], [12.042613, -5.405451], [12.041332, -5.407746], [12.040436, -5.410169], [12.03829, -5.415239], [12.038291, -5.415256]], [[12.038291, -5.415256], [12.038386, -5.416928], [12.038898, -5.420244], [12.041076, -5.423177], [12.042165, -5.424325], [12.042901, -5.424931], [12.042915, -5.424936]], [[12.042915, -5.424936], [12.04584, -5.426063], [12.051476, -5.43805], [12.058137, -5.452077], [12.063005, -5.459473], [12.068642, -5.47146], [12.070691, -5.481151], [12.070844, -5.488293]], [[12.070844, -5.488293], [12.070947, -5.493137]], [[11.996401, -5.416578], [11.99781, -5.417407], [12.014399, -5.421424], [12.021765, -5.423145], [12.028106, -5.424421], [12.035664, -5.425823], [12.040404, -5.426334], [12.042389, -5.42576], [12.042915, -5.424936]], [[12.042915, -5.424936], [12.044171, -5.422972]], [[12.044171, -5.422972], [12.044182, -5.422954]], [[12.02516, -5.420085], [12.036008, -5.425855]], [[11.99781, -5.41747], [12.002614, -5.428693], [12.005688, -5.427673], [12.009083, -5.427354], [12.013054, -5.427481], [12.023815, -5.4278], [12.030027, -5.427481], [12.034895, -5.427354], [12.040147, -5.427609], [12.042397, -5.42576]], [[12.207318, -5.393431], [12.189896, -5.400063], [12.183491, -5.402103], [12.170681, -5.399808], [12.157871, -5.397257], [12.150697, -5.400828], [12.147879, -5.401338], [12.144805, -5.402613], [12.130201, -5.404654], [12.110474, -5.40848], [12.091772, -5.411795], [12.072044, -5.414601], [12.064871, -5.416131], [12.057953, -5.415876], [12.054663, -5.414298], [12.054659, -5.414299]], [[12.054659, -5.414299], [12.048986, -5.415621], [12.045656, -5.417152], [12.045143, -5.419957], [12.044171, -5.422972]], [[12.044171, -5.422972], [12.044166, -5.422986]], [[11.529213, -5.493329], [11.533825, -5.494859], [11.547659, -5.494859], [11.55637, -5.495879], [11.564569, -5.500469], [11.579941, -5.51424], [11.595313, -5.526991], [11.610685, -5.539741], [11.626057, -5.551981], [11.641429, -5.563711], [11.658338, -5.57595], [11.673197, -5.58717], [11.689082, -5.598899], [11.699842, -5.605018], [11.705991, -5.608078], [11.713677, -5.610118], [11.716367, -5.604955], [11.726871, -5.609034], [11.750057, -5.622866], [11.766966, -5.633575], [11.783876, -5.643773], [11.795148, -5.649382], [11.80181, -5.652442], [11.81462, -5.652952]], [[11.778495, -5.691703], [11.814363, -5.653461], [11.822434, -5.639503], [11.825636, -5.638164], [11.842033, -5.628985], [11.859967, -5.617767], [11.876876, -5.607058], [11.89276, -5.595329], [11.90762, -5.58258], [11.923504, -5.571361], [11.939901, -5.558611], [11.954761, -5.546881], [11.96962, -5.535661], [11.983455, -5.520361], [11.996778, -5.50557], [12.008563, -5.490268], [12.018811, -5.472927], [12.029059, -5.455584], [12.036745, -5.437731], [12.041869, -5.426509]], [[11.713549, -5.610118], [11.752107, -5.710568], [11.783876, -5.759512], [11.828967, -5.828843], [11.866884, -5.882874], [11.918124, -5.9634], [11.959116, -6.023533], [11.988835, -6.08264], [12.0411, -6.190646], [12.09234, -6.296593]], [[11.778623, -5.691703], [11.801169, -5.695017], [11.814748, -5.690429], [11.831144, -5.6838]], [[11.815004, -5.652952], [11.831401, -5.6838]], [[12.044815, -5.425808], [12.045584, -5.436775], [12.048402, -5.443916], [12.054294, -5.455393], [12.060443, -5.464829], [12.065055, -5.47197], [12.067617, -5.480386], [12.070844, -5.488293]], [[12.070844, -5.488293], [12.070947, -5.488547]], [[12.071204, -5.488547], [12.07479, -5.488802], [12.077352, -5.491097], [12.078633, -5.501808], [12.078633, -5.521954], [12.078633, -5.541335], [12.078889, -5.561735], [12.078889, -5.581879], [12.079402, -5.601257], [12.079402, -5.62191], [12.079914, -5.641032], [12.080683, -5.661684], [12.081195, -5.671627], [12.084013, -5.68106], [12.084782, -5.700562], [12.085294, -5.720192], [12.085038, -5.724016], [12.085551, -5.733702], [12.085551, -5.737781], [12.080427, -5.735487], [12.077096, -5.734722], [12.072485, -5.735487], [12.070435, -5.735487], [12.051989, -5.738801], [12.032005, -5.74186], [12.018939, -5.744409], [12.015096, -5.744409], [12.012021, -5.741605], [12.00203, -5.727584]], [[12.238246, -5.858598], [12.203403, -5.835151], [12.167535, -5.948302], [12.167535, -5.956457]], [[12.155493, -5.845091], [12.203146, -5.835915]], [[12.238502, -5.801761], [12.240039, -5.808898], [12.334833, -5.870577], [12.342007, -5.869557], [12.342519, -5.875674], [12.391197, -5.908804], [12.397858, -5.907785], [12.393759, -5.912372], [12.398371, -5.9297], [12.404007, -5.933778]], [[12.313825, -5.811447], [12.320998, -5.815525], [12.344569, -5.863441], [12.342519, -5.870577]], [[12.337395, -6.122062], [12.339445, -6.131233], [12.342519, -6.136837], [12.341494, -6.141422], [12.327147, -6.154668], [12.3128, -6.168932], [12.298965, -6.181668], [12.260023, -6.293728], [12.257461, -6.297803]], [[12.186237, -6.298312], [12.193923, -6.280995]], [[11.424812, -4.75377], [11.415076, -4.767046]], [[11.424812, -4.75377], [11.434547, -4.760408], [11.437109, -4.766025]], [[11.492705, -4.79679], [11.489118, -4.800364], [11.481804, -4.801457]], [[11.481804, -4.801457], [11.47887, -4.801896], [11.47144, -4.818745]], [[11.486812, -4.816448], [11.4863, -4.802406], [11.482457, -4.801641], [11.481804, -4.801457]], [[11.481804, -4.801457], [11.472465, -4.798832], [11.470159, -4.800619]]]}, "properties": {"source": "GEM", "layer": "pipelines", "tracker": "GGIT", "name": "Angola LNG Gas Pipeline System", "pipeline": "Angola LNG Gas Pipeline System", "segment": null, "fuel": "Gas", "countries": ["Angola"], "sector": "energy", "owner": "Sonangol [100.00%]", "parent": "unknown [70.00%]; Government of Angola [30.00%]", "start_year": "2016", "capacity": 750.0, "capacity_units": "MMcf/d", "capacity_bcm_y": 7.67, "capacity_boed": 123543.0, "length_km": 500.0, "diameter": null, "start_location": "various offshore gas fields", "end_location": "Angola LNG terminal", "raw_status": "operating", "dash_status": "operating", "project_id": "P0471", "url": "https://www.gem.wiki/Angola_LNG_Gas_Pipeline_System", "last_updated": "2025-08-05", "release": "2025-11"}}, {"type": "Feature", "geometry": {"type": "MultiLineString", "coordinates": [[[-4.808057, 5.042734], [-4.784301, 5.174187], [-4.42796, 5.218876], [-4.063701, 5.26356], [-4.067764, 5.32311]], [[-4.67344, 5.037475], [-4.671211, 5.183301], [-4.025914, 5.264636], [-4.021468, 5.316127]], [[-4.536182, 4.958589], [-4.536182, 4.979626], [-4.462275, 4.974367], [-4.443798, 5.021698], [-4.487612, 5.200779], [-4.019839, 5.261948], [-4.016464, 5.315718]]]}, "properties": {"source": "GEM", "layer": "pipelines", "tracker": "GGIT", "name": "Petroci Foxtrot Gas Pipeline", "pipeline": "Petroci Foxtrot Gas Pipeline", "segment": null, "fuel": "Gas", "countries": ["C\u00f4te d'Ivoire"], "sector": "energy", "owner": "Petroci [100.00%]", "parent": "Soci\u00e9t\u00e9 Nationale d'Op\u00e9rations P\u00e9troli\u00e8res de la C\u00f4te d'Ivoire [100.00%]", "start_year": "1999", "capacity": 154.0, "capacity_units": "MMcf/d", "capacity_bcm_y": 1.57, "capacity_boed": 25367.5, "length_km": 80.0, "diameter": null, "start_location": "Foxtrot offshore gas field", "end_location": "Abidjan", "raw_status": "operating", "dash_status": "operating", "project_id": "P0472", "url": "https://www.gem.wiki/Petroci_Foxtrot_Gas_Pipeline", "last_updated": "2025-08-05", "release": "2025-11"}}, {"type": "Feature", "geometry": {"type": "MultiLineString", "coordinates": [[[32.9833, 33.0944], [31.7473, 31.469]]]}, "properties": {"source": "GEM", "layer": "pipelines", "tracker": "GGIT", "name": "Cyprus\u2013Egypt Gas Pipeline", "pipeline": "Cyprus\u2013Egypt Gas Pipeline", "segment": null, "fuel": "Gas", "countries": ["Cyprus", "Egypt"], "sector": "energy", "owner": "Shell plc [35.00%]; Noble Energy [35.00%]; Delek Group [30.00%]", "parent": "Chevron Corp [35.00%]; Shell PLC [35.00%]; Delek Group Ltd [30.00%]", "start_year": "2028", "capacity": 8.0, "capacity_units": "bcm/y", "capacity_bcm_y": 8.0, "capacity_boed": 128942.47, "length_km": 310.0, "diameter": null, "start_location": "Aphrodite offshore gas field", "end_location": "Damietta Segas LNG Terminal", "raw_status": "proposed", "dash_status": "announced", "project_id": "P0473", "url": "https://www.gem.wiki/Cyprus%E2%80%93Egypt_Gas_Pipeline", "last_updated": "2025-08-11", "release": "2025-11"}}, {"type": "Feature", "geometry": {"type": "MultiLineString", "coordinates": [[[26.6114, 31.1015], [26.6203, 31.0998], [27.5526, 30.9503], [28.3748, 30.8327], [28.8028, 30.7694], [29.0621, 30.7158], [29.1244, 30.7167], [29.2589, 30.7463], [29.2813, 30.7621], [29.3631, 30.7803], [29.8648, 31.0948]]]}, "properties": {"source": "GEM", "layer": "pipelines", "tracker": "GGIT", "name": "Obaiyed-Amreya Northern Gas Pipeline \u00b7 Obaiyed-Tarek Gas Pipeline", "pipeline": "Obaiyed-Amreya Northern Gas Pipeline", "segment": "Obaiyed-Tarek Gas Pipeline", "fuel": "Gas", "countries": ["Egypt"], "sector": "energy", "owner": "Apache Corp; Shell plc", "parent": "APA Corp [unknown %]; Shell PLC [unknown %]", "start_year": null, "capacity": 600.0, "capacity_units": "MMcf/d", "capacity_bcm_y": 6.13, "capacity_boed": 98834.4, "length_km": 49.5, "diameter": "32 in", "start_location": "Obaiyed gas field", "end_location": "Amreya oil & gas plant", "raw_status": "operating", "dash_status": "operating", "project_id": "P0474", "url": "https://www.gem.wiki/Obaiyed-Amreya_Northern_Gas_Pipeline", "last_updated": "2024-07-30", "release": "2025-11"}}, {"type": "Feature", "geometry": {"type": "MultiLineString", "coordinates": [[[26.98, 30.7077], [26.9948, 30.6928], [27.0321, 30.6232], [27.1819, 30.4713], [27.3471, 30.3695], [27.366, 30.273], [27.3869, 30.2465], [27.3536, 30.2141], [27.3981, 30.1235], [27.442, 30.1025], [27.511, 30.0658], [27.5227, 30.0291], [27.5431, 30.0147], [27.588, 29.9872], [27.642, 29.9732], [27.7548, 29.9663], [27.8554, 29.9798], [27.8797, 29.9767], [28.2122, 29.9978], [28.3025, 29.9785], [28.4636, 29.8626], [28.5452, 29.8197], [28.5563, 29.7889]]]}, "properties": {"source": "GEM", "layer": "pipelines", "tracker": "GGIT", "name": "Salam-Abu Gharadig Southern Gas Pipeline", "pipeline": "Salam-Abu Gharadig Southern Gas Pipeline", "segment": null, "fuel": "Gas", "countries": ["Egypt"], "sector": "energy", "owner": "Apache Corp [100.00%]", "parent": "APA Corp [100.00%]", "start_year": null, "capacity": 187.0, "capacity_units": "MMcf/d", "capacity_bcm_y": 1.91, "capacity_boed": 30803.39, "length_km": 212.0, "diameter": "18.0 in", "start_location": "Salam gas field", "end_location": "Abu Gharadig oilfield", "raw_status": "operating", "dash_status": "operating", "project_id": "P0476", "url": "https://www.gem.wiki/Salam-Abu_Gharadig_Southern_Gas_Pipeline", "last_updated": "2022-07-13", "release": "2025-11"}}, {"type": "Feature", "geometry": {"type": "MultiLineString", "coordinates": [[[31.242331, 29.751158], [31.24233, 29.751163], [31.242334, 29.751158], [31.242333, 29.751156], [31.254254, 29.473873], [31.239272, 29.328149], [31.237118, 29.297305], [31.099858, 29.071265], [30.838015, 27.930414], [31.160673, 27.229739], [31.184982, 27.1828], [31.888896, 26.338713], [32.894529, 24.091316], [32.895511, 24.090867], [32.89637, 24.089411]]]}, "properties": {"source": "GEM", "layer": "pipelines", "tracker": "GGIT", "name": "South Valley Gas Pipeline \u00b7 SYSTEM/NETWORK INFO", "pipeline": "South Valley Gas Pipeline", "segment": "SYSTEM/NETWORK INFO", "fuel": "Gas", "countries": ["Egypt"], "sector": "energy", "owner": "Egyptian Natural Gas Holding Co [100.00%]", "parent": "unknown [unknown %]", "start_year": "2009", "capacity": 12.0, "capacity_units": "bcm/y", "capacity_bcm_y": 12.0, "capacity_boed": 193413.7, "length_km": 930.0, "diameter": "36, 32, 32,32,32,30 in", "start_location": "Dahshour", "end_location": "Aswan", "raw_status": "operating", "dash_status": "operating", "project_id": "P0477", "url": "https://www.gem.wiki/South_Valley_Gas_Pipeline", "last_updated": "2024-08-01", "release": "2025-11"}}, {"type": "Feature", "geometry": {"type": "MultiLineString", "coordinates": [[[19.9051, 27.9894], [19.8986, 27.9921], [19.9204, 28.0758], [19.9219, 28.1712], [19.9177, 28.2912], [19.9218, 28.2983], [19.922, 28.3046], [19.9365, 28.3782], [19.9355, 28.3923], [19.8943, 28.5093], [19.8961, 28.6196], [19.8018, 28.8116], [19.7701, 28.9162], [19.781, 28.938452], [19.7798, 28.9833], [19.7948, 29.0027], [19.8144, 29.0667], [19.8175, 29.1246], [19.8234, 29.1452], [19.8141, 29.2898], [19.8145, 29.4575], [19.8126, 29.4964], [19.8831, 29.774], [19.8173, 29.8705], [19.7163, 30.2585], [19.6064, 30.3963], [19.6091, 30.4102]]]}, "properties": {"source": "GEM", "layer": "pipelines", "tracker": "GGIT", "name": "Defa-Brega Gas Pipeline", "pipeline": "Defa-Brega Gas Pipeline", "segment": null, "fuel": "Gas", "countries": ["Libya"], "sector": "energy", "owner": "Libyan National Oil Corp [100.00%]", "parent": "National Oil Corp [100.00%]", "start_year": null, "capacity": null, "capacity_units": null, "capacity_bcm_y": null, "capacity_boed": null, "length_km": 299.0, "diameter": null, "start_location": "Defa gas field", "end_location": "Brega", "raw_status": "operating", "dash_status": "operating", "project_id": "P0482", "url": "https://www.gem.wiki/Defa-Brega_gas_pipeline", "last_updated": "2022-07-20", "release": "2025-11"}}, {"type": "Feature", "geometry": {"type": "MultiLineString", "coordinates": [[[12.2375, 32.8538], [13.18, 32.86], [14.25, 32.64], [15.08, 32.32], [15.4, 31.44], [16.58, 31.2], [18.3644, 30.6352], [18.551, 30.4723], [19.03, 30.22], [19.6091, 30.4102], [20.0484, 30.8278], [20.26, 31.19], [20.09, 32.1]]]}, "properties": {"source": "GEM", "layer": "pipelines", "tracker": "GGIT", "name": "Libya Coastal Gas Pipeline", "pipeline": "Libya Coastal Gas Pipeline", "segment": null, "fuel": "Gas", "countries": ["Libya"], "sector": "energy", "owner": "Libyan National Oil Corp [100.00%]", "parent": "National Oil Corp [100.00%]", "start_year": "1983", "capacity": 604.0, "capacity_units": "MMcf/d", "capacity_bcm_y": 6.17, "capacity_boed": 99493.3, "length_km": 1164.0, "diameter": "34 in", "start_location": "Mellitah Complex", "end_location": "Benghazi", "raw_status": "operating", "dash_status": "operating", "project_id": "P0483", "url": "https://www.gem.wiki/Libya_Coastal_Gas_Pipeline", "last_updated": "2022-07-20", "release": "2025-11"}}, {"type": "Feature", "geometry": {"type": "MultiLineString", "coordinates": [[[10.0235, 28.8885], [10.0214, 28.9342], [10.2986, 29.5152], [10.3106, 29.7379], [10.4482, 29.881], [10.5009, 30.2409], [10.457, 30.4144], [10.4849, 30.8094], [10.5228, 30.9668], [10.6492, 31.413], [10.7726, 31.5677], [10.9313, 31.7472], [11.0591, 31.9329], [11.1327, 32.0172], [11.2135, 32.0685], [11.4306, 32.1708], [11.8116, 32.532], [11.9406, 32.6493], [12.0253, 32.7713], [12.0672, 32.8259], [12.0866, 32.8599], [12.1023, 32.9032], [12.1141, 32.9144], [12.2375, 32.8538]]]}, "properties": {"source": "GEM", "layer": "pipelines", "tracker": "GGIT", "name": "Wafa-Mellitah Gas Pipeline \u00b7 Pipeline 1", "pipeline": "Wafa-Mellitah Gas Pipeline", "segment": "Pipeline 1", "fuel": "Gas", "countries": ["Libya"], "sector": "energy", "owner": "Libyan National Oil Corp [50.00%]; Eni SpA [50.00%]", "parent": "Eni SpA [50.00%]; National Oil Corp [50.00%]", "start_year": "2004", "capacity": 13.0, "capacity_units": "bcm/y", "capacity_bcm_y": 13.0, "capacity_boed": 209531.51, "length_km": 5246.0, "diameter": "32 in", "start_location": "Wafa gas field", "end_location": "Mellitah Complex", "raw_status": "operating", "dash_status": "operating", "project_id": "P0484", "url": "https://www.gem.wiki/Wafa-Mellitah_gas_pipeline", "last_updated": "2024-08-06", "release": "2025-11"}}, {"type": "Feature", "geometry": {"type": "MultiLineString", "coordinates": [[[5.204, 5.61], [5.713, 5.566], [5.8995, 5.99369]]]}, "properties": {"source": "GEM", "layer": "pipelines", "tracker": "GGIT", "name": "Escravos-Warri-Oben Gas Pipeline", "pipeline": "Escravos-Warri-Oben Gas Pipeline", "segment": null, "fuel": "Gas", "countries": ["Nigeria"], "sector": "energy", "owner": "Nigerian National Petroleum Corp [100.00%]", "parent": "NNPC Ltd [100.00%]", "start_year": null, "capacity": 150.0, "capacity_units": "MMcf/d", "capacity_bcm_y": 1.53, "capacity_boed": 24708.6, "length_km": 110.0, "diameter": null, "start_location": "Escravos", "end_location": "Oben node", "raw_status": "operating", "dash_status": "operating", "project_id": "P0486", "url": "https://www.gem.wiki/Escravos-Warri-Oben_Gas_Pipeline", "last_updated": "2025-08-18", "release": "2025-11"}}, {"type": "Feature", "geometry": {"type": "MultiLineString", "coordinates": [[[5.721691, 5.579615], [5.954789, 6.204289], [6.185145, 6.36784], [6.35517, 6.768316], [6.47309, 7.108597], [6.533421, 7.380641], [6.643115, 7.532913]]]}, "properties": {"source": "GEM", "layer": "pipelines", "tracker": "GGIT", "name": "Oben-Geregu Gas Pipeline", "pipeline": "Oben-Geregu Gas Pipeline", "segment": null, "fuel": "Gas", "countries": ["Nigeria"], "sector": "energy", "owner": "Nigerian National Petroleum Corp [100.00%]", "parent": "NNPC Ltd [100.00%]", "start_year": "2011", "capacity": 1200.0, "capacity_units": "MMcf/d", "capacity_bcm_y": 12.26, "capacity_boed": 197668.8, "length_km": 196.0, "diameter": "36 in", "start_location": "Oben", "end_location": "Geregu", "raw_status": "operating", "dash_status": "operating", "project_id": "P0487", "url": "https://www.gem.wiki/Oben-Geregu_Gas_Pipeline", "last_updated": "2025-08-18", "release": "2025-11"}}, {"type": "Feature", "geometry": {"type": "MultiLineString", "coordinates": [[[6.656527, 5.391382], [5.8995, 5.99369]]]}, "properties": {"source": "GEM", "layer": "pipelines", "tracker": "GGIT", "name": "Obiafu-Obrikom-Oben Gas Pipeline", "pipeline": "Obiafu-Obrikom-Oben Gas Pipeline", "segment": null, "fuel": "Gas", "countries": ["Nigeria"], "sector": "energy", "owner": "Nigerian National Petroleum Corp [100.00%]", "parent": "NNPC Ltd [100.00%]", "start_year": "2022", "capacity": 2000.0, "capacity_units": "MMcf/d", "capacity_bcm_y": 20.44, "capacity_boed": 329448.0, "length_km": 127.0, "diameter": "48.0 in", "start_location": "Obiafu-Obrikom gas plant", "end_location": "Oben node", "raw_status": "construction", "dash_status": "under_construction", "project_id": "P0488", "url": "https://www.gem.wiki/Obiafu-Obrikom-Oben_Gas_Pipeline", "last_updated": "2025-08-11", "release": "2025-11"}}, {"type": "Feature", "geometry": {"type": "MultiLineString", "coordinates": [[[8.012, 4.547], [6.656527, 5.391382]]]}, "properties": {"source": "GEM", "layer": "pipelines", "tracker": "GGIT", "name": "Qua Iboe Terminal to Obiafu-Obrikom Gas Pipeline", "pipeline": "Qua Iboe Terminal to Obiafu-Obrikom Gas Pipeline", "segment": null, "fuel": "Gas", "countries": ["Nigeria"], "sector": "energy", "owner": "Nigerian National Petroleum Corp [100.00%]", "parent": "NNPC Ltd [100.00%]", "start_year": null, "capacity": null, "capacity_units": null, "capacity_bcm_y": null, "capacity_boed": null, "length_km": 176.96, "diameter": null, "start_location": "Qua Iboe oil terminal", "end_location": "Obiafu-Obrikom gas plant", "raw_status": "cancelled", "dash_status": "stalled", "project_id": "P0489", "url": "https://www.gem.wiki/Qua_Iboe_Terminal_to_Obiafu-Obrikom_Gas_Pipeline", "last_updated": "2025-08-18", "release": "2025-11"}}, {"type": "Feature", "geometry": {"type": "MultiLineString", "coordinates": [[[7.608, 4.927], [8.318, 5.018]]]}, "properties": {"source": "GEM", "layer": "pipelines", "tracker": "GGIT", "name": "Ukanafun-Calabar Gas Pipeline", "pipeline": "Ukanafun-Calabar Gas Pipeline", "segment": null, "fuel": "Gas", "countries": ["Nigeria"], "sector": "energy", "owner": "Nigerian National Petroleum Corp [100.00%]", "parent": "NNPC Ltd [100.00%]", "start_year": "2017", "capacity": 120.0, "capacity_units": "MMcf/d", "capacity_bcm_y": 1.23, "capacity_boed": 19766.88, "length_km": 128.0, "diameter": "18 in", "start_location": "Ukanafun", "end_location": "Calabar", "raw_status": "operating", "dash_status": "operating", "project_id": "P0490", "url": "https://www.gem.wiki/Ukanafun-Calabar_Gas_Pipeline", "last_updated": "2025-08-18", "release": "2025-11"}}, {"type": "Feature", "geometry": {"type": "MultiLineString", "coordinates": [[[9.1736, 31.6455], [9.210024, 31.693816], [9.246751, 31.694808], [9.290474, 31.697288], [9.32895, 31.697784], [9.345273, 31.70572], [9.354017, 31.70572], [9.359264, 31.711672], [9.370923, 31.716631], [9.378502, 31.724069], [9.408233, 31.734978], [9.415812, 31.74291], [9.423973, 31.745389], [9.429803, 31.756295], [9.447875, 31.757782], [9.4607, 31.76026], [9.463615, 31.766208], [9.534737, 31.844982], [9.601924, 32.179511], [9.627575, 32.222921], [9.685872, 32.508515], [9.6863, 32.578], [9.7802, 33.0481], [9.6888, 33.5292], [9.6914, 33.5813], [9.735, 33.6354], [9.797, 33.8586], [9.824035, 33.89683], [9.870673, 33.900701], [9.940046, 33.894894], [9.947624, 33.895862], [9.972692, 33.886183], [9.99776, 33.884248], [10.047895, 33.914248], [10.074129, 33.911829], [10.085, 33.9183]]]}, "properties": {"source": "GEM", "layer": "pipelines", "tracker": "GGIT", "name": "El Borma-Gabes Gas Pipeline", "pipeline": "El Borma-Gabes Gas Pipeline", "segment": null, "fuel": "Gas", "countries": ["Algeria", "Tunisia"], "sector": "energy", "owner": "Tunisian Co of Electricity and Gas [100.00%]", "parent": "Tunisian Company of Electricity and Gas [100.00%]", "start_year": "1972", "capacity": 28.8, "capacity_units": "MMcf/d", "capacity_bcm_y": 0.29, "capacity_boed": 4744.05, "length_km": 294.0, "diameter": "10 in", "start_location": "El Borma gas field", "end_location": "Gab\u00e8s", "raw_status": "operating", "dash_status": "operating", "project_id": "P0512", "url": "https://www.gem.wiki/El_Borma-Gabes_Gas_Pipeline", "last_updated": "2025-08-25", "release": "2025-11"}}, {"type": "Feature", "geometry": {"type": "MultiLineString", "coordinates": [[[9.983204, 30.998475], [10.0333, 30.9884], [10.15343, 31.013465], [10.160426, 31.036445], [10.138273, 31.131305], [10.126614, 31.141284], [10.098631, 31.194159], [10.072981, 31.209118], [10.044998, 31.248749], [9.930737, 31.371274], [9.921409, 31.376251], [9.886431, 31.41407], [9.854951, 31.432974], [9.845623, 31.44889], [9.826968, 31.474748], [9.811811, 31.49861], [9.808313, 31.520479], [9.76051, 31.531411], [9.697549, 31.58804], [9.599611, 31.679864], [9.511, 31.750284], [9.465528, 31.765155], [9.537816, 31.844425], [9.603109, 32.169704], [9.635755, 32.216325], [9.689388, 32.499972], [9.69172, 32.577377], [9.784995, 33.049197], [9.747685, 33.248338], [9.709792, 33.426959], [9.689679, 33.529558], [9.690262, 33.579477], [9.736608, 33.638345], [9.743895, 33.660669], [9.743604, 33.671828], [9.754389, 33.699235], [9.757595, 33.728088], [9.782663, 33.800663], [9.788492, 33.810593], [9.788492, 33.828998], [9.801318, 33.866763], [9.816475, 33.888543], [9.887597, 34.001708], [9.894593, 34.02587], [9.944728, 34.092519], [9.962217, 34.138853], [9.990199, 34.215055], [10.036837, 34.271921], [10.08464, 34.322971], [10.132, 34.325]]]}, "properties": {"source": "GEM", "layer": "pipelines", "tracker": "GGIT", "name": "South Tunisia Gas Project Pipelines \u00b7 Main Line", "pipeline": "South Tunisia Gas Project Pipelines", "segment": "Main Line", "fuel": "Gas", "countries": ["Tunisia"], "sector": "energy", "owner": "Entreprise Tunisienne d'Activit\u00e9s P\u00e9troli\u00e8res [50.00%]; OMV [50.00%]", "parent": "Entreprise Tunisienne d'Activit\u00e9s P\u00e9troli\u00e8res [50.00%]; OMV AG [50.00%]", "start_year": "2020", "capacity": 3.65, "capacity_units": "bcm/y", "capacity_bcm_y": 3.65, "capacity_boed": 58830.0, "length_km": 370.0, "diameter": "24 in", "start_location": "Nawara gas field", "end_location": "Gab\u00e8s", "raw_status": "construction", "dash_status": "under_construction", "project_id": "P0513", "url": "https://www.gem.wiki/South_Tunisia_Gas_Project_Pipeline", "last_updated": "2025-08-21", "release": "2025-11"}}, {"type": "Feature", "geometry": {"type": "MultiLineString", "coordinates": [[[10.6023, 42.9568], [10.6027, 42.8375], [10.6065, 42.7834], [10.6065, 42.7445], [10.5536, 42.6886], [10.5552, 42.6652], [10.5256, 42.6171], [10.4821, 42.5704], [10.4635, 42.5207], [10.42, 42.4679], [10.3679, 42.427], [10.2808, 42.3428], [10.2267, 42.3007], [10.1996, 42.2436], [10.0884, 42.1865], [10.0373, 42.1444], [10.0193, 42.0813], [9.9742, 41.9851], [9.9471, 41.931], [9.9201, 41.8649], [9.881, 41.7777], [9.8569, 41.7146], [9.8593, 41.6517], [9.8854, 41.4291], [9.8953, 41.3244], [9.8887, 41.2622], [9.8723, 41.2033], [9.8462, 41.1084], [9.8331, 41.1018], [9.7873, 41.056], [9.7349, 41.0102], [9.6465, 40.9284], [9.473, 40.804], [9.4109, 40.768], [9.3192, 40.7418], [9.2799, 40.7353], [9.221, 40.696], [9.1621, 40.6567], [9.0672, 40.5847], [9.0116, 40.5421], [8.9461, 40.5127], [8.9265, 40.4701], [8.8708, 40.4211], [8.861, 40.3065], [8.8545, 40.2672], [8.7955, 40.2312], [8.7988, 40.1821], [8.8381, 40.1527], [8.8741, 40.1036], [8.8806, 40.0414], [8.8806, 39.9792], [8.8512, 39.9465], [8.8217, 39.8876], [8.789, 39.7305], [8.7955, 39.6683], [8.8283, 39.6192], [8.8381, 39.5112], [8.8577, 39.4653], [8.8806, 39.4097], [8.9036, 39.3115], [8.7759, 39.2395], [8.717, 39.2133], [8.6515, 39.2068], [8.5403, 39.1511], [8.5075, 39.1086], [8.5304, 39.0464], [8.5926, 38.9548], [8.5432, 38.8886], [8.5004, 38.8419], [8.4868, 38.7893], [8.4829, 38.7329], [8.4653, 38.5058], [8.4575, 38.3859], [8.4419, 38.3416], [8.4236, 38.2842], [8.4158, 38.2269], [8.408, 38.1226], [8.4027, 38.06], [8.3949, 38.0], [8.3715, 37.8957], [8.3558, 37.8358], [8.348, 37.7784], [8.3428, 37.6741], [8.3402, 37.6115], [8.3392, 37.5453], [8.3356, 37.4498], [8.3243, 37.3853], [8.2907, 37.3348], [8.2261, 37.2422], [8.2037, 37.1889], [8.1504, 37.0766], [8.1083, 37.0374], [8.0634, 36.9925], [8.0494, 36.9532], [7.9457, 36.8666], [7.9185, 36.8351]]]}, "properties": {"source": "GEM", "layer": "pipelines", "tracker": "GGIT", "name": "GALSI Pipeline", "pipeline": "GALSI Pipeline", "segment": null, "fuel": "Gas", "countries": ["Algeria", "Italy"], "sector": "energy", "owner": "Sonatrach; Edison SpA [20.80%]; Enel [15.60%]; Hera Group [10.40%]; Government of Sardinia [10.40%]", "parent": "Edison SpA [20.80%]; Enel SpA [15.60%]; Region of Sardinia [10.40%]; Sonatrach SpA [unknown %]; unknown [unknown %]", "start_year": null, "capacity": 8.0, "capacity_units": "bcm/y", "capacity_bcm_y": 8.0, "capacity_boed": 128942.47, "length_km": 861.0, "diameter": "26, 48 in", "start_location": "Hassi R'Mel", "end_location": "Piombino", "raw_status": "shelved", "dash_status": "stalled", "project_id": "P0697", "url": "https://www.gem.wiki/GALSI_Pipeline", "last_updated": "2025-07-27", "release": "2025-11"}}, {"type": "Feature", "geometry": {"type": "MultiLineString", "coordinates": [[[39.202129, -6.864931], [39.116753, -5.066239], [32.901756, -2.516439], [30.51356, -0.747952]]]}, "properties": {"source": "GEM", "layer": "pipelines", "tracker": "GGIT", "name": "Uganda Tanzania Pipeline", "pipeline": "Uganda Tanzania Pipeline", "segment": null, "fuel": "Gas", "countries": ["Uganda", "Tanzania"], "sector": "energy", "owner": "Tanzania Petroleum Development Corp (TPDC) [100.00%]", "parent": "Tanzania Petroleum Development Corp [100.00%]", "start_year": "2021", "capacity": null, "capacity_units": null, "capacity_bcm_y": null, "capacity_boed": null, "length_km": 1274.72, "diameter": null, "start_location": "Dar es Salam", "end_location": null, "raw_status": "shelved", "dash_status": "stalled", "project_id": "P1312", "url": "https://www.gem.wiki/Tanzania_Uganda_Pipeline", "last_updated": "2025-07-29", "release": "2025-11"}}, {"type": "Feature", "geometry": {"type": "MultiLineString", "coordinates": [[[7.401924, 9.085473], [7.421744, 10.507018], [8.534712, 11.989088]]]}, "properties": {"source": "GEM", "layer": "pipelines", "tracker": "GGIT", "name": "Trans Nigeria Gas Pipeline \u00b7 Phase 1: Ajaokuta\u2013Kaduna\u2013Kano Pipeline (AKK Pipeline)", "pipeline": "Trans Nigeria Gas Pipeline", "segment": "Phase 1: Ajaokuta\u2013Kaduna\u2013Kano Pipeline (AKK Pipeline)", "fuel": "Gas", "countries": ["Nigeria"], "sector": "energy", "owner": "Nigerian National Petroleum Corp [100.00%]", "parent": "NNPC Ltd [100.00%]", "start_year": "2025", "capacity": 3500.0, "capacity_units": "MMcf/d", "capacity_bcm_y": 35.77, "capacity_boed": 576534.0, "length_km": 1300.0, "diameter": null, "start_location": "Ibeno", "end_location": "Kano", "raw_status": "construction", "dash_status": "under_construction", "project_id": "P1313", "url": "https://www.gem.wiki/Trans_Nigeria_Gas_Pipeline", "last_updated": "2025-08-11", "release": "2025-11"}}, {"type": "Feature", "geometry": {"type": "MultiLineString", "coordinates": [[[10.160155, 33.679175], [11.36969, 33.123827], [12.573761, 32.752201]]]}, "properties": {"source": "GEM", "layer": "pipelines", "tracker": "GGIT", "name": "Mellitah-G\u00e1bes Pipeline", "pipeline": "Mellitah-G\u00e1bes Pipeline", "segment": null, "fuel": "Gas", "countries": ["Libya", "Tunisia"], "sector": "energy", "owner": "Gaz-System [100.00%]", "parent": "Operator Gazociagow Przesylowych GAZ-SYSTEM SP zoo [100.00%]", "start_year": null, "capacity": 193.5, "capacity_units": "MMcf/d", "capacity_bcm_y": 1.98, "capacity_boed": 31874.09, "length_km": 275.0, "diameter": "24.0 in", "start_location": "Mellitah", "end_location": "G\u00e1bes", "raw_status": "cancelled", "dash_status": "stalled", "project_id": "P1728", "url": "https://www.gem.wiki/Mellitah-G%C3%A1bes_Pipeline", "last_updated": "2025-08-20", "release": "2025-11"}}, {"type": "Feature", "geometry": {"type": "MultiLineString", "coordinates": [[[15.04123, 32.210303], [14.955811, 32.217209], [13.370448, 32.883121], [12.574532, 32.786859]]]}, "properties": {"source": "GEM", "layer": "pipelines", "tracker": "GGIT", "name": "Khoms-Melita Pipeline", "pipeline": "Khoms-Melita Pipeline", "segment": null, "fuel": "Gas", "countries": ["Libya"], "sector": "energy", "owner": "Libyan National Oil Corp [100.00%]", "parent": "National Oil Corp [100.00%]", "start_year": null, "capacity": 2.0, "capacity_units": "bcm/y", "capacity_bcm_y": 2.0, "capacity_boed": 32235.62, "length_km": 25.0, "diameter": "34 in", "start_location": "Khoms", "end_location": "Melita", "raw_status": "operating", "dash_status": "operating", "project_id": "P1789", "url": "https://www.gem.wiki/Khoms-Melita_Pipeline", "last_updated": "2022-07-20", "release": "2025-11"}}, {"type": "Feature", "geometry": {"type": "MultiLineString", "coordinates": [[[-1.654834, 34.034472], [-1.646721, 34.044556], [-1.62441, 34.05464], [-1.600071, 34.05632], [-1.591958, 34.05464], [-1.563563, 34.05464], [-1.55545, 34.063041], [-1.537196, 34.073122], [-1.502715, 34.076482], [-1.478376, 34.079842], [-1.460122, 34.111754], [-1.437811, 34.113434], [-1.429698, 34.123508], [-1.378992, 34.147012], [-1.255269, 34.224191], [-1.275552, 34.438579], [-1.275552, 34.460531], [-1.265917, 34.481014], [-1.306609, 34.549952], [-1.307496, 34.552458], [-1.319159, 34.567178], [-1.319919, 34.575554], [-1.317384, 34.587348], [-1.319539, 34.59434], [-1.323722, 34.597575], [-1.324103, 34.601957], [-1.328413, 34.605714], [-1.329047, 34.608426], [-1.331455, 34.611139], [-1.334751, 34.618963], [-1.333483, 34.626005], [-1.33285, 34.633098], [-1.33323, 34.636123], [-1.332976, 34.638313], [-1.329807, 34.639356], [-1.324863, 34.644675], [-1.321821, 34.64723], [-1.326258, 34.651714], [-1.323722, 34.659222], [-1.317891, 34.672984], [-1.313708, 34.677285], [-1.313835, 34.679161], [-1.316243, 34.680516], [-1.31599, 34.681455], [-1.314215, 34.681038], [-1.312947, 34.681872], [-1.314342, 34.682184], [-1.314342, 34.683748], [-1.31637, 34.683852], [-1.318272, 34.686562], [-1.314469, 34.689794], [-1.312694, 34.696673], [-1.315229, 34.699487], [-1.315609, 34.701779], [-1.319793, 34.707303], [-1.320046, 34.708762], [-1.326131, 34.71418], [-1.328286, 34.714753], [-1.330885, 34.716004], [-1.336209, 34.716369], [-1.336589, 34.717671], [-1.340202, 34.719827], [-1.341279, 34.721233], [-1.34036, 34.724671], [-1.33979, 34.726156], [-1.339663, 34.729412], [-1.337603, 34.73313], [-1.337033, 34.738124], [-1.33922, 34.749159], [-1.339505, 34.753846], [-1.349012, 34.760046], [-1.360738, 34.767231], [-1.368407, 34.775353], [-1.368914, 34.777644], [-1.37671, 34.78311], [-1.380006, 34.792051], [-1.37988, 34.803163], [-1.379475, 34.8112], [-1.381821, 34.816391], [-1.381631, 34.819617], [-1.381979, 34.823754], [-1.383183, 34.825328], [-1.376211, 34.834173], [-1.372979, 34.840272], [-1.374722, 34.852509], [-1.349622, 34.867072], [-1.349369, 34.880384], [-1.354946, 34.888287], [-1.355707, 34.89411], [-1.354249, 34.898216], [-1.355422, 34.901693], [-1.354661, 34.904448], [-1.355739, 34.906111], [-1.355168, 34.907619], [-1.357704, 34.913414], [-1.358274, 34.916533], [-1.359795, 34.918092], [-1.361253, 34.921262], [-1.36233, 34.923458], [-1.363535, 34.926732], [-1.367845, 34.931097], [-1.368288, 34.941749], [-1.372979, 34.951906], [-1.376401, 34.959126], [-1.380648, 34.976474], [-1.385972, 34.992041], [-1.385338, 35.001075], [-1.401818, 35.026538], [-1.420579, 35.038578], [-1.424889, 35.049268], [-1.423622, 35.05757], [-1.428692, 35.068776], [-1.43427, 35.072718], [-1.437312, 35.08413], [-1.444158, 35.09305], [-1.441369, 35.105911], [-1.438326, 35.10757], [-1.440101, 35.115866], [-1.446693, 35.123954], [-1.445679, 35.136291], [-1.446693, 35.142096], [-1.454552, 35.146657], [-1.451256, 35.153083], [-1.447707, 35.161789], [-1.446946, 35.170287], [-1.445425, 35.174432], [-1.440355, 35.180027], [-1.43072, 35.183964], [-1.423622, 35.191423], [-1.41703, 35.212968], [-1.412466, 35.215558], [-1.412973, 35.221564], [-1.415255, 35.226121], [-1.420579, 35.228192], [-1.41703, 35.238132], [-1.425143, 35.243309], [-1.423115, 35.252833], [-1.439594, 35.251798], [-1.444158, 35.256559], [-1.442383, 35.260079], [-1.443397, 35.264426], [-1.438073, 35.266496], [-1.438833, 35.275604], [-1.450749, 35.272085], [-1.472458, 35.283966]]]}, "properties": {"source": "GEM", "layer": "pipelines", "tracker": "GGIT", "name": "El Aricha-Beni Saf Gas Pipeline", "pipeline": "El Aricha-Beni Saf Gas Pipeline", "segment": null, "fuel": "Gas", "countries": ["Algeria"], "sector": "energy", "owner": "Sonatrach [100.00%]", "parent": "Sonatrach SpA [100.00%]", "start_year": "2021", "capacity": 4.5, "capacity_units": "bcm/y", "capacity_bcm_y": 4.5, "capacity_boed": 72530.14, "length_km": 198.0, "diameter": "48 in", "start_location": "El Aricha", "end_location": "Beni Saf", "raw_status": "operating", "dash_status": "operating", "project_id": "P1828", "url": "https://www.gem.wiki/El_Aricha-Beni_Saf_Gas_Pipeline", "last_updated": "2025-07-29", "release": "2025-11"}}, {"type": "Feature", "geometry": {"type": "MultiLineString", "coordinates": [[[1.505, 35.19], [2.387, 35.38], [2.81, 35.693], [2.554, 36.47], [2.241, 36.565], [2.106, 36.515], [2.057, 36.573]]]}, "properties": {"source": "GEM", "layer": "pipelines", "tracker": "GGIT", "name": "Sougueur-Hadjret En Nouss Gas Pipeline", "pipeline": "Sougueur-Hadjret En Nouss Gas Pipeline", "segment": null, "fuel": "Gas", "countries": ["Algeria"], "sector": "energy", "owner": "Sonatrach [100.00%]", "parent": "Sonatrach SpA [100.00%]", "start_year": null, "capacity": null, "capacity_units": null, "capacity_bcm_y": null, "capacity_boed": null, "length_km": 273.0, "diameter": "42.0 in", "start_location": "Sougueur", "end_location": "Hadjret En Nouss", "raw_status": "operating", "dash_status": "operating", "project_id": "P1831", "url": "https://www.gem.wiki/Sougueur%E2%80%93Hadjret_En_Nouss_gas_pipeline", "last_updated": "2025-08-01", "release": "2025-11"}}, {"type": "Feature", "geometry": {"type": "MultiLineString", "coordinates": [[[3.249096, 32.933582], [3.251237, 32.957088], [3.365531, 33.062121], [3.442208, 33.136957], [3.49283, 33.171859], [3.555363, 33.229167], [3.597051, 33.284571], [3.606729, 33.290794], [3.636506, 33.33061], [3.745008, 33.452124], [4.037944, 33.793529], [4.502287, 34.206874], [4.604275, 34.294867], [4.608742, 34.306552], [4.674811, 34.373706], [4.703099, 34.411178], [4.720222, 34.426531], [4.74181, 34.429601], [4.784057, 34.462445], [4.910611, 34.62249], [4.9188, 34.627391], [5.049821, 34.793231], [5.107818, 34.846382], [5.117495, 34.861654], [5.130895, 34.872038], [5.134617, 34.885779], [5.135362, 34.9218], [5.130523, 34.93126], [5.132384, 34.949263], [5.143923, 34.95872], [5.154345, 34.964211], [5.177795, 34.98861], [5.1871, 35.001569], [5.187845, 35.014984], [5.183006, 35.036625], [5.1871, 35.051253], [5.181517, 35.078063], [5.182168, 35.106539], [5.190729, 35.109584], [5.201152, 35.127548], [5.194079, 35.137289], [5.19259, 35.144289], [5.335429, 35.283721], [5.343618, 35.304987], [5.373768, 35.34386], [5.399079, 35.37027], [5.469707, 35.423216], [5.50209, 35.446872], [5.509163, 35.462335], [5.508418, 35.469914], [5.518468, 35.490525], [5.534473, 35.501132], [5.541546, 35.517493], [5.534008, 35.536729], [5.550014, 35.550055], [5.566019, 35.567012], [5.590958, 35.580031], [5.619432, 35.605229], [5.63581, 35.606742], [5.642882, 35.617333], [5.65926, 35.6252], [5.679732, 35.630646], [5.695737, 35.630646], [5.735192, 35.656357], [5.779114, 35.67813], [5.827689, 35.713573], [5.897666, 35.789998], [5.906599, 35.809018], [5.917766, 35.818978], [5.93526, 35.825015], [5.944193, 35.826222], [5.959361, 35.862353], [5.990628, 35.875022], [6.029338, 35.924169], [6.097082, 35.963344], [6.134862, 35.999639], [6.222706, 36.070674], [6.248761, 36.100454], [6.379596, 36.185669], [6.418307, 36.247531], [6.681233, 36.511582], [6.858316, 36.738819], [6.866412, 36.757609], [6.884441, 36.774549], [6.888233, 36.795994], [6.910939, 36.814174], [6.93718, 36.818942], [6.949254, 36.830375], [6.947114, 36.878997], [6.989942, 36.861503], [7.046519, 36.870436], [7.077088, 36.870101], [7.110401, 36.863401], [7.178517, 36.844489], [7.250853, 36.827631], [7.336929, 36.810107], [7.341023, 36.811001], [7.347909, 36.810032], [7.358261, 36.810032], [7.377989, 36.81562], [7.416514, 36.826272], [7.432519, 36.833795], [7.435799, 36.834409], [7.438963, 36.834409], [7.444174, 36.833888], [7.458877, 36.82927], [7.479349, 36.827706], [7.498611, 36.830834], [7.518757, 36.840218], [7.523224, 36.840888], [7.527505, 36.840814], [7.533274, 36.839473], [7.545836, 36.835675], [7.556305, 36.832398], [7.57259, 36.832696], [7.612045, 36.825173], [7.634122, 36.826961], [7.660922, 36.826365], [7.739739, 36.82521], [7.812694, 36.814781], [7.817533, 36.818357], [7.861827, 36.829084], [7.921754, 36.827892], [7.938132, 36.834148], [8.073712, 36.878822], [8.212178, 36.858871], [8.226881, 36.848447], [8.231719, 36.854404], [8.242514, 36.860658], [8.298347, 36.869294], [8.305419, 36.866316], [8.313608, 36.869294], [8.330357, 36.867507], [8.338174, 36.861254], [8.360135, 36.866019], [8.420556, 36.88827]]]}, "properties": {"source": "GEM", "layer": "pipelines", "tracker": "GGIT", "name": "Hassi R'Mel-Skikda-El Kala Gas Pipeline \u00b7 Hassi R'Mel- Mechtatine Pipeline", "pipeline": "Hassi R'Mel-Skikda-El Kala Gas Pipeline", "segment": "Hassi R'Mel- Mechtatine Pipeline", "fuel": "Gas", "countries": ["Algeria"], "sector": "energy", "owner": "Sonatrach [100.00%]", "parent": "Sonatrach SpA [100.00%]", "start_year": "2013", "capacity": 9.0, "capacity_units": "bcm/y", "capacity_bcm_y": 9.0, "capacity_boed": 145060.27, "length_km": 432.0, "diameter": "48.0 in", "start_location": "Hassi R'Mel", "end_location": "Mechtatine", "raw_status": "operating", "dash_status": "operating", "project_id": "P1835", "url": "https://www.gem.wiki/Hassi_R%27Mel-Skikda-El_Kala_gas_pipeline", "last_updated": "2022-07-08", "release": "2025-11"}}, {"type": "Feature", "geometry": {"type": "MultiLineString", "coordinates": [[[-1.27377, 35.352363], [-1.271176, 35.351509], [-1.265602, 35.350527], [-1.255807, 35.347876], [-1.251777, 35.346869], [-1.250432, 35.346421], [-1.249208, 35.345981], [-1.246805, 35.346292], [-1.241398, 35.345557], [-1.239552, 35.344874], [-1.233845, 35.344734], [-1.221056, 35.341828], [-1.21906, 35.341268], [-1.207623, 35.341461], [-1.202195, 35.341373], [-1.179664, 35.335912], [-1.175995, 35.334897], [-1.170845, 35.332796], [-1.161725, 35.335317], [-1.155159, 35.334302], [-1.145825, 35.332096], [-1.136963, 35.331781], [-1.131942, 35.330731], [-1.123617, 35.329855], [-1.119153, 35.327334], [-1.117565, 35.324989], [-1.109905, 35.322222], [-1.100313, 35.320944], [-1.08716, 35.317898], [-1.074672, 35.313888], [-1.067076, 35.31177], [-1.062398, 35.310631], [-1.060188, 35.310071], [-1.055424, 35.309966], [-1.039395, 35.308863], [-1.0378, 35.308734], [-1.017051, 35.316053], [-1.008024, 35.318931], [-1.000099, 35.321918], [-0.9901, 35.325455], [-0.975959, 35.330514], [-0.967548, 35.33335], [-0.963686, 35.335941], [-0.958128, 35.337446], [-0.950618, 35.339547], [-0.945518, 35.340953], [-0.934868, 35.3438], [-0.931649, 35.344675], [-0.925584, 35.346274], [-0.909083, 35.352995], [-0.896251, 35.358962], [-0.883305, 35.364661], [-0.872755, 35.369532], [-0.871804, 35.369595], [-0.870409, 35.36935], [-0.867384, 35.370523], [-0.864471, 35.371402], [-0.863146, 35.371756], [-0.857692, 35.374833], [-0.855889, 35.375498], [-0.849859, 35.376915], [-0.848057, 35.377405], [-0.842993, 35.379609], [-0.836298, 35.382671], [-0.831964, 35.383073], [-0.826771, 35.384106], [-0.814755, 35.384018], [-0.806622, 35.384718], [-0.794606, 35.383318], [-0.789091, 35.383161], [-0.774801, 35.383493], [-0.772882, 35.384113], [-0.767765, 35.385751], [-0.762111, 35.387605], [-0.756321, 35.389499], [-0.74989, 35.3916], [-0.746016, 35.392931], [-0.731888, 35.397502], [-0.724152, 35.399404], [-0.716662, 35.402419], [-0.713561, 35.404045], [-0.700607, 35.408737], [-0.690784, 35.412602], [-0.688743, 35.413477], [-0.678981, 35.423784], [-0.671445, 35.432076], [-0.664891, 35.438942], [-0.656373, 35.445757], [-0.645981, 35.451633], [-0.634501, 35.458072], [-0.628054, 35.46171], [-0.619996, 35.466436], [-0.618461, 35.467311], [-0.614701, 35.467261], [-0.598462, 35.466636], [-0.595822, 35.466661], [-0.593059, 35.466986], [-0.578264, 35.472398], [-0.565018, 35.477198], [-0.553076, 35.480585], [-0.549638, 35.481648], [-0.547275, 35.484435], [-0.544681, 35.485022], [-0.543315, 35.485884], [-0.536581, 35.488303], [-0.529482, 35.492348], [-0.521696, 35.496879], [-0.514216, 35.501672], [-0.508666, 35.504649], [-0.503148, 35.507621], [-0.496751, 35.511397], [-0.487771, 35.513997], [-0.479239, 35.516598], [-0.472371, 35.518783], [-0.46471, 35.521166], [-0.455887, 35.523874], [-0.448854, 35.526059], [-0.440149, 35.528761], [-0.439427, 35.528991], [-0.428697, 35.528538], [-0.427391, 35.528693], [-0.425331, 35.529837], [-0.422072, 35.532358], [-0.421515, 35.532511], [-0.41051, 35.532294], [-0.400647, 35.532488], [-0.386942, 35.533101], [-0.379592, 35.533931], [-0.378438, 35.534458], [-0.376067, 35.535927], [-0.375769, 35.536656], [-0.375529, 35.537409], [-0.369794, 35.542874], [-0.362387, 35.544949], [-0.35899, 35.545839], [-0.343667, 35.550363], [-0.330535, 35.551076], [-0.325751, 35.551555], [-0.314594, 35.553424], [-0.308569, 35.556263], [-0.301785, 35.559404], [-0.292288, 35.56248], [-0.285496, 35.564812], [-0.283511, 35.565275], [-0.279174, 35.566734], [-0.27478, 35.568203], [-0.268048, 35.56805], [-0.263949, 35.571449], [-0.261167, 35.5724], [-0.257205, 35.573707], [-0.253087, 35.574777], [-0.240255, 35.575726], [-0.237254, 35.576003], [-0.229601, 35.576451], [-0.221578, 35.576761], [-0.219049, 35.576862], [-0.216237, 35.576965], [-0.212862, 35.577065], [-0.209762, 35.577192], [-0.208202, 35.577242], [-0.205316, 35.577182], [-0.20309, 35.577095], [-0.20091, 35.57784], [-0.197174, 35.578545], [-0.192391, 35.579606], [-0.188786, 35.580405], [-0.185543, 35.581082], [-0.181233, 35.581909], [-0.136334, 35.591861], [-0.110582, 35.597172], [-0.102355, 35.598869], [-0.081993, 35.603448], [-0.066572, 35.607347], [-0.059927, 35.608983], [-0.055169, 35.610174], [-0.048701, 35.611767], [-0.043423, 35.613058], [-0.038967, 35.614605]]]}, "properties": {"source": "GEM", "layer": "pipelines", "tracker": "GGIT", "name": "Medgaz Gas Pipeline \u00b7 Onshore Segment (Mocta Douz\u2013Beni Saf)", "pipeline": "Medgaz Gas Pipeline", "segment": "Onshore Segment (Mocta Douz\u2013Beni Saf)", "fuel": "Gas", "countries": ["Algeria"], "sector": "energy", "owner": "Sonatrach [100.00%]", "parent": "Sonatrach SpA [100.00%]", "start_year": "2010", "capacity": null, "capacity_units": null, "capacity_bcm_y": null, "capacity_boed": null, "length_km": 120.0, "diameter": "48.0 in", "start_location": "Mocta Douz", "end_location": "Beni Saf", "raw_status": "operating", "dash_status": "operating", "project_id": "P1836", "url": "https://www.gem.wiki/Medgaz_Gas_Pipeline", "last_updated": "2025-07-28", "release": "2025-11"}}, {"type": "Feature", "geometry": {"type": "MultiLineString", "coordinates": [[[1.496863, 35.183934], [1.3004, 35.3447], [0.7192, 35.727], [-0.0411, 35.6148], [-0.2617, 35.8093]]]}, "properties": {"source": "GEM", "layer": "pipelines", "tracker": "GGIT", "name": "Sougueur-Arzew Gas Pipeline \u00b7 SC4 Sougueur-SC5 Kenenda Gas Pipeline", "pipeline": "Sougueur-Arzew Gas Pipeline", "segment": "SC4 Sougueur-SC5 Kenenda Gas Pipeline", "fuel": "Gas", "countries": ["Algeria"], "sector": "energy", "owner": "Sonatrach [100.00%]", "parent": "Sonatrach SpA [100.00%]", "start_year": "2012", "capacity": null, "capacity_units": null, "capacity_bcm_y": null, "capacity_boed": null, "length_km": 104.0, "diameter": "42.0 in", "start_location": "Sougueur", "end_location": "Kenenda", "raw_status": "operating", "dash_status": "operating", "project_id": "P1837", "url": "https://www.gem.wiki/Sougueur-Arzew_gas_pipeline", "last_updated": "2025-08-04", "release": "2025-11"}}, {"type": "Feature", "geometry": {"type": "MultiLineString", "coordinates": [[[20.987025, 28.925529], [20.768509, 29.063142], [20.515029, 29.259051], [20.244069, 29.482488], [20.203279, 29.52306], [20.019725, 29.604155], [19.914837, 29.669997], [19.903183, 29.776267], [19.897355, 29.819249], [19.754591, 30.197697], [19.716715, 30.265664], [19.658444, 30.341128], [19.590704, 30.408996]]]}, "properties": {"source": "GEM", "layer": "pipelines", "tracker": "GGIT", "name": "Intesar-Brega Gas Pipeline", "pipeline": "Intesar-Brega Gas Pipeline", "segment": null, "fuel": "Gas", "countries": ["Libya"], "sector": "energy", "owner": "Libyan National Oil Corp [81.00%]; Occidental Petroleum [14.25%]; OMV [4.75%]", "parent": "National Oil Corp [81.00%]; Occidental Petroleum Corp [14.25%]; OMV AG [4.75%]", "start_year": null, "capacity": 42.48, "capacity_units": "bcm/y", "capacity_bcm_y": 42.48, "capacity_boed": 684684.49, "length_km": 333.0, "diameter": "42.0 in", "start_location": "Intesar Oil field", "end_location": "Mersa Brega", "raw_status": "operating", "dash_status": "operating", "project_id": "P1856", "url": "https://www.gem.wiki/Intesar-Brega_gas_pipeline", "last_updated": "2022-07-20", "release": "2025-11"}}, {"type": "Feature", "geometry": {"type": "MultiLineString", "coordinates": [[[22.067954, 28.879617], [21.560996, 28.900025], [21.193888, 28.889821], [21.129789, 28.884719]]]}, "properties": {"source": "GEM", "layer": "pipelines", "tracker": "GGIT", "name": "Bu-Attifel-Intesar Gas Pipeline \u00b7 Pipeline 1", "pipeline": "Bu-Attifel-Intesar Gas Pipeline", "segment": "Pipeline 1", "fuel": "Gas", "countries": ["Libya"], "sector": "energy", "owner": "Libyan National Oil Corp [50.00%]; Eni SpA [50.00%]", "parent": "Eni SpA [50.00%]; National Oil Corp [50.00%]", "start_year": null, "capacity": 4134806.0, "capacity_units": "scm/y", "capacity_bcm_y": 0.0, "capacity_boed": 66.64, "length_km": 131.96, "diameter": "34.0 in", "start_location": "Bu-Attifel Oil field", "end_location": "Intesar Oil field", "raw_status": "operating", "dash_status": "operating", "project_id": "P1858", "url": "https://www.gem.wiki/Bu-Attifel-Intesar_gas_pipeline", "last_updated": "2024-08-06", "release": "2025-11"}}, {"type": "Feature", "geometry": {"type": "MultiLineString", "coordinates": [[[19.922649, 28.301594], [19.7701, 28.9162]]]}, "properties": {"source": "GEM", "layer": "pipelines", "tracker": "GGIT", "name": "Waha-Nasser Gas Pipeline", "pipeline": "Waha-Nasser Gas Pipeline", "segment": null, "fuel": "Gas", "countries": ["Libya"], "sector": "energy", "owner": "Libyan National Oil Corp [59.18%]; ConocoPhillips [16.33%]; TotalEnergies SE [16.33%]; Hess Corp [8.16%]", "parent": "National Oil Corp [59.18%]; ConocoPhillips Corp [16.33%]; TotalEnergies SE [16.33%]; Hess Corp [8.16%]", "start_year": null, "capacity": 5.66, "capacity_units": "bcm/y", "capacity_bcm_y": 5.66, "capacity_boed": 91226.79, "length_km": 177.0, "diameter": "24.0 in", "start_location": null, "end_location": null, "raw_status": "operating", "dash_status": "operating", "project_id": "P1860", "url": "https://www.gem.wiki/Waha-Nasser_gas_pipeline", "last_updated": "2023-09-21", "release": "2025-11"}}, {"type": "Feature", "geometry": {"type": "MultiLineString", "coordinates": [[[21.122506, 28.88727], [20.994309, 28.928079]]]}, "properties": {"source": "GEM", "layer": "pipelines", "tracker": "GGIT", "name": "Farigh-Intesar Gas Pipeline", "pipeline": "Farigh-Intesar Gas Pipeline", "segment": null, "fuel": "Gas", "countries": ["Libya"], "sector": "energy", "owner": "Libyan National Oil Corp [59.18%]; ConocoPhillips [16.33%]; TotalEnergies SE [16.33%]; Hess Corp [8.16%]", "parent": "National Oil Corp [59.18%]; ConocoPhillips Corp [16.33%]; TotalEnergies SE [16.33%]; Hess Corp [8.16%]", "start_year": null, "capacity": 7.08, "capacity_units": "bcm/y", "capacity_bcm_y": 7.08, "capacity_boed": 114114.08, "length_km": 177.0, "diameter": "24.0 in", "start_location": null, "end_location": null, "raw_status": "operating", "dash_status": "operating", "project_id": "P1861", "url": "https://www.gem.wiki/Faregh-Intesar_gas_pipeline", "last_updated": "2022-07-21", "release": "2025-11"}}, {"type": "Feature", "geometry": {"type": "MultiLineString", "coordinates": [[[19.596797, 30.4165], [19.675676, 30.407224], [19.858532, 30.419592], [19.899765, 30.455142], [19.980437, 30.533923], [20.021669, 30.587952], [20.098755, 30.729827], [20.136402, 30.8284], [20.159707, 30.88688], [20.256514, 31.059033], [20.321051, 31.148062], [20.340771, 31.174141], [20.3336, 31.198679], [20.319258, 31.232409], [20.174049, 31.643855], [20.147158, 31.75215], [20.125646, 31.840523], [20.05573, 32.077036]]]}, "properties": {"source": "GEM", "layer": "pipelines", "tracker": "GGIT", "name": "Brega-Benghazi Gas Pipeline", "pipeline": "Brega-Benghazi Gas Pipeline", "segment": null, "fuel": "Gas", "countries": ["Libya"], "sector": "energy", "owner": "Libyan National Oil Corp [100.00%]", "parent": "National Oil Corp [100.00%]", "start_year": null, "capacity": 10.76, "capacity_units": "bcm/y", "capacity_bcm_y": 10.76, "capacity_boed": 173427.62, "length_km": 396.0, "diameter": "34.0 in", "start_location": "Mersa Brega", "end_location": "Benghazi", "raw_status": "operating", "dash_status": "operating", "project_id": "P1862", "url": "https://www.gem.wiki/Brega-Benghazi_gas_pipeline", "last_updated": "2022-07-21", "release": "2025-11"}}, {"type": "Feature", "geometry": {"type": "MultiLineString", "coordinates": [[[19.59859, 30.417273], [19.595004, 30.34768], [19.569906, 30.298162], [19.42649, 30.234679], [19.295622, 30.220739], [19.127108, 30.220739], [19.032094, 30.237777], [18.862235, 30.29197], [18.738538, 30.346133], [18.605878, 30.423457], [18.489352, 30.511531], [18.351313, 30.610327], [18.259885, 30.672023], [18.157701, 30.746006], [17.825602, 30.855336], [17.752101, 30.867647], [17.559384, 30.944555], [17.363979, 31.006037], [17.288686, 31.019865], [17.229526, 31.038299], [17.141684, 31.092045], [16.814066, 31.125813], [16.708296, 31.124278], [16.61149, 31.113535], [16.37306, 31.1565], [16.107739, 31.216312], [16.046339, 31.219378], [15.703035, 31.360319], [15.611607, 31.375625], [15.240517, 31.413882], [15.101582, 31.562932], [15.035252, 31.756723], [14.983263, 31.90903], [14.992227, 32.073239], [15.046008, 32.238669], [15.092618, 32.279601], [15.12668, 32.326574], [15.119509, 32.343236], [15.081862, 32.352323], [14.850603, 32.390176], [14.717942, 32.394717], [14.447243, 32.518001]]]}, "properties": {"source": "GEM", "layer": "pipelines", "tracker": "GGIT", "name": "Brega-Khoms Gas Pipeline", "pipeline": "Brega-Khoms Gas Pipeline", "segment": null, "fuel": "Gas", "countries": ["Libya"], "sector": "energy", "owner": "Libyan National Oil Corp [100.00%]", "parent": "National Oil Corp [100.00%]", "start_year": null, "capacity": 11.61, "capacity_units": "bcm/y", "capacity_bcm_y": 11.61, "capacity_boed": 187127.75, "length_km": 645.0, "diameter": "34.0 in", "start_location": "Mersa Brega", "end_location": "Khoms", "raw_status": "operating", "dash_status": "operating", "project_id": "P1863", "url": "https://www.gem.wiki/Brega-Khoms_gas_pipeline", "last_updated": "2022-07-21", "release": "2025-11"}}, {"type": "Feature", "geometry": {"type": "MultiLineString", "coordinates": [[[14.447243, 32.518001], [14.346852, 32.566361], [14.343266, 32.608654], [14.289485, 32.617714], [14.103044, 32.681111], [13.923773, 32.732399], [13.755258, 32.777628], [13.662037, 32.795714], [13.568817, 32.789686], [13.489937, 32.768584], [13.4254, 32.765569]]]}, "properties": {"source": "GEM", "layer": "pipelines", "tracker": "GGIT", "name": "Khoms-Tripoli Gas Pipeline", "pipeline": "Khoms-Tripoli Gas Pipeline", "segment": null, "fuel": "Gas", "countries": ["Libya"], "sector": "energy", "owner": "Libyan National Oil Corp [100.00%]", "parent": "National Oil Corp [100.00%]", "start_year": null, "capacity": 17.05, "capacity_units": "bcm/y", "capacity_bcm_y": 17.05, "capacity_boed": 274808.63, "length_km": 201.0, "diameter": "34.0 in", "start_location": "Khoms", "end_location": "Tripoli", "raw_status": "operating", "dash_status": "operating", "project_id": "P1864", "url": "https://www.gem.wiki/Khoms-Tripoli_gas_pipeline", "last_updated": "2022-07-20", "release": "2025-11"}}, {"type": "Feature", "geometry": {"type": "MultiLineString", "coordinates": [[[13.424952, 32.766323], [13.163216, 32.757278], [12.93375, 32.745216], [12.849493, 32.748232], [12.763443, 32.772353], [12.357394, 32.808522], [12.205014, 32.8763]]]}, "properties": {"source": "GEM", "layer": "pipelines", "tracker": "GGIT", "name": "Tripoli-Mellitah Gas Pipeline", "pipeline": "Tripoli-Mellitah Gas Pipeline", "segment": null, "fuel": "Gas", "countries": ["Libya"], "sector": "energy", "owner": "Libyan National Oil Corp [100.00%]", "parent": "National Oil Corp [100.00%]", "start_year": null, "capacity": 16.99, "capacity_units": "bcm/y", "capacity_bcm_y": 16.99, "capacity_boed": 273841.56, "length_km": 158.0, "diameter": "34.0 in", "start_location": "Tripoli", "end_location": "Mellitah", "raw_status": "operating", "dash_status": "operating", "project_id": "P1865", "url": "https://www.gem.wiki/Tripoli-Mellitah_gas_pipeline", "last_updated": "2022-07-20", "release": "2025-11"}}, {"type": "Feature", "geometry": {"type": "MultiLineString", "coordinates": [[[19.7701, 28.9162], [19.781, 28.938452], [19.7798, 28.9833], [19.7948, 29.0027], [19.8144, 29.0667], [19.8175, 29.1246], [19.8234, 29.1452], [19.8141, 29.2898], [19.8145, 29.4575], [19.8126, 29.4964], [19.8831, 29.774], [19.8173, 29.8705], [19.7163, 30.2585], [19.6064, 30.3963], [19.6091, 30.4102]]]}, "properties": {"source": "GEM", "layer": "pipelines", "tracker": "GGIT", "name": "Nasser-Brega Gas Pipeline", "pipeline": "Nasser-Brega Gas Pipeline", "segment": null, "fuel": "Gas", "countries": ["Libya"], "sector": "energy", "owner": "Libyan National Oil Corp [100.00%]", "parent": "National Oil Corp [100.00%]", "start_year": null, "capacity": 14.87, "capacity_units": "bcm/y", "capacity_bcm_y": 14.87, "capacity_boed": 239671.81, "length_km": 277.0, "diameter": "36 in", "start_location": null, "end_location": "Mersa Brega", "raw_status": "operating", "dash_status": "operating", "project_id": "P1866", "url": "https://www.gem.wiki/Nasser-Brega_gas_pipeline", "last_updated": "2022-07-20", "release": "2025-11"}}, {"type": "Feature", "geometry": {"type": "MultiLineString", "coordinates": [[[6.649988, 7.543392], [8.807707, 8.094053]]]}, "properties": {"source": "GEM", "layer": "pipelines", "tracker": "GGIT", "name": "Oben-Ajaokuta Steel Gas Pipeline", "pipeline": "Oben-Ajaokuta Steel Gas Pipeline", "segment": null, "fuel": "Gas", "countries": ["Nigeria"], "sector": "energy", "owner": "Nigerian Gas Co [100.00%]", "parent": "NNPC Ltd [100.00%]", "start_year": null, "capacity": 1.87, "capacity_units": "bcm/y", "capacity_bcm_y": 1.87, "capacity_boed": 30140.3, "length_km": 16.0, "diameter": "24.0 in", "start_location": null, "end_location": null, "raw_status": "operating", "dash_status": "operating", "project_id": "P1877", "url": "https://www.gem.wiki/Oben-Ajaokuta_Steel_gas_pipeline", "last_updated": "2025-08-19", "release": "2025-11"}}, {"type": "Feature", "geometry": {"type": "MultiLineString", "coordinates": [[[5.154702, 5.611742], [5.06358, 5.69049], [4.931694, 5.778769], [4.907714, 5.845567], [4.838174, 5.933822], [4.747052, 6.00537], [4.619961, 6.057833], [4.357987, 6.191351], [4.082224, 6.320068], [3.909572, 6.386798], [3.789076, 6.429691], [3.640403, 6.460668], [3.580455, 6.46305], [3.585251, 6.494024], [3.614026, 6.575025]]]}, "properties": {"source": "GEM", "layer": "pipelines", "tracker": "GGIT", "name": "Escravos-Egbin Gas Pipeline", "pipeline": "Escravos-Egbin Gas Pipeline", "segment": null, "fuel": "Gas", "countries": ["Nigeria"], "sector": "energy", "owner": "Nigerian Gas Co [100.00%]", "parent": "NNPC Ltd [100.00%]", "start_year": null, "capacity": 10.28, "capacity_units": "bcm/y", "capacity_bcm_y": 10.28, "capacity_boed": 165691.07, "length_km": 196.0, "diameter": "20, 24, 30, 36 in", "start_location": null, "end_location": null, "raw_status": "operating", "dash_status": "operating", "project_id": "P1878", "url": "https://www.gem.wiki/Escravos-Egbin_gas_pipeline", "last_updated": "2025-08-11", "release": "2025-11"}}, {"type": "Feature", "geometry": {"type": "MultiLineString", "coordinates": [[[3.615225, 6.572643], [3.641602, 6.669111], [3.642801, 6.686974], [3.567266, 6.707217], [3.416196, 6.735795], [3.35385, 6.738176], [3.314284, 6.736986], [3.275917, 6.729841]]]}, "properties": {"source": "GEM", "layer": "pipelines", "tracker": "GGIT", "name": "Egbin Node-Alagbado Gas Pipeline", "pipeline": "Egbin Node-Alagbado Gas Pipeline", "segment": null, "fuel": "Gas", "countries": ["Nigeria"], "sector": "energy", "owner": "Nigerian Gas Co [100.00%]", "parent": "NNPC Ltd [100.00%]", "start_year": null, "capacity": 1.6, "capacity_units": "bcm/y", "capacity_bcm_y": 1.6, "capacity_boed": 25788.49, "length_km": 447.0, "diameter": "24.0 in", "start_location": null, "end_location": null, "raw_status": "operating", "dash_status": "operating", "project_id": "P1879", "url": "https://www.gem.wiki/Egbin_Node-Alagbado_gas_pipeline", "last_updated": "2025-08-20", "release": "2025-11"}}, {"type": "Feature", "geometry": {"type": "MultiLineString", "coordinates": [[[6.649988, 7.543392], [6.43139, 7.920448]]]}, "properties": {"source": "GEM", "layer": "pipelines", "tracker": "GGIT", "name": "Ajaokuta-Obajana Gas Pipeline", "pipeline": "Ajaokuta-Obajana Gas Pipeline", "segment": null, "fuel": "Gas", "countries": ["Nigeria"], "sector": "energy", "owner": "Nigerian Gas Co [100.00%]", "parent": "NNPC Ltd [100.00%]", "start_year": null, "capacity": 0.84, "capacity_units": "bcm/y", "capacity_bcm_y": 0.84, "capacity_boed": 13538.96, "length_km": 90.12, "diameter": "18.0 in", "start_location": null, "end_location": null, "raw_status": "operating", "dash_status": "operating", "project_id": "P1881", "url": "https://www.gem.wiki/Ajaokuta-Obajana_gas_pipeline", "last_updated": "2025-08-20", "release": "2025-11"}}, {"type": "Feature", "geometry": {"type": "MultiLineString", "coordinates": [[[6.656771, 5.391229], [6.657962, 5.083209]]]}, "properties": {"source": "GEM", "layer": "pipelines", "tracker": "GGIT", "name": "Obiafu-Ubeta Gas Pipeline", "pipeline": "Obiafu-Ubeta Gas Pipeline", "segment": null, "fuel": "Gas", "countries": ["Nigeria"], "sector": "energy", "owner": "Nigeria LNG Ltd [100.00%]", "parent": "NNPC Ltd [49.00%]; Shell PLC [25.60%]; TotalEnergies SE [15.00%]; Eni SpA [10.40%]", "start_year": null, "capacity": 4.55, "capacity_units": "bcm/y", "capacity_bcm_y": 4.55, "capacity_boed": 73336.03, "length_km": 28.97, "diameter": "24.0 in", "start_location": null, "end_location": null, "raw_status": "operating", "dash_status": "operating", "project_id": "P1885", "url": "https://www.gem.wiki/Obiafu-Ubeta_gas_pipeline", "last_updated": "2025-08-20", "release": "2025-11"}}, {"type": "Feature", "geometry": {"type": "MultiLineString", "coordinates": [[[6.68243, 4.678398], [6.779594, 4.942556]]]}, "properties": {"source": "GEM", "layer": "pipelines", "tracker": "GGIT", "name": "Soku-Rumuji Gas Pipeline", "pipeline": "Soku-Rumuji Gas Pipeline", "segment": null, "fuel": "Gas", "countries": ["Nigeria"], "sector": "energy", "owner": "Nigeria LNG Ltd [100.00%]", "parent": "NNPC Ltd [49.00%]; Shell PLC [25.60%]; TotalEnergies SE [15.00%]; Eni SpA [10.40%]", "start_year": null, "capacity": 6.2, "capacity_units": "bcm/y", "capacity_bcm_y": 6.2, "capacity_boed": 99930.41, "length_km": 41.0, "diameter": "42.0 in", "start_location": null, "end_location": null, "raw_status": "operating", "dash_status": "operating", "project_id": "P1887", "url": "https://www.gem.wiki/Soku-Rumuji_gas_pipeline", "last_updated": "2025-08-25", "release": "2025-11"}}, {"type": "Feature", "geometry": {"type": "MultiLineString", "coordinates": [[[6.778994, 4.939819], [7.190551, 4.413505]]]}, "properties": {"source": "GEM", "layer": "pipelines", "tracker": "GGIT", "name": "Rumuji Node-Bonny Gas Pipeline", "pipeline": "Rumuji Node-Bonny Gas Pipeline", "segment": null, "fuel": "Gas", "countries": ["Nigeria"], "sector": "energy", "owner": "Nigeria LNG Ltd [100.00%]", "parent": "NNPC Ltd [49.00%]; Shell PLC [25.60%]; TotalEnergies SE [15.00%]; Eni SpA [10.40%]", "start_year": null, "capacity": 12.91, "capacity_units": "bcm/y", "capacity_bcm_y": 12.91, "capacity_boed": 208080.9, "length_km": 85.3, "diameter": "36.0 in", "start_location": null, "end_location": null, "raw_status": "operating", "dash_status": "operating", "project_id": "P1888", "url": "https://www.gem.wiki/Rumuji_Node-Bonny_gas_pipeline", "last_updated": "2025-08-25", "release": "2025-11"}}, {"type": "Feature", "geometry": {"type": "MultiLineString", "coordinates": [[[6.597662, 4.654036], [6.621641, 4.611014], [6.679192, 4.577551], [6.847047, 4.51062], [7.043678, 4.438901], [7.173167, 4.407821]]]}, "properties": {"source": "GEM", "layer": "pipelines", "tracker": "GGIT", "name": "Soku-Bonny Gas Pipeline", "pipeline": "Soku-Bonny Gas Pipeline", "segment": null, "fuel": "Gas", "countries": ["Nigeria"], "sector": "energy", "owner": "Shell plc [100.00%]", "parent": "Shell PLC [100.00%]", "start_year": null, "capacity": 14.47, "capacity_units": "bcm/y", "capacity_bcm_y": 14.47, "capacity_boed": 233224.68, "length_km": 100.0, "diameter": "40.0 in", "start_location": null, "end_location": null, "raw_status": "operating", "dash_status": "operating", "project_id": "P1889", "url": "https://www.gem.wiki/Soku-Bonny_gas_pipeline", "last_updated": "2025-08-25", "release": "2025-11"}}, {"type": "Feature", "geometry": {"type": "MultiLineString", "coordinates": [[[6.656782, 5.391229], [6.77938, 4.941401]]]}, "properties": {"source": "GEM", "layer": "pipelines", "tracker": "GGIT", "name": "Obiafu-Rumuji Gas Pipeline", "pipeline": "Obiafu-Rumuji Gas Pipeline", "segment": null, "fuel": "Gas", "countries": ["Nigeria"], "sector": "energy", "owner": "Nigerian Agip Oil Co Ltd [100.00%]", "parent": "Oando PLC [100.00%]", "start_year": null, "capacity": 5.17, "capacity_units": "bcm/y", "capacity_bcm_y": 5.17, "capacity_boed": 83329.07, "length_km": 62.01, "diameter": "24.0 in", "start_location": null, "end_location": null, "raw_status": "operating", "dash_status": "operating", "project_id": "P1892", "url": "https://www.gem.wiki/Obiafu-Rumuji_gas_pipeline", "last_updated": "2025-08-25", "release": "2025-11"}}, {"type": "Feature", "geometry": {"type": "MultiLineString", "coordinates": [[[6.778994, 4.939819], [7.190551, 4.413505]]]}, "properties": {"source": "GEM", "layer": "pipelines", "tracker": "GGIT", "name": "Rumuji-Bonny Gas Pipeline", "pipeline": "Rumuji-Bonny Gas Pipeline", "segment": null, "fuel": "Gas", "countries": ["Nigeria"], "sector": "energy", "owner": "Nigerian Agip Oil Co Ltd [100.00%]", "parent": "Oando PLC [100.00%]", "start_year": null, "capacity": 7.23, "capacity_units": "bcm/y", "capacity_bcm_y": 7.23, "capacity_boed": 116531.75, "length_km": 82.0, "diameter": "36.0 in", "start_location": null, "end_location": null, "raw_status": "operating", "dash_status": "operating", "project_id": "P1893", "url": "https://www.gem.wiki/Rumuji-Bonny_gas_pipeline", "last_updated": "2025-08-25", "release": "2025-11"}}, {"type": "Feature", "geometry": {"type": "MultiLineString", "coordinates": [[[8.569043, 31.231252], [7.692056, 30.1862]]]}, "properties": {"source": "GEM", "layer": "pipelines", "tracker": "GGIT", "name": "Bir Rebaa Nord\u2013Menzel Ledjmet Est Gas Pipeline", "pipeline": "Bir Rebaa Nord\u2013Menzel Ledjmet Est Gas Pipeline", "segment": null, "fuel": "Gas", "countries": ["Algeria"], "sector": "energy", "owner": "Sonatrach [100.00%]", "parent": "Sonatrach SpA [100.00%]", "start_year": "2020", "capacity": 2.5, "capacity_units": "bcm/y", "capacity_bcm_y": 2.5, "capacity_boed": 40294.52, "length_km": 185.0, "diameter": "16.0 in", "start_location": "Bir Rebaa Nord gas field", "end_location": "Menzel Ledjmet Est gas field", "raw_status": "operating", "dash_status": "operating", "project_id": "P2052", "url": "https://www.gem.wiki/Bir_Rebaa_Nord%E2%80%93Menzel_Ledjmet_Est_Gas_Pipeline", "last_updated": "2022-07-08", "release": "2025-11"}}, {"type": "Feature", "geometry": {"type": "MultiLineString", "coordinates": [[[0.49291, 30.857063], [0.514098, 30.882386], [0.537058, 30.879843], [0.635566, 30.83311], [0.707039, 30.797489], [0.846654, 30.816573], [1.053298, 30.862679], [1.106995, 30.862997], [1.119216, 30.864586], [1.446588, 30.89764], [1.519913, 30.904313], [1.578055, 30.904631], [1.616199, 30.902089], [1.674341, 30.904949], [1.732112, 30.909079], [1.785439, 30.906538], [1.908389, 30.912257], [2.032079, 30.922106], [2.758666, 30.959745], [2.797921, 30.964826], [2.845323, 30.96038], [2.92013, 30.974828], [2.893466, 31.083992], [2.893466, 31.279158], [2.860877, 31.436012], [2.840138, 31.804342], [3.005146, 32.232207], [3.1114, 32.6619], [3.2516, 32.9361]]]}, "properties": {"source": "GEM", "layer": "pipelines", "tracker": "GGIT", "name": "GR-5 Gas Pipeline", "pipeline": "GR-5 Gas Pipeline", "segment": null, "fuel": "Gas", "countries": ["Algeria"], "sector": "energy", "owner": "Sonatrach [100.00%]", "parent": "Sonatrach SpA [100.00%]", "start_year": "2018", "capacity": 8.8, "capacity_units": "bcm/y", "capacity_bcm_y": 8.8, "capacity_boed": 141836.71, "length_km": 770.0, "diameter": "56,48 in", "start_location": "Reggane gas fields", "end_location": "Hassi R'Mel", "raw_status": "operating", "dash_status": "operating", "project_id": "P2053", "url": "https://www.gem.wiki/GR-5_Gas_Pipeline", "last_updated": "2024-07-08", "release": "2025-11"}}, {"type": "Feature", "geometry": {"type": "MultiLineString", "coordinates": [[[0.49291, 30.857063], [0.514098, 30.882386], [0.537058, 30.879843], [0.635566, 30.83311], [0.707039, 30.797489], [0.846654, 30.816573], [1.053298, 30.862679], [1.106995, 30.862997], [1.119216, 30.864586], [1.446588, 30.89764], [1.519913, 30.904313], [1.578055, 30.904631], [1.616199, 30.902089], [1.674341, 30.904949], [1.732112, 30.909079], [1.785439, 30.906538], [1.908389, 30.912257], [2.032079, 30.922106], [2.758666, 30.959745], [2.797921, 30.964826], [2.845323, 30.96038], [3.032316, 30.955696], [3.053055, 31.039501], [3.048241, 31.082168], [3.017133, 31.130682], [3.03602, 31.202296], [3.012689, 31.265073], [3.003431, 31.363943], [3.017873, 31.460971], [3.071201, 31.566892], [3.060091, 31.591342], [3.015281, 31.644007], [3.008986, 31.694122], [2.928994, 31.809534], [3.0138, 32.073824], [3.041945, 32.111473], [3.068609, 32.253927], [3.1114, 32.6619], [3.2516, 32.9361]]]}, "properties": {"source": "GEM", "layer": "pipelines", "tracker": "GGIT", "name": "GR-7 Gas Pipeline", "pipeline": "GR-7 Gas Pipeline", "segment": null, "fuel": "Gas", "countries": ["Algeria"], "sector": "energy", "owner": "Sonatrach [100.00%]", "parent": "Sonatrach SpA [100.00%]", "start_year": "2020", "capacity": 4.0, "capacity_units": "bcm/y", "capacity_bcm_y": 4.0, "capacity_boed": 64471.23, "length_km": 345.0, "diameter": "48.0 in", "start_location": "Hassi Tidjerane gas fields", "end_location": "Hassi R'Mel", "raw_status": "operating", "dash_status": "operating", "project_id": "P2054", "url": "https://www.gem.wiki/GR-7_Gas_Pipeline", "last_updated": "2025-07-28", "release": "2025-11"}}, {"type": "Feature", "geometry": {"type": "MultiLineString", "coordinates": [[[5.976534, 31.893037], [5.96923, 31.880235], [5.955158, 31.887153], [5.934419, 31.897215], [5.869982, 31.904761], [5.809248, 31.902246], [5.788509, 31.895329], [5.627786, 31.901617], [5.466323, 31.89973], [5.2074, 31.9547], [5.105147, 32.029982], [4.952544, 32.098304], [4.359768, 32.309656], [4.292104, 32.375337], [4.270509, 32.381416], [4.169833, 32.445678], [4.136721, 32.460256], [3.886942, 32.574367], [3.737839, 32.643644], [3.710485, 32.647281], [3.674735, 32.653011], [3.6697, 32.655212], [3.658083, 32.672328], [3.650144, 32.67681], [3.646174, 32.680314], [3.644625, 32.683329], [3.640172, 32.687159], [3.638453, 32.687702], [3.625148, 32.691422], [3.610476, 32.69554], [3.608361, 32.69643], [3.606292, 32.697584], [3.601928, 32.699932], [3.593041, 32.704652], [3.590342, 32.706621], [3.585595, 32.709119], [3.581816, 32.712223], [3.576958, 32.715706], [3.576148, 32.716993], [3.572189, 32.720323], [3.559592, 32.735084], [3.554103, 32.739625], [3.53712, 32.749274], [3.520451, 32.757522], [3.513725, 32.759036], [3.508754, 32.761911], [3.478162, 32.769856], [3.473303, 32.772201], [3.472043, 32.778329], [3.462839, 32.786096], [3.4446, 32.791642], [3.433712, 32.795727], [3.428179, 32.797731], [3.418191, 32.802647], [3.402805, 32.804236], [3.390568, 32.806693], [3.383459, 32.808735], [3.38013, 32.816298], [3.374282, 32.826657], [3.251336, 32.915831], [3.204547, 33.032983], [3.088206, 33.25256], [3.06841, 33.287692], [3.050235, 33.32033], [3.031699, 33.35333], [3.017753, 33.375387], [2.992829, 33.412084], [2.964576, 33.452032], [2.931733, 33.499503], [2.911488, 33.529998], [2.902221, 33.553397], [2.891513, 33.576827], [2.873158, 33.620483], [2.839191, 33.700411], [2.829473, 33.722136], [2.822466, 33.737158], [2.820768, 33.744304], [2.818552, 33.750738], [2.815988, 33.758144], [2.813941, 33.763773], [2.811016, 33.764568], [2.744905, 33.832335], [2.730925, 33.840626], [2.723839, 33.844746], [2.718463, 33.847884], [2.708183, 33.853895], [2.70031, 33.858476], [2.6926, 33.86302], [2.688961, 33.865131], [2.685683, 33.867036], [2.682578, 33.868827], [2.675509, 33.874154], [2.674475, 33.875686], [2.660382, 33.882689], [2.658087, 33.885406], [2.655141, 33.886452], [2.652216, 33.886751], [2.6472, 33.888534], [2.642566, 33.894659], [2.637707, 33.902127], [2.614763, 33.936903], [2.613683, 33.94377], [2.616742, 33.948025], [2.611119, 33.9947], [2.615618, 34.021887], [2.608824, 34.03408], [2.582056, 34.069416], [2.570629, 34.078695], [2.568109, 34.08421], [2.562441, 34.089799], [2.559561, 34.095462], [2.557852, 34.103211], [2.558032, 34.104887], [2.551441, 34.115876], [2.549371, 34.117738], [2.542353, 34.120569], [2.539114, 34.123436], [2.532545, 34.132747], [2.529576, 34.136061], [2.519318, 34.156241], [2.517519, 34.157954], [2.509961, 34.168601], [2.502223, 34.188848], [2.493405, 34.207006], [2.460473, 34.250973], [2.441037, 34.280271], [2.43078, 34.30562], [2.416024, 34.317363], [2.397848, 34.336831], [2.368335, 34.381695], [2.369145, 34.390235], [2.34998, 34.416998], [2.337922, 34.42969], [2.331039, 34.439523], [2.314843, 34.471426], [2.242321, 34.551686], [2.20444, 34.586583], [2.169348, 34.62502], [2.105149, 34.698659], [2.013731, 34.741258], [1.876424, 34.804082], [1.806331, 34.849432], [1.753424, 34.876011], [1.73039, 34.883688], [1.713294, 34.895865], [1.634923, 34.93556], [1.575087, 34.966646], [1.569149, 34.972249], [1.540086, 35.009309], [1.525217, 35.028487], [1.50054, 35.042982], [1.485514, 35.051969], [1.477596, 35.059482], [1.465944, 35.077027], [1.446958, 35.11369], [1.424914, 35.152102], [1.341774, 35.289118], [1.302543, 35.344917], [1.279869, 35.355191], [1.27519, 35.367225], [1.27375, 35.376763], [1.271951, 35.381752], [1.268712, 35.382926], [1.265472, 35.382632], [1.260434, 35.377937], [1.256475, 35.377937], [1.248916, 35.383512], [1.247117, 35.391141], [1.246757, 35.400823], [1.229841, 35.419597], [1.222643, 35.42077], [1.21351, 35.431182], [1.196054, 35.439539], [1.191195, 35.440712], [1.178059, 35.450241], [1.167981, 35.461675], [1.162043, 35.467245], [1.155204, 35.468857], [1.13028, 35.466878], [1.109225, 35.476258], [1.094289, 35.484611], [1.087451, 35.487834], [1.081962, 35.489153], [1.066936, 35.496772], [1.063246, 35.499702], [1.051729, 35.503218], [1.028695, 35.513766], [1.016548, 35.517427], [1.00719, 35.517135], [0.984516, 35.533245], [0.973358, 35.54496], [0.974438, 35.548767], [0.971919, 35.550524], [0.9676, 35.551695], [0.961481, 35.549938], [0.952483, 35.554037], [0.943845, 35.566627], [0.938807, 35.566627], [0.933048, 35.569555], [0.92441, 35.575117], [0.917572, 35.576874], [0.912533, 35.585362], [0.906055, 35.588289], [0.897777, 35.588582], [0.890218, 35.590923], [0.88482, 35.601752], [0.875102, 35.607897], [0.868264, 35.62984], [0.8226, 35.650534], [0.812815, 35.652691], [0.803907, 35.656201], [0.797968, 35.657517], [0.794189, 35.660002], [0.785326, 35.664791], [0.784067, 35.671954], [0.767488, 35.684727], [0.759833, 35.690576], [0.758018, 35.693633], [0.754813, 35.699059], [0.749746, 35.70226], [0.747544, 35.706032], [0.743191, 35.706708], [0.738962, 35.710809], [0.737163, 35.713804], [0.734283, 35.716946], [0.727386, 35.722151], [0.722568, 35.725715], [0.717754, 35.727724], [0.6922, 35.732837], [0.685362, 35.732837], [0.680323, 35.735758], [0.671325, 35.737219], [0.65423, 35.737073], [0.614279, 35.727139], [0.608881, 35.725094], [0.606721, 35.725386], [0.587646, 35.721003], [0.581617, 35.71662], [0.565781, 35.71662], [0.548865, 35.715451], [0.544906, 35.714283], [0.541307, 35.71399], [0.533209, 35.711945], [0.477063, 35.718958], [0.423076, 35.723633], [0.395722, 35.724218], [0.36477, 35.707269], [0.345514, 35.707269], [0.316721, 35.700839], [0.285769, 35.690316], [0.24042, 35.669852], [0.205868, 35.656985], [0.171317, 35.65874], [0.123088, 35.652306], [0.07414, 35.641777], [0.03455, 35.640022], [-0.0411, 35.6148], [-0.106716, 35.624811], [-0.17438, 35.656401], [-0.21469, 35.732399], [-0.243483, 35.791977], [-0.2617, 35.8093]]]}, "properties": {"source": "GEM", "layer": "pipelines", "tracker": "GGIT", "name": "Medgaz Gas Pipeline \u00b7 Offshore Segment (Beni Saf\u2013Almer\u00eda)", "pipeline": "Medgaz Gas Pipeline", "segment": "Offshore Segment (Beni Saf\u2013Almer\u00eda)", "fuel": "Gas", "countries": ["Algeria", "Spain"], "sector": "energy", "owner": "Sonatrach [51.00%]; Naturgy [49.00%]", "parent": "Sonatrach SpA [51.00%]; unknown [unknown %]", "start_year": "2011", "capacity": 8.0, "capacity_units": "bcm/y", "capacity_bcm_y": 8.0, "capacity_boed": 128942.47, "length_km": 210.0, "diameter": "24 in", "start_location": "Hassi R'Mel", "end_location": null, "raw_status": "operating", "dash_status": "operating", "project_id": "P2055", "url": "https://www.gem.wiki/Medgaz_Gas_Pipeline", "last_updated": "2022-07-11", "release": "2025-11"}}, {"type": "Feature", "geometry": {"type": "MultiLineString", "coordinates": [[[7.152264, 35.42903], [-0.62502, 35.212171]]]}, "properties": {"source": "GEM", "layer": "pipelines", "tracker": "GGIT", "name": "Rocade East-West Gas Pipeline", "pipeline": "Rocade East-West Gas Pipeline", "segment": null, "fuel": "Gas", "countries": ["Algeria"], "sector": "energy", "owner": "Soci\u00e9t\u00e9 Alg\u00e9rienne de Gestion du R\u00e9seau de Transport du Gaz (GRTG) [100.00%]", "parent": "Sonelgaz SpA [unknown %]", "start_year": "2016", "capacity": null, "capacity_units": null, "capacity_bcm_y": null, "capacity_boed": null, "length_km": 509.0, "diameter": "28.0 in", "start_location": null, "end_location": null, "raw_status": "operating", "dash_status": "operating", "project_id": "P2057", "url": "https://www.gem.wiki/Rocade_East-West_Gas_Pipeline", "last_updated": "2022-07-08", "release": "2025-11"}}, {"type": "Feature", "geometry": {"type": "MultiLineString", "coordinates": [[[2.497159, 27.19353], [2.506024, 27.166325], [2.5239, 27.157255], [2.533651, 27.145686], [2.53849, 27.137272], [2.542331, 27.129646], [2.545434, 27.123992], [2.554557, 27.110974], [2.559321, 27.104529], [2.562867, 27.096901], [2.574058, 27.072567], [2.584696, 27.053621], [2.59947, 27.040463], [2.619563, 27.012036], [2.634337, 26.99466], [2.651475, 26.967801], [2.662703, 26.945151], [2.674522, 26.923549], [2.685751, 26.904579], [2.699786, 26.877962], [2.708651, 26.863202], [2.717515, 26.860039], [2.727562, 26.847385], [2.750609, 26.838421], [2.756519, 26.829984], [2.76361, 26.816799], [2.767747, 26.809415], [2.768338, 26.794646], [2.771293, 26.781457], [2.773066, 26.775126], [2.78193, 26.76985], [2.78784, 26.765101], [2.797886, 26.755076], [2.806751, 26.745049], [2.814433, 26.739772], [2.82448, 26.724465], [2.835117, 26.709685], [2.843982, 26.697542], [2.899976, 26.652657], [2.904112, 26.647375], [2.908249, 26.635754], [2.913568, 26.619905], [2.918887, 26.603526], [2.925978, 26.586616], [2.934843, 26.569175], [2.944298, 26.560718], [2.95789, 26.548031], [2.970891, 26.5364], [2.980347, 26.524239], [2.990393, 26.511548], [2.995712, 26.497798], [2.999258, 26.486162], [3.00694, 26.47717], [3.01285, 26.47188], [3.026442, 26.462886], [3.037671, 26.453363], [3.051263, 26.432727], [3.060718, 26.422672], [3.071947, 26.415262], [3.085539, 26.401501], [3.088789, 26.397795], [3.094699, 26.396207], [3.102381, 26.391443], [3.107109, 26.378737], [3.111837, 26.368678], [3.123656, 26.353322], [3.127202, 26.344319], [3.128975, 26.325252], [3.141385, 26.28287], [3.141385, 26.256374], [3.143749, 26.239413], [3.134884, 26.216618], [3.135475, 26.209195], [3.13843, 26.186924], [3.14434, 26.155632], [3.152022, 26.1429], [3.155568, 26.133881], [3.156159, 26.105228], [3.165614, 26.075506], [3.167387, 26.054803], [3.173888, 26.029847], [3.166796, 26.000106], [3.16916, 25.978327], [3.166205, 25.955481], [3.16916, 25.930505], [3.172706, 25.901802], [3.183934, 25.877877], [3.19339, 25.842248], [3.19989, 25.796498], [3.19339, 25.761908], [3.201072, 25.734762], [3.201072, 25.713466], [3.214665, 25.688971], [3.219983, 25.659144], [3.234166, 25.64263], [3.24244, 25.624514], [3.254259, 25.61812], [3.257214, 25.606929], [3.247168, 25.588808], [3.256032, 25.57335], [3.266079, 25.567487], [3.271397, 25.555225], [3.280853, 25.54776], [3.293263, 25.537096], [3.308628, 25.533897], [3.321629, 25.520032], [3.328721, 25.499231], [3.351178, 25.475225], [3.367725, 25.467223], [3.381169, 25.453883], [3.424309, 25.436807], [3.439084, 25.417059], [3.442629, 25.404782], [3.476905, 25.359933], [3.489316, 25.348184], [3.493452, 25.339639], [3.502908, 25.333763], [3.5165, 25.325217], [3.524183, 25.313999], [3.533047, 25.301177], [3.541321, 25.286216], [3.554913, 25.280338], [3.563186, 25.274994], [3.570869, 25.264841], [3.582688, 25.259496], [3.595098, 25.249875], [3.609282, 25.234908], [3.612827, 25.22582], [3.633807, 25.21085], [3.680197, 25.179568], [3.69113, 25.154697], [3.700216, 25.144934], [3.759017, 25.10427], [3.76995, 25.101594], [3.792702, 25.098383], [3.820625, 25.080989], [3.822989, 25.074566], [3.82358, 25.06734], [3.825944, 25.058775], [3.833627, 25.037627], [3.83865, 25.031737], [3.843451, 25.029194], [3.849287, 25.019956], [3.856453, 25.010986], [3.853719, 24.99907], [3.856453, 24.988491], [3.888365, 24.953134], [3.896638, 24.939202], [3.90964, 24.927412], [3.925005, 24.918838], [3.927295, 24.91053], [3.96748, 24.918034], [3.973242, 24.918302], [3.97797, 24.925001], [3.979743, 24.930092], [3.982845, 24.934111], [3.990971, 24.935183], [4.000722, 24.934647], [4.006927, 24.941613], [4.01195, 24.943489], [4.013428, 24.953669], [4.022883, 24.97001], [4.034112, 24.989027], [4.094833, 25.059444], [4.099709, 25.061318], [4.107391, 25.06105], [4.118324, 25.063191], [4.136053, 25.06105], [4.162647, 25.059712], [4.198104, 25.049004], [4.219231, 25.039099], [4.238438, 25.035619], [4.247598, 25.029997], [4.258531, 25.026784], [4.27035, 25.022768], [4.284829, 25.021429], [4.295761, 25.016609], [4.305512, 25.00938], [4.316741, 25.008309], [4.322059, 25.006166], [4.327674, 24.996526], [4.327969, 24.992241], [4.332106, 24.987688], [4.335061, 24.976974], [4.343334, 24.972421], [4.352642, 24.97068], [4.362984, 24.965322], [4.368007, 24.961036], [4.376576, 24.958357], [4.37894, 24.956482], [4.385145, 24.956214], [4.391055, 24.954875], [4.397851, 24.955679], [4.40642, 24.954339], [4.411738, 24.951928], [4.416171, 24.947106], [4.429467, 24.942283], [4.44365, 24.928082], [4.451628, 24.914148], [4.459311, 24.904232], [4.474085, 24.890027], [4.489746, 24.876356], [4.504741, 24.864159], [4.528971, 24.838151], [4.543745, 24.822597], [4.550541, 24.816697], [4.563247, 24.811333], [4.568566, 24.80731], [4.575953, 24.798726], [4.587181, 24.789338], [4.61961, 24.757143], [4.646425, 24.742384], [4.66179, 24.730844], [4.675678, 24.712593], [4.685429, 24.701856], [4.690157, 24.68548], [4.693481, 24.680915], [4.708477, 24.679304], [4.714756, 24.676619], [4.729456, 24.659166], [4.735957, 24.643321], [4.745486, 24.62828], [4.758856, 24.613103], [4.763584, 24.601283], [4.77038, 24.595104], [4.772449, 24.585968], [4.771562, 24.579519], [4.77267, 24.572399], [4.799633, 24.555333], [4.835313, 24.541223], [4.860429, 24.52375], [4.87668, 24.511652], [4.881408, 24.504662], [4.893227, 24.467015], [4.902683, 24.454105], [4.907706, 24.445766], [4.911252, 24.437427], [4.915093, 24.417519], [4.915684, 24.402451], [4.918934, 24.389534], [4.923957, 24.372579], [4.93164, 24.356967], [4.941982, 24.341084], [4.951142, 24.313083], [4.966507, 24.307428], [4.973598, 24.302311], [4.986009, 24.303658], [4.990441, 24.298002], [4.998345, 24.27888], [5.00721, 24.243321], [5.03299, 24.149257], [5.051606, 24.103953], [5.070812, 24.071583], [5.099179, 23.939859], [5.118089, 23.933378], [5.118385, 23.905287], [5.11676, 23.886106], [5.120896, 23.879351], [5.121192, 23.867462], [5.122965, 23.862598], [5.125661, 23.855572], [5.131275, 23.846384], [5.141913, 23.831519], [5.143095, 23.822869], [5.146936, 23.810975], [5.145163, 23.805839], [5.139253, 23.800432], [5.13423, 23.794484], [5.118865, 23.788806], [5.116797, 23.785291], [5.123519, 23.749866], [5.13002, 23.727686], [5.138884, 23.688998], [5.143021, 23.68521], [5.143316, 23.678175], [5.146567, 23.671139], [5.148339, 23.661396], [5.153954, 23.648946], [5.159568, 23.632975], [5.153658, 23.625395], [5.141248, 23.617544], [5.122337, 23.608068], [5.102835, 23.593176], [5.083629, 23.582344], [5.082262, 23.577673], [5.082784, 23.568136], [5.084389, 23.564753], [5.085432, 23.561296], [5.089283, 23.551073], [5.090968, 23.541731], [5.093355, 23.532757], [5.09512, 23.528858], [5.095281, 23.519589], [5.094639, 23.514659], [5.094639, 23.509362], [5.097447, 23.487582], [5.097286, 23.484197], [5.096645, 23.471613], [5.096003, 23.459984], [5.092151, 23.446146], [5.092312, 23.444232], [5.0952, 23.43584], [5.095682, 23.423546], [5.100496, 23.413827], [5.102903, 23.410293], [5.107557, 23.402046], [5.108359, 23.398953], [5.11205, 23.393651], [5.116061, 23.386729], [5.11895, 23.380395], [5.120555, 23.371705], [5.123925, 23.362866], [5.126973, 23.348871], [5.128418, 23.337084], [5.130022, 23.321759], [5.130825, 23.306875], [5.136622, 23.275702], [5.135418, 23.271279], [5.135137, 23.269289], [5.138507, 23.264756], [5.140844, 23.256389], [5.141486, 23.233978], [5.147584, 23.199174], [5.148547, 23.188259], [5.151435, 23.176458], [5.166198, 23.149016], [5.165236, 23.138392], [5.172296, 23.122454], [5.179999, 23.110647], [5.189627, 23.09264], [5.202224, 23.075959], [5.204631, 23.070792], [5.203668, 23.062819], [5.205915, 23.055141], [5.213296, 23.03181], [5.226295, 23.009213], [5.220999, 22.976419], [5.226295, 22.963122], [5.233837, 22.957507], [5.241218, 22.945981], [5.256784, 22.923518], [5.263524, 22.894547], [5.275078, 22.880354], [5.277164, 22.87237], [5.284064, 22.868526], [5.295778, 22.867639], [5.30332, 22.864978], [5.3099, 22.863499], [5.315997, 22.857584], [5.323861, 22.856697], [5.334291, 22.854627], [5.34424, 22.849008], [5.35451, 22.843092], [5.363818, 22.834219], [5.373125, 22.833332], [5.384197, 22.836585], [5.389172, 22.835402], [5.39527, 22.838952], [5.410194, 22.83555], [5.425599, 22.830226], [5.440362, 22.833184], [5.449669, 22.831705], [5.461223, 22.833036], [5.469247, 22.830522], [5.48048, 22.823718], [5.489466, 22.82002]]]}, "properties": {"source": "GEM", "layer": "pipelines", "tracker": "GGIT", "name": "Southern Algeria Gas Transmission Network \u00b7 In Salah-Tamenrasset Gas Pipeline", "pipeline": "Southern Algeria Gas Transmission Network", "segment": "In Salah-Tamenrasset Gas Pipeline", "fuel": "Gas", "countries": ["Algeria"], "sector": "energy", "owner": "Soci\u00e9t\u00e9 Alg\u00e9rienne de Gestion du R\u00e9seau de Transport du Gaz (GRTG) [100.00%]", "parent": "Sonelgaz SpA [unknown %]", "start_year": "2018", "capacity": 700.0, "capacity_units": "MMcf/d", "capacity_bcm_y": 7.15, "capacity_boed": 115306.8, "length_km": 530.0, "diameter": "16.0 in", "start_location": "Tidikelt", "end_location": "Tamenrasset", "raw_status": "operating", "dash_status": "operating", "project_id": "P2058", "url": "https://www.gem.wiki/Southern_Algeria_Gas_Transmission_Network", "last_updated": "2022-07-08", "release": "2025-11"}}, {"type": "Feature", "geometry": {"type": "MultiLineString", "coordinates": [[[8.464736, 26.518879], [8.463628, 26.518929], [8.46228, 26.519011], [8.459492, 26.51878], [8.458162, 26.518449], [8.457017, 26.518251], [8.456315, 26.518003], [8.455743, 26.51759], [8.455558, 26.517144], [8.456089, 26.512889], [8.454538, 26.50608], [8.452492, 26.492738], [8.45107, 26.483866], [8.450803, 26.477015], [8.450655, 26.473179], [8.448875, 26.467497], [8.448423, 26.463843], [8.448229, 26.461338], [8.44881, 26.458883], [8.448967, 26.456684], [8.449104, 26.452886], [8.449104, 26.451001], [8.449722, 26.449703], [8.449925, 26.449083], [8.45071, 26.447661], [8.45107, 26.446793], [8.45132, 26.445945], [8.45321, 26.439604], [8.45334, 26.438471], [8.45298, 26.435031], [8.453127, 26.433332], [8.454907, 26.428309], [8.455323, 26.427077], [8.455445, 26.42496], [8.455685, 26.424274], [8.45659, 26.421752], [8.456608, 26.420917], [8.456673, 26.420189], [8.456608, 26.419825], [8.456156, 26.419453], [8.456017, 26.419238], [8.455805, 26.418676], [8.45574, 26.417319], [8.452806, 26.410625], [8.451165, 26.408218], [8.445168, 26.405336], [8.441947, 26.401176], [8.44047, 26.397843], [8.43987, 26.396449], [8.440018, 26.394894], [8.439468, 26.39422], [8.438914, 26.3935], [8.438979, 26.393298], [8.43715, 26.391718], [8.435775, 26.3905], [8.435474, 26.390103], [8.435341, 26.389714], [8.435161, 26.389491], [8.435073, 26.389239], [8.435045, 26.388825], [8.43499, 26.388564], [8.43498, 26.387745], [8.434944, 26.386608], [8.435008, 26.386219], [8.434916, 26.385533], [8.434625, 26.384255], [8.434325, 26.383254], [8.434094, 26.382811], [8.433946, 26.382501], [8.433877, 26.382265], [8.433771, 26.381769], [8.43366, 26.381355], [8.433762, 26.380768], [8.434011, 26.379937], [8.434118, 26.379589], [8.434091, 26.379291], [8.434044, 26.378993], [8.434146, 26.378348], [8.433924, 26.378216], [8.433906, 26.378067], [8.433804, 26.377934], [8.433897, 26.377752], [8.434118, 26.377603], [8.434271, 26.377523], [8.434391, 26.377316], [8.434409, 26.377043], [8.434437, 26.376861], [8.434529, 26.376464], [8.434585, 26.3761], [8.434806, 26.375728], [8.435129, 26.375157], [8.435568, 26.374412], [8.436067, 26.373924], [8.436547, 26.373477], [8.436824, 26.373312], [8.437008, 26.373051], [8.437327, 26.372791], [8.437992, 26.372559], [8.438223, 26.372485], [8.438634, 26.372154], [8.438841, 26.371831], [8.43898, 26.371463], [8.439081, 26.371012], [8.439035, 26.370716], [8.4391, 26.370625], [8.439086, 26.370199], [8.439026, 26.369748], [8.438915, 26.369488], [8.438795, 26.368714], [8.438712, 26.368098], [8.438689, 26.367511], [8.438684, 26.367211], [8.438791, 26.366569], [8.438754, 26.365808], [8.438703, 26.36518], [8.438744, 26.364911], [8.438666, 26.363699], [8.438647, 26.363122], [8.438703, 26.362056], [8.438721, 26.361907], [8.438537, 26.36149], [8.438421, 26.361345], [8.438343, 26.361217], [8.438232, 26.361022], [8.438144, 26.360807], [8.438052, 26.360538], [8.437793, 26.360104], [8.437484, 26.359512], [8.437313, 26.359347], [8.437202, 26.359127], [8.437184, 26.35902], [8.43699, 26.358809], [8.436778, 26.358668], [8.436611, 26.358494], [8.436505, 26.358399], [8.436473, 26.358275], [8.436385, 26.358159], [8.436297, 26.357986], [8.436187, 26.357886], [8.435993, 26.357646], [8.435688, 26.357142], [8.435522, 26.356933], [8.435411, 26.356755], [8.435249, 26.356453], [8.435088, 26.356147], [8.434802, 26.355932], [8.434511, 26.355745], [8.434211, 26.355621], [8.433906, 26.35541], [8.433675, 26.355274], [8.433347, 26.355224], [8.433019, 26.355208], [8.432724, 26.355208], [8.432609, 26.355195], [8.432382, 26.355232], [8.432198, 26.355249], [8.431584, 26.355311], [8.430586, 26.355419], [8.43018, 26.355386], [8.429981, 26.355394], [8.4297, 26.355336], [8.429561, 26.355241], [8.429418, 26.35517], [8.428786, 26.355108], [8.428347, 26.355075], [8.428015, 26.354984], [8.427835, 26.354848], [8.427502, 26.354711], [8.427054, 26.354513], [8.426893, 26.35437], [8.426796, 26.354155], [8.426699, 26.353911], [8.426717, 26.353402], [8.426902, 26.353079], [8.426944, 26.352839], [8.426828, 26.352744], [8.426837, 26.352508], [8.426671, 26.352256], [8.426459, 26.351966], [8.425757, 26.351292], [8.425397, 26.350866], [8.425254, 26.350626], [8.425263, 26.350369], [8.425341, 26.349364], [8.425221, 26.348503], [8.425129, 26.348206], [8.425055, 26.347138], [8.424321, 26.346639], [8.424053, 26.346572], [8.423878, 26.346374], [8.423832, 26.346026], [8.423702, 26.345298], [8.423389, 26.344777], [8.422927, 26.344487], [8.422373, 26.344247], [8.421533, 26.343767], [8.420498, 26.34284], [8.419446, 26.34193], [8.419159, 26.341748], [8.418652, 26.341665], [8.418107, 26.341616], [8.417682, 26.341475], [8.417026, 26.34107], [8.416703, 26.340945], [8.415475, 26.340623], [8.413859, 26.340118], [8.412012, 26.339208], [8.410378, 26.338256], [8.408845, 26.337222], [8.408319, 26.336965], [8.407709, 26.336551], [8.407239, 26.336278], [8.406657, 26.33603], [8.405927, 26.335566], [8.40553, 26.335409], [8.405281, 26.33531], [8.404709, 26.334946], [8.404302, 26.334573], [8.403979, 26.334168], [8.403527, 26.33358], [8.402936, 26.332645], [8.402825, 26.332364], [8.402732, 26.332074], [8.402326, 26.331329], [8.401837, 26.330369], [8.401514, 26.329931], [8.400304, 26.329004], [8.399371, 26.328094], [8.399159, 26.327845], [8.398448, 26.32739], [8.397968, 26.327076], [8.397885, 26.326893], [8.397534, 26.325983], [8.397109, 26.324618], [8.395826, 26.323517], [8.39396, 26.322656], [8.391707, 26.320008], [8.391449, 26.319279], [8.390562, 26.318716], [8.389233, 26.318501], [8.38685, 26.317806], [8.385521, 26.317078], [8.384967, 26.316962], [8.38384, 26.316962], [8.383083, 26.31678], [8.382141, 26.316233], [8.380405, 26.314917], [8.378928, 26.313378], [8.377413, 26.31202], [8.376416, 26.311424], [8.375862, 26.311259], [8.374754, 26.310613], [8.374108, 26.309802], [8.373701, 26.309392], [8.37312, 26.309136], [8.372335, 26.308738], [8.371208, 26.307596], [8.370996, 26.30722], [8.370368, 26.306739], [8.37022, 26.306549], [8.370137, 26.306251], [8.369989, 26.305663], [8.36962, 26.305245], [8.369389, 26.304898], [8.368955, 26.304517], [8.368854, 26.30426], [8.368235, 26.30301], [8.368133, 26.302671], [8.368143, 26.301413], [8.367986, 26.301189], [8.367939, 26.301057], [8.368004, 26.300767], [8.367755, 26.300345], [8.367404, 26.300188], [8.367099, 26.300246], [8.366397, 26.300163], [8.365631, 26.299956], [8.364708, 26.298929], [8.364227, 26.298217], [8.363572, 26.297572], [8.36263, 26.296802], [8.362205, 26.296247], [8.361485, 26.295676], [8.360432, 26.294683], [8.360008, 26.294352], [8.359518, 26.293904], [8.358752, 26.293342], [8.358429, 26.293118], [8.357357, 26.292671], [8.356175, 26.292116], [8.354504, 26.291081], [8.353452, 26.290552], [8.352427, 26.290361], [8.351799, 26.289877], [8.350801, 26.288792], [8.349961, 26.288047], [8.349546, 26.287393], [8.348853, 26.286681], [8.348511, 26.286168], [8.348197, 26.285514], [8.348151, 26.285125], [8.34804, 26.284725], [8.347833, 26.284345], [8.347385, 26.283744], [8.347228, 26.283297], [8.347233, 26.282863], [8.347371, 26.282378], [8.347385, 26.282059], [8.347297, 26.281625], [8.346572, 26.279903], [8.345866, 26.278156], [8.345141, 26.276672], [8.344795, 26.276314], [8.344098, 26.275204], [8.343807, 26.274699], [8.343604, 26.274169], [8.343521, 26.273693], [8.34353, 26.27306], [8.343747, 26.270611], [8.344232, 26.268286], [8.344481, 26.267541], [8.344869, 26.266589], [8.345806, 26.265069], [8.346932, 26.263645], [8.347099, 26.263148], [8.346822, 26.261724], [8.346803, 26.259422], [8.346822, 26.258842], [8.347006, 26.257136], [8.347136, 26.256308], [8.347265, 26.255778], [8.347302, 26.255], [8.347468, 26.253675], [8.347431, 26.25336], [8.346988, 26.252938], [8.34684, 26.252731], [8.346803, 26.252466], [8.346591, 26.25225], [8.346148, 26.251588], [8.345769, 26.250652], [8.345658, 26.250147], [8.344772, 26.248904], [8.344061, 26.247679], [8.343534, 26.246105], [8.343285, 26.245604], [8.343239, 26.24514], [8.3431, 26.244875], [8.343082, 26.244552], [8.34322, 26.243898], [8.343008, 26.243277], [8.342195, 26.242258], [8.341678, 26.241505], [8.341337, 26.240594], [8.341171, 26.240138], [8.341087, 26.239434], [8.341605, 26.23825], [8.341918, 26.237682], [8.342343, 26.237119], [8.342694, 26.236738], [8.343304, 26.234402], [8.343747, 26.233723], [8.343525, 26.232034], [8.342343, 26.229284], [8.340607, 26.228058], [8.338908, 26.224628], [8.337468, 26.221878], [8.336397, 26.220984], [8.334587, 26.215831], [8.332445, 26.214439], [8.329083, 26.213114], [8.327237, 26.210297], [8.325242, 26.210231], [8.320441, 26.211093], [8.308437, 26.204631], [8.305666, 26.201234], [8.302785, 26.196428], [8.301271, 26.194506], [8.300828, 26.193114], [8.300976, 26.189899], [8.301382, 26.188441], [8.299498, 26.184975], [8.297836, 26.183285], [8.295029, 26.179042], [8.294512, 26.176059], [8.295029, 26.175396], [8.295168, 26.175123], [8.29514, 26.174787], [8.291557, 26.171795], [8.289886, 26.171203], [8.289221, 26.170822], [8.288621, 26.169554], [8.28827, 26.169214], [8.287753, 26.168874], [8.28767, 26.168692], [8.287688, 26.168501], [8.287781, 26.168242], [8.287817, 26.168023], [8.287905, 26.167832], [8.288284, 26.167372], [8.28851, 26.166854], [8.288658, 26.166585], [8.288829, 26.165855], [8.288912, 26.164587], [8.288815, 26.164302], [8.288298, 26.164011], [8.287684, 26.163535], [8.287134, 26.163131], [8.286769, 26.162994], [8.286474, 26.162915], [8.286285, 26.162862], [8.285994, 26.162629], [8.285214, 26.162269], [8.284013, 26.161716], [8.283404, 26.161227], [8.283104, 26.161216], [8.282928, 26.161187], [8.282716, 26.161013], [8.282517, 26.160889], [8.282217, 26.160781], [8.282014, 26.160421], [8.281298, 26.159795], [8.279895, 26.159298], [8.279452, 26.159314], [8.278934, 26.158966], [8.277993, 26.158121], [8.27718, 26.156679], [8.277143, 26.155452], [8.277439, 26.153678], [8.277503, 26.152296], [8.277577, 26.150672], [8.27562, 26.141852], [8.275804, 26.140824], [8.27935, 26.135851], [8.281455, 26.132535], [8.282416, 26.129716], [8.281972, 26.128224], [8.2826, 26.126367], [8.282563, 26.124576], [8.282305, 26.122288], [8.281714, 26.121393], [8.281492, 26.119967], [8.282046, 26.118773], [8.281825, 26.117114], [8.281012, 26.115456], [8.280421, 26.114992], [8.277319, 26.11413], [8.275841, 26.1135], [8.274068, 26.112272], [8.272554, 26.111559], [8.270227, 26.109536], [8.269451, 26.109006], [8.267494, 26.106651], [8.266533, 26.10622], [8.265906, 26.10549], [8.264798, 26.101112], [8.264945, 26.100183], [8.264798, 26.099254], [8.263246, 26.095473], [8.263135, 26.094161], [8.263431, 26.091658], [8.263514, 26.091494], [8.264096, 26.091345], [8.264511, 26.091246], [8.265536, 26.09166], [8.266118, 26.091519], [8.26681, 26.091121], [8.266931, 26.090657], [8.266912, 26.09011], [8.265721, 26.087895], [8.264003, 26.085971], [8.262701, 26.083628], [8.262415, 26.082961], [8.26212, 26.082131], [8.261067, 26.077769], [8.259442, 26.07611], [8.258703, 26.073921], [8.259146, 26.071532], [8.256376, 26.069292], [8.253754, 26.067534], [8.252203, 26.063851], [8.252147, 26.061977], [8.250965, 26.061047], [8.250559, 26.060384], [8.24934, 26.056004], [8.248343, 26.052719], [8.245868, 26.049268], [8.244871, 26.048438], [8.244686, 26.047576], [8.245499, 26.045784], [8.246644, 26.04283], [8.246865, 26.041569], [8.246865, 26.039346], [8.24572, 26.037653], [8.244723, 26.035994], [8.24428, 26.035065], [8.243172, 26.0347], [8.242322, 26.032625], [8.242618, 26.031696], [8.242913, 26.028842], [8.243763, 26.02622], [8.245979, 26.022503], [8.250633, 26.019349], [8.25296, 26.016561], [8.253588, 26.016462], [8.257503, 26.017358], [8.260938, 26.01769], [8.26718, 26.010255], [8.266774, 26.007599], [8.267697, 26.003981], [8.267328, 26.001657], [8.267697, 25.999665], [8.270541, 25.993125], [8.27357, 25.990469], [8.275749, 25.989008], [8.277817, 25.98685], [8.278851, 25.985589], [8.287088, 25.980608], [8.289009, 25.979811], [8.291336, 25.978218], [8.292259, 25.976524], [8.292776, 25.974499], [8.29237, 25.972839], [8.291299, 25.971378], [8.290892, 25.970381], [8.290634, 25.968356], [8.289637, 25.966695], [8.287088, 25.963275], [8.28417, 25.960951], [8.283431, 25.95763], [8.282139, 25.95577], [8.281806, 25.951951], [8.2814, 25.95039], [8.279627, 25.9475], [8.278002, 25.945707], [8.276303, 25.941854], [8.27549, 25.940659], [8.274345, 25.939695], [8.268399, 25.937736], [8.267254, 25.937404], [8.264373, 25.935344], [8.262748, 25.932488], [8.260495, 25.929697], [8.259645, 25.928635], [8.255693, 25.925911], [8.255804, 25.922954], [8.254991, 25.920263], [8.255287, 25.918204], [8.255767, 25.917506], [8.254142, 25.915015], [8.253107, 25.91435], [8.249636, 25.912722], [8.24753, 25.911294], [8.236117, 25.906576], [8.233606, 25.903902], [8.232424, 25.902074], [8.230577, 25.89812], [8.228804, 25.897356], [8.225886, 25.896592], [8.222525, 25.896127], [8.221195, 25.896492], [8.219127, 25.897788], [8.2168, 25.899017], [8.214473, 25.900646], [8.202469, 25.897987], [8.198, 25.887903], [8.187843, 25.87255], [8.189431, 25.858392], [8.184038, 25.84503], [8.184851, 25.840044], [8.183595, 25.835323], [8.181748, 25.82382], [8.177316, 25.817769], [8.174805, 25.813646], [8.173992, 25.810454], [8.173106, 25.805334], [8.173697, 25.804735], [8.173623, 25.803804], [8.172958, 25.802939], [8.17377, 25.801343], [8.172071, 25.797419], [8.170151, 25.796887], [8.16727, 25.789039], [8.167639, 25.787842], [8.170077, 25.786511], [8.171801, 25.785027], [8.172041, 25.784562], [8.170823, 25.776447], [8.165356, 25.772281], [8.158357, 25.761121], [8.157046, 25.759017], [8.153906, 25.756406], [8.14783, 25.751083], [8.146519, 25.750318], [8.138818, 25.747573], [8.136159, 25.746459], [8.134072, 25.746109], [8.127701, 25.740487], [8.12506, 25.735812], [8.126611, 25.72816], [8.125651, 25.726163], [8.122622, 25.722436], [8.111024, 25.716946], [8.103785, 25.712287], [8.097506, 25.706496], [8.088124, 25.699774], [8.083249, 25.694715], [8.082215, 25.691653], [8.080737, 25.678871], [8.081033, 25.676741], [8.079481, 25.672813], [8.076305, 25.669617], [8.075271, 25.66682], [8.067736, 25.662426], [8.065594, 25.655701], [8.065742, 25.654036], [8.063673, 25.649441], [8.063156, 25.645579], [8.063452, 25.644047], [8.063378, 25.641184], [8.06456, 25.638586], [8.063969, 25.635256], [8.063008, 25.633192], [8.074532, 25.616811], [8.07564, 25.615679], [8.079851, 25.610949], [8.082141, 25.600857], [8.084061, 25.59646], [8.084431, 25.594262], [8.08613, 25.59153], [8.087755, 25.589931], [8.089971, 25.5864], [8.091744, 25.569809], [8.088198, 25.562879], [8.085908, 25.560146], [8.081402, 25.549483], [8.079186, 25.548284], [8.077191, 25.546951], [8.075123, 25.544418], [8.07239, 25.539686], [8.066406, 25.53212], [8.060718, 25.528988], [8.053479, 25.525055], [8.048973, 25.514155], [8.046683, 25.511622], [8.039813, 25.499821], [8.036858, 25.492887], [8.035602, 25.474882], [8.036636, 25.469347], [8.037892, 25.467146], [8.039517, 25.465212], [8.04129, 25.462077], [8.041438, 25.459676], [8.038926, 25.453673], [8.038853, 25.450405], [8.039296, 25.44687], [8.040182, 25.445102], [8.03937, 25.440566], [8.037597, 25.437497], [8.036267, 25.433161], [8.034494, 25.429759], [8.029914, 25.426957], [8.021198, 25.423154], [8.016765, 25.42242], [8.012038, 25.421219], [8.009674, 25.417416], [8.010117, 25.415948], [8.018538, 25.401002], [8.017504, 25.396197], [8.017578, 25.391392], [8.018243, 25.388923], [8.02068, 25.384919], [8.038705, 25.372505], [8.044245, 25.364662], [8.060349, 25.350644], [8.064264, 25.349309], [8.070174, 25.347773], [8.100756, 25.335422], [8.119409, 25.32837], [8.125614, 25.327101], [8.130489, 25.327035], [8.141644, 25.324097], [8.148329, 25.321142], [8.150286, 25.31989], [8.152059, 25.318354], [8.155236, 25.317353], [8.158338, 25.316952], [8.166169, 25.313279], [8.171266, 25.312912], [8.179613, 25.308304], [8.183602, 25.307503], [8.19712, 25.296483], [8.198746, 25.294881], [8.200519, 25.295281], [8.204877, 25.294146], [8.206871, 25.292743], [8.209064, 25.290113], [8.212536, 25.288444], [8.214946, 25.286695], [8.215367, 25.285513], [8.217601, 25.282775], [8.225556, 25.272847], [8.230616, 25.270008], [8.232999, 25.267135], [8.23455, 25.266142], [8.23575, 25.266175], [8.237523, 25.268714], [8.238391, 25.269098], [8.247385, 25.269916], [8.248382, 25.269983], [8.249028, 25.270033], [8.25202, 25.270968], [8.254476, 25.271536], [8.257985, 25.272054], [8.26046, 25.272187], [8.263784, 25.27197], [8.265446, 25.271987], [8.274218, 25.274008], [8.287275, 25.272254], [8.290156, 25.271553], [8.294551, 25.269916], [8.298651, 25.26838], [8.302091, 25.268586], [8.304334, 25.268411], [8.306777, 25.267912], [8.307289, 25.26787], [8.307539, 25.267845], [8.307788, 25.267578], [8.309579, 25.267077], [8.310087, 25.267236], [8.312848, 25.271118], [8.314067, 25.271937], [8.3174, 25.273957], [8.320023, 25.276621], [8.320512, 25.276688], [8.321389, 25.277398], [8.324021, 25.278143], [8.325018, 25.278176], [8.325443, 25.278493], [8.327419, 25.279111], [8.328601, 25.278961], [8.329783, 25.279345], [8.332184, 25.279863], [8.333366, 25.279045], [8.335342, 25.278777], [8.336196, 25.278669], [8.338258, 25.280354], [8.338357, 25.281573], [8.340081, 25.282774], [8.340963, 25.282756], [8.343144, 25.281851], [8.344056, 25.281913], [8.346177, 25.283267], [8.347802, 25.284046], [8.353868, 25.283724], [8.355493, 25.283401], [8.356484, 25.282828], [8.358546, 25.282326], [8.360171, 25.282362], [8.361559, 25.28168], [8.36703, 25.279171], [8.372342, 25.275389], [8.374959, 25.270908], [8.373769, 25.26847], [8.374879, 25.266642], [8.378725, 25.265889], [8.38372, 25.261407], [8.387843, 25.255706], [8.39046, 25.252945], [8.392838, 25.252228], [8.395336, 25.251941], [8.397556, 25.250543], [8.402948, 25.246168], [8.408101, 25.244555], [8.409885, 25.24287], [8.410708, 25.242619], [8.412304, 25.242762], [8.418716, 25.244169], [8.425495, 25.244151], [8.429455, 25.242839], [8.432626, 25.241512], [8.435283, 25.240006], [8.443549, 25.237944], [8.451061, 25.234071], [8.454272, 25.231274], [8.455204, 25.228226], [8.454035, 25.221134], [8.449337, 25.211387], [8.445214, 25.205002], [8.439029, 25.198259], [8.433479, 25.190295], [8.428206, 25.1765], [8.42884, 25.173917], [8.430268, 25.172697], [8.432567, 25.17076], [8.433727, 25.17028], [8.434351, 25.169257], [8.434183, 25.167382], [8.433588, 25.165243], [8.434044, 25.159605], [8.433439, 25.158793], [8.432954, 25.156712], [8.433112, 25.154864], [8.432805, 25.151401], [8.432636, 25.15001], [8.432726, 25.149669], [8.432052, 25.148279], [8.432002, 25.146305], [8.432359, 25.143703], [8.430258, 25.138966], [8.42887, 25.133152], [8.42887, 25.128342], [8.430416, 25.125758], [8.430615, 25.124358], [8.429227, 25.123407], [8.428117, 25.122743], [8.423439, 25.12364], [8.421139, 25.123568], [8.417334, 25.120804], [8.416977, 25.118112], [8.414796, 25.113553], [8.412576, 25.101815], [8.409405, 25.092875], [8.408215, 25.085335], [8.408493, 25.081745], [8.407541, 25.080578], [8.407849, 25.07872], [8.40775, 25.077952], [8.408275, 25.075726], [8.409534, 25.071489], [8.40886, 25.066461], [8.409137, 25.065061], [8.397521, 25.045595], [8.395737, 25.042991], [8.395341, 25.040226], [8.395896, 25.037999], [8.402675, 25.028695], [8.405767, 25.023091], [8.405847, 25.020253], [8.40319, 25.01411], [8.403627, 25.006601], [8.404974, 25.001356], [8.405847, 24.999991], [8.41104, 24.98533], [8.412784, 24.972177], [8.413815, 24.961755], [8.413419, 24.954279], [8.412547, 24.950684], [8.413102, 24.939613], [8.418969, 24.924442], [8.419841, 24.921602], [8.430069, 24.91175], [8.440536, 24.900532], [8.459406, 24.885788], [8.467097, 24.875933], [8.473361, 24.868452], [8.478594, 24.864639], [8.509517, 24.857517], [8.515939, 24.858308], [8.529498, 24.857085], [8.545356, 24.860395], [8.564068, 24.862121], [8.584524, 24.863416], [8.593722, 24.864495], [8.60403, 24.863992], [8.621394, 24.872624], [8.631701, 24.876581], [8.648194, 24.879602], [8.691089, 24.893951], [8.709643, 24.890463], [8.732517, 24.88541], [8.761339, 24.883054], [8.77466, 24.87676], [8.796147, 24.878595], [8.811251, 24.874728], [8.83706, 24.861923], [8.856288, 24.846527], [8.874048, 24.840699], [8.87831, 24.840672], [8.887785, 24.843244], [8.889866, 24.842705], [8.911948, 24.821882], [8.91849, 24.81841], [8.93518, 24.812868], [8.949849, 24.813732], [8.986044, 24.812148], [9.007294, 24.810511], [9.008364, 24.811753], [9.028444, 24.81043], [9.034173, 24.807641], [9.043271, 24.804636], [9.044857, 24.803557], [9.051398, 24.796125], [9.059842, 24.786048], [9.071577, 24.77201], [9.082896, 24.757754], [9.084045, 24.756062], [9.086047, 24.751058], [9.091122, 24.74302], [9.098079, 24.732173], [9.103729, 24.723288], [9.106207, 24.718462], [9.107336, 24.716293], [9.112827, 24.71017], [9.117961, 24.70421], [9.122778, 24.697277], [9.127456, 24.690541], [9.134235, 24.680797], [9.140995, 24.67117], [9.147179, 24.66228], [9.154315, 24.651957], [9.156436, 24.649102], [9.158636, 24.64512], [9.163731, 24.638256], [9.170074, 24.628841], [9.17826, 24.616741], [9.18609, 24.605288], [9.191541, 24.597602], [9.198697, 24.587616], [9.206428, 24.576593], [9.20839, 24.574142], [9.216379, 24.567661], [9.241632, 24.532637], [9.286946, 24.515361], [9.291208, 24.514883], [9.310554, 24.518165], [9.320624, 24.518995], [9.334262, 24.519463], [9.348058, 24.518742], [9.373748, 24.519103], [9.393451, 24.518129], [9.400884, 24.517768], [9.402054, 24.516686], [9.405205, 24.515947], [9.409527, 24.513981], [9.411687, 24.513305], [9.415969, 24.512457], [9.418883, 24.510202], [9.421896, 24.507064], [9.422847, 24.507226], [9.431886, 24.503691], [9.436386, 24.502329], [9.439577, 24.500084], [9.440251, 24.498839], [9.446674, 24.496368], [9.449142, 24.49396], [9.45599, 24.4923], [9.456228, 24.493549], [9.458666, 24.493721], [9.460966, 24.494578], [9.465029, 24.497171], [9.467358, 24.500048], [9.469043, 24.504431], [9.469083, 24.50609], [9.489619, 24.515072], [9.488667, 24.51931], [9.49057, 24.525225], [9.488746, 24.52995], [9.480679, 24.548866], [9.48607, 24.552904]]]}, "properties": {"source": "GEM", "layer": "pipelines", "tracker": "GGIT", "name": "Southern Algeria Gas Transmission Network \u00b7 Ilizi-Djanet Gas Pipeline", "pipeline": "Southern Algeria Gas Transmission Network", "segment": "Ilizi-Djanet Gas Pipeline", "fuel": "Gas", "countries": ["Algeria"], "sector": "energy", "owner": "Soci\u00e9t\u00e9 Alg\u00e9rienne de Gestion du R\u00e9seau de Transport du Gaz (GRTG) [100.00%]", "parent": "Sonelgaz SpA [unknown %]", "start_year": "2018", "capacity": null, "capacity_units": null, "capacity_bcm_y": null, "capacity_boed": null, "length_km": 379.0, "diameter": "10.0 in", "start_location": "Ilizi", "end_location": "Djanet", "raw_status": "operating", "dash_status": "operating", "project_id": "P2059", "url": "https://www.gem.wiki/Southern_Algeria_Gas_Transmission_Network", "last_updated": "2022-07-08", "release": "2025-11"}}, {"type": "Feature", "geometry": {"type": "MultiLineString", "coordinates": [[[6.020687, 31.793068], [6.03759, 31.853389], [5.973359, 31.89358], [5.895606, 32.088548], [5.814472, 32.44586], [5.797569, 32.510026], [5.80095, 32.592662], [5.80433, 32.652454], [5.80433, 32.715051], [5.811092, 32.80034], [5.827994, 32.908254], [5.848278, 33.064214], [5.842362, 33.119265], [5.865181, 33.12422], [5.901522, 33.126344], [5.921805, 33.120681], [5.932792, 33.123512], [5.955611, 33.122805], [5.973359, 33.12422], [5.986881, 33.122805], [5.995333, 33.118558], [6.00801, 33.115018], [6.038435, 33.115726], [6.058719, 33.117142], [6.075621, 33.100152], [6.103511, 33.100152], [6.139852, 33.110771], [6.176194, 33.116434], [6.186758, 33.122097], [6.197322, 33.124574], [6.202816, 33.126697], [6.214648, 33.128113], [6.223944, 33.132359], [6.24296, 33.133067], [6.25606, 33.130236], [6.266624, 33.133421], [6.276766, 33.140144], [6.286907, 33.145805], [6.293246, 33.154296], [6.301275, 33.156773], [6.307191, 33.152881], [6.316487, 33.147928], [6.322403, 33.141206], [6.329165, 33.138021], [6.336348, 33.133067], [6.356632, 33.12422], [6.37438, 33.115372], [6.400579, 33.112541], [6.414524, 33.100152], [6.42213, 33.098736], [6.43523, 33.112541], [6.464388, 33.112895], [6.491855, 33.115372], [6.50749, 33.113957], [6.519744, 33.119973], [6.532844, 33.11785], [6.543831, 33.121389], [6.569608, 33.156773], [6.589891, 33.155446], [6.608062, 33.152262], [6.618204, 33.146955], [6.6406, 33.143063], [6.65539, 33.149078], [6.670603, 33.161106], [6.680322, 33.164998], [6.68666, 33.16995], [6.696802, 33.185865], [6.708634, 33.197889], [6.712015, 33.207435], [6.738214, 33.237483], [6.750046, 33.242785], [6.755117, 33.253386], [6.755117, 33.262574], [6.767794, 33.293662], [6.774555, 33.301079], [6.775823, 33.306024], [6.780049, 33.308496], [6.780471, 33.314146], [6.79505, 33.34098], [6.797163, 33.344687], [6.80498, 33.354394], [6.819348, 33.354394], [6.826954, 33.350511], [6.836251, 33.355453], [6.84428, 33.361806], [6.852942, 33.367453], [6.856957, 33.368335]]]}, "properties": {"source": "GEM", "layer": "pipelines", "tracker": "GGIT", "name": "Southern Algeria Gas Transmission Network \u00b7 Hassi Messaoud-El Oued Gas Pipeline", "pipeline": "Southern Algeria Gas Transmission Network", "segment": "Hassi Messaoud-El Oued Gas Pipeline", "fuel": "Gas", "countries": ["Algeria"], "sector": "energy", "owner": "Soci\u00e9t\u00e9 Alg\u00e9rienne de Gestion du R\u00e9seau de Transport du Gaz (GRTG) [100.00%]", "parent": "Sonelgaz SpA [unknown %]", "start_year": null, "capacity": null, "capacity_units": null, "capacity_bcm_y": null, "capacity_boed": null, "length_km": 242.0, "diameter": "28 in", "start_location": null, "end_location": null, "raw_status": "construction", "dash_status": "under_construction", "project_id": "P2060", "url": "https://www.gem.wiki/Southern_Algeria_Gas_Transmission_Network", "last_updated": "2025-08-29", "release": "2025-11"}}, {"type": "Feature", "geometry": {"type": "MultiLineString", "coordinates": [[[6.85682, 33.368489], [6.867962, 33.372937], [6.873784, 33.388433], [6.874148, 33.398763], [6.887976, 33.427314], [6.895617, 33.438246], [6.895981, 33.450999], [6.891251, 33.45282], [6.901075, 33.481657], [6.928002, 33.49592], [6.936371, 33.501382], [6.944013, 33.506844], [6.950563, 33.511092], [6.957113, 33.513215], [6.958568, 33.52171], [6.965846, 33.535966], [6.985495, 33.555376], [6.997503, 33.565382], [7.003689, 33.569324], [7.01133, 33.572659], [7.034983, 33.60479], [7.064821, 33.619032], [7.07137, 33.619335], [7.116855, 33.636], [7.125224, 33.636], [7.135777, 33.63812], [7.149604, 33.639029], [7.168526, 33.647511], [7.174348, 33.651752], [7.190723, 33.653872], [7.207825, 33.664776], [7.21583, 33.667501], [7.242121, 33.681923], [7.260781, 33.685679], [7.287253, 33.692492], [7.291619, 33.694535], [7.29826, 33.69639], [7.325824, 33.707004], [7.331419, 33.71022], [7.341789, 33.714609], [7.350158, 33.716993], [7.365942, 33.726905], [7.387319, 33.73169], [7.410608, 33.734603], [7.420796, 33.734829], [7.434715, 33.733846], [7.453, 33.732295], [7.465326, 33.730933], [7.482701, 33.727642], [7.501987, 33.727113], [7.514058, 33.728865]]]}, "properties": {"source": "GEM", "layer": "pipelines", "tracker": "GGIT", "name": "Southern Algeria Gas Transmission Network \u00b7 El Oued-Taleb El Arbi Gas Pipeline", "pipeline": "Southern Algeria Gas Transmission Network", "segment": "El Oued-Taleb El Arbi Gas Pipeline", "fuel": "Gas", "countries": ["Algeria"], "sector": "energy", "owner": "Soci\u00e9t\u00e9 Alg\u00e9rienne de Gestion du R\u00e9seau de Transport du Gaz (GRTG) [100.00%]", "parent": "Sonelgaz SpA [unknown %]", "start_year": null, "capacity": null, "capacity_units": null, "capacity_bcm_y": null, "capacity_boed": null, "length_km": 109.0, "diameter": "16.0 in", "start_location": null, "end_location": "Taleb Larbi", "raw_status": "construction", "dash_status": "under_construction", "project_id": "P2061", "url": "https://www.gem.wiki/Southern_Algeria_Gas_Transmission_Network", "last_updated": "2025-08-29", "release": "2025-11"}}, {"type": "Feature", "geometry": {"type": "MultiLineString", "coordinates": [[[43.811535, 6.081716], [42.361503, 7.178823], [41.928722, 9.604572], [42.58103, 10.677035], [43.228, 11.49563]]]}, "properties": {"source": "GEM", "layer": "pipelines", "tracker": "GGIT", "name": "Ethiopia\u2013Djibouti Gas Pipeline", "pipeline": "Ethiopia\u2013Djibouti Gas Pipeline", "segment": null, "fuel": "Gas", "countries": ["Djibouti", "Ethiopia"], "sector": "energy", "owner": "GCL-Poly [100.00%]", "parent": "GCL Technology Holdings Ltd [100.00%]", "start_year": "2022", "capacity": 12.0, "capacity_units": "bcm/y", "capacity_bcm_y": 12.0, "capacity_boed": 193413.7, "length_km": 767.0, "diameter": "40", "start_location": "Hilala gas field", "end_location": "Damerdjog", "raw_status": "cancelled", "dash_status": "stalled", "project_id": "P2196", "url": "https://www.gem.wiki/Ethiopia%E2%80%93Djibouti_Gas_Pipeline", "last_updated": "2025-08-04", "release": "2025-11"}}, {"type": "Feature", "geometry": {"type": "MultiLineString", "coordinates": [[[8.712826, 3.769349], [8.718732, 3.823362], [8.764005, 3.840056], [8.885063, 3.818452], [8.927384, 3.802739], [8.969705, 3.775242], [9.185247, 3.585681], [9.20001, 3.560141], [9.179341, 3.404924]]]}, "properties": {"source": "GEM", "layer": "pipelines", "tracker": "GGIT", "name": "Alen\u2013Punta Europa Gas Pipeline", "pipeline": "Alen\u2013Punta Europa Gas Pipeline", "segment": null, "fuel": "Gas", "countries": ["Equatorial Guinea"], "sector": "energy", "owner": "Noble Energy; Glencore; GEPetrol; Atlas Petroleum International; Gunvor Resources", "parent": "Atlas Petroleum International Ltd [unknown %]; Chevron Corp [unknown %]; GEPetrol [unknown %]; Glencore PLC [unknown %]; unknown [unknown %]", "start_year": "2021", "capacity": 950.0, "capacity_units": "MMcf/d", "capacity_bcm_y": 9.71, "capacity_boed": 156487.8, "length_km": 70.0, "diameter": "24 in", "start_location": "Alen offshore terminal", "end_location": "Punta Europa petrochemical hub", "raw_status": "operating", "dash_status": "operating", "project_id": "P2199", "url": "https://www.gem.wiki/Alen%E2%80%93Punta_Europa_Gas_Pipeline", "last_updated": "2025-08-05", "release": "2025-11"}}, {"type": "Feature", "geometry": {"type": "MultiLineString", "coordinates": [[[-2.530492, 4.979945], [-2.490306, 4.972795], [-2.454483, 4.971031], [-2.430209, 4.974582], [-2.420609, 4.974294], [-2.414132, 4.970465], [-2.405046, 4.971048], [-2.373182, 4.962066], [-2.350396, 4.947283], [-2.340598, 4.945861]], [[-2.340598, 4.945861], [-2.327866, 4.939661], [-2.295584, 4.918617], [-2.266073, 4.908574], [-2.246854, 4.896094], [-2.202608, 4.899215], [-2.117174, 4.917112], [-2.098347, 4.92337], [-1.982603, 4.96497], [-1.910334, 4.964846], [-1.876862, 4.954608], [-1.861459, 4.965472], [-1.803003, 4.965456], [-1.777666, 4.976064], [-1.759192, 4.981166], [-1.731285, 5.001802], [-1.696491, 5.012353], [-1.675136, 5.0023], [-1.665249, 4.987186]], [[-2.340598, 4.945861], [-2.311847, 4.959594], [-2.271279, 4.987009], [-2.262524, 5.026191], [-2.205935, 5.042358], [-2.198678, 5.135261], [-2.177101, 5.236397], [-2.198817, 5.275675], [-2.205021, 5.38202], [-2.173462, 5.431537], [-2.153619, 5.444461]]]}, "properties": {"source": "GEM", "layer": "pipelines", "tracker": "GGIT", "name": "Atuabo\u2013Takoradi Gas Pipeline", "pipeline": "Atuabo\u2013Takoradi Gas Pipeline", "segment": null, "fuel": "Gas", "countries": ["Ghana"], "sector": "energy", "owner": "Ghana National Gas Co [100.00%]", "parent": "Ghana National Petroleum Co [100.00%]", "start_year": "2014", "capacity": 1.5, "capacity_units": "bcm/y", "capacity_bcm_y": 1.5, "capacity_boed": 24176.71, "length_km": 186.0, "diameter": "20 in", "start_location": "Atuabo", "end_location": "Takoradi Thermal Power Station", "raw_status": "operating", "dash_status": "operating", "project_id": "P2206", "url": "https://www.gem.wiki/Atuabo%E2%80%93Aboadze_Gas_Pipeline", "last_updated": "2025-08-06", "release": "2025-11"}}, {"type": "Feature", "geometry": {"type": "MultiLineString", "coordinates": [[[-2.530492, 4.979945], [-3.10621, 5.0926]]]}, "properties": {"source": "GEM", "layer": "pipelines", "tracker": "GGIT", "name": "Ghana\u2013Cote d'Ivoire Gas Pipeline", "pipeline": "Ghana\u2013Cote d'Ivoire Gas Pipeline", "segment": null, "fuel": "Gas", "countries": ["Ghana"], "sector": "energy", "owner": "Ghana National Gas Co [100.00%]", "parent": "Ghana National Petroleum Co [100.00%]", "start_year": null, "capacity": 150.0, "capacity_units": "MMcf/d", "capacity_bcm_y": 1.53, "capacity_boed": 24708.6, "length_km": 52.0, "diameter": "20 in", "start_location": "Atuabo", "end_location": "Ghana\u2013C\u00f4te d'Ivoire border", "raw_status": "shelved", "dash_status": "stalled", "project_id": "P2207", "url": "https://www.gem.wiki/Ghana%E2%80%93C%C3%B4te_d%27Ivoire_Gas_Pipeline", "last_updated": "2025-08-31", "release": "2025-11"}}, {"type": "Feature", "geometry": {"type": "MultiLineString", "coordinates": [[[-2.504654, 5.042449], [-2.44082, 5.042449], [-2.376987, 5.033098], [-2.343193, 5.025617], [-2.305644, 5.020006], [-2.268094, 5.014395], [-2.226194, 4.987205], [-2.151706, 4.979182], [-2.087283, 4.958123], [-1.970518, 4.939069], [-1.900055, 4.939069], [-1.879923, 4.94308], [-1.851739, 4.947092], [-1.803003, 4.965456], [-1.777666, 4.976064], [-1.759192, 4.981166], [-1.731285, 5.001802], [-1.696491, 5.012353], [-1.675136, 5.0023], [-1.665249, 4.987186]], [[-2.087336, 4.958209], [-2.087283, 4.974168], [-2.1161, 5.044423]], [[-2.1161, 5.044423], [-2.125534, 5.067423], [-2.098356, 5.005255], [-2.112448, 5.03634], [-2.1161, 5.044423]], [[-2.1161, 5.044423], [-2.130567, 5.076447], [-2.142646, 5.135601], [-2.1356, 5.179712], [-2.149693, 5.257901], [-2.205021, 5.38202], [-2.23626, 5.432289], [-2.276525, 5.516457], [-2.280224, 5.606782], [-2.282314, 5.66294]]]}, "properties": {"source": "GEM", "layer": "pipelines", "tracker": "GGIT", "name": "Jubilee\u2013Atuabo Gas Pipeline", "pipeline": "Jubilee\u2013Atuabo Gas Pipeline", "segment": null, "fuel": "Gas", "countries": ["Ghana"], "sector": "energy", "owner": "Ghana National Gas Co [100.00%]", "parent": "Ghana National Petroleum Co [100.00%]", "start_year": "2019", "capacity": null, "capacity_units": null, "capacity_bcm_y": null, "capacity_boed": null, "length_km": 59.0, "diameter": null, "start_location": "Jubilee offshore oil & gas field", "end_location": "Atuabo", "raw_status": "operating", "dash_status": "operating", "project_id": "P2208", "url": "https://www.gem.wiki/Jubilee%E2%80%93Atuabo_Gas_Pipeline", "last_updated": "2025-08-06", "release": "2025-11"}}, {"type": "Feature", "geometry": {"type": "MultiLineString", "coordinates": [[[-2.001758, 33.051472], [-2.001758, 33.056165], [-2.000808, 33.060592], [-2.002709, 33.065727], [-2.003026, 33.069446], [-2.000702, 33.075554], [-1.996582, 33.079272], [-1.991405, 33.082813], [-1.986652, 33.086884], [-1.981052, 33.09381], [-1.976298, 33.099386], [-1.971967, 33.105757], [-1.96996, 33.109917], [-1.969749, 33.11558], [-1.971254, 33.119617], [-1.969194, 33.12362], [-1.967398, 33.127624], [-1.965417, 33.130466], [-1.96238, 33.131284], [-1.959422, 33.135177], [-1.962499, 33.139268], [-1.966091, 33.150413], [-1.975599, 33.156958], [-1.979507, 33.160672], [-1.984473, 33.17208], [-1.980458, 33.181652], [-1.982043, 33.186338], [-1.984578, 33.190139], [-1.989543, 33.211311], [-1.985635, 33.229958], [-1.985212, 33.237226], [-1.981937, 33.240584], [-1.980881, 33.245002], [-1.982782, 33.252246], [-1.982571, 33.258519], [-1.98162, 33.262405], [-1.978874, 33.272166], [-1.971267, 33.310932], [-1.957322, 33.387443], [-1.941687, 33.466177], [-1.934715, 33.511816], [-1.934715, 33.535771], [-1.943589, 33.555405], [-1.943378, 33.562448], [-1.955843, 33.613755], [-1.949927, 33.637857], [-1.955421, 33.655974], [-1.956266, 33.668504], [-1.963238, 33.683801], [-1.974859, 33.705511], [-1.977817, 33.72414], [-1.991551, 33.75559], [-1.993875, 33.78817], [-1.990917, 33.80169], [-2.007807, 33.823873], [-2.011081, 33.837848], [-2.010553, 33.838769], [-2.006644, 33.842849], [-2.006116, 33.844429], [-2.006116, 33.85057], [-2.006644, 33.852172], [-2.011187, 33.862304], [-2.011768, 33.864322], [-2.011768, 33.86691], [-2.010606, 33.874234], [-2.010712, 33.875769], [-2.011504, 33.876602], [-2.016733, 33.880987], [-2.017473, 33.882944], [-2.017473, 33.88939], [-2.014356, 33.898729], [-2.017209, 33.907837], [-2.016047, 33.91152], [-2.017314, 33.921207], [-2.016575, 33.923398], [-2.014251, 33.925765], [-2.01293, 33.93028], [-2.006592, 33.940556], [-2.007067, 33.946998], [-2.008969, 33.950405], [-2.008493, 33.954567], [-2.010659, 33.959781], [-2.008916, 33.966309], [-2.015466, 33.973887], [-2.020299, 33.986162], [-2.022676, 33.994352], [-2.022597, 33.997144], [-2.021672, 33.999268], [-2.020008, 34.008513], [-2.038417, 34.045693]]]}, "properties": {"source": "GEM", "layer": "pipelines", "tracker": "GGIT", "name": "Tendrara Export Pipeline", "pipeline": "Tendrara Export Pipeline", "segment": null, "fuel": "Gas", "countries": ["Morocco"], "sector": "energy", "owner": "Managem SA [100.00%]", "parent": "Transgaz SA [100.00%]", "start_year": null, "capacity": null, "capacity_units": null, "capacity_bcm_y": null, "capacity_boed": null, "length_km": 120.0, "diameter": null, "start_location": "Tendrara gas fields", "end_location": "Maghreb-Europe Gas Pipeline", "raw_status": "proposed", "dash_status": "announced", "project_id": "P2248", "url": "https://www.gem.wiki/Tendrara_Export_Pipeline", "last_updated": "2025-05-28", "release": "2025-11"}}, {"type": "Feature", "geometry": {"type": "MultiLineString", "coordinates": [[[40.474, -10.774], [40.373, -11.041], [40.354, -11.363], [40.222, -11.62], [40.153, -11.835], [40.167, -12.135], [40.185, -12.301], [40.157, -12.368], [40.034, -12.6], [40.02, -12.717], [39.974, -12.984], [39.929, -13.203], [39.883, -13.252], [39.874, -13.475], [39.924, -13.541], [39.942, -13.706], [40.029, -13.888], [39.984, -14.27], [39.672, -14.647], [39.42, -14.908], [39.137, -15.129], [38.862, -15.332], [38.752, -15.341], [38.546, -15.451], [38.258, -15.429], [37.891, -15.621], [37.659, -15.812], [37.402, -16.171], [37.227, -16.418], [37.169, -16.577], [37.086, -16.696], [37.053, -17.005], [36.954, -17.124], [36.68, -17.322], [36.506, -17.401], [36.15, -17.488], [35.818, -17.544], [35.561, -17.757], [35.329, -17.852], [35.014, -18.372], [34.997, -18.466], [34.906, -18.553], [34.806, -18.851], [34.806, -19.008], [34.782, -19.071], [34.5, -19.321], [34.475, -19.407], [34.533, -19.595], [34.549, -19.751], [34.508, -20.11], [34.541, -20.428], [35.067, -21.728], [33.51, -23.648], [32.843, -24.399], [32.119, -25.436], [31.823, -25.51], [31.601, -25.548], [31.313, -25.6], [31.288, -25.703], [31.198, -25.74], [31.066, -25.733], [30.901, -25.823], [30.736, -25.823], [30.597, -26.076], [30.26, -26.2], [29.547, -26.515], [29.24, -26.647], [29.01, -26.515], [28.621, -26.479]]]}, "properties": {"source": "GEM", "layer": "pipelines", "tracker": "GGIT", "name": "African Renaissance Gas Pipeline", "pipeline": "African Renaissance Gas Pipeline", "segment": null, "fuel": "Gas", "countries": ["Mozambique", "South Africa"], "sector": "energy", "owner": "ENH; Profin Consulting; China National Petroleum Corp; Progas Investment Group", "parent": "Empresa Nacional de Hidrocarbonetos EP [unknown %]; unknown [unknown %]", "start_year": "2026", "capacity": 2200.0, "capacity_units": "MMcf/d", "capacity_bcm_y": 22.48, "capacity_boed": 362392.8, "length_km": 614.0, "diameter": "40 in", "start_location": "Bacia do Rovuma", "end_location": null, "raw_status": "proposed", "dash_status": "announced", "project_id": "P2249", "url": "https://www.gem.wiki/African_Renaissance_Gas_Pipeline", "last_updated": "2025-07-28", "release": "2025-11"}}, {"type": "Feature", "geometry": {"type": "MultiLineString", "coordinates": [[[40.472306, -10.775229], [39.264905, -15.114659], [34.416521, -19.374274], [33.825752, -19.978499], [33.886866, -20.809099], [34.512782, -21.657698], [34.870546, -23.688268], [32.311991, -25.853725]]]}, "properties": {"source": "GEM", "layer": "pipelines", "tracker": "GGIT", "name": "GasNosu North\u2013South Gas Pipeline", "pipeline": "GasNosu North\u2013South Gas Pipeline", "segment": null, "fuel": "Gas", "countries": ["Mozambique", "South Africa"], "sector": "energy", "owner": "SNTGN Transgaz SA [100.00%]", "parent": "Transgaz SA [100.00%]", "start_year": null, "capacity": null, "capacity_units": null, "capacity_bcm_y": null, "capacity_boed": null, "length_km": 2600.0, "diameter": null, "start_location": "Palma", "end_location": "Richards Bay", "raw_status": "shelved", "dash_status": "stalled", "project_id": "P2250", "url": "https://www.gem.wiki/GasNosu_North%E2%80%93South_Gas_Pipeline", "last_updated": "2025-07-28", "release": "2025-11"}}, {"type": "Feature", "geometry": {"type": "MultiLineString", "coordinates": [[[31.958525, -25.415342], [32.11079, -25.508985], [32.201267, -25.554784], [32.245402, -25.612505], [32.300571, -25.676166], [32.340292, -25.727864], [32.410908, -25.81133], [32.472697, -25.884811], [32.54552, -25.964198]]]}, "properties": {"source": "GEM", "layer": "pipelines", "tracker": "GGIT", "name": "Matola Gas Company Pipeline", "pipeline": "Matola Gas Company Pipeline", "segment": null, "fuel": "Gas", "countries": ["Mozambique"], "sector": "energy", "owner": "ENH [50.40%]; Gigajoule Group [49.60%]", "parent": "Empresa Nacional de Hidrocarbonetos EP [50.40%]; unknown [unknown %]", "start_year": "2012", "capacity": 20.77, "capacity_units": "MMcf/d", "capacity_bcm_y": 0.21, "capacity_boed": 3421.32, "length_km": 100.0, "diameter": null, "start_location": "Ressano Garcia", "end_location": "Maputo", "raw_status": "operating", "dash_status": "operating", "project_id": "P2251", "url": "https://www.gem.wiki/Matola_Gas_Company_Pipeline", "last_updated": "2025-07-28", "release": "2025-11"}}, {"type": "Feature", "geometry": {"type": "MultiLineString", "coordinates": [[[16.440583, -28.571801], [16.607676, -28.554384], [16.779935, -28.751554], [16.982153, -28.987669], [17.116964, -29.216709], [17.199349, -29.50392], [17.281734, -29.777318], [17.379098, -30.017552], [17.468972, -30.321877], [17.603784, -30.547889], [17.633742, -30.66392], [17.753575, -30.844136], [17.910855, -31.088174], [18.060646, -31.209959], [18.113072, -31.293195], [18.202947, -31.472224], [18.262863, -31.619027], [18.262863, -31.746494]]]}, "properties": {"source": "GEM", "layer": "pipelines", "tracker": "GGIT", "name": "Phased Gas Pipeline Network \u00b7 Abraham Villiers Bay\u2013Oranjemund", "pipeline": "Phased Gas Pipeline Network", "segment": "Abraham Villiers Bay\u2013Oranjemund", "fuel": "Gas", "countries": ["South Africa", "Namibia"], "sector": "energy", "owner": "SNTGN Transgaz SA [100.00%]", "parent": "Transgaz SA [100.00%]", "start_year": null, "capacity": null, "capacity_units": null, "capacity_bcm_y": null, "capacity_boed": null, "length_km": 411.15, "diameter": null, "start_location": "Oranjemund", "end_location": "Alexander Villiersbaai", "raw_status": "proposed", "dash_status": "announced", "project_id": "P2254", "url": "https://gem.wiki/Phased_Gas_Pipeline_Network", "last_updated": "2025-07-16", "release": "2025-11"}}, {"type": "Feature", "geometry": {"type": "MultiLineString", "coordinates": [[[3.36838, 6.5028], [3.947117, 7.371173], [4.515616, 7.529128], [5.193979, 7.283999], [5.65158, 7.065993], [5.775984, 5.554505]]]}, "properties": {"source": "GEM", "layer": "pipelines", "tracker": "GGIT", "name": "Escravos-Lagos Pipeline System (ELPS) \u00b7 Expansion (ELPS II)", "pipeline": "Escravos-Lagos Pipeline System (ELPS)", "segment": "Expansion (ELPS II)", "fuel": "Gas", "countries": ["Nigeria"], "sector": "energy", "owner": "Nigerian National Petroleum Corp [100.00%]", "parent": "NNPC Ltd [100.00%]", "start_year": "2021", "capacity": 1100.0, "capacity_units": "MMcf/d", "capacity_bcm_y": 11.24, "capacity_boed": 181196.4, "length_km": 342.0, "diameter": "36.0 in", "start_location": "Escravos", "end_location": "Lagos", "raw_status": "operating", "dash_status": "operating", "project_id": "P2256", "url": "https://www.gem.wiki/Escravos%E2%80%93Lagos_Pipeline_System", "last_updated": "2025-09-03", "release": "2025-11"}}, {"type": "Feature", "geometry": {"type": "MultiLineString", "coordinates": [[[25.595998, -33.921363], [25.675768, -33.741562], [25.965992, -33.664739], [26.243024, -33.576857], [26.770704, -33.345741], [27.232424, -33.091908], [27.694144, -32.881666], [27.984367, -32.682028], [28.274591, -32.392873], [28.617583, -32.013346], [29.039727, -31.699609], [29.514639, -31.351015], [30.002743, -31.001125], [30.200622, -30.718016], [30.266582, -30.536389], [30.411694, -30.365805], [30.688726, -30.069419], [31.03236, -29.867832]]]}, "properties": {"source": "GEM", "layer": "pipelines", "tracker": "GGIT", "name": "Phased Gas Pipeline Network \u00b7 Coega\u2013Richards Bay Gas Pipeline", "pipeline": "Phased Gas Pipeline Network", "segment": "Coega\u2013Richards Bay Gas Pipeline", "fuel": "Gas", "countries": ["South Africa"], "sector": "energy", "owner": "Transnet [100.00%]", "parent": "Transnet SOC Ltd [100.00%]", "start_year": null, "capacity": null, "capacity_units": null, "capacity_bcm_y": null, "capacity_boed": null, "length_km": 699.56, "diameter": null, "start_location": "Coega port", "end_location": null, "raw_status": "proposed", "dash_status": "announced", "project_id": "P2469", "url": "https://gem.wiki/Phased_Gas_Pipeline_Network", "last_updated": "2025-07-16", "release": "2025-11"}}, {"type": "Feature", "geometry": {"type": "MultiLineString", "coordinates": [[[22.14221, -34.199244], [22.105721, -34.151982], [22.089026, -34.103612], [22.068157, -34.044839], [22.101548, -33.965258], [22.243457, -33.934097], [22.447974, -33.892532], [22.827792, -33.868276], [23.445516, -33.83708], [23.879593, -33.882137], [24.284453, -33.902925], [24.751921, -33.927171], [24.994002, -33.927171], [25.2653, -33.902925], [25.486512, -33.899461], [25.595998, -33.921363]]]}, "properties": {"source": "GEM", "layer": "pipelines", "tracker": "GGIT", "name": "Phased Gas Pipeline Network \u00b7 Mossel Bay\u2013Coega Gas Pipeline", "pipeline": "Phased Gas Pipeline Network", "segment": "Mossel Bay\u2013Coega Gas Pipeline", "fuel": "Gas", "countries": ["South Africa"], "sector": "energy", "owner": "Transnet [100.00%]", "parent": "Transnet SOC Ltd [100.00%]", "start_year": null, "capacity": null, "capacity_units": null, "capacity_bcm_y": null, "capacity_boed": null, "length_km": 353.31, "diameter": null, "start_location": "Mossel Bay", "end_location": null, "raw_status": "proposed", "dash_status": "announced", "project_id": "P2470", "url": "https://gem.wiki/Phased_Gas_Pipeline_Network", "last_updated": "2025-07-16", "release": "2025-11"}}, {"type": "Feature", "geometry": {"type": "MultiLineString", "coordinates": [[[32.064359, -28.81787], [29.172917, -26.547864], [27.854889, -26.809005]]]}, "properties": {"source": "GEM", "layer": "pipelines", "tracker": "GGIT", "name": "Phased Gas Pipeline Network \u00b7 Richards Bay\u2013Gauteng Gas Pipeline", "pipeline": "Phased Gas Pipeline Network", "segment": "Richards Bay\u2013Gauteng Gas Pipeline", "fuel": "Gas", "countries": ["South Africa"], "sector": "energy", "owner": "Transnet [100.00%]", "parent": "Transnet SOC Ltd [100.00%]", "start_year": null, "capacity": null, "capacity_units": null, "capacity_bcm_y": null, "capacity_boed": null, "length_km": 514.62, "diameter": null, "start_location": "Richards Bay", "end_location": null, "raw_status": "proposed", "dash_status": "announced", "project_id": "P2471", "url": "https://gem.wiki/Phased_Gas_Pipeline_Network", "last_updated": "2025-07-16", "release": "2025-11"}}, {"type": "Feature", "geometry": {"type": "MultiLineString", "coordinates": [[[18.017713, -33.046422], [18.087209, -33.025952], [18.122896, -33.031464], [18.125714, -33.047209], [18.136044, -33.071609], [18.137922, -33.10859], [18.148253, -33.137691], [18.167975, -33.151845], [18.192392, -33.18329], [18.213053, -33.21551], [18.213992, -33.250074], [18.229958, -33.296399], [18.262828, -33.347407], [18.289123, -33.40701], [18.310724, -33.442281], [18.342654, -33.505734], [18.369889, -33.526092], [18.408394, -33.555837], [18.454412, -33.574618], [18.490099, -33.591048]]]}, "properties": {"source": "GEM", "layer": "pipelines", "tracker": "GGIT", "name": "Phased Gas Pipeline Network \u00b7 Saldanha\u2013Ankerlig Gas Pipeline", "pipeline": "Phased Gas Pipeline Network", "segment": "Saldanha\u2013Ankerlig Gas Pipeline", "fuel": "Gas", "countries": ["South Africa"], "sector": "energy", "owner": "Transnet [100.00%]", "parent": "Transnet SOC Ltd [100.00%]", "start_year": null, "capacity": null, "capacity_units": null, "capacity_bcm_y": null, "capacity_boed": null, "length_km": 84.51, "diameter": null, "start_location": "Saldanha Bay LNG Terminal", "end_location": null, "raw_status": "proposed", "dash_status": "announced", "project_id": "P2472", "url": "https://gem.wiki/Phased_Gas_Pipeline_Network", "last_updated": "2025-07-16", "release": "2025-11"}}, {"type": "Feature", "geometry": {"type": "MultiLineString", "coordinates": [[[18.122896, -33.031464], [18.285433, -33.07354], [18.382133, -33.188778], [18.482552, -33.325622], [18.571814, -33.449839], [18.672233, -33.564582], [18.754056, -33.672982], [18.850756, -33.790519], [19.02556, -33.883198], [19.259871, -34.009696], [19.542533, -34.108296], [19.825195, -34.157553], [20.152487, -34.179094], [20.543006, -34.194477], [20.803352, -34.194477], [20.966998, -34.185247], [21.089733, -34.17294], [21.223625, -34.163708], [21.364956, -34.166785], [21.517445, -34.166785], [21.669933, -34.17294], [21.92656, -34.1914], [22.14221, -34.199244]]]}, "properties": {"source": "GEM", "layer": "pipelines", "tracker": "GGIT", "name": "Phased Gas Pipeline Network \u00b7 Saldanha\u2013Mossel Bay Gas Pipeline", "pipeline": "Phased Gas Pipeline Network", "segment": "Saldanha\u2013Mossel Bay Gas Pipeline", "fuel": "Gas", "countries": ["South Africa"], "sector": "energy", "owner": "Transnet [100.00%]", "parent": "Transnet SOC Ltd [100.00%]", "start_year": null, "capacity": null, "capacity_units": null, "capacity_bcm_y": null, "capacity_boed": null, "length_km": 425.2, "diameter": null, "start_location": "Saldanha Bay LNG Terminal", "end_location": null, "raw_status": "proposed", "dash_status": "announced", "project_id": "P2473", "url": "https://gem.wiki/Phased_Gas_Pipeline_Network", "last_updated": "2025-07-16", "release": "2025-11"}}, {"type": "Feature", "geometry": {"type": "MultiLineString", "coordinates": [[[18.262863, -31.746494], [18.360227, -31.905582], [18.360227, -32.013605], [18.382696, -32.083434], [18.412654, -32.191247], [18.405164, -32.279939], [18.405164, -32.368544], [18.420143, -32.463381], [18.420143, -32.551806], [18.397675, -32.633837], [18.352738, -32.703189], [18.262863, -32.829146], [18.195457, -32.910923], [18.122896, -33.031464]]]}, "properties": {"source": "GEM", "layer": "pipelines", "tracker": "GGIT", "name": "Phased Gas Pipeline Network \u00b7 Abraham Villiers Bay\u2013Saldanha Gas Pipeline", "pipeline": "Phased Gas Pipeline Network", "segment": "Abraham Villiers Bay\u2013Saldanha Gas Pipeline", "fuel": "Gas", "countries": ["South Africa"], "sector": "energy", "owner": "Transnet [100.00%]", "parent": "Transnet SOC Ltd [100.00%]", "start_year": null, "capacity": null, "capacity_units": null, "capacity_bcm_y": null, "capacity_boed": null, "length_km": 152.76, "diameter": null, "start_location": "Alexander Villiersbaai", "end_location": null, "raw_status": "proposed", "dash_status": "announced", "project_id": "P2474", "url": "https://gem.wiki/Phased_Gas_Pipeline_Network", "last_updated": "2025-07-16", "release": "2025-11"}}, {"type": "Feature", "geometry": {"type": "MultiLineString", "coordinates": [[[29.14458, -26.562479], [29.150113, -26.580321], [29.275499, -26.812977], [29.306042, -26.86318], [29.343015, -26.91336], [29.381595, -27.01079], [29.487691, -27.151055], [29.548777, -27.211115], [29.770614, -27.348272], [29.85099, -27.353984], [29.92172, -27.550841], [29.976376, -27.681883], [30.008526, -27.718888], [30.191783, -27.775795], [30.648317, -27.852571], [30.780134, -27.923613], [30.831574, -27.988929], [31.088777, -28.1563], [31.185228, -28.19881], [31.268818, -28.210143], [31.464935, -28.215809], [31.513161, -28.295104], [31.564601, -28.309257], [31.664267, -28.363023], [31.796083, -28.521334], [31.853954, -28.594754], [31.902179, -28.704789], [32.107941, -28.752717], [31.626195, -28.973442]], [[31.626195, -28.973442], [31.242204, -29.250578], [30.991775, -29.483376], [30.941689, -29.686636], [31.03236, -29.867832]]]}, "properties": {"source": "GEM", "layer": "pipelines", "tracker": "GGIT", "name": "Secunda\u2013Durban Lilly Gas Pipeline", "pipeline": "Secunda\u2013Durban Lilly Gas Pipeline", "segment": "Secunda\u2013Durban Lilly Gas Pipeline", "fuel": "Gas", "countries": ["South Africa"], "sector": "energy", "owner": "Transnet [100.00%]", "parent": "Transnet SOC Ltd [100.00%]", "start_year": "1995", "capacity": 0.61, "capacity_units": "bcm/y", "capacity_bcm_y": 0.61, "capacity_boed": 9831.86, "length_km": 600.0, "diameter": "18.0 in", "start_location": "Secunda", "end_location": null, "raw_status": "operating", "dash_status": "operating", "project_id": "P2475", "url": "https://www.gem.wiki/Secunda%E2%80%93Durban_Lilly_Gas_Pipeline", "last_updated": "2025-07-17", "release": "2025-11"}}, {"type": "Feature", "geometry": {"type": "MultiLineString", "coordinates": [[[8.061658, 4.661632], [8.236527, 4.80739]]]}, "properties": {"source": "GEM", "layer": "pipelines", "tracker": "GGIT", "name": "Uquo-Oron Pipeline", "pipeline": "Uquo-Oron Pipeline", "segment": null, "fuel": "Gas", "countries": ["Nigeria"], "sector": "energy", "owner": "Seven Energy [100.00%]", "parent": "Savannah Energy PLC [unknown %]", "start_year": null, "capacity": null, "capacity_units": null, "capacity_bcm_y": null, "capacity_boed": null, "length_km": 37.0, "diameter": null, "start_location": "Uquo", "end_location": null, "raw_status": "operating", "dash_status": "operating", "project_id": "P2667", "url": "https://www.gem.wiki/Uquo_to_Oron_Gas_Pipeline", "last_updated": "2025-08-25", "release": "2025-11"}}, {"type": "Feature", "geometry": {"type": "MultiLineString", "coordinates": [[[32.107941, -28.752717], [32.153038, -28.435131], [32.179422, -28.028338], [32.192614, -27.725149], [32.23219, -27.36255], [32.258574, -27.198404], [32.324534, -26.951732], [32.36411, -26.881155]]]}, "properties": {"source": "GEM", "layer": "pipelines", "tracker": "GGIT", "name": "Phased Gas Pipeline Network \u00b7 Mozambique\u2013Richards Bay Gas Pipeline", "pipeline": "Phased Gas Pipeline Network", "segment": "Mozambique\u2013Richards Bay Gas Pipeline", "fuel": "Gas", "countries": ["South Africa"], "sector": "energy", "owner": "Transnet [100.00%]", "parent": "Transnet SOC Ltd [100.00%]", "start_year": null, "capacity": null, "capacity_units": null, "capacity_bcm_y": null, "capacity_boed": null, "length_km": 209.86, "diameter": null, "start_location": null, "end_location": null, "raw_status": "proposed", "dash_status": "announced", "project_id": "P3337", "url": "https://gem.wiki/Phased_Gas_Pipeline_Network", "last_updated": "2025-07-17", "release": "2025-11"}}, {"type": "Feature", "geometry": {"type": "MultiLineString", "coordinates": [[[31.998799, -24.946674], [30.968316, -25.469483], [29.188512, -26.522221], [28.734325, -26.823376]]]}, "properties": {"source": "GEM", "layer": "pipelines", "tracker": "GGIT", "name": "Phased Gas Pipeline Network \u00b7 Rompco Gas Pipeline", "pipeline": "Phased Gas Pipeline Network", "segment": "Rompco Gas Pipeline", "fuel": "Gas", "countries": ["South Africa"], "sector": "energy", "owner": "Transnet [100.00%]", "parent": "Transnet SOC Ltd [100.00%]", "start_year": null, "capacity": null, "capacity_units": null, "capacity_bcm_y": null, "capacity_boed": null, "length_km": 388.06, "diameter": null, "start_location": null, "end_location": null, "raw_status": "proposed", "dash_status": "announced", "project_id": "P3338", "url": "https://gem.wiki/Phased_Gas_Pipeline_Network", "last_updated": "2025-07-17", "release": "2025-11"}}, {"type": "Feature", "geometry": {"type": "MultiLineString", "coordinates": [[[19.05052, -33.884921], [19.96717, -32.77413], [21.534572, -32.414518], [23.24192, -32.290384], [24.200554, -32.396795], [24.620393, -32.926968], [24.683369, -33.471494]]]}, "properties": {"source": "GEM", "layer": "pipelines", "tracker": "GGIT", "name": "Phased Gas Pipeline Network \u00b7 Saldanha\u2013Coega Inland Corridor Gas Pipeline", "pipeline": "Phased Gas Pipeline Network", "segment": "Saldanha\u2013Coega Inland Corridor Gas Pipeline", "fuel": "Gas", "countries": ["South Africa"], "sector": "energy", "owner": "Transnet [100.00%]", "parent": "Transnet SOC Ltd [100.00%]", "start_year": null, "capacity": null, "capacity_units": null, "capacity_bcm_y": null, "capacity_boed": null, "length_km": 686.08, "diameter": null, "start_location": null, "end_location": null, "raw_status": "proposed", "dash_status": "announced", "project_id": "P3339", "url": "https://gem.wiki/Phased_Gas_Pipeline_Network", "last_updated": "2025-07-17", "release": "2025-11"}}, {"type": "Feature", "geometry": {"type": "MultiLineString", "coordinates": [[[3.927859, 7.375852], [4.541223, 8.479544], [4.818213, 9.22472]]]}, "properties": {"source": "GEM", "layer": "pipelines", "tracker": "GGIT", "name": "Ibadan\u2013Jebba Gas Pipeline", "pipeline": "Ibadan\u2013Jebba Gas Pipeline", "segment": null, "fuel": "Gas", "countries": ["Nigeria"], "sector": "energy", "owner": "Axxela [100.00%]", "parent": "Helios Investment Partners LLP [75.00%]; Sojitz Corp [25.00%]", "start_year": null, "capacity": null, "capacity_units": null, "capacity_bcm_y": null, "capacity_boed": null, "length_km": 510.0, "diameter": null, "start_location": "Ibadan", "end_location": "Jebba", "raw_status": "proposed", "dash_status": "announced", "project_id": "P3340", "url": "https://www.gem.wiki/Ibadan%E2%80%93Jebba_Gas_Pipeline", "last_updated": "2025-09-03", "release": "2025-11"}}, {"type": "Feature", "geometry": {"type": "MultiLineString", "coordinates": [[[39.491205, -8.511621], [39.278135, -8.367432], [39.167879, -8.137155], [39.018054, -8.09162], [39.025494, -8.003213], [38.959206, -7.768037], [39.053903, -7.638667], [39.123574, -7.561563], [39.142514, -7.488469], [39.146572, -7.471032], [39.098547, -7.390544], [39.085695, -7.314737], [39.171599, -7.245628], [39.176334, -7.155704], [39.243637, -7.046965], [39.185466, -6.881796], [39.208464, -6.799861]]]}, "properties": {"source": "GEM", "layer": "pipelines", "tracker": "GGIT", "name": "Songas Pipeline", "pipeline": "Songas Pipeline", "segment": null, "fuel": "Gas", "countries": ["Tanzania"], "sector": "energy", "owner": "--", "parent": "unknown [unknown %]", "start_year": "2004", "capacity": 105.0, "capacity_units": "MMcf/d", "capacity_bcm_y": 1.07, "capacity_boed": 17296.02, "length_km": 225.0, "diameter": "12, 16 in", "start_location": "Songo Songo Island", "end_location": "Dar es Salaam", "raw_status": "operating", "dash_status": "operating", "project_id": "P3341", "url": "https://www.gem.wiki/Songas_Pipeline", "last_updated": "2025-07-29", "release": "2025-11"}}, {"type": "Feature", "geometry": {"type": "MultiLineString", "coordinates": [[[32.299979, 31.250193], [32.2715, 30.5965], [31.7195, 30.7327], [31.2168, 30.3292], [31.228328, 30.147828]]]}, "properties": {"source": "GEM", "layer": "pipelines", "tracker": "GGIT", "name": "El Tina Gas Pipeline", "pipeline": "El Tina Gas Pipeline", "segment": null, "fuel": "Gas", "countries": ["Egypt"], "sector": "energy", "owner": "Egyptian Natural Gas Holding Co [100.00%]", "parent": "unknown [unknown %]", "start_year": "2022", "capacity": null, "capacity_units": null, "capacity_bcm_y": null, "capacity_boed": null, "length_km": 170.0, "diameter": "42 in", "start_location": "El Tina", "end_location": "Mit Nema", "raw_status": "operating", "dash_status": "operating", "project_id": "P3343", "url": "https://www.gem.wiki/El_Tina_Gas_Pipeline", "last_updated": "2024-07-29", "release": "2025-11"}}, {"type": "Feature", "geometry": {"type": "MultiLineString", "coordinates": [[[39.200847, -6.791832], [38.788292, -6.71433], [38.173057, -5.949985], [38.612511, -4.615377], [39.673127, -4.042378]]]}, "properties": {"source": "GEM", "layer": "pipelines", "tracker": "GGIT", "name": "Tanzania\u2013Kenya Gas Pipeline", "pipeline": "Tanzania\u2013Kenya Gas Pipeline", "segment": null, "fuel": "Gas", "countries": ["Tanzania", "Kenya"], "sector": "energy", "owner": "Government of Tanzania; Government of Kenya", "parent": "Government of Kenya [unknown %]; Government of Tanzania [unknown %]", "start_year": null, "capacity": null, "capacity_units": null, "capacity_bcm_y": null, "capacity_boed": null, "length_km": 600.0, "diameter": null, "start_location": "Dar es Salaam", "end_location": "Mombasa", "raw_status": "proposed", "dash_status": "announced", "project_id": "P3344", "url": "https://www.gem.wiki/Tanzania%E2%80%93Kenya_Gas_Pipeline", "last_updated": "2025-07-29", "release": "2025-11"}}, {"type": "Feature", "geometry": {"type": "MultiLineString", "coordinates": [[[-2.504654, 5.042449], [-2.44082, 5.042449], [-2.376987, 5.033098], [-2.343193, 5.025617], [-2.305644, 5.020006], [-2.268094, 5.014395], [-2.226194, 4.987205], [-2.151706, 4.979182], [-2.087283, 4.958123]], [[-2.087283, 4.958123], [-1.970518, 4.939069], [-1.900055, 4.939069], [-1.879923, 4.94308], [-1.851739, 4.947092], [-1.803003, 4.965456], [-1.777666, 4.976064], [-1.759192, 4.981166], [-1.731285, 5.001802], [-1.696491, 5.012353], [-1.675136, 5.0023], [-1.665249, 4.987186]], [[-2.087283, 4.95712], [-2.087283, 4.958123]], [[-2.087283, 4.958123], [-2.087283, 4.974168], [-2.1161, 5.044423]], [[-2.1161, 5.044423], [-2.125534, 5.067423], [-2.098356, 5.005255], [-2.112448, 5.03634], [-2.1161, 5.044423]], [[-2.1161, 5.044423], [-2.130567, 5.076447], [-2.142646, 5.135601], [-2.1356, 5.179712], [-2.149693, 5.257901], [-2.205021, 5.38202], [-2.23626, 5.432289], [-2.276525, 5.516457]]]}, "properties": {"source": "GEM", "layer": "pipelines", "tracker": "GGIT", "name": "West African Gas Pipeline \u00b7 Ghana\u2013C\u00f4te d'Ivoire Expansion", "pipeline": "West African Gas Pipeline", "segment": "Ghana\u2013C\u00f4te d'Ivoire Expansion", "fuel": "Gas", "countries": ["Ghana", "C\u00f4te d'Ivoire"], "sector": "energy", "owner": "--", "parent": "unknown [unknown %]", "start_year": null, "capacity": 150.0, "capacity_units": "MMcf/d", "capacity_bcm_y": 1.53, "capacity_boed": 24708.6, "length_km": 179.15, "diameter": "20 in", "start_location": null, "end_location": "Abidjan", "raw_status": "proposed", "dash_status": "announced", "project_id": "P3345", "url": "https://www.gem.wiki/West_African_Gas_Pipeline", "last_updated": "2025-08-31", "release": "2025-11"}}, {"type": "Feature", "geometry": {"type": "MultiLineString", "coordinates": [[[30.6968, 30.7634], [30.9667, 30.2167], [31.205278, 30.199722], [31.242222, 30.128611], [31.234444, 30.145278]]]}, "properties": {"source": "GEM", "layer": "pipelines", "tracker": "GGIT", "name": "El Noubareya Gas Pipeline", "pipeline": "El Noubareya Gas Pipeline", "segment": null, "fuel": "Gas", "countries": ["Egypt"], "sector": "energy", "owner": "Egyptian Natural Gas Holding Co [100.00%]", "parent": "unknown [unknown %]", "start_year": "2015", "capacity": null, "capacity_units": null, "capacity_bcm_y": null, "capacity_boed": null, "length_km": 66.0, "diameter": "32, 42 in", "start_location": "El Noubareya", "end_location": "Mit Nema", "raw_status": "operating", "dash_status": "operating", "project_id": "P3346", "url": "https://www.gem.wiki/El_Noubareya_Gas_Pipeline", "last_updated": "2025-08-12", "release": "2025-11"}}, {"type": "Feature", "geometry": {"type": "MultiLineString", "coordinates": [[[32.300064, 31.250156], [32.309334, 30.402463], [31.754544, 29.908259]]]}, "properties": {"source": "GEM", "layer": "pipelines", "tracker": "GGIT", "name": "El Tina- Abu Sultan- New Administrative Capital Gas Pipeline", "pipeline": "El Tina- Abu Sultan- New Administrative Capital Gas Pipeline", "segment": null, "fuel": "Gas", "countries": ["Egypt"], "sector": "energy", "owner": "Egyptian Natural Gas Holding Co [100.00%]", "parent": "unknown [unknown %]", "start_year": "2019", "capacity": null, "capacity_units": null, "capacity_bcm_y": null, "capacity_boed": null, "length_km": 165.0, "diameter": "42.0 in", "start_location": "El Tina Abou Sultan", "end_location": "New Administrative Capital", "raw_status": "operating", "dash_status": "operating", "project_id": "P3366", "url": "https://www.gem.wiki/El_Tina_Abou_Sultan_New_Administrative_Capital_Gas_Pipeline", "last_updated": "2022-07-13", "release": "2025-11"}}, {"type": "Feature", "geometry": {"type": "MultiLineString", "coordinates": [[[34.808088, 31.154678], [34.803627, 31.144819], [34.804149, 31.138035], [34.805192, 31.132817], [34.808845, 31.123424], [34.811976, 31.118206], [34.814063, 31.11351], [34.817194, 31.110379], [34.819803, 31.106726], [34.822412, 31.103073], [34.823978, 31.09942], [34.825543, 31.094724], [34.827109, 31.091593], [34.828703, 31.088027], [34.830097, 31.086458], [34.831491, 31.084192], [34.832537, 31.081926], [34.833931, 31.078789], [34.834629, 31.075477], [34.835849, 31.072166], [34.836371, 31.069377], [34.836197, 31.067808], [34.836371, 31.06502], [34.836197, 31.062405], [34.835151, 31.060488], [34.833583, 31.058397], [34.829923, 31.055259], [34.822428, 31.05003], [34.816328, 31.045324], [34.814236, 31.043582], [34.811099, 31.04149], [34.808659, 31.040096], [34.806393, 31.038527], [34.801687, 31.034693], [34.798201, 31.030858], [34.79611, 31.028069], [34.794018, 31.025106], [34.791229, 31.021446], [34.788266, 31.018657], [34.78478, 31.014474], [34.778506, 31.008897], [34.772928, 31.003668], [34.769442, 31.001054], [34.767002, 30.999659], [34.765434, 30.998265], [34.764039, 30.995651], [34.759856, 30.988505], [34.758811, 30.986064], [34.757416, 30.984496], [34.75515, 30.983101], [34.748527, 30.980138], [34.739464, 30.976304], [34.734932, 30.974561], [34.732666, 30.974038], [34.730401, 30.973167], [34.726915, 30.972121], [34.724997, 30.971249], [34.722557, 30.969681], [34.720292, 30.968286], [34.71454, 30.964103], [34.708962, 30.96114], [34.704605, 30.959049], [34.700771, 30.957655], [34.698156, 30.955912], [34.693973, 30.954517], [34.690662, 30.95382], [34.686478, 30.953471], [34.683167, 30.953471], [34.68003, 30.95382], [34.674104, 30.954692], [34.666609, 30.956086], [34.659811, 30.957132], [34.65406, 30.958875], [34.650225, 30.960095], [34.646739, 30.961663], [34.644125, 30.962883], [34.641685, 30.964626], [34.639593, 30.965498], [34.636107, 30.966021], [34.63297, 30.966021], [34.628787, 30.965498], [34.623558, 30.963406], [34.617109, 30.959397], [34.608743, 30.953297], [34.604909, 30.95016], [34.59968, 30.947197], [34.595323, 30.944234], [34.588525, 30.939528], [34.582076, 30.934473], [34.574233, 30.928547], [34.570747, 30.925236], [34.566913, 30.922099], [34.564298, 30.920356], [34.560987, 30.91931], [34.555409, 30.917915], [34.549832, 30.917567], [34.547043, 30.916521], [34.543209, 30.915127], [34.540071, 30.914778], [34.537108, 30.91443], [34.533448, 30.914255], [34.528917, 30.913732], [34.523688, 30.912687], [34.518459, 30.911118], [34.512184, 30.909201], [34.504515, 30.906238], [34.496149, 30.904146], [34.492663, 30.902752], [34.488306, 30.901706], [34.485517, 30.901532], [34.480637, 30.901358], [34.475757, 30.901183], [34.471748, 30.901358], [34.465474, 30.902055], [34.459373, 30.902926], [34.454493, 30.903275], [34.449613, 30.902578], [34.443512, 30.901183], [34.436541, 30.899615], [34.429918, 30.897872], [34.423643, 30.895432], [34.420157, 30.893689], [34.41824, 30.891597], [34.415974, 30.889157], [34.413708, 30.886717], [34.410397, 30.883754], [34.406911, 30.881662], [34.403599, 30.880791], [34.399242, 30.880268], [34.394865, 30.880155], [34.389556, 30.879189], [34.384489, 30.877018], [34.379904, 30.874122], [34.371942, 30.869055], [34.368322, 30.867125], [34.360601, 30.862781], [34.354086, 30.859403], [34.348536, 30.85699], [34.339608, 30.85144], [34.331646, 30.846856], [34.325372, 30.844202], [34.318857, 30.840824], [34.31017, 30.836239], [34.301243, 30.831896], [34.277837, 30.820072], [34.270357, 30.816453], [34.264566, 30.813557], [34.259257, 30.81042], [34.250812, 30.805595], [34.242367, 30.800769], [34.234121, 30.797347]]]}, "properties": {"source": "GEM", "layer": "pipelines", "tracker": "GGIT", "name": "Israel\u2013Egypt Onshore Gas Pipeline", "pipeline": "Israel\u2013Egypt Onshore Gas Pipeline", "segment": null, "fuel": "Gas", "countries": ["Israel", "Egypt"], "sector": "energy", "owner": "Israel Natural Gas Lines [100.00%]", "parent": "Israel Natural Gas Lines Ltd [100.00%]", "start_year": null, "capacity": 6.0, "capacity_units": "bcm/y", "capacity_bcm_y": 6.0, "capacity_boed": 96706.85, "length_km": 65.0, "diameter": null, "start_location": "Ramat Hovav", "end_location": null, "raw_status": "construction", "dash_status": "under_construction", "project_id": "P3620", "url": "https://www.gem.wiki/Israel%E2%80%93Egypt_Onshore_Gas_Pipeline", "last_updated": "2025-08-11", "release": "2025-11"}}, {"type": "Feature", "geometry": {"type": "MultiLineString", "coordinates": [[[30.326837, 31.303254], [30.318448, 31.518646], [30.952831, 31.943372], [31.14761, 31.982598], [31.35321, 31.94743], [31.557457, 32.040761], [31.72383, 32.056993], [31.824771, 32.211576], [32.302756, 32.253124], [32.795113, 32.259887], [32.913537, 32.34289]], [[32.913537, 32.34289], [33.157618, 32.474955], [34.24919, 32.531766], [34.517864, 32.597214], [34.719905, 32.592634], [34.801515, 32.597214]], [[32.913537, 32.34289], [32.862069, 32.614496], [32.865639, 32.776057], [32.914732, 32.877814], [33.271773, 33.17148]]]}, "properties": {"source": "GEM", "layer": "pipelines", "tracker": "GGIT", "name": "Israel\u2013Egypt Offshore Gas Pipeline", "pipeline": "Israel\u2013Egypt Offshore Gas Pipeline", "segment": null, "fuel": "Gas", "countries": ["Israel", "Egypt"], "sector": "energy", "owner": "Israel Natural Gas Lines [100.00%]", "parent": "Israel Natural Gas Lines Ltd [100.00%]", "start_year": null, "capacity": 6.7, "capacity_units": "bcm/y", "capacity_bcm_y": 6.7, "capacity_boed": 107989.32, "length_km": 592.62, "diameter": null, "start_location": null, "end_location": null, "raw_status": "proposed", "dash_status": "announced", "project_id": "P3657", "url": "https://www.gem.wiki/Israel%E2%80%93Egypt_Offshore_Gas_Pipeline", "last_updated": "2025-08-11", "release": "2025-11"}}, {"type": "Feature", "geometry": {"type": "MultiLineString", "coordinates": [[[33.889558, 31.142732], [33.866196, 31.136288], [33.800459, 31.117276], [33.78805, 31.11272], [33.763576, 31.10227], [33.723186, 31.088579], [33.678004, 31.074203], [33.639899, 31.064436], [33.61166, 31.059359], [33.588873, 31.055602], [33.569142, 31.053013], [33.541089, 31.050927], [33.508855, 31.04984], [33.485692, 31.048889], [33.478625, 31.048606], [33.472644, 31.047026], [33.467155, 31.044766], [33.459226, 31.041535], [33.447497, 31.037325], [33.430053, 31.032212], [33.410505, 31.028303], [33.361784, 31.026197], [33.203536, 31.026195], [33.184027, 31.025468], [33.171788, 31.025225], [33.164638, 31.023408], [33.159791, 31.020378], [33.152884, 31.01844], [33.144402, 31.019288], [33.138828, 31.02365], [33.134451, 31.027652], [33.126236, 31.03792], [33.114598, 31.052981], [33.111927, 31.058307], [33.109806, 31.06325], [33.107753, 31.078995], [33.106958, 31.087268], [33.105014, 31.096109], [33.099538, 31.107063], [33.092007, 31.115962], [33.081054, 31.121439], [33.070101, 31.121439], [33.058245, 31.118774], [33.048188, 31.114532], [33.039948, 31.108352], [33.026012, 31.098658], [33.006867, 31.089207], [32.969567, 31.069379], [32.934838, 31.052575], [32.910752, 31.040532], [32.890027, 31.03129], [32.868462, 31.023448], [32.846336, 31.017566], [32.817769, 31.010285], [32.788056, 31.004376], [32.764836, 31.001883], [32.74075, 31.001883], [32.719465, 31.002163], [32.69874, 31.004403], [32.657302, 31.009168], [32.629283, 31.014486], [32.606643, 31.023544], [32.592267, 31.033128], [32.585422, 31.038605], [32.577891, 31.042712], [32.574109, 31.044453], [32.568307, 31.044766], [32.519702, 31.045451], [32.512494, 31.045853], [32.503531, 31.048654], [32.488408, 31.054536], [32.472444, 31.062938], [32.462921, 31.067699], [32.450878, 31.069659], [32.432394, 31.069939], [32.408308, 31.0705], [32.381418, 31.074203], [32.373203, 31.075572], [32.358143, 31.07968], [32.342397, 31.081049], [32.334867, 31.081733], [32.330075, 31.083102], [32.327648, 31.086183], [32.326527, 31.089824], [32.319122, 31.23234], [32.316383, 31.244662], [32.308853, 31.254931], [32.296531, 31.264515], [32.280101, 31.273414], [32.263471, 31.278062], [32.245501, 31.281228], [32.233429, 31.283084], [32.225224, 31.284576], [32.211159, 31.28724], [32.204267, 31.287732], [32.199379, 31.289466], [32.189737, 31.293952], [32.177415, 31.298744], [32.163039, 31.307643], [32.134286, 31.322019], [32.113065, 31.330234], [32.094581, 31.339134], [32.08089, 31.347349], [32.065144, 31.354879], [32.045976, 31.360355], [32.022016, 31.367886], [31.989841, 31.373362], [31.957666, 31.379524], [31.917276, 31.389108], [31.872779, 31.398692], [31.84608, 31.40143], [31.822805, 31.404168], [31.802267, 31.406222], [31.759139, 31.411699], [31.712588, 31.418544]]]}, "properties": {"source": "GEM", "layer": "pipelines", "tracker": "GGIT", "name": "Port Said - Arish Gas Pipeline", "pipeline": "Port Said - Arish Gas Pipeline", "segment": null, "fuel": "Gas", "countries": ["Egypt"], "sector": "energy", "owner": "Egyptian Natural Gas Holding Co [100.00%]", "parent": "unknown [unknown %]", "start_year": null, "capacity": null, "capacity_units": null, "capacity_bcm_y": null, "capacity_boed": null, "length_km": 235.0, "diameter": "36, 42 in", "start_location": "El Gamil", "end_location": null, "raw_status": "operating", "dash_status": "operating", "project_id": "P3659", "url": "https://www.gem.wiki/Arish%E2%80%93Port_Said_Gas_Pipeline", "last_updated": "2022-07-13", "release": "2025-11"}}, {"type": "Feature", "geometry": {"type": "MultiLineString", "coordinates": [[[3.246165, 32.920148], [3.249213, 32.947044], [3.250027, 32.95415], [3.251423, 32.956214], [3.376581, 33.064602], [3.446745, 33.133046], [3.4996, 33.171065], [3.558038, 33.225572], [3.59861, 33.280589], [3.60866, 33.288368], [3.625782, 33.312322], [3.766108, 33.472448], [4.003212, 33.746948], [4.0717, 33.811918], [4.107433, 33.843457], [4.126788, 33.862622], [4.145399, 33.878693], [4.219843, 33.943254], [4.22431, 33.951283], [4.246643, 33.977215], [4.261532, 33.985857], [4.42233, 34.129559], [4.461041, 34.161981], [4.513152, 34.209399], [4.607323, 34.292008], [4.61179, 34.302771], [4.676556, 34.371311], [4.707078, 34.410627], [4.722711, 34.423523], [4.743555, 34.427054], [4.783382, 34.455295], [4.79306, 34.467418], [4.911798, 34.620102], [4.919987, 34.623624], [4.998897, 34.72403], [5.053986, 34.791765], [5.109074, 34.846158], [5.119868, 34.860972], [5.131779, 34.871356], [5.135501, 34.886623], [5.137735, 34.922644], [5.132524, 34.930578], [5.134013, 34.948276], [5.14369, 34.957428], [5.154857, 34.962309], [5.159323, 34.96841], [5.179423, 34.987319], [5.188357, 35.000736], [5.189845, 35.016589], [5.184634, 35.036097], [5.188357, 35.050115], [5.183145, 35.079362], [5.18389, 35.105554], [5.191334, 35.10799], [5.203245, 35.128085], [5.195801, 35.137217], [5.194312, 35.143305], [5.232278, 35.182255], [5.279922, 35.23046], [5.3097, 35.259643], [5.337244, 35.283346], [5.345433, 35.304005], [5.37521, 35.341663], [5.410199, 35.375662], [5.503254, 35.446043], [5.511442, 35.462719], [5.509954, 35.469388], [5.52112, 35.489999], [5.536009, 35.500303], [5.544198, 35.517271], [5.536009, 35.535447], [5.551642, 35.548773], [5.567275, 35.56573], [5.591097, 35.577841], [5.62013, 35.603872], [5.636508, 35.605687], [5.643208, 35.615976], [5.659586, 35.623238], [5.68043, 35.629289], [5.696063, 35.629289], [5.734774, 35.654698], [5.780929, 35.676774], [5.830062, 35.71184], [5.900039, 35.789173], [5.908972, 35.807287], [5.91865, 35.81755], [5.933539, 35.822982], [5.94545, 35.824189], [5.959594, 35.859794], [5.992349, 35.873066], [6.03106, 35.922516], [6.099548, 35.962294], [6.138259, 35.999643], [6.224614, 36.069475], [6.249925, 36.098353], [6.380946, 36.183721], [6.422634, 36.249787], [6.492611, 36.324495], [6.681698, 36.5114], [6.722642, 36.567772], [6.777731, 36.63411], [6.858875, 36.738582], [6.867808, 36.757073], [6.88493, 36.774368], [6.888652, 36.795831], [6.910985, 36.813713], [6.937785, 36.818481], [6.949696, 36.830399], [6.947, 36.88]]]}, "properties": {"source": "GEM", "layer": "pipelines", "tracker": "GGIT", "name": "Hassi R'Mel-Skikda II Gas Pipeline", "pipeline": "Hassi R'Mel-Skikda II Gas Pipeline", "segment": null, "fuel": "Gas", "countries": ["Algeria"], "sector": "energy", "owner": "Sonatrach [100.00%]", "parent": "Sonatrach SpA [100.00%]", "start_year": "2001", "capacity": 20.47, "capacity_units": "bcm/y", "capacity_bcm_y": 20.47, "capacity_boed": 329931.53, "length_km": 575.0, "diameter": "42.0 in", "start_location": "Hassi R'Mel", "end_location": null, "raw_status": "operating", "dash_status": "operating", "project_id": "P3897", "url": "https://www.gem.wiki/Hassi_R%27Mel-Skikda_Gas_Pipeline", "last_updated": "2025-07-28", "release": "2025-11"}}, {"type": "Feature", "geometry": {"type": "MultiLineString", "coordinates": [[[3.248774, 32.936657], [2.986581, 33.406428], [2.899183, 33.519502], [2.796972, 33.750133], [2.731794, 33.817233], [2.623658, 33.877516], [2.594031, 33.925466], [2.589587, 34.020058], [2.35702, 34.357024], [2.094827, 34.676197], [1.555627, 34.952572], [1.333429, 35.276404], [1.306025, 35.280637], [1.260844, 35.316302], [1.235662, 35.328388], [1.197148, 35.388189], [1.126785, 35.431048], [1.051978, 35.450509], [0.85126, 35.549398], [0.790526, 35.562654], [0.664614, 35.621679], [0.573512, 35.615808], [0.52611, 35.638083], [0.400198, 35.623635], [0.378719, 35.606174], [0.304653, 35.609185], [0.260954, 35.635676], [0.175778, 35.651325], [-0.037532, 35.610389], [-0.110857, 35.615206], [-0.176776, 35.647112], [-0.247138, 35.781818], [-0.254545, 35.79023], [-0.292318, 35.793234], [-0.338815, 35.843762]]]}, "properties": {"source": "GEM", "layer": "pipelines", "tracker": "GGIT", "name": "Hassi R'Mel-Arzew Gas Pipeline \u00b7 Pipeline I", "pipeline": "Hassi R'Mel-Arzew Gas Pipeline", "segment": "Pipeline I", "fuel": "Gas", "countries": ["Algeria"], "sector": "energy", "owner": "Sonatrach [100.00%]", "parent": "Sonatrach SpA [100.00%]", "start_year": "1976", "capacity": 40.65, "capacity_units": "bcm/y", "capacity_bcm_y": 40.65, "capacity_boed": 655156.67, "length_km": 507.0, "diameter": "40.0 in", "start_location": "Hassi R'Mel", "end_location": null, "raw_status": "operating", "dash_status": "operating", "project_id": "P3898", "url": "https://www.gem.wiki/Hassi_R'Mel-Arzew_Gas_Pipeline", "last_updated": "2025-07-28", "release": "2025-11"}}, {"type": "Feature", "geometry": {"type": "MultiLineString", "coordinates": [[[3.248774, 32.936657], [2.986581, 33.406428], [2.899183, 33.519502], [2.796972, 33.750133], [2.731794, 33.817233], [2.623658, 33.877516], [2.594031, 33.925466], [2.589587, 34.020058], [2.35702, 34.357024], [2.094827, 34.676197], [1.555627, 34.952572], [1.333429, 35.276404], [1.306025, 35.280637], [1.260844, 35.316302], [1.235662, 35.328388], [1.197148, 35.388189], [1.126785, 35.431048], [1.051978, 35.450509], [0.85126, 35.549398], [0.790526, 35.562654], [0.664614, 35.621679], [0.573512, 35.615808], [0.52611, 35.638083], [0.400198, 35.623635], [0.378719, 35.606174], [0.304653, 35.609185], [0.260954, 35.635676], [0.175778, 35.651325], [-0.037532, 35.610389], [-0.110857, 35.615206], [-0.176776, 35.647112], [-0.247138, 35.781818], [-0.254545, 35.79023], [-0.292318, 35.793234], [-0.338815, 35.843762]]]}, "properties": {"source": "GEM", "layer": "pipelines", "tracker": "GGIT", "name": "Hassi R'Mel-Arzew Gas Pipeline \u00b7 Pipeline II", "pipeline": "Hassi R'Mel-Arzew Gas Pipeline", "segment": "Pipeline II", "fuel": "Gas", "countries": ["Algeria"], "sector": "energy", "owner": "Sonatrach [100.00%]", "parent": "Sonatrach SpA [100.00%]", "start_year": "1982", "capacity": 40.65, "capacity_units": "bcm/y", "capacity_bcm_y": 40.65, "capacity_boed": 655156.67, "length_km": 511.0, "diameter": "40.0 in", "start_location": "Hassi R'Mel", "end_location": null, "raw_status": "operating", "dash_status": "operating", "project_id": "P3899", "url": "https://www.gem.wiki/Hassi_R'Mel-Arzew_Gas_Pipeline", "last_updated": "2025-07-28", "release": "2025-11"}}, {"type": "Feature", "geometry": {"type": "MultiLineString", "coordinates": [[[3.248774, 32.936657], [2.986581, 33.406428], [2.899183, 33.519502], [2.796972, 33.750133], [2.731794, 33.817233], [2.623658, 33.877516], [2.594031, 33.925466], [2.589587, 34.020058], [2.35702, 34.357024], [2.094827, 34.676197], [1.555627, 34.952572], [1.333429, 35.276404], [1.306025, 35.280637], [1.260844, 35.316302], [1.235662, 35.328388], [1.197148, 35.388189], [1.126785, 35.431048], [1.051978, 35.450509], [0.85126, 35.549398], [0.790526, 35.562654], [0.664614, 35.621679], [0.573512, 35.615808], [0.52611, 35.638083], [0.400198, 35.623635], [0.378719, 35.606174], [0.304653, 35.609185], [0.260954, 35.635676], [0.175778, 35.651325], [-0.037532, 35.610389], [-0.110857, 35.615206], [-0.176776, 35.647112], [-0.247138, 35.781818], [-0.254545, 35.79023], [-0.292318, 35.793234], [-0.338815, 35.843762]]]}, "properties": {"source": "GEM", "layer": "pipelines", "tracker": "GGIT", "name": "Hassi R'Mel-Arzew Gas Pipeline \u00b7 Pipeline III", "pipeline": "Hassi R'Mel-Arzew Gas Pipeline", "segment": "Pipeline III", "fuel": "Gas", "countries": ["Algeria"], "sector": "energy", "owner": "Sonatrach [100.00%]", "parent": "Sonatrach SpA [100.00%]", "start_year": "1989", "capacity": 40.65, "capacity_units": "bcm/y", "capacity_bcm_y": 40.65, "capacity_boed": 655156.67, "length_km": 511.0, "diameter": "42.0 in", "start_location": "Hassi R'Mel", "end_location": null, "raw_status": "operating", "dash_status": "operating", "project_id": "P3900", "url": "https://www.gem.wiki/Hassi_R'Mel-Arzew_Gas_Pipeline", "last_updated": "2025-07-28", "release": "2025-11"}}, {"type": "Feature", "geometry": {"type": "MultiLineString", "coordinates": [[[3.250996, 32.93588], [2.990284, 33.408283], [2.904367, 33.521972], [2.803638, 33.756291], [2.73846, 33.820309], [2.628842, 33.879361], [2.602178, 33.926081], [2.596253, 34.021899], [2.365167, 34.357636], [2.09853, 34.679852], [1.562293, 34.953482], [1.508965, 35.014166], [1.336392, 35.279125], [1.306765, 35.285171], [1.263807, 35.319021], [1.238625, 35.331107], [1.198629, 35.390302], [1.129007, 35.433764], [1.05346, 35.453375], [0.973468, 35.490773], [0.852, 35.553466], [0.791266, 35.565516], [0.663873, 35.625743], [0.601657, 35.618518], [0.57055, 35.619722], [0.52611, 35.641394], [0.397235, 35.625743], [0.375016, 35.608884], [0.303912, 35.611292], [0.260954, 35.638986], [0.173556, 35.653431], [-0.054567, 35.610087], [-0.115301, 35.619722], [-0.176035, 35.648617], [-0.244176, 35.780917], [-0.253063, 35.792934], [-0.288615, 35.795337], [-0.310835, 35.819363], [-0.352147, 35.844965]]]}, "properties": {"source": "GEM", "layer": "pipelines", "tracker": "GGIT", "name": "Hassi R'Mel-Arzew Gas Pipeline \u00b7 Pipeline IV", "pipeline": "Hassi R'Mel-Arzew Gas Pipeline", "segment": "Pipeline IV", "fuel": "Gas", "countries": ["Algeria"], "sector": "energy", "owner": "Sonatrach [100.00%]", "parent": "Sonatrach SpA [100.00%]", "start_year": "1987", "capacity": 11.25, "capacity_units": "bcm/y", "capacity_bcm_y": 11.25, "capacity_boed": 181325.34, "length_km": 513.0, "diameter": "48.0 in", "start_location": "Hassi R'Mel", "end_location": null, "raw_status": "operating", "dash_status": "operating", "project_id": "P3901", "url": "https://www.gem.wiki/Hassi_R'Mel-Arzew_Gas_Pipeline", "last_updated": "2022-07-07", "release": "2025-11"}}, {"type": "Feature", "geometry": {"type": "MultiLineString", "coordinates": [[[3.602795, 35.387337], [3.614793, 35.400137], [3.604424, 35.409796], [3.579982, 35.426093], [3.610349, 35.442387], [3.698557, 35.453827], [3.731146, 35.457447], [3.751884, 35.446587], [3.750403, 35.488813], [3.748922, 35.523783], [3.748922, 35.578017], [3.662195, 35.593701], [3.643679, 35.594303], [3.625162, 35.598519], [3.640716, 35.603939], [3.672564, 35.618993], [3.756999, 35.862016], [3.754777, 35.875821], [3.747371, 35.882122], [3.744408, 35.901323], [3.751815, 35.912721], [3.740705, 35.936113], [3.74663, 35.951104], [3.743668, 35.958898], [3.73552, 35.966691], [3.738483, 35.988269], [3.742371, 36.000666], [3.748852, 36.003811], [3.754777, 36.010851], [3.755888, 36.016992], [3.754963, 36.023282], [3.760888, 36.031968], [3.761073, 36.037208], [3.756259, 36.055324], [3.763851, 36.076802], [3.76348, 36.081441], [3.764036, 36.084135], [3.766258, 36.08623], [3.767184, 36.088474], [3.766628, 36.091317], [3.770887, 36.099846], [3.775886, 36.104633], [3.774405, 36.106728], [3.773849, 36.109719], [3.778293, 36.118246], [3.781256, 36.127818], [3.784589, 36.130211], [3.787552, 36.136791], [3.787366, 36.140268], [3.795329, 36.162695], [3.795699, 36.165236], [3.794958, 36.167628], [3.799958, 36.176335], [3.800143, 36.179025], [3.817919, 36.204504], [3.824585, 36.216904], [3.825325, 36.222133], [3.815326, 36.243043], [3.818659, 36.247822], [3.818474, 36.27798], [3.820881, 36.288951], [3.81903, 36.296712], [3.820881, 36.299398], [3.820141, 36.303128], [3.822548, 36.33073], [3.825881, 36.344807], [3.825325, 36.348088], [3.823659, 36.350623], [3.823751, 36.352263], [3.821622, 36.354687], [3.822363, 36.357073], [3.820696, 36.364678], [3.818659, 36.369001], [3.815697, 36.372132], [3.811438, 36.37422], [3.810697, 36.376307], [3.810327, 36.384804], [3.806809, 36.38868], [3.801254, 36.391512], [3.797551, 36.396431], [3.799402, 36.400157], [3.801254, 36.401349], [3.803846, 36.412526], [3.804031, 36.417145], [3.805327, 36.419678], [3.809401, 36.422509], [3.810697, 36.426234], [3.808475, 36.431625], [3.806438, 36.433562], [3.805883, 36.435498], [3.801069, 36.439967], [3.798847, 36.440861], [3.79644, 36.442798], [3.796625, 36.444734], [3.782923, 36.459777], [3.780515, 36.465585], [3.780145, 36.467669], [3.781441, 36.470498], [3.782182, 36.47437], [3.779775, 36.479134], [3.779775, 36.481963], [3.773664, 36.484941], [3.772368, 36.486132], [3.770516, 36.486429], [3.762184, 36.490598], [3.761629, 36.493128], [3.765332, 36.507864], [3.765147, 36.529813], [3.767924, 36.532045], [3.770146, 36.534128], [3.771257, 36.536509], [3.77422, 36.53755], [3.776071, 36.539782], [3.77959, 36.541418], [3.781256, 36.543947], [3.781256, 36.546476], [3.779219, 36.549897], [3.780701, 36.552426], [3.784589, 36.554508], [3.788107, 36.557186], [3.788848, 36.561202], [3.787922, 36.56492], [3.786256, 36.568935], [3.786256, 36.570943], [3.783478, 36.57466], [3.784034, 36.578229], [3.77996, 36.586407], [3.772738, 36.591908], [3.767924, 36.593692], [3.761629, 36.599341], [3.758851, 36.601273], [3.756444, 36.607962], [3.752556, 36.607368], [3.749963, 36.607665], [3.747556, 36.607071], [3.745704, 36.607814], [3.742927, 36.607814], [3.738668, 36.609449], [3.737187, 36.61257], [3.727743, 36.621041], [3.72485, 36.621325], [3.721702, 36.623331], [3.720129, 36.623777], [3.718277, 36.622959], [3.718184, 36.624223], [3.717907, 36.627418], [3.718832, 36.628829], [3.718925, 36.630835], [3.717721, 36.633064], [3.711889, 36.633064], [3.709852, 36.63195], [3.708185, 36.632173], [3.706611, 36.632841], [3.706611, 36.633807], [3.707352, 36.634847], [3.708, 36.636928], [3.709482, 36.638413], [3.708556, 36.639825], [3.709389, 36.641459], [3.708648, 36.643168], [3.70513, 36.643539], [3.703464, 36.643911], [3.70226, 36.645396], [3.700871, 36.645842], [3.697353, 36.642072], [3.696427, 36.640883], [3.693928, 36.640809], [3.692446, 36.643038], [3.688558, 36.641998], [3.684484, 36.642443], [3.682818, 36.643558], [3.682355, 36.646083], [3.68004, 36.647792], [3.680411, 36.650392], [3.679392, 36.65366], [3.682447, 36.655591], [3.681799, 36.656928], [3.68217, 36.658562], [3.683281, 36.660864], [3.682262, 36.663315], [3.680688, 36.665246], [3.678466, 36.665394], [3.677726, 36.667251], [3.675782, 36.667399], [3.673097, 36.667696], [3.673837, 36.669776], [3.672171, 36.672598], [3.670412, 36.676979], [3.669671, 36.678464], [3.662357, 36.677201], [3.655599, 36.67735], [3.641374, 36.68196]]]}, "properties": {"source": "GEM", "layer": "pipelines", "tracker": "GGIT", "name": "Medjedel-Bordj M\u00e9nail Gas Pipeline", "pipeline": "Medjedel-Bordj M\u00e9nail Gas Pipeline", "segment": null, "fuel": "Gas", "countries": ["Algeria"], "sector": "energy", "owner": "Sonatrach [100.00%]", "parent": "Sonatrach SpA [100.00%]", "start_year": "2020", "capacity": 11.3, "capacity_units": "bcm/y", "capacity_bcm_y": 11.3, "capacity_boed": 182131.23, "length_km": 208.0, "diameter": "42.0 in", "start_location": "Medjedel", "end_location": null, "raw_status": "operating", "dash_status": "operating", "project_id": "P3902", "url": "https://www.gem.wiki/Medjedel-Bordj_M%C3%A9nail_Gas_Pipeline", "last_updated": "2025-07-28", "release": "2025-11"}}, {"type": "Feature", "geometry": {"type": "MultiLineString", "coordinates": [[[3.247442, 32.920264], [3.237836, 32.935332], [3.102422, 32.972815], [2.996953, 33.044251], [2.965515, 33.062101], [2.679532, 32.950266], [2.314448, 32.943458], [2.245487, 32.962179], [2.21912, 32.979195], [2.18464, 32.979195], [2.107566, 32.948564], [2.064973, 32.950266], [2.050775, 32.946862], [1.852007, 32.967284], [1.703945, 32.968986], [1.643097, 32.979195], [1.590363, 32.979195], [1.539657, 32.984299], [1.247589, 32.970688], [1.23542, 32.960478], [1.097499, 32.955372], [0.951465, 32.958776], [0.843968, 32.970688], [0.659397, 33.009816], [0.614776, 33.008115], [0.553928, 33.023421], [0.560013, 33.057427], [0.584352, 33.094817], [0.557985, 33.118602], [0.454544, 33.155967], [0.428177, 33.179736], [0.267945, 33.28153], [0.217239, 33.293398], [0.172618, 33.318825], [0.010358, 33.381512], [-0.176241, 33.43273], [-0.202608, 33.431037], [-0.277653, 33.447962], [-0.297936, 33.454731], [-0.40949, 33.46996], [-0.486563, 33.502523], [-0.500761, 33.532961], [-0.610286, 33.598872], [-0.727925, 33.629276], [-0.774574, 33.654604], [-0.829337, 33.695114], [-1.151828, 33.855277], [-1.399275, 33.956279], [-1.65889, 34.035313], [-1.644693, 34.110915], [-1.709597, 34.235091], [-1.701484, 34.305488], [-1.731907, 34.344014], [-1.772472, 34.382522], [-1.774501, 34.421013], [-1.701484, 34.482895]]]}, "properties": {"source": "GEM", "layer": "pipelines", "tracker": "GGIT", "name": "Hassi R'Mel-El Aricha Gas Pipeline", "pipeline": "Hassi R'Mel-El Aricha Gas Pipeline", "segment": null, "fuel": "Gas", "countries": ["Algeria"], "sector": "energy", "owner": "Sonatrach [100.00%]", "parent": "Sonatrach SpA [100.00%]", "start_year": null, "capacity": 11.47, "capacity_units": "bcm/y", "capacity_bcm_y": 11.47, "capacity_boed": 184871.26, "length_km": 521.0, "diameter": "48.0 in", "start_location": "Hassi R'Mel", "end_location": null, "raw_status": "operating", "dash_status": "operating", "project_id": "P3903", "url": "https://www.gem.wiki/Hassi_R%27Mel-El_Aricha_gas_pipeline", "last_updated": "2022-07-08", "release": "2025-11"}}, {"type": "Feature", "geometry": {"type": "MultiLineString", "coordinates": [[[6.7133, 29.6963], [6.596, 29.7476], [6.464, 30.8708], [6.413626, 30.953312], [6.415107, 30.986335], [6.338079, 31.14114], [6.30549, 31.186771], [6.296602, 31.218447], [6.256606, 31.312145], [6.064035, 31.591419], [6.016632, 31.648182], [6.006263, 31.696089], [5.94701, 31.740191], [5.9015, 31.7917], [5.7715, 31.8834], [5.453731, 31.901931], [5.2074, 31.9547], [5.102659, 32.023835], [4.948602, 32.092883], [4.357555, 32.30222], [4.286452, 32.365428], [4.163503, 32.441718], [3.739846, 32.635282], [3.674668, 32.644013], [3.64356, 32.665216], [3.547274, 32.687659], [3.502835, 32.726299], [3.46432, 32.73253], [3.45247, 32.717576], [3.422843, 32.747482], [3.402105, 32.763677], [3.39618, 32.783605], [3.366553, 32.823448], [3.25101, 32.91676], [3.2516, 32.9361]]]}, "properties": {"source": "GEM", "layer": "pipelines", "tracker": "GGIT", "name": "GR-4 Gas Pipeline", "pipeline": "GR-4 Gas Pipeline", "segment": null, "fuel": "Gas", "countries": ["Algeria"], "sector": "energy", "owner": "Sonatrach [100.00%]", "parent": "Sonatrach SpA [100.00%]", "start_year": "2014", "capacity": 12.0, "capacity_units": "bcm/y", "capacity_bcm_y": 12.0, "capacity_boed": 193413.7, "length_km": 535.0, "diameter": "48.0 in", "start_location": "Rhourd Ennous", "end_location": null, "raw_status": "operating", "dash_status": "operating", "project_id": "P3924", "url": "https://www.gem.wiki/GR-4_Gas_Pipeline", "last_updated": "2025-07-28", "release": "2025-11"}}, {"type": "Feature", "geometry": {"type": "MultiLineString", "coordinates": [[[30.0667, 30.66667], [30.5266, 30.3811]]]}, "properties": {"source": "GEM", "layer": "pipelines", "tracker": "GGIT", "name": "Nubaria\u2013Sadat Gas Pipeline", "pipeline": "Nubaria\u2013Sadat Gas Pipeline", "segment": null, "fuel": "Gas", "countries": ["Egypt"], "sector": "energy", "owner": "Egyptian Natural Gas Holding Co [100.00%]", "parent": "unknown [unknown %]", "start_year": "2014", "capacity": 12.0, "capacity_units": "mill.Sm3/day", "capacity_bcm_y": 4.38, "capacity_boed": 70596.0, "length_km": 73.0, "diameter": "36.0 in", "start_location": "El Noubareya", "end_location": null, "raw_status": "operating", "dash_status": "operating", "project_id": "P3928", "url": "https://www.gem.wiki/Nubaria%E2%80%93Sadat_Gas_Pipeline", "last_updated": "2025-08-14", "release": "2025-11"}}, {"type": "Feature", "geometry": {"type": "MultiLineString", "coordinates": [[[31.203611, 29.337222], [31.083333, 29.066667]]]}, "properties": {"source": "GEM", "layer": "pipelines", "tracker": "GGIT", "name": "El Wasta\u2013Beni Suef Gas Pipeline", "pipeline": "El Wasta\u2013Beni Suef Gas Pipeline", "segment": null, "fuel": "Gas", "countries": ["Egypt"], "sector": "energy", "owner": "Egyptian Natural Gas Holding Co [100.00%]", "parent": "unknown [unknown %]", "start_year": "2019", "capacity": null, "capacity_units": null, "capacity_bcm_y": null, "capacity_boed": null, "length_km": 65.0, "diameter": "36.0 in", "start_location": "El Wasta", "end_location": null, "raw_status": "operating", "dash_status": "operating", "project_id": "P3929", "url": "https://www.gem.wiki/El_Wasta%E2%80%93Beni_Suef_Gas_Pipeline", "last_updated": "2025-08-12", "release": "2025-11"}}, {"type": "Feature", "geometry": {"type": "MultiLineString", "coordinates": [[[31.754544, 29.908259], [31.208056, 29.806389]]]}, "properties": {"source": "GEM", "layer": "pipelines", "tracker": "GGIT", "name": "New Administrative Capital\u2013Dahshur Gas Pipeline", "pipeline": "New Administrative Capital\u2013Dahshur Gas Pipeline", "segment": null, "fuel": "Gas", "countries": ["Egypt"], "sector": "energy", "owner": "Egyptian Natural Gas Holding Co [100.00%]", "parent": "unknown [unknown %]", "start_year": "2017", "capacity": null, "capacity_units": null, "capacity_bcm_y": null, "capacity_boed": null, "length_km": 70.0, "diameter": "32.0 in", "start_location": "New Administrative Capital", "end_location": null, "raw_status": "operating", "dash_status": "operating", "project_id": "P3930", "url": "https://www.gem.wiki/New_Administrative_Capital%E2%80%93Dahshur_Gas_Pipeline", "last_updated": "2022-09-15", "release": "2025-11"}}, {"type": "Feature", "geometry": {"type": "MultiLineString", "coordinates": [[[29.814974, 31.006512], [29.5516, 30.901], [28.855278, 30.857222]]]}, "properties": {"source": "GEM", "layer": "pipelines", "tracker": "GGIT", "name": "Amriya\u2013El Alamein Gas Pipeline", "pipeline": "Amriya\u2013El Alamein Gas Pipeline", "segment": null, "fuel": "Gas", "countries": ["Egypt"], "sector": "energy", "owner": "Egyptian Natural Gas Holding Co [100.00%]", "parent": "unknown [unknown %]", "start_year": "2022", "capacity": null, "capacity_units": null, "capacity_bcm_y": null, "capacity_boed": null, "length_km": 130.0, "diameter": "32.0 in", "start_location": "Amriya", "end_location": null, "raw_status": "operating", "dash_status": "operating", "project_id": "P3931", "url": "https://www.gem.wiki/Amriya%E2%80%93El_Alamein_Gas_Pipeline", "last_updated": "2025-08-14", "release": "2025-11"}}, {"type": "Feature", "geometry": {"type": "MultiLineString", "coordinates": [[[31.078333, 31.558889], [31.3667, 31.2333], [32.144692, 31.249136]]]}, "properties": {"source": "GEM", "layer": "pipelines", "tracker": "GGIT", "name": "Nooros\u2013Abu Madi\u2013El Gamil Gas Pipline", "pipeline": "Nooros\u2013Abu Madi\u2013El Gamil Gas Pipline", "segment": null, "fuel": "Gas", "countries": ["Egypt"], "sector": "energy", "owner": "Egyptian Natural Gas Holding Co [100.00%]", "parent": "unknown [unknown %]", "start_year": "2019", "capacity": 700.0, "capacity_units": "Mcf/d", "capacity_bcm_y": 0.01, "capacity_boed": 115.31, "length_km": 130.0, "diameter": "24, 32 in", "start_location": "Noors", "end_location": null, "raw_status": "operating", "dash_status": "operating", "project_id": "P3932", "url": "https://www.gem.wiki/Nooros%E2%80%93Abu_Madi%E2%80%93El_Gamil_Gas_Pipline", "last_updated": "2025-08-13", "release": "2025-11"}}, {"type": "Feature", "geometry": {"type": "MultiLineString", "coordinates": [[[28.000111, 27.000111], [27.222222, 31.325]]]}, "properties": {"source": "GEM", "layer": "pipelines", "tracker": "GGIT", "name": "Salam\u2013Matruh Terminal Gas Pipeline", "pipeline": "Salam\u2013Matruh Terminal Gas Pipeline", "segment": null, "fuel": "Gas", "countries": ["Egypt"], "sector": "energy", "owner": "General Petroleum Co [100.00%]", "parent": "Egyptian General Petroleum Corp [100.00%]", "start_year": null, "capacity": 22.0, "capacity_units": "MMcf/d", "capacity_bcm_y": 0.22, "capacity_boed": 3623.93, "length_km": 75.0, "diameter": "10.0 in", "start_location": "Salam", "end_location": null, "raw_status": "operating", "dash_status": "operating", "project_id": "P3935", "url": "https://www.gem.wiki/Salam%E2%80%93Matruh_Terminal_Gas_Pipeline", "last_updated": "2022-09-16", "release": "2025-11"}}, {"type": "Feature", "geometry": {"type": "MultiLineString", "coordinates": [[[28.7517, 29.7708], [29.814974, 31.006512]]]}, "properties": {"source": "GEM", "layer": "pipelines", "tracker": "GGIT", "name": "BED/AS\u2013Ameryia Gas Pipeline", "pipeline": "BED/AS\u2013Ameryia Gas Pipeline", "segment": null, "fuel": "Gas", "countries": ["Egypt"], "sector": "energy", "owner": "General Petroleum Co [100.00%]", "parent": "Egyptian General Petroleum Corp [100.00%]", "start_year": null, "capacity": 350.0, "capacity_units": "MMcf/d", "capacity_bcm_y": 3.58, "capacity_boed": 57653.4, "length_km": 160.0, "diameter": "24.0 in", "start_location": "Abu Sennan", "end_location": null, "raw_status": "operating", "dash_status": "operating", "project_id": "P3936", "url": "https://www.gem.wiki/BED/AS%E2%80%93Ameryia_Gas_Pipeline", "last_updated": "2025-08-12", "release": "2025-11"}}, {"type": "Feature", "geometry": {"type": "MultiLineString", "coordinates": [[[28.166667, 30.083333], [31.208056, 29.806389]]]}, "properties": {"source": "GEM", "layer": "pipelines", "tracker": "GGIT", "name": "Abu Gharadig\u2013Dahshour (1) Gas Pipeline", "pipeline": "Abu Gharadig\u2013Dahshour (1) Gas Pipeline", "segment": null, "fuel": "Gas", "countries": ["Egypt"], "sector": "energy", "owner": "--", "parent": "unknown [unknown %]", "start_year": null, "capacity": 120.0, "capacity_units": "MMcf/d", "capacity_bcm_y": 1.23, "capacity_boed": 19766.88, "length_km": 290.0, "diameter": "24.0 in", "start_location": "Abu Gharadig", "end_location": null, "raw_status": "operating", "dash_status": "operating", "project_id": "P3939", "url": "https://www.gem.wiki/Abu_Gharadig%E2%80%93Dahshour_(1)_Gas_Pipeline", "last_updated": "2024-07-30", "release": "2025-11"}}, {"type": "Feature", "geometry": {"type": "MultiLineString", "coordinates": [[[20.777134, 29.043247], [19.13, 28.22]]]}, "properties": {"source": "GEM", "layer": "pipelines", "tracker": "GGIT", "name": "Intisar\u2013Sarir Gas Pipeline", "pipeline": "Intisar\u2013Sarir Gas Pipeline", "segment": null, "fuel": "Gas", "countries": ["Libya"], "sector": "energy", "owner": "Libyan National Oil Corp [59.18%]; ConocoPhillips [16.33%]; TotalEnergies SE [16.33%]; Hess Corp [8.16%]", "parent": "National Oil Corp [59.18%]; ConocoPhillips Corp [16.33%]; TotalEnergies SE [16.33%]; Hess Corp [8.16%]", "start_year": "2017", "capacity": null, "capacity_units": null, "capacity_bcm_y": null, "capacity_boed": null, "length_km": 235.0, "diameter": "20 in", "start_location": "Intisar Oil field", "end_location": "Sarir field", "raw_status": "operating", "dash_status": "operating", "project_id": "P3987", "url": "https://www.gem.wiki/Intisar%E2%80%93Sarir_Gas_Pipeline", "last_updated": "2025-08-20", "release": "2025-11"}}, {"type": "Feature", "geometry": {"type": "MultiLineString", "coordinates": [[[8.009291, 4.548843], [7.125106, 4.886498]], [[7.125106, 4.886498], [7.491902, 5.52455], [7.54568, 6.456281], [6.641063, 7.537941], [7.401924, 9.085473]]]}, "properties": {"source": "GEM", "layer": "pipelines", "tracker": "GGIT", "name": "Trans Nigeria Gas Pipeline \u00b7 Phase 2 (Qua lboe Terminal\u2013Cawthorne Channel) and Phase 3 (Oyigbo\u2013Ajaokuta)", "pipeline": "Trans Nigeria Gas Pipeline", "segment": "Phase 2 (Qua lboe Terminal\u2013Cawthorne Channel) and Phase 3 (Oyigbo\u2013Ajaokuta)", "fuel": "Gas", "countries": ["Nigeria"], "sector": "energy", "owner": "Nigerian National Petroleum Corp [100.00%]", "parent": "NNPC Ltd [100.00%]", "start_year": null, "capacity": 3.5, "capacity_units": "bcm/y", "capacity_bcm_y": 3.5, "capacity_boed": 56412.33, "length_km": 686.0, "diameter": "36, 40 in", "start_location": "Cawthorne Channel", "end_location": "Oyigbo", "raw_status": "proposed", "dash_status": "announced", "project_id": "P4185", "url": "https://www.gem.wiki/Trans_Nigeria_Gas_Pipeline", "last_updated": "2025-09-03", "release": "2025-11"}}, {"type": "Feature", "geometry": {"type": "MultiLineString", "coordinates": [[[-2.282053, 5.66372], [-2.367745, 5.694917], [-2.442986, 5.742749], [-2.463887, 5.771862], [-2.495237, 5.832163], [-2.486877, 5.921562], [-2.463887, 5.958981], [-2.419996, 6.008869], [-2.346844, 6.071222], [-2.252792, 6.129412], [-2.231892, 6.154348], [-2.317583, 6.177206], [-2.384465, 6.195907], [-2.432536, 6.239539], [-2.468067, 6.274858]]]}, "properties": {"source": "GEM", "layer": "pipelines", "tracker": "GGIT", "name": "Genser Natural Gas Pipeline \u00b7 Prestea-Chirano", "pipeline": "Genser Natural Gas Pipeline", "segment": "Prestea-Chirano", "fuel": "Gas", "countries": ["Ghana"], "sector": "energy", "owner": "Genser Energy [100.00%]", "parent": "unknown [unknown %]", "start_year": "2023", "capacity": null, "capacity_units": null, "capacity_bcm_y": null, "capacity_boed": null, "length_km": 155.0, "diameter": "24 in", "start_location": "Prestea", "end_location": "Anwomaso", "raw_status": "operating", "dash_status": "operating", "project_id": "P4215", "url": "https://www.gem.wiki/Genser_Natural_Gas_Pipeline_Network", "last_updated": "2025-08-06", "release": "2025-11"}}, {"type": "Feature", "geometry": {"type": "MultiLineString", "coordinates": [[[-2.282053, 5.66372], [-2.367745, 5.694917], [-2.442986, 5.742749], [-2.463887, 5.771862], [-2.495237, 5.832163], [-2.486877, 5.921562], [-2.463887, 5.958981], [-2.419996, 6.008869], [-2.346844, 6.071222], [-2.252792, 6.129412], [-2.231892, 6.154348], [-2.232075, 6.154397]], [[-2.232075, 6.154397], [-2.317583, 6.177206], [-2.384465, 6.195907], [-2.432536, 6.239539], [-2.468067, 6.274858]], [[-2.232153, 6.154348], [-2.232075, 6.154397]], [[-2.232075, 6.154397], [-2.161091, 6.199283], [-2.11093, 6.220061], [-2.056589, 6.232527], [-1.979258, 6.226294], [-1.922826, 6.220061], [-1.916556, 6.132789], [-1.910286, 6.02056], [-1.908196, 5.981067], [-1.912376, 5.941571]], [[-2.282053, 5.66528], [-2.196361, 5.588321], [-2.14411, 5.521754], [-2.106489, 5.444776], [-2.079318, 5.394839], [-2.045878, 5.392759], [-2.012437, 5.403162], [-1.993627, 5.434373]], [[-1.993627, 5.434373], [-1.983699, 5.451018], [-1.972726, 5.471823], [-1.953916, 5.505111], [-1.933015, 5.544637], [-1.895395, 5.577921], [-1.838963, 5.598722]], [[-1.993627, 5.434373], [-1.93406, 5.356864]], [[-1.933015, 5.543597], [-1.867702, 5.525915], [-1.802388, 5.511352], [-1.733416, 5.509272], [-1.662355, 5.513432]]]}, "properties": {"source": "GEM", "layer": "pipelines", "tracker": "GGIT", "name": "Genser Natural Gas Pipeline \u00b7 Prestea-Edikan and Wassa", "pipeline": "Genser Natural Gas Pipeline", "segment": "Prestea-Edikan and Wassa", "fuel": "Gas", "countries": ["Ghana"], "sector": "energy", "owner": "Genser Energy [100.00%]", "parent": "unknown [unknown %]", "start_year": null, "capacity": null, "capacity_units": null, "capacity_bcm_y": null, "capacity_boed": null, "length_km": 85.0, "diameter": null, "start_location": null, "end_location": null, "raw_status": "proposed", "dash_status": "announced", "project_id": "P4216", "url": "https://www.gem.wiki/Genser_Natural_Gas_Pipeline_Network", "last_updated": "2025-08-31", "release": "2025-11"}}, {"type": "Feature", "geometry": {"type": "MultiLineString", "coordinates": [[[-2.048229, 6.234605], [-1.995978, 6.317706], [-1.927007, 6.326015], [-1.816234, 6.342633], [-1.732632, 6.34471], [-1.684561, 6.357174], [-1.642761, 6.361328], [-1.61768, 6.359251], [-1.567519, 6.382099], [-1.540348, 6.396639], [-1.502728, 6.413255], [-1.450477, 6.452716], [-1.444206, 6.490097], [-1.465107, 6.54201], [-1.486007, 6.600147], [-1.517358, 6.641669], [-1.6135, 6.689415]]]}, "properties": {"source": "GEM", "layer": "pipelines", "tracker": "GGIT", "name": "Genser Natural Gas Pipeline \u00b7 Kumasi extension", "pipeline": "Genser Natural Gas Pipeline", "segment": "Kumasi extension", "fuel": "Gas", "countries": ["Ghana"], "sector": "energy", "owner": "Genser Energy [100.00%]", "parent": "unknown [unknown %]", "start_year": null, "capacity": null, "capacity_units": null, "capacity_bcm_y": null, "capacity_boed": null, "length_km": 110.0, "diameter": null, "start_location": null, "end_location": null, "raw_status": "operating", "dash_status": "operating", "project_id": "P4259", "url": "https://www.gem.wiki/Genser_Natural_Gas_Pipeline_Network", "last_updated": "2025-08-06", "release": "2025-11"}}, {"type": "Feature", "geometry": {"type": "MultiLineString", "coordinates": [[[32.147179, 31.313777], [32.275427, 31.253387]]]}, "properties": {"source": "GEM", "layer": "pipelines", "tracker": "GGIT", "name": "Zohr\u2013Al Gamil Pipelines \u00b7 Pipeline 1", "pipeline": "Zohr\u2013Al Gamil Pipelines", "segment": "Pipeline 1", "fuel": "Gas", "countries": ["Egypt"], "sector": "energy", "owner": "Egyptian Natural Gas Holding Co [48.00%]; Eni SpA [26.00%]; Naturgy [13.00%]; SEGAS [13.00%]", "parent": "Eni SpA [32.50%]; Egyptian Natural Gas Holding Co [5.20%]; Egyptian General Petroleum Corp [1.30%]; unknown [unknown %]", "start_year": "2019", "capacity": null, "capacity_units": null, "capacity_bcm_y": null, "capacity_boed": null, "length_km": 216.0, "diameter": "30 in", "start_location": "Shorouk concession", "end_location": "Al Gamil", "raw_status": "operating", "dash_status": "operating", "project_id": "P5132", "url": "https://www.gem.wiki/Zohr%E2%80%93Al_Gamil_Pipelines", "last_updated": "2024-07-31", "release": "2025-11"}}, {"type": "Feature", "geometry": {"type": "MultiLineString", "coordinates": [[[29.549737, 30.900925], [29.768281, 31.023271]]]}, "properties": {"source": "GEM", "layer": "pipelines", "tracker": "GGIT", "name": "Borg El Arab\u2013Midor Gas pipeline", "pipeline": "Borg El Arab\u2013Midor Gas pipeline", "segment": null, "fuel": "Gas", "countries": ["Egypt"], "sector": "energy", "owner": "Egyptian Natural Gas Holding Co", "parent": "unknown [unknown %]", "start_year": "2021", "capacity": null, "capacity_units": null, "capacity_bcm_y": null, "capacity_boed": null, "length_km": 10.0, "diameter": "24 in", "start_location": "Borg El Arab", "end_location": "Al ameryia", "raw_status": "operating", "dash_status": "operating", "project_id": "P6032", "url": "https://www.gem.wiki/Borg_El_Arab%E2%80%93Midor_Gas_pipeline", "last_updated": "2023-09-20", "release": "2025-11"}}, {"type": "Feature", "geometry": {"type": "MultiLineString", "coordinates": [[[33.794757, 27.262261], [33.934128, 26.749664]]]}, "properties": {"source": "GEM", "layer": "pipelines", "tracker": "GGIT", "name": "Hurghada\u2013Safaga Gas Pipeline", "pipeline": "Hurghada\u2013Safaga Gas Pipeline", "segment": null, "fuel": "Gas", "countries": ["Egypt"], "sector": "energy", "owner": "Egyptian Natural Gas Holding Co", "parent": "unknown [unknown %]", "start_year": "2021", "capacity": null, "capacity_units": null, "capacity_bcm_y": null, "capacity_boed": null, "length_km": 38.5, "diameter": "24 in", "start_location": "Hurghada", "end_location": "Safaga", "raw_status": "operating", "dash_status": "operating", "project_id": "P6034", "url": "https://www.gem.wiki/Hurghada%E2%80%93Safaga_Gas_Pipeline", "last_updated": "2023-09-20", "release": "2025-11"}}, {"type": "Feature", "geometry": {"type": "MultiLineString", "coordinates": [[[32.147179, 31.313777], [32.275427, 31.253387]]]}, "properties": {"source": "GEM", "layer": "pipelines", "tracker": "GGIT", "name": "Zohr\u2013Al Gamil Pipelines \u00b7 Pipeline 2", "pipeline": "Zohr\u2013Al Gamil Pipelines", "segment": "Pipeline 2", "fuel": "Gas", "countries": ["Egypt"], "sector": "energy", "owner": "Egyptian Natural Gas Holding Co [48.00%]; Eni SpA [26.00%]; Naturgy [13.00%]; SEGAS [13%%]", "parent": "Eni SpA [32.50%]; Egyptian Natural Gas Holding Co [5.20%]; Egyptian General Petroleum Corp [1.30%]; unknown [unknown %]", "start_year": "2017", "capacity": null, "capacity_units": null, "capacity_bcm_y": null, "capacity_boed": null, "length_km": 210.0, "diameter": "30 in", "start_location": "Shorouk concession", "end_location": "Al Gamil", "raw_status": "operating", "dash_status": "operating", "project_id": "P6036", "url": "https://www.gem.wiki/Zohr%E2%80%93Al_Gamil_Pipelines", "last_updated": "2024-07-31", "release": "2025-11"}}, {"type": "Feature", "geometry": {"type": "MultiLineString", "coordinates": [[[32.275427, 31.253387], [31.745501, 31.45823]]]}, "properties": {"source": "GEM", "layer": "pipelines", "tracker": "GGIT", "name": "Al Gamil\u2013Damietta Gas Pipeline", "pipeline": "Al Gamil\u2013Damietta Gas Pipeline", "segment": null, "fuel": "Gas", "countries": ["Egypt"], "sector": "energy", "owner": "Egyptian Natural Gas Holding Co [48.00%]; Eni SpA [26.00%]; Naturgy [13.00%]; SEGAS [13%%]", "parent": "Eni SpA [32.50%]; Egyptian Natural Gas Holding Co [5.20%]; Egyptian General Petroleum Corp [1.30%]; unknown [unknown %]", "start_year": null, "capacity": 750.0, "capacity_units": "MMcf/d", "capacity_bcm_y": 7.67, "capacity_boed": 123543.0, "length_km": 50.0, "diameter": "42 in", "start_location": "Al Gamil", "end_location": "Damietta", "raw_status": "operating", "dash_status": "operating", "project_id": "P6037", "url": "https://www.gem.wiki/Al_Gamil%E2%80%93Damietta_Gas_Pipeline", "last_updated": "2023-09-21", "release": "2025-11"}}, {"type": "Feature", "geometry": {"type": "MultiLineString", "coordinates": [[[3.239422, 32.945301], [3.250751, 32.945446], [3.251266, 32.955673], [3.265686, 32.968924], [3.346023, 33.040615], [3.407306, 33.094274], [3.421726, 33.107216], [3.437176, 33.123176], [3.445587, 33.134964], [3.460178, 33.14402], [3.498287, 33.171899], [3.522835, 33.19546], [3.557682, 33.22878], [3.599739, 33.282898], [3.607807, 33.289643], [3.624973, 33.313316], [3.649006, 33.340281], [3.731575, 33.434163], [3.824959, 33.543684], [3.89328, 33.623053], [3.954048, 33.694209], [4.00177, 33.750035], [4.066315, 33.812957], [4.106998, 33.84718], [4.123306, 33.864144], [4.132404, 33.872554], [4.203472, 33.934388], [4.217377, 33.947205], [4.218578, 33.950765], [4.219265, 33.952901], [4.245357, 33.981232], [4.248791, 33.983367], [4.254799, 33.986499], [4.263382, 33.993615], [4.296341, 34.025348], [4.351444, 34.075057], [4.379811, 34.09887], [4.391999, 34.109274], [4.41684, 34.119428], [4.526283, 34.170025], [4.589929, 34.197639], [4.624051, 34.202915], [4.630937, 34.200714], [4.647932, 34.197721], [4.680137, 34.20362], [4.704475, 34.207004], [4.745755, 34.214075], [4.76574, 34.220407], [4.790183, 34.22392], [4.826322, 34.229428], [4.876677, 34.234545], [4.934112, 34.238838], [4.993645, 34.274301], [5.037705, 34.30039], [5.045983, 34.305134], [5.066135, 34.316681], [5.094616, 34.328854], [5.143239, 34.349859], [5.158255, 34.356024], [5.193436, 34.370686], [5.238582, 34.389755], [5.271814, 34.403405], [5.341839, 34.432166], [5.447396, 34.476756], [5.484188, 34.492225], [5.570162, 34.528228], [5.576726, 34.53085], [5.580288, 34.532376], [5.582356, 34.533187], [5.62854, 34.546438], [5.668675, 34.557894], [5.71474, 34.571271], [5.761287, 34.584189], [5.812619, 34.598753], [5.861295, 34.611964], [5.894917, 34.618655], [5.959276, 34.63005], [6.028985, 34.642738], [6.100845, 34.65564], [6.159906, 34.669014], [6.192302, 34.677855], [6.219755, 34.679712], [6.247659, 34.681351], [6.296125, 34.683982], [6.323191, 34.677814], [6.364471, 34.668798], [6.400663, 34.660515], [6.446821, 34.652361], [6.468589, 34.648736], [6.506564, 34.644162], [6.53342, 34.646794], [6.551411, 34.646449], [6.580732, 34.644982], [6.622012, 34.643558], [6.683539, 34.642565], [6.696494, 34.642479], [6.720046, 34.640537], [6.758941, 34.636669], [6.761179, 34.636431], [6.80077, 34.633934], [6.826524, 34.632165], [6.86408, 34.629877], [6.907877, 34.627201], [6.951518, 34.625647], [6.978059, 34.624007], [7.027364, 34.621633], [7.068225, 34.619561], [7.114068, 34.617489], [7.143811, 34.615511], [7.206826, 34.612385], [7.262887, 34.609567], [7.281663, 34.617448], [7.296695, 34.619957], [7.328029, 34.622087], [7.349968, 34.623519], [7.371074, 34.627379], [7.379193, 34.632581], [7.388798, 34.637239], [7.403639, 34.642347], [7.410527, 34.643286], [7.411849, 34.643163], [7.413398, 34.64254], [7.419967, 34.642407], [7.436815, 34.641882], [7.490451, 34.641384], [7.540759, 34.640388], [7.550593, 34.643811], [7.562168, 34.645803], [7.576996, 34.646238], [7.595001, 34.633977], [7.59727, 34.631861], [7.636911, 34.615426], [7.683285, 34.611939], [7.735711, 34.616733], [7.748345, 34.618969], [7.755363, 34.620226], [7.755854, 34.620327], [7.756301, 34.620454], [7.763502, 34.623001], [7.770856, 34.625569], [7.785456, 34.630649], [7.785588, 34.630688], [7.785738, 34.630709], [7.801731, 34.631323], [7.801897, 34.631328], [7.802083, 34.631294], [7.815917, 34.628288], [7.818801, 34.627773], [7.819807, 34.627458], [7.820462, 34.627308], [7.826064, 34.626088], [7.829136, 34.625391], [7.82944, 34.625338], [7.829749, 34.625315], [7.854299, 34.624231], [7.854542, 34.624235], [7.899419, 34.630989], [7.931761, 34.635737], [7.932011, 34.635791], [7.932256, 34.635877], [7.952734, 34.643825], [7.962982, 34.647801], [7.968124, 34.6498], [7.973229, 34.651798], [7.983456, 34.655746], [7.983684, 34.655846], [7.983895, 34.655965], [7.9877, 34.658545], [7.996486, 34.664459], [8.007536, 34.671866], [8.008422, 34.672224], [8.009521, 34.672932], [8.009999, 34.673268], [8.010712, 34.674064], [8.012976, 34.676075], [8.01355, 34.676638], [8.015035, 34.67758], [8.021473, 34.681746], [8.02297, 34.682697], [8.024432, 34.683663], [8.025915, 34.684623], [8.026586, 34.68524], [8.027288, 34.685848], [8.027648, 34.686065], [8.028586, 34.686369], [8.029, 34.686409], [8.029452, 34.686302], [8.03217, 34.685544], [8.032552, 34.685467], [8.034387, 34.68535], [8.042239, 34.684464], [8.045151, 34.685118], [8.046286, 34.687295], [8.047723, 34.692022], [8.049917, 34.693702], [8.055818, 34.706918], [8.070116, 34.718547], [8.076092, 34.721781], [8.081728, 34.72834], [8.093189, 34.733656], [8.104991, 34.739065], [8.127551, 34.743101], [8.131289, 34.743785], [8.137043, 34.744839], [8.162937, 34.749582], [8.164489, 34.749921], [8.168024, 34.750587], [8.173031, 34.752029], [8.180668, 34.754498], [8.189707, 34.757379], [8.195125, 34.75908], [8.195611, 34.759168], [8.200913, 34.759864], [8.207919, 34.761142], [8.211819, 34.76185], [8.217264, 34.762161], [8.219276, 34.762293], [8.225267, 34.762942], [8.229714, 34.763463], [8.249862, 34.766227], [8.267413, 34.76747], [8.272479, 34.76808], [8.27343, 34.76857], [8.274337, 34.768624], [8.275765, 34.7689], [8.276574, 34.76897]]]}, "properties": {"source": "GEM", "layer": "pipelines", "tracker": "GGIT", "name": "Trans-Mediterranean Gas Pipeline \u00b7 Hassi R'Mel-Oued Safsaf Gas Pipeline (GO1)", "pipeline": "Trans-Mediterranean Gas Pipeline", "segment": "Hassi R'Mel-Oued Safsaf Gas Pipeline (GO1)", "fuel": "Gas", "countries": ["Algeria"], "sector": "energy", "owner": "Sonatrach [100.00%]", "parent": "Sonatrach SpA [100.00%]", "start_year": "1983", "capacity": 8.84, "capacity_units": "bcm/y", "capacity_bcm_y": 8.84, "capacity_boed": 142481.42, "length_km": 548.0, "diameter": "48 in", "start_location": "Hassi R'Mel", "end_location": "Oued Saf Saf", "raw_status": "operating", "dash_status": "operating", "project_id": "P6539", "url": "https://www.gem.wiki/Trans-Mediterranean_Gas_Pipeline", "last_updated": "2024-07-03", "release": "2025-11"}}, {"type": "Feature", "geometry": {"type": "MultiLineString", "coordinates": [[[3.239422, 32.945301], [3.250751, 32.945446], [3.251266, 32.955673], [3.265686, 32.968924], [3.346023, 33.040615], [3.407306, 33.094274], [3.421726, 33.107216], [3.437176, 33.123176], [3.445587, 33.134964], [3.460178, 33.14402], [3.498287, 33.171899], [3.522835, 33.19546], [3.557682, 33.22878], [3.599739, 33.282898], [3.607807, 33.289643], [3.624973, 33.313316], [3.649006, 33.340281], [3.731575, 33.434163], [3.824959, 33.543684], [3.89328, 33.623053], [3.954048, 33.694209], [4.00177, 33.750035], [4.066315, 33.812957], [4.106998, 33.84718], [4.123306, 33.864144], [4.132404, 33.872554], [4.203472, 33.934388], [4.217377, 33.947205], [4.218578, 33.950765], [4.219265, 33.952901], [4.245357, 33.981232], [4.248791, 33.983367], [4.254799, 33.986499], [4.263382, 33.993615], [4.296341, 34.025348], [4.351444, 34.075057], [4.379811, 34.09887], [4.391999, 34.109274], [4.41684, 34.119428], [4.526283, 34.170025], [4.589929, 34.197639], [4.624051, 34.202915], [4.630937, 34.200714], [4.647932, 34.197721], [4.680137, 34.20362], [4.704475, 34.207004], [4.745755, 34.214075], [4.76574, 34.220407], [4.790183, 34.22392], [4.826322, 34.229428], [4.876677, 34.234545], [4.934112, 34.238838], [4.993645, 34.274301], [5.037705, 34.30039], [5.045983, 34.305134], [5.066135, 34.316681], [5.094616, 34.328854], [5.143239, 34.349859], [5.158255, 34.356024], [5.193436, 34.370686], [5.238582, 34.389755], [5.271814, 34.403405], [5.341839, 34.432166], [5.447396, 34.476756], [5.484188, 34.492225], [5.570162, 34.528228], [5.576726, 34.53085], [5.580288, 34.532376], [5.582356, 34.533187], [5.62854, 34.546438], [5.668675, 34.557894], [5.71474, 34.571271], [5.761287, 34.584189], [5.812619, 34.598753], [5.861295, 34.611964], [5.894917, 34.618655], [5.959276, 34.63005], [6.028985, 34.642738], [6.100845, 34.65564], [6.159906, 34.669014], [6.192302, 34.677855], [6.219755, 34.679712], [6.247659, 34.681351], [6.296125, 34.683982], [6.323191, 34.677814], [6.364471, 34.668798], [6.400663, 34.660515], [6.446821, 34.652361], [6.468589, 34.648736], [6.506564, 34.644162], [6.53342, 34.646794], [6.551411, 34.646449], [6.580732, 34.644982], [6.622012, 34.643558], [6.683539, 34.642565], [6.696494, 34.642479], [6.720046, 34.640537], [6.758941, 34.636669], [6.761179, 34.636431], [6.80077, 34.633934], [6.826524, 34.632165], [6.86408, 34.629877], [6.907877, 34.627201], [6.951518, 34.625647], [6.978059, 34.624007], [7.027364, 34.621633], [7.068225, 34.619561], [7.114068, 34.617489], [7.143811, 34.615511], [7.206826, 34.612385], [7.262887, 34.609567], [7.281663, 34.617448], [7.296695, 34.619957], [7.328029, 34.622087], [7.349968, 34.623519], [7.371074, 34.627379], [7.379193, 34.632581], [7.388798, 34.637239], [7.403639, 34.642347], [7.410527, 34.643286], [7.411849, 34.643163], [7.413398, 34.64254], [7.419967, 34.642407], [7.436815, 34.641882], [7.490451, 34.641384], [7.540759, 34.640388], [7.550593, 34.643811], [7.562168, 34.645803], [7.576996, 34.646238], [7.595001, 34.633977], [7.59727, 34.631861], [7.636911, 34.615426], [7.683285, 34.611939], [7.735711, 34.616733], [7.748345, 34.618969], [7.755363, 34.620226], [7.755854, 34.620327], [7.756301, 34.620454], [7.763502, 34.623001], [7.770856, 34.625569], [7.785456, 34.630649], [7.785588, 34.630688], [7.785738, 34.630709], [7.801731, 34.631323], [7.801897, 34.631328], [7.802083, 34.631294], [7.815917, 34.628288], [7.818801, 34.627773], [7.819807, 34.627458], [7.820462, 34.627308], [7.826064, 34.626088], [7.829136, 34.625391], [7.82944, 34.625338], [7.829749, 34.625315], [7.854299, 34.624231], [7.854542, 34.624235], [7.899419, 34.630989], [7.931761, 34.635737], [7.932011, 34.635791], [7.932256, 34.635877], [7.952734, 34.643825], [7.962982, 34.647801], [7.968124, 34.6498], [7.973229, 34.651798], [7.983456, 34.655746], [7.983684, 34.655846], [7.983895, 34.655965], [7.9877, 34.658545], [7.996486, 34.664459], [8.007536, 34.671866], [8.008422, 34.672224], [8.009521, 34.672932], [8.009999, 34.673268], [8.010712, 34.674064], [8.012976, 34.676075], [8.01355, 34.676638], [8.015035, 34.67758], [8.021473, 34.681746], [8.02297, 34.682697], [8.024432, 34.683663], [8.025915, 34.684623], [8.026586, 34.68524], [8.027288, 34.685848], [8.027648, 34.686065], [8.028586, 34.686369], [8.029, 34.686409], [8.029452, 34.686302], [8.03217, 34.685544], [8.032552, 34.685467], [8.034387, 34.68535], [8.042239, 34.684464], [8.045151, 34.685118], [8.046286, 34.687295], [8.047723, 34.692022], [8.049917, 34.693702], [8.055818, 34.706918], [8.070116, 34.718547], [8.076092, 34.721781], [8.081728, 34.72834], [8.093189, 34.733656], [8.104991, 34.739065], [8.127551, 34.743101], [8.131289, 34.743785], [8.137043, 34.744839], [8.162937, 34.749582], [8.164489, 34.749921], [8.168024, 34.750587], [8.173031, 34.752029], [8.180668, 34.754498], [8.189707, 34.757379], [8.195125, 34.75908], [8.195611, 34.759168], [8.200913, 34.759864], [8.207919, 34.761142], [8.211819, 34.76185], [8.217264, 34.762161], [8.219276, 34.762293], [8.225267, 34.762942], [8.229714, 34.763463], [8.249862, 34.766227], [8.267413, 34.76747], [8.272479, 34.76808], [8.27343, 34.76857], [8.274337, 34.768624], [8.275765, 34.7689], [8.276574, 34.76897]]]}, "properties": {"source": "GEM", "layer": "pipelines", "tracker": "GGIT", "name": "Trans-Mediterranean Gas Pipeline \u00b7 Hassi R'Mel-Oued Safsaf Gas Pipeline (GO2)", "pipeline": "Trans-Mediterranean Gas Pipeline", "segment": "Hassi R'Mel-Oued Safsaf Gas Pipeline (GO2)", "fuel": "Gas", "countries": ["Algeria"], "sector": "energy", "owner": "Sonatrach [100.00%]", "parent": "Sonatrach SpA [100.00%]", "start_year": "1986", "capacity": 15.84, "capacity_units": "bcm/y", "capacity_bcm_y": 15.84, "capacity_boed": 255306.08, "length_km": 548.0, "diameter": "48 in", "start_location": "Hassi R'Mel", "end_location": "Oued Saf Saf", "raw_status": "operating", "dash_status": "operating", "project_id": "P6561", "url": "https://www.gem.wiki/Trans-Mediterranean_Gas_Pipeline", "last_updated": "2024-07-03", "release": "2025-11"}}, {"type": "Feature", "geometry": {"type": "MultiLineString", "coordinates": [[[3.239422, 32.945301], [3.250751, 32.945446], [3.251266, 32.955673], [3.265686, 32.968924], [3.346023, 33.040615], [3.407306, 33.094274], [3.421726, 33.107216], [3.437176, 33.123176], [3.445587, 33.134964], [3.460178, 33.14402], [3.498287, 33.171899], [3.522835, 33.19546], [3.557682, 33.22878], [3.599739, 33.282898], [3.607807, 33.289643], [3.624973, 33.313316], [3.649006, 33.340281], [3.731575, 33.434163], [3.824959, 33.543684], [3.89328, 33.623053], [3.954048, 33.694209], [4.00177, 33.750035], [4.066315, 33.812957], [4.106998, 33.84718], [4.123306, 33.864144], [4.132404, 33.872554], [4.203472, 33.934388], [4.217377, 33.947205], [4.218578, 33.950765], [4.219265, 33.952901], [4.245357, 33.981232], [4.248791, 33.983367], [4.254799, 33.986499], [4.263382, 33.993615], [4.296341, 34.025348], [4.351444, 34.075057], [4.379811, 34.09887], [4.391999, 34.109274], [4.41684, 34.119428], [4.526283, 34.170025], [4.589929, 34.197639], [4.624051, 34.202915], [4.630937, 34.200714], [4.647932, 34.197721], [4.680137, 34.20362], [4.704475, 34.207004], [4.745755, 34.214075], [4.76574, 34.220407], [4.790183, 34.22392], [4.826322, 34.229428], [4.876677, 34.234545], [4.934112, 34.238838], [4.993645, 34.274301], [5.037705, 34.30039], [5.045983, 34.305134], [5.066135, 34.316681], [5.094616, 34.328854], [5.143239, 34.349859], [5.158255, 34.356024], [5.193436, 34.370686], [5.238582, 34.389755], [5.271814, 34.403405], [5.341839, 34.432166], [5.447396, 34.476756], [5.484188, 34.492225], [5.570162, 34.528228], [5.576726, 34.53085], [5.580288, 34.532376], [5.582356, 34.533187], [5.62854, 34.546438], [5.668675, 34.557894], [5.71474, 34.571271], [5.761287, 34.584189], [5.812619, 34.598753], [5.861295, 34.611964], [5.894917, 34.618655], [5.959276, 34.63005], [6.028985, 34.642738], [6.100845, 34.65564], [6.159906, 34.669014], [6.192302, 34.677855], [6.219755, 34.679712], [6.247659, 34.681351], [6.296125, 34.683982], [6.323191, 34.677814], [6.364471, 34.668798], [6.400663, 34.660515], [6.446821, 34.652361], [6.468589, 34.648736], [6.506564, 34.644162], [6.53342, 34.646794], [6.551411, 34.646449], [6.580732, 34.644982], [6.622012, 34.643558], [6.683539, 34.642565], [6.696494, 34.642479], [6.720046, 34.640537], [6.758941, 34.636669], [6.761179, 34.636431], [6.80077, 34.633934], [6.826524, 34.632165], [6.86408, 34.629877], [6.907877, 34.627201], [6.951518, 34.625647], [6.978059, 34.624007], [7.027364, 34.621633], [7.068225, 34.619561], [7.114068, 34.617489], [7.143811, 34.615511], [7.206826, 34.612385], [7.262887, 34.609567], [7.281663, 34.617448], [7.296695, 34.619957], [7.328029, 34.622087], [7.349968, 34.623519], [7.371074, 34.627379], [7.379193, 34.632581], [7.388798, 34.637239], [7.403639, 34.642347], [7.410527, 34.643286], [7.411849, 34.643163], [7.413398, 34.64254], [7.419967, 34.642407], [7.436815, 34.641882], [7.490451, 34.641384], [7.540759, 34.640388], [7.550593, 34.643811], [7.562168, 34.645803], [7.576996, 34.646238], [7.595001, 34.633977], [7.59727, 34.631861], [7.636911, 34.615426], [7.683285, 34.611939], [7.735711, 34.616733], [7.748345, 34.618969], [7.755363, 34.620226], [7.755854, 34.620327], [7.756301, 34.620454], [7.763502, 34.623001], [7.770856, 34.625569], [7.785456, 34.630649], [7.785588, 34.630688], [7.785738, 34.630709], [7.801731, 34.631323], [7.801897, 34.631328], [7.802083, 34.631294], [7.815917, 34.628288], [7.818801, 34.627773], [7.819807, 34.627458], [7.820462, 34.627308], [7.826064, 34.626088], [7.829136, 34.625391], [7.82944, 34.625338], [7.829749, 34.625315], [7.854299, 34.624231], [7.854542, 34.624235], [7.899419, 34.630989], [7.931761, 34.635737], [7.932011, 34.635791], [7.932256, 34.635877], [7.952734, 34.643825], [7.962982, 34.647801], [7.968124, 34.6498], [7.973229, 34.651798], [7.983456, 34.655746], [7.983684, 34.655846], [7.983895, 34.655965], [7.9877, 34.658545], [7.996486, 34.664459], [8.007536, 34.671866], [8.008422, 34.672224], [8.009521, 34.672932], [8.009999, 34.673268], [8.010712, 34.674064], [8.012976, 34.676075], [8.01355, 34.676638], [8.015035, 34.67758], [8.021473, 34.681746], [8.02297, 34.682697], [8.024432, 34.683663], [8.025915, 34.684623], [8.026586, 34.68524], [8.027288, 34.685848], [8.027648, 34.686065], [8.028586, 34.686369], [8.029, 34.686409], [8.029452, 34.686302], [8.03217, 34.685544], [8.032552, 34.685467], [8.034387, 34.68535], [8.042239, 34.684464], [8.045151, 34.685118], [8.046286, 34.687295], [8.047723, 34.692022], [8.049917, 34.693702], [8.055818, 34.706918], [8.070116, 34.718547], [8.076092, 34.721781], [8.081728, 34.72834], [8.093189, 34.733656], [8.104991, 34.739065], [8.127551, 34.743101], [8.131289, 34.743785], [8.137043, 34.744839], [8.162937, 34.749582], [8.164489, 34.749921], [8.168024, 34.750587], [8.173031, 34.752029], [8.180668, 34.754498], [8.189707, 34.757379], [8.195125, 34.75908], [8.195611, 34.759168], [8.200913, 34.759864], [8.207919, 34.761142], [8.211819, 34.76185], [8.217264, 34.762161], [8.219276, 34.762293], [8.225267, 34.762942], [8.229714, 34.763463], [8.249862, 34.766227], [8.267413, 34.76747], [8.272479, 34.76808], [8.27343, 34.76857], [8.274337, 34.768624], [8.275765, 34.7689], [8.276574, 34.76897]]]}, "properties": {"source": "GEM", "layer": "pipelines", "tracker": "GGIT", "name": "Trans-Mediterranean Gas Pipeline \u00b7 Hassi R'Mel-Oued Safsaf Gas Pipeline (GO3)", "pipeline": "Trans-Mediterranean Gas Pipeline", "segment": "Hassi R'Mel-Oued Safsaf Gas Pipeline (GO3)", "fuel": "Gas", "countries": ["Algeria"], "sector": "energy", "owner": "Sonatrach [100.00%]", "parent": "Sonatrach SpA [100.00%]", "start_year": "2010", "capacity": 8.0, "capacity_units": "bcm/y", "capacity_bcm_y": 8.0, "capacity_boed": 128942.47, "length_km": 548.0, "diameter": "48 in", "start_location": "Hassi R'Mel", "end_location": "Oued Saf Saf", "raw_status": "operating", "dash_status": "operating", "project_id": "P6564", "url": "https://www.gem.wiki/Trans-Mediterranean_Gas_Pipeline", "last_updated": "2024-07-03", "release": "2025-11"}}, {"type": "Feature", "geometry": {"type": "MultiLineString", "coordinates": [[[-2.705952, 31.030128], [-2.171079, 30.117596]]]}, "properties": {"source": "GEM", "layer": "pipelines", "tracker": "GGIT", "name": "Southern Algeria Gas Transmission Network \u00b7 Abadla-B\u00e9ni Abb\u00e8s Gas Pipeline", "pipeline": "Southern Algeria Gas Transmission Network", "segment": "Abadla-B\u00e9ni Abb\u00e8s Gas Pipeline", "fuel": "Gas", "countries": ["Algeria"], "sector": "energy", "owner": "Sonatrach [100.00%]", "parent": "Sonatrach SpA [100.00%]", "start_year": "2012", "capacity": null, "capacity_units": null, "capacity_bcm_y": null, "capacity_boed": null, "length_km": 229.0, "diameter": "12 in", "start_location": "Abadla", "end_location": "B\u00e9ni Abb\u00e8s", "raw_status": "operating", "dash_status": "operating", "project_id": "P6582", "url": "https://www.gem.wiki/Southern_Algeria_Gas_Transmission_Network", "last_updated": "2024-07-09", "release": "2025-11"}}, {"type": "Feature", "geometry": {"type": "MultiLineString", "coordinates": [[[47.884988, 30.190263], [47.58023, 30.459202]], [[6.357579, 36.118012], [6.178383, 36.158273], [5.411435, 36.19178], [4.746607, 36.073151], [4.490868, 36.17571], [4.379146, 36.283176], [4.354593, 36.335293], [4.354565, 36.335179]]]}, "properties": {"source": "GEM", "layer": "pipelines", "tracker": "GGIT", "name": "Teleghma-Beni Mansour Gas Pipeline", "pipeline": "Teleghma-Beni Mansour Gas Pipeline", "segment": null, "fuel": "Gas", "countries": ["Algeria"], "sector": "energy", "owner": "Sonatrach [100.00%]", "parent": "Sonatrach SpA [100.00%]", "start_year": "1974", "capacity": null, "capacity_units": null, "capacity_bcm_y": null, "capacity_boed": null, "length_km": 203.4, "diameter": "12 in", "start_location": "Teleghma", "end_location": "Beni Mansour", "raw_status": "operating", "dash_status": "operating", "project_id": "P6612", "url": "https://www.gem.wiki/Teleghma-Beni_Mansour_Gas_Pipeline", "last_updated": "2025-07-31", "release": "2025-11"}}, {"type": "Feature", "geometry": {"type": "MultiLineString", "coordinates": [[[47.884988, 30.190263], [47.58023, 30.459202]], [[6.352621, 36.116065], [6.839615, 35.911706], [7.408694, 35.790433]]]}, "properties": {"source": "GEM", "layer": "pipelines", "tracker": "GGIT", "name": "Teleghma-A\u00efn Be\u00efda Gas Pipeline", "pipeline": "Teleghma-A\u00efn Be\u00efda Gas Pipeline", "segment": null, "fuel": "Gas", "countries": ["Algeria"], "sector": "energy", "owner": "Sonatrach [100.00%]", "parent": "Sonatrach SpA [100.00%]", "start_year": "1985", "capacity": null, "capacity_units": null, "capacity_bcm_y": null, "capacity_boed": null, "length_km": 111.0, "diameter": "20 in", "start_location": "Teleghma", "end_location": "A\u00efn Be\u00efda", "raw_status": "operating", "dash_status": "operating", "project_id": "P6613", "url": "https://www.gem.wiki/Teleghma-A%C3%AFn_Be%C3%AFda_Gas_Pipeline", "last_updated": "2025-07-31", "release": "2025-11"}}, {"type": "Feature", "geometry": {"type": "MultiLineString", "coordinates": [[[47.884988, 30.190263], [47.58023, 30.459202]], [[5.999104, 35.859564], [6.177751, 35.557279]]]}, "properties": {"source": "GEM", "layer": "pipelines", "tracker": "GGIT", "name": "A\u00efn Djasser-Batna Gas Pipeline \u00b7 Pipeline 1", "pipeline": "A\u00efn Djasser-Batna Gas Pipeline", "segment": "Pipeline 1", "fuel": "Gas", "countries": ["Algeria"], "sector": "energy", "owner": "Sonatrach [100.00%]", "parent": "Sonatrach SpA [100.00%]", "start_year": "1980", "capacity": null, "capacity_units": null, "capacity_bcm_y": null, "capacity_boed": null, "length_km": 57.5, "diameter": "6 in", "start_location": "A\u00efn Djasser", "end_location": "Batna", "raw_status": "operating", "dash_status": "operating", "project_id": "P6614", "url": "https://www.gem.wiki/A%C3%AFn_Djasser-Batna_Gas_Pipeline", "last_updated": "2025-07-31", "release": "2025-11"}}, {"type": "Feature", "geometry": {"type": "MultiLineString", "coordinates": [[[47.884988, 30.190263], [47.58023, 30.459202]], [[5.999104, 35.859564], [6.177751, 35.557279]]]}, "properties": {"source": "GEM", "layer": "pipelines", "tracker": "GGIT", "name": "A\u00efn Djasser-Batna Gas Pipeline \u00b7 Pipeline 2", "pipeline": "A\u00efn Djasser-Batna Gas Pipeline", "segment": "Pipeline 2", "fuel": "Gas", "countries": ["Algeria"], "sector": "energy", "owner": "Sonatrach [100.00%]", "parent": "Sonatrach SpA [100.00%]", "start_year": "2005", "capacity": null, "capacity_units": null, "capacity_bcm_y": null, "capacity_boed": null, "length_km": 65.1, "diameter": "16 in", "start_location": "A\u00efn Djasser", "end_location": "Batna", "raw_status": "operating", "dash_status": "operating", "project_id": "P6615", "url": "https://www.gem.wiki/A%C3%AFn_Djasser-Batna_Gas_Pipeline", "last_updated": "2025-07-31", "release": "2025-11"}}, {"type": "Feature", "geometry": {"type": "MultiLineString", "coordinates": [[[47.884988, 30.190263], [47.58023, 30.459202]], [[3.896806, 35.674035], [4.541931, 35.705599], [5.113216, 35.614029]]]}, "properties": {"source": "GEM", "layer": "pipelines", "tracker": "GGIT", "name": "A\u00efn El Hadjel-M'Sila-Magra Gas Pipeline", "pipeline": "A\u00efn El Hadjel-M'Sila-Magra Gas Pipeline", "segment": null, "fuel": "Gas", "countries": ["Algeria"], "sector": "energy", "owner": "Sonatrach [100.00%]", "parent": "Sonatrach SpA [100.00%]", "start_year": "1981", "capacity": null, "capacity_units": null, "capacity_bcm_y": null, "capacity_boed": null, "length_km": 65.4, "diameter": "20 in", "start_location": "A\u00efn El Hadjel", "end_location": "Magra", "raw_status": "operating", "dash_status": "operating", "project_id": "P6621", "url": "https://www.gem.wiki/A%C3%AFn_El_Hadjel-M%27Sila-Magra_Gas_Pipeline", "last_updated": "2024-07-18", "release": "2025-11"}}, {"type": "Feature", "geometry": {"type": "MultiLineString", "coordinates": [[[3.785205, 35.884065], [3.225824, 35.63057], [3.138779, 34.803167], [2.827822, 35.703104]]]}, "properties": {"source": "GEM", "layer": "pipelines", "tracker": "GGIT", "name": "Sidi A\u00efssa-Boughezoul Gas Pipeline", "pipeline": "Sidi A\u00efssa-Boughezoul Gas Pipeline", "segment": null, "fuel": "Gas", "countries": ["Algeria"], "sector": "energy", "owner": "Sonatrach [100.00%]", "parent": "Sonatrach SpA [100.00%]", "start_year": null, "capacity": null, "capacity_units": null, "capacity_bcm_y": null, "capacity_boed": null, "length_km": 79.1, "diameter": "16 in", "start_location": "Sidi A\u00efssa", "end_location": "Boughezoul", "raw_status": "operating", "dash_status": "operating", "project_id": "P6622", "url": "https://www.gem.wiki/Sidi_A%C3%AFssa-Boughezoul_Gas_Pipeline", "last_updated": "2024-07-18", "release": "2025-11"}}, {"type": "Feature", "geometry": {"type": "MultiLineString", "coordinates": [[[47.884988, 30.190263], [47.58023, 30.459202]], [[3.734097, 36.749627], [3.456879, 36.753733], [2.753604, 36.25527], [2.829316, 36.466718], [2.446362, 36.586181], [2.603967, 36.584498], [2.764113, 36.606278], [3.056136, 36.775713]]]}, "properties": {"source": "GEM", "layer": "pipelines", "tracker": "GGIT", "name": "Bordj M\u00e9nail-Algiers Gas Pipeline", "pipeline": "Bordj M\u00e9nail-Algiers Gas Pipeline", "segment": null, "fuel": "Gas", "countries": ["Algeria"], "sector": "energy", "owner": "Sonatrach [100.00%]", "parent": "Sonatrach SpA [100.00%]", "start_year": null, "capacity": null, "capacity_units": null, "capacity_bcm_y": null, "capacity_boed": null, "length_km": 58.3, "diameter": "28 in", "start_location": null, "end_location": null, "raw_status": "operating", "dash_status": "operating", "project_id": "P6623", "url": "https://www.gem.wiki/Bordj_M%C3%A9nail-Algiers_Gas_Pipeline", "last_updated": "2024-07-18", "release": "2025-11"}}, {"type": "Feature", "geometry": {"type": "MultiLineString", "coordinates": [[[-0.038967, 35.614605], [-0.030384, 35.617605], [-0.008841, 35.624512], [0.009956, 35.63121], [0.014849, 35.632047], [0.033903, 35.640139], [0.055704, 35.641394], [0.077248, 35.642196], [0.095015, 35.64673], [0.128746, 35.652763], [0.174622, 35.659423], [0.177927, 35.659109], [0.19947, 35.657436], [0.207581, 35.655936], [0.210671, 35.654576], [0.215006, 35.653147], [0.217495, 35.651926], [0.219898, 35.651229], [0.222559, 35.651229], [0.22449, 35.650741], [0.233374, 35.650217], [0.24539, 35.649555], [0.252771, 35.648195], [0.260496, 35.64673], [0.271826, 35.643417], [0.277319, 35.637348], [0.285258, 35.632361], [0.289979, 35.630652], [0.295644, 35.627233], [0.299334, 35.627198], [0.300193, 35.627024], [0.305901, 35.621442], [0.307145, 35.621233], [0.314097, 35.621094], [0.320749, 35.621303], [0.322638, 35.620535], [0.325041, 35.620152], [0.326586, 35.619], [0.327959, 35.618582], [0.329847, 35.618826], [0.334482, 35.620814], [0.339417, 35.619419], [0.347571, 35.616872], [0.356712, 35.613523], [0.361175, 35.61436], [0.367055, 35.615965], [0.368772, 35.617779], [0.373063, 35.621032], [0.381947, 35.628367], [0.383985, 35.630024], [0.384908, 35.630442], [0.388813, 35.632387], [0.391356, 35.633494], [0.395036, 35.633494], [0.402718, 35.633459], [0.410786, 35.634209], [0.417845, 35.636163], [0.4266, 35.63829], [0.432179, 35.639336], [0.443552, 35.639598], [0.454581, 35.64326], [0.455031, 35.643347], [0.458529, 35.641551], [0.462348, 35.641237], [0.468678, 35.643731], [0.470996, 35.644132], [0.480008, 35.642005], [0.485094, 35.642039], [0.504491, 35.646486], [0.51228, 35.645579], [0.515285, 35.646294], [0.518417, 35.646329], [0.5267, 35.64598], [0.541098, 35.641394], [0.548716, 35.637697], [0.554767, 35.635517], [0.562363, 35.632378], [0.567319, 35.630948], [0.570796, 35.629361], [0.573328, 35.626588], [0.575237, 35.626745], [0.581546, 35.626954], [0.583348, 35.625908], [0.585709, 35.625454], [0.58794, 35.625349], [0.591373, 35.625035], [0.600547, 35.623143], [0.600826, 35.623099], [0.601265, 35.623126], [0.601577, 35.623256], [0.605482, 35.625611], [0.60678, 35.626788], [0.607016, 35.626884], [0.609645, 35.627172], [0.609891, 35.627207], [0.610181, 35.627503], [0.610374, 35.627591], [0.61164, 35.627695], [0.613164, 35.628367], [0.61355, 35.628445], [0.61517, 35.627765], [0.616618, 35.627128], [0.616951, 35.627076], [0.618024, 35.627198], [0.619172, 35.627207], [0.620996, 35.627564], [0.623646, 35.628314], [0.624118, 35.62828], [0.625577, 35.627687], [0.628645, 35.626745], [0.629139, 35.626256], [0.629718, 35.626117], [0.631027, 35.626396], [0.631456, 35.626361], [0.63225, 35.62596], [0.63401, 35.625594], [0.634911, 35.625367], [0.635319, 35.625419], [0.637465, 35.625158], [0.641563, 35.626675], [0.64873, 35.631558], [0.652699, 35.63209], [0.655446, 35.632535], [0.659995, 35.634262], [0.665445, 35.633372], [0.67096, 35.62957], [0.673192, 35.629256], [0.679007, 35.62671], [0.682869, 35.624913], [0.690057, 35.622646], [0.693555, 35.623099], [0.700164, 35.61771], [0.704048, 35.616628], [0.706172, 35.61443], [0.708017, 35.61218], [0.712631, 35.608778], [0.717137, 35.60829], [0.724454, 35.606615], [0.726299, 35.603283], [0.729582, 35.601712], [0.730891, 35.601747], [0.735054, 35.604207], [0.733573, 35.600037], [0.734839, 35.600282], [0.7375, 35.600666], [0.740612, 35.6018], [0.747843, 35.598014], [0.749924, 35.597351], [0.750246, 35.597211], [0.753615, 35.595414], [0.755804, 35.594402], [0.757928, 35.593111], [0.75913, 35.592831], [0.760632, 35.592325], [0.762413, 35.591156], [0.763228, 35.590947], [0.766511, 35.590354], [0.767198, 35.5899], [0.770545, 35.587963], [0.770888, 35.58716], [0.771339, 35.586707], [0.773528, 35.585625], [0.774879, 35.584648], [0.775201, 35.584456], [0.779493, 35.583443], [0.77975, 35.583339], [0.780587, 35.581], [0.784407, 35.577143], [0.785007, 35.57655], [0.78548, 35.576515], [0.78784, 35.57751], [0.789385, 35.577353], [0.790672, 35.57744], [0.79108, 35.576864], [0.79181, 35.576533], [0.792367, 35.576009], [0.793054, 35.57559], [0.794535, 35.574089], [0.795779, 35.57388], [0.798161, 35.572187], [0.799448, 35.571663], [0.803225, 35.56997], [0.807431, 35.569918], [0.81198, 35.567684], [0.813911, 35.567631], [0.81567, 35.568225], [0.821528, 35.56798], [0.825605, 35.570092], [0.828824, 35.57011], [0.833845, 35.569708], [0.837514, 35.567562], [0.841806, 35.562377], [0.845561, 35.560998], [0.84599, 35.560894], [0.846913, 35.561086], [0.854402, 35.561889], [0.860367, 35.558694], [0.860753, 35.558013], [0.861397, 35.557001], [0.864851, 35.553335], [0.876009, 35.548464], [0.876288, 35.54822], [0.884035, 35.542092], [0.886009, 35.539123], [0.887039, 35.538006], [0.895514, 35.532209], [0.899506, 35.531301], [0.901866, 35.529677], [0.906394, 35.526568], [0.908518, 35.525067], [0.910256, 35.521783], [0.912058, 35.518351], [0.912284, 35.518142], [0.913528, 35.517496], [0.918549, 35.514396], [0.919107, 35.514203], [0.92151, 35.513016], [0.924965, 35.511549], [0.929224, 35.509732], [0.931692, 35.508701], [0.933784, 35.507767], [0.937099, 35.505837], [0.942389, 35.503741], [0.942775, 35.503697], [0.946734, 35.504055], [0.950618, 35.50347], [0.950897, 35.503444], [0.954791, 35.500937], [0.956765, 35.500011], [0.957527, 35.49974], [0.957828, 35.499574], [0.960585, 35.497705], [0.960875, 35.497609], [0.966185, 35.496744], [0.96935, 35.496412], [0.969672, 35.496386], [0.969887, 35.496439], [0.972419, 35.497417], [0.973116, 35.497627], [0.973384, 35.497609], [0.973867, 35.497399], [0.976238, 35.496404], [0.982697, 35.493547], [0.989853, 35.490516], [0.998726, 35.486594], [1.005507, 35.483248], [1.011472, 35.480225], [1.021814, 35.476276], [1.022265, 35.476136], [1.03162, 35.472528], [1.040397, 35.469155], [1.041791, 35.468666], [1.041877, 35.468569], [1.043572, 35.465441], [1.044967, 35.463012], [1.045128, 35.462881], [1.045332, 35.462802], [1.053958, 35.461544], [1.054173, 35.461483], [1.054966, 35.460897], [1.060728, 35.456589], [1.0662, 35.452569], [1.067229, 35.451808], [1.067605, 35.451695], [1.071596, 35.450261], [1.075877, 35.448784], [1.079203, 35.447596], [1.082175, 35.446556], [1.083655, 35.446057], [1.094728, 35.443628], [1.102259, 35.442124], [1.102624, 35.442098], [1.10698, 35.442115], [1.113535, 35.44215], [1.118202, 35.442185], [1.118513, 35.442203], [1.118867, 35.442308], [1.123052, 35.443496], [1.123663, 35.443645], [1.124039, 35.443505], [1.12465, 35.443304], [1.125337, 35.443129], [1.126732, 35.442666], [1.127644, 35.442535], [1.128008, 35.442526], [1.128513, 35.442343], [1.131045, 35.441206], [1.132836, 35.440411], [1.133072, 35.440289], [1.13319, 35.440149], [1.133233, 35.439869], [1.133587, 35.437386], [1.133727, 35.437133], [1.134113, 35.436705], [1.134317, 35.436469], [1.134553, 35.436372], [1.134757, 35.436337], [1.135036, 35.436268], [1.135186, 35.436154], [1.135583, 35.435568], [1.136205, 35.434633], [1.138126, 35.433488], [1.13937, 35.432238], [1.140271, 35.431398], [1.140507, 35.43132], [1.14128, 35.431276], [1.183058, 35.410345], [1.183906, 35.409042], [1.186373, 35.407127], [1.187704, 35.406428], [1.19486, 35.402667], [1.195579, 35.40139], [1.197038, 35.398811], [1.198411, 35.397621], [1.201458, 35.396677], [1.205449, 35.395242], [1.206651, 35.391569], [1.209011, 35.387651], [1.212659, 35.386251], [1.217809, 35.381458], [1.219525, 35.377189], [1.219096, 35.375754], [1.221666, 35.366446], [1.235157, 35.351939], [1.236134, 35.346741], [1.237872, 35.345638], [1.238193, 35.34261], [1.238835, 35.341059], [1.239515, 35.34004], [1.2405, 35.339337], [1.241667, 35.338549], [1.243839, 35.337964], [1.246565, 35.33723], [1.247943, 35.336895], [1.249813, 35.336127], [1.250069, 35.336018], [1.250794, 35.335724], [1.251116, 35.335626], [1.251423, 35.335509], [1.252138, 35.335282], [1.252532, 35.335161], [1.254041, 35.334554], [1.256212, 35.333621], [1.257423, 35.333273], [1.260907, 35.331971], [1.266596, 35.329846], [1.269397, 35.327997], [1.2742, 35.324923], [1.277576, 35.322859], [1.280945, 35.318807], [1.282484, 35.317367], [1.289228, 35.311532], [1.289963, 35.310886], [1.291916, 35.309234], [1.294463, 35.306898], [1.298125, 35.303626], [1.302111, 35.300101], [1.307299, 35.295254], [1.309086, 35.294002], [1.31153, 35.29224], [1.313365, 35.291045], [1.323039, 35.289083], [1.329936, 35.289786], [1.334819, 35.289364], [1.341476, 35.287748], [1.342831, 35.286601], [1.343975, 35.284798], [1.349983, 35.274796], [1.352451, 35.26975], [1.357493, 35.263005], [1.371698, 35.239665], [1.373179, 35.23623], [1.374659, 35.235073], [1.378136, 35.229569], [1.379917, 35.224556], [1.383725, 35.220253], [1.388092, 35.213311], [1.388779, 35.211812], [1.389776, 35.210734], [1.394079, 35.203396], [1.395302, 35.199802], [1.397297, 35.197996], [1.414914, 35.169164], [1.430063, 35.143744], [1.430492, 35.142059], [1.432187, 35.140357], [1.441758, 35.124002], [1.445318, 35.1173], [1.448909, 35.110567], [1.453456, 35.101382], [1.455963, 35.096631], [1.461746, 35.084973], [1.46634, 35.074468], [1.467996, 35.072406], [1.471326, 35.067771], [1.476819, 35.060412], [1.47742, 35.059525], [1.478498, 35.058631], [1.485631, 35.051947], [1.488487, 35.050258], [1.525316, 35.028531], [1.569419, 34.97256], [1.575534, 34.96697], [1.622871, 34.942679], [1.661917, 34.922287], [1.688613, 34.909413], [1.713899, 34.896392], [1.730364, 34.884333], [1.753422, 34.876678], [1.806205, 34.850141], [1.877551, 34.804897], [1.905964, 34.791805], [1.975601, 34.759814], [2.01079, 34.743861], [2.10605, 34.699448], [2.125125, 34.679082], [2.150121, 34.648453], [2.1881, 34.605441], [2.211616, 34.580832], [2.226392, 34.566861], [2.242733, 34.552067], [2.315332, 34.471742], [2.331332, 34.439675], [2.338164, 34.430235], [2.350407, 34.417178], [2.369937, 34.390306], [2.369026, 34.381801], [2.375468, 34.372604], [2.398981, 34.336838], [2.419112, 34.315558], [2.43103, 34.306779], [2.434734, 34.299196], [2.44182, 34.280833], [2.461629, 34.251086], [2.493839, 34.207944], [2.499557, 34.196023], [2.502455, 34.189962], [2.510427, 34.169044], [2.517353, 34.15905], [2.519849, 34.156584], [2.529894, 34.136475], [2.532694, 34.133224], [2.539711, 34.123381], [2.54283, 34.120799], [2.549613, 34.118249], [2.551758, 34.116119], [2.558639, 34.104999], [2.558308, 34.103207], [2.559126, 34.09943], [2.560159, 34.095507], [2.56283, 34.090132], [2.568502, 34.084498], [2.571153, 34.078976], [2.577596, 34.073519], [2.577703, 34.073438], [2.582576, 34.069756], [2.592401, 34.056386], [2.609087, 34.03429], [2.616026, 34.021947], [2.611514, 33.994722], [2.617403, 33.947887], [2.614156, 33.943252], [2.615591, 33.9368], [2.64296, 33.894477], [2.647465, 33.888682], [2.652181, 33.886976], [2.655209, 33.886635], [2.658303, 33.885665], [2.660812, 33.882935], [2.674505, 33.875716], [2.675522, 33.874189], [2.682631, 33.868855], [2.744962, 33.832504], [2.807476, 33.768007], [2.814121, 33.765246], [2.822504, 33.739709], [2.833147, 33.715018], [2.858968, 33.655587], [2.893321, 33.573911], [2.902464, 33.554382], [2.908763, 33.53902], [2.912094, 33.529778], [2.949728, 33.473739], [3.005559, 33.395223], [3.032027, 33.354125], [3.086305, 33.257689], [3.155465, 33.131541], [3.158109, 33.126514], [3.191873, 33.064293], [3.209281, 33.032734], [3.210147, 33.031093], [3.210154, 33.030819], [3.209701, 33.022949], [3.209768, 33.022561], [3.211762, 33.018496], [3.222103, 33.007052], [3.22537, 33.003506], [3.228356, 32.998081], [3.243978, 32.970492], [3.247261, 32.964489], [3.248494, 32.960816]]]}, "properties": {"source": "GEM", "layer": "pipelines", "tracker": "GGIT", "name": "Medgaz Gas Pipeline \u00b7 Onshore Segment (Hassi R'Mel-Mocta Douz)", "pipeline": "Medgaz Gas Pipeline", "segment": "Onshore Segment (Hassi R'Mel-Mocta Douz)", "fuel": "Gas", "countries": ["Algeria"], "sector": "energy", "owner": "Sonatrach [100.00%]", "parent": "Sonatrach SpA [100.00%]", "start_year": null, "capacity": null, "capacity_units": null, "capacity_bcm_y": null, "capacity_boed": null, "length_km": 845.0, "diameter": null, "start_location": null, "end_location": null, "raw_status": "operating", "dash_status": "operating", "project_id": "P6647", "url": "https://www.gem.wiki/Medgaz_Gas_Pipeline", "last_updated": "2024-07-20", "release": "2025-11"}}, {"type": "Feature", "geometry": {"type": "MultiLineString", "coordinates": [[[8.276574, 34.76897], [8.288691, 34.769978], [8.295005, 34.771362], [8.30243, 34.773272], [8.310322, 34.775512], [8.321699, 34.779164], [8.324062, 34.779709], [8.33257, 34.781427], [8.337633, 34.782885], [8.341565, 34.785209], [8.348551, 34.789351], [8.35578, 34.792987], [8.375107, 34.802801], [8.37706, 34.804369], [8.381974, 34.807188], [8.388432, 34.810642], [8.402712, 34.819355], [8.415351, 34.826524], [8.420587, 34.829712], [8.429051, 34.834899], [8.433366, 34.835865], [8.435701, 34.838073], [8.440371, 34.840863], [8.446367, 34.845079], [8.449412, 34.846812], [8.461479, 34.85279], [8.477544, 34.860593], [8.485651, 34.864654], [8.490583, 34.867076], [8.505751, 34.876762], [8.513839, 34.881849], [8.526168, 34.884945], [8.541766, 34.888837], [8.546305, 34.889863], [8.553628, 34.897049], [8.576455, 34.919675], [8.585944, 34.929232], [8.589344, 34.932648], [8.595418, 34.955533], [8.59707, 34.959094], [8.597542, 34.960396], [8.597617, 34.962313], [8.59663, 34.964282], [8.600814, 34.968045], [8.601394, 34.970287], [8.60399, 34.972714], [8.615754, 34.981606], [8.618796, 34.983491], [8.637249, 34.993025], [8.65152, 35.000334], [8.660382, 35.004781], [8.665296, 35.007523], [8.673772, 35.013867], [8.722717, 35.048937], [8.738102, 35.059213], [8.755375, 35.072631], [8.771683, 35.086135], [8.779837, 35.09228], [8.784343, 35.095423], [8.791531, 35.10083], [8.802582, 35.108905], [8.814701, 35.117009], [8.816775, 35.118461], [8.820958, 35.121409], [8.823832, 35.126122], [8.827675, 35.129563], [8.830336, 35.130686], [8.835379, 35.135336], [8.842364, 35.140106], [8.844605, 35.141636], [8.849262, 35.145268], [8.85306, 35.148654], [8.854862, 35.150619], [8.862308, 35.155689], [8.866406, 35.158531], [8.872677, 35.162238], [8.877612, 35.165501], [8.881474, 35.167957], [8.882912, 35.168202], [8.888019, 35.170904], [8.893448, 35.172868], [8.902953, 35.177341], [8.911172, 35.180568], [8.917845, 35.183181], [8.921857, 35.186653], [8.924046, 35.188109], [8.930977, 35.191002], [8.938916, 35.19493], [8.955675, 35.203101], [8.960425, 35.205607], [8.969867, 35.211007], [8.978063, 35.212847], [8.98405, 35.21418], [9.014198, 35.213882], [9.035527, 35.213724], [9.04835, 35.213457], [9.053778, 35.213983], [9.064486, 35.214333], [9.066696, 35.213877], [9.076717, 35.215403], [9.087381, 35.217261], [9.10032, 35.216297], [9.109547, 35.21549], [9.137674, 35.217322], [9.145141, 35.222318], [9.147609, 35.223913], [9.152523, 35.228734], [9.153531, 35.229943], [9.155484, 35.231082], [9.164325, 35.23556], [9.169125, 35.238231], [9.180877, 35.24426], [9.202946, 35.255553], [9.210855, 35.258555], [9.214819, 35.260097], [9.227488, 35.266719], [9.247925, 35.279064], [9.25057, 35.280755], [9.257994, 35.285081], [9.262608, 35.287884], [9.27051, 35.29274], [9.283714, 35.30073], [9.289926, 35.304101], [9.297944, 35.308175], [9.303651, 35.31278], [9.308123, 35.316203], [9.310758, 35.3209], [9.317051, 35.325319], [9.320759, 35.326791], [9.32367, 35.326844], [9.329752, 35.330546], [9.33759, 35.335216], [9.342192, 35.337697], [9.354372, 35.345656], [9.356307, 35.346372], [9.365154, 35.35055], [9.370764, 35.354105], [9.376635, 35.35746], [9.381513, 35.36063], [9.38966, 35.364927], [9.392588, 35.366796], [9.398035, 35.370058], [9.401223, 35.371597], [9.415045, 35.380242], [9.424981, 35.386288], [9.440609, 35.396297], [9.449488, 35.402408], [9.457326, 35.407351], [9.461554, 35.41036], [9.467831, 35.414826], [9.473946, 35.418829], [9.48193, 35.425216], [9.48598, 35.428078], [9.491931, 35.432001], [9.501412, 35.437725], [9.504762, 35.439805], [9.512682, 35.445117], [9.516178, 35.44733], [9.518357, 35.448641], [9.525707, 35.452099], [9.530419, 35.454044], [9.532973, 35.454761], [9.542672, 35.457959], [9.545761, 35.460895], [9.915158, 35.808906], [10.197222, 36.210203], [10.200117, 36.210983], [10.214038, 36.231397], [10.219925, 36.239792], [10.221665, 36.241753], [10.224381, 36.242474], [10.225494, 36.245707], [10.225844, 36.246395], [10.229527, 36.250612], [10.231885, 36.251661], [10.234463, 36.253549], [10.236943, 36.255851], [10.238829, 36.258893], [10.244277, 36.264], [10.248147, 36.267613], [10.250912, 36.270313], [10.25427, 36.272359], [10.256693, 36.275885], [10.258921, 36.279563], [10.25984, 36.280461], [10.264946, 36.285992], [10.269459, 36.290548], [10.277529, 36.297527], [10.285962, 36.304894], [10.29242, 36.31283], [10.293836, 36.314421], [10.296047, 36.318173], [10.299029, 36.326368], [10.299566, 36.330534], [10.309715, 36.345451], [10.316303, 36.356598], [10.318191, 36.359985], [10.322439, 36.367328], [10.430316, 36.422526], [10.510825, 36.462435], [10.539322, 36.470166], [10.603866, 36.517915], [10.665932, 36.561318], [10.667947, 36.563057], [10.675655, 36.570515], [10.679232, 36.574185], [10.685349, 36.579331], [10.693331, 36.583053], [10.712689, 36.595598], [10.717753, 36.603091], [10.719562, 36.604766], [10.727295, 36.611004], [10.740371, 36.624498], [10.74825, 36.631917], [10.759987, 36.644417], [10.764557, 36.649169], [10.769643, 36.657621], [10.775908, 36.664059], [10.781316, 36.670014], [10.784556, 36.673818], [10.791358, 36.680805], [10.795285, 36.684849], [10.806486, 36.697753], [10.80934, 36.702037], [10.814125, 36.707336], [10.816657, 36.710432], [10.822326, 36.716816], [10.824082, 36.719102], [10.90393, 36.810385], [10.973985, 36.879401], [10.974389, 36.879679], [10.974919, 36.880083], [10.982536, 36.885727], [10.991517, 36.895657], [10.991772, 36.899087], [11.0103, 36.915489], [11.01624, 36.920455], [11.018754, 36.925047], [11.020541, 36.928052], [11.021798, 36.929835], [11.024818, 36.938208], [11.025877, 36.941606], [11.027061, 36.945192], [11.027689, 36.949279], [11.028281, 36.954115], [11.030645, 36.956369], [11.031536, 36.959361], [11.033274, 36.963724], [11.034755, 36.967831], [11.035946, 36.970831], [11.036643, 36.973805], [11.037952, 36.978836], [11.038853, 36.981913], [11.040076, 36.983936], [11.041321, 36.986601], [11.044687, 36.99456], [11.045339, 36.996185], [11.046458, 37.002006], [11.047502, 37.006653], [11.047928, 37.00909], [11.048322, 37.010623], [11.048712, 37.013956], [11.049074, 37.016448], [11.049951, 37.016856], [11.055762, 37.017698]]]}, "properties": {"source": "GEM", "layer": "pipelines", "tracker": "GGIT", "name": "Trans-Mediterranean Gas Pipeline \u00b7 TTP: Phase 1", "pipeline": "Trans-Mediterranean Gas Pipeline", "segment": "TTP: Phase 1", "fuel": "Gas", "countries": ["Algeria", "Tunisia"], "sector": "energy", "owner": "Trans-Tunisia Pipeline Co [100.00%]", "parent": "Snam SpA [50.10%]; Eni SpA [49.90%]", "start_year": "1983", "capacity": null, "capacity_units": null, "capacity_bcm_y": null, "capacity_boed": null, "length_km": 370.0, "diameter": null, "start_location": "Oued Safsaf", "end_location": "El Haouaria", "raw_status": "operating", "dash_status": "operating", "project_id": "P6648", "url": "https://www.gem.wiki/Trans-Mediterranean_Gas_Pipeline", "last_updated": "2024-09-12", "release": "2025-11"}}, {"type": "Feature", "geometry": {"type": "MultiLineString", "coordinates": [[[11.055762, 37.017698], [12.532731, 37.658391], [12.540783, 37.667496]]]}, "properties": {"source": "GEM", "layer": "pipelines", "tracker": "GGIT", "name": "Trans-Mediterranean Gas Pipeline", "pipeline": "Trans-Mediterranean Gas Pipeline", "segment": null, "fuel": "Gas", "countries": ["Tunisia", "Italy"], "sector": "energy", "owner": "Trans-Mediterranean Pipeline Co [100.00%]", "parent": "Snam SpA [50.10%]; Eni SpA [49.90%]", "start_year": null, "capacity": null, "capacity_units": null, "capacity_bcm_y": null, "capacity_boed": null, "length_km": 155.0, "diameter": "20 in", "start_location": "El Haouaria", "end_location": "Mazara del Vallo", "raw_status": "operating", "dash_status": "operating", "project_id": "P6649", "url": "https://www.gem.wiki/Trans-Mediterranean_Gas_Pipeline", "last_updated": "2024-09-12", "release": "2025-11"}}, {"type": "Feature", "geometry": {"type": "MultiLineString", "coordinates": [[[30.366474, 31.461926], [28.331732, 29.611118]]]}, "properties": {"source": "GEM", "layer": "pipelines", "tracker": "GGIT", "name": "Raven-Western Desert Cmplex Gas Pipeline", "pipeline": "Raven-Western Desert Cmplex Gas Pipeline", "segment": null, "fuel": "Gas", "countries": ["Egypt"], "sector": "energy", "owner": "Egyptian Natural Gas Holding Co [100.00%]", "parent": "unknown [unknown %]", "start_year": "2021", "capacity": 350.0, "capacity_units": "Mcf/d", "capacity_bcm_y": 0.0, "capacity_boed": 57.65, "length_km": 70.0, "diameter": "30 in", "start_location": "Rashid", "end_location": null, "raw_status": "operating", "dash_status": "operating", "project_id": "P6703", "url": "https://www.gem.wiki/Raven-Western_Desert_Cmplex_Gas_Pipeline", "last_updated": "2025-08-14", "release": "2025-11"}}, {"type": "Feature", "geometry": {"type": "MultiLineString", "coordinates": [[[31.242331, 29.751158], [31.24233, 29.751163], [31.242334, 29.751158], [31.242333, 29.751156], [31.254254, 29.473873], [31.239272, 29.328149], [31.237118, 29.297305], [31.099858, 29.071265], [30.838015, 27.930414], [31.160673, 27.229739], [31.184982, 27.1828], [31.888896, 26.338713], [32.894529, 24.091316], [32.895511, 24.090867], [32.89637, 24.089411]], [[13.205158, 32.889799], [12.376173, 32.814907], [12.190484, 32.861552], [12.054707, 32.916766]]]}, "properties": {"source": "GEM", "layer": "pipelines", "tracker": "GGIT", "name": "NC 41-Mellitah Gas Pipeline", "pipeline": "NC 41-Mellitah Gas Pipeline", "segment": null, "fuel": "Gas", "countries": ["Libya"], "sector": "energy", "owner": "Libyan National Oil Corp [50.00%]; Eni SpA [50.00%]", "parent": "Eni SpA [50.00%]; National Oil Corp [50.00%]", "start_year": "2025", "capacity": null, "capacity_units": null, "capacity_bcm_y": null, "capacity_boed": null, "length_km": 130.0, "diameter": "30 in", "start_location": null, "end_location": null, "raw_status": "construction", "dash_status": "under_construction", "project_id": "P6708", "url": "https://www.gem.wiki/NC_41-Mellitah_Gas_Pipeline", "last_updated": "2025-08-20", "release": "2025-11"}}, {"type": "Feature", "geometry": {"type": "MultiLineString", "coordinates": [[[13.194116, 32.879837], [13.016078, 32.832499], [12.83859, 32.798584], [12.757647, 32.791555], [12.6745, 32.788695], [12.58127, 32.792214], [12.322754, 32.814861], [12.201346, 32.872586], [12.082141, 32.93355]]]}, "properties": {"source": "GEM", "layer": "pipelines", "tracker": "GGIT", "name": "E Structure-Mellitah Gas Pipeline", "pipeline": "E Structure-Mellitah Gas Pipeline", "segment": null, "fuel": "Gas", "countries": ["Libya"], "sector": "energy", "owner": "Libyan National Oil Corp [50.00%]; Eni SpA [50.00%]", "parent": "Eni SpA [50.00%]; National Oil Corp [50.00%]", "start_year": "2026", "capacity": null, "capacity_units": null, "capacity_bcm_y": null, "capacity_boed": null, "length_km": 130.0, "diameter": "32 in", "start_location": null, "end_location": null, "raw_status": "construction", "dash_status": "under_construction", "project_id": "P6715", "url": "https://www.gem.wiki/E_Structure-Mellitah_Gas_Pipeline", "last_updated": "2025-08-20", "release": "2025-11"}}, {"type": "Feature", "geometry": {"type": "MultiLineString", "coordinates": [[[31.242331, 29.751158], [31.24233, 29.751163], [31.242334, 29.751158], [31.242333, 29.751156], [31.254254, 29.473873], [31.239272, 29.328149], [31.237118, 29.297305], [31.099858, 29.071265], [30.838015, 27.930414], [31.160673, 27.229739], [31.184982, 27.1828], [31.888896, 26.338713], [32.894529, 24.091316], [32.895511, 24.090867], [32.89637, 24.089411]], [[13.190259, 32.85971], [12.83859, 32.798584], [12.6745, 32.788695], [12.58127, 32.792214], [12.49531, 32.806076]]]}, "properties": {"source": "GEM", "layer": "pipelines", "tracker": "GGIT", "name": "DP3\u2013DP4\u2013Sabratha Gas Pipeline \u00b7 DP3\u2013DP4", "pipeline": "DP3\u2013DP4\u2013Sabratha Gas Pipeline", "segment": "DP3\u2013DP4", "fuel": "Gas", "countries": ["Libya"], "sector": "energy", "owner": "Libyan National Oil Corp [50.00%]; Eni SpA [50.00%]", "parent": "Eni SpA [50.00%]; National Oil Corp [50.00%]", "start_year": "2028", "capacity": null, "capacity_units": null, "capacity_bcm_y": null, "capacity_boed": null, "length_km": 8.5, "diameter": "14 in", "start_location": null, "end_location": "Sabratha platform", "raw_status": "construction", "dash_status": "under_construction", "project_id": "P6716", "url": "https://www.gem.wiki/DP3%E2%80%93DP4%E2%80%93Sabratha_Gas_Pipeline", "last_updated": "2025-08-19", "release": "2025-11"}}, {"type": "Feature", "geometry": {"type": "MultiLineString", "coordinates": [[[8.712826, 3.769349], [7.211086, 4.406517]]]}, "properties": {"source": "GEM", "layer": "pipelines", "tracker": "GGIT", "name": "Gulf of Guinea Gas Pipeline \u00b7 Nigeria\u2013Equatorial Guinea", "pipeline": "Gulf of Guinea Gas Pipeline", "segment": "Nigeria\u2013Equatorial Guinea", "fuel": "Gas", "countries": ["Nigeria", "Equatorial Guinea"], "sector": "energy", "owner": "Nigerian National Petroleum Corp [50.00%]; GEPetrol [50.00%]", "parent": "GEPetrol [50.00%]; NNPC Ltd [50.00%]", "start_year": null, "capacity": null, "capacity_units": null, "capacity_bcm_y": null, "capacity_boed": null, "length_km": 200.0, "diameter": null, "start_location": "Nigeria", "end_location": "Equatorial Guniea", "raw_status": "proposed", "dash_status": "announced", "project_id": "P7099", "url": null, "last_updated": "2025-09-03", "release": "2025-11"}}, {"type": "Feature", "geometry": {"type": "MultiLineString", "coordinates": [[[5.713047, 5.574694], [8.534712, 11.989088], [13.003333, 22.529045], [12.113564, 32.914163]]]}, "properties": {"source": "GEM", "layer": "pipelines", "tracker": "GGIT", "name": "Nigeria\u2013Libya Gas Pipeline", "pipeline": "Nigeria\u2013Libya Gas Pipeline", "segment": null, "fuel": "Gas", "countries": ["Nigeria", "Niger", "Libya"], "sector": "energy", "owner": "--", "parent": "unknown [unknown %]", "start_year": null, "capacity": null, "capacity_units": null, "capacity_bcm_y": null, "capacity_boed": null, "length_km": 3187.74, "diameter": null, "start_location": null, "end_location": null, "raw_status": "proposed", "dash_status": "announced", "project_id": "P7102", "url": "https://www.gem.wiki/Nigeria%E2%80%93Libya_Gas_Pipeline", "last_updated": "2025-08-19", "release": "2025-11"}}, {"type": "Feature", "geometry": {"type": "MultiLineString", "coordinates": [[[34.825091, 29.424227], [34.845743, 29.411947], [34.878723, 29.400058], [34.923077, 29.38982], [34.983352, 29.379249], [35.007993, 29.375946]]]}, "properties": {"source": "GEM", "layer": "pipelines", "tracker": "GGIT", "name": "Arab Gas Pipeline \u00b7 Taba-Aqaba Sea Gas Pipeline", "pipeline": "Arab Gas Pipeline", "segment": "Taba-Aqaba Sea Gas Pipeline", "fuel": "Gas", "countries": ["Egypt", "Jordan"], "sector": "energy", "owner": "Egyptian Natural Gas Holding Co [100.00%]", "parent": "unknown [unknown %]", "start_year": "2003", "capacity": 10.3, "capacity_units": "bcm/y", "capacity_bcm_y": 10.3, "capacity_boed": 166013.42, "length_km": 18.0, "diameter": "26 in", "start_location": "Taba", "end_location": "Aqaba", "raw_status": "operating", "dash_status": "operating", "project_id": "P7482", "url": "https://www.gem.wiki/Arab_Gas_Pipeline", "last_updated": "2025-07-27", "release": "2025-11"}}, {"type": "Feature", "geometry": {"type": "MultiLineString", "coordinates": [[[32.097429, 30.061456], [32.101604, 30.065502], [32.129326, 30.06478], [32.164516, 30.065382], [32.180975, 30.068212], [32.194354, 30.07071], [32.203017, 30.075457], [32.208311, 30.080454], [32.212257, 30.084368], [32.215796, 30.085411], [32.239552, 30.089413], [32.250933, 30.091974], [32.273951, 30.094323], [32.29197, 30.09564], [32.315368, 30.094436], [32.326728, 30.089712], [32.335626, 30.086227], [32.350403, 30.080101], [32.365215, 30.075207], [32.376745, 30.073969], [32.38799, 30.069102]]]}, "properties": {"source": "GEM", "layer": "pipelines", "tracker": "GOIT", "name": "Agroud-Ain Sokhna Oil Pipeline \u00b7 Agroud-Wadi Hagool (Pipeline 1)", "pipeline": "Agroud-Ain Sokhna Oil Pipeline", "segment": "Agroud-Wadi Hagool (Pipeline 1)", "fuel": "Oil", "countries": ["Egypt"], "sector": "energy", "owner": "Egyptian General Petroleum Corp [100.%]", "parent": "Egyptian General Petroleum Corp [100.00%]", "start_year": null, "capacity": null, "capacity_units": null, "capacity_bcm_y": null, "capacity_boed": null, "length_km": 35.0, "diameter": "36 in", "start_location": "Agroud", "end_location": null, "raw_status": "construction", "dash_status": "under_construction", "project_id": "P7331", "url": "https://www.gem.wiki/Agroud-Ain_Sokhna_Oil_Pipeline", "last_updated": "2026-02-11", "release": "2026-07"}}, {"type": "Feature", "geometry": {"type": "MultiLineString", "coordinates": [[[-0.325436, 35.829807], [-0.58668, 35.188796]]]}, "properties": {"source": "GEM", "layer": "pipelines", "tracker": "GOIT", "name": "Arzew\u2013Sidi Bel Abb\u00e8s\u2013Tlemcen LPG Pipelines \u00b7 Arzew-Sidi Bel Abb\u00e8s Pipeline", "pipeline": "Arzew\u2013Sidi Bel Abb\u00e8s\u2013Tlemcen LPG Pipelines", "segment": "Arzew-Sidi Bel Abb\u00e8s Pipeline", "fuel": "NGL", "countries": ["Algeria"], "sector": "energy", "owner": "Sonatrach [100.%]", "parent": "Sonatrach SpA [100.00%]", "start_year": null, "capacity": null, "capacity_units": null, "capacity_bcm_y": null, "capacity_boed": null, "length_km": 72.42, "diameter": "12 in", "start_location": "Arzew", "end_location": null, "raw_status": "operating", "dash_status": "operating", "project_id": "P7302", "url": "https://www.gem.wiki/Arzew%E2%80%93Sidi_Bel_Abb%C3%A8s%E2%80%93Tlemcen_LPG_Pipeline", "last_updated": "2026-01-14", "release": "2026-07"}}, {"type": "Feature", "geometry": {"type": "MultiLineString", "coordinates": [[[9.691385, 32.345509], [9.672896, 32.283193], [9.657993, 32.233843], [9.635865, 32.15948], [9.61871, 32.119153], [9.611136, 32.101489], [9.57658, 32.03452], [9.558338, 32.000535], [9.542508, 31.974553], [9.529845, 31.952897], [9.51996, 31.936572], [9.504161, 31.912254], [9.491553, 31.897608], [9.459253, 31.857983], [9.420154, 31.827455]]]}, "properties": {"source": "GEM", "layer": "pipelines", "tracker": "GOIT", "name": "El Borma\u2013Ain Amenas\u2013Skhira Oil Pipeline \u00b7 El Borma Connector", "pipeline": "El Borma\u2013Ain Amenas\u2013Skhira Oil Pipeline", "segment": "El Borma Connector", "fuel": "Oil", "countries": ["Tunisia"], "sector": "energy", "owner": "--", "parent": "unknown [unknown %]", "start_year": null, "capacity": null, "capacity_units": null, "capacity_bcm_y": null, "capacity_boed": null, "length_km": 63.81, "diameter": "14 in", "start_location": null, "end_location": null, "raw_status": "operating", "dash_status": "operating", "project_id": "P7926", "url": "https://www.gem.wiki/El_Borma%E2%80%93Ain_Amenas%E2%80%93Skhira_Oil_Pipeline", "last_updated": "2026-02-13", "release": "2026-07"}}, {"type": "Feature", "geometry": {"type": "MultiLineString", "coordinates": [[[7.543713, 6.451936], [8.541852, 7.714825], [12.499676, 9.210487]]]}, "properties": {"source": "GEM", "layer": "pipelines", "tracker": "GOIT", "name": "Nigeria Crude and Oil Products Pipeline Network \u00b7 Enugu-Yola Pipeline", "pipeline": "Nigeria Crude and Oil Products Pipeline Network", "segment": "Enugu-Yola Pipeline", "fuel": "Oil", "countries": ["Nigeria"], "sector": "energy", "owner": "--", "parent": "unknown [unknown %]", "start_year": null, "capacity": null, "capacity_units": null, "capacity_bcm_y": null, "capacity_boed": null, "length_km": 644.0, "diameter": null, "start_location": "Enugu", "end_location": "Yola", "raw_status": "operating", "dash_status": "operating", "project_id": "P7939", "url": null, "last_updated": "2026-02-23", "release": "2026-07"}}, {"type": "Feature", "geometry": {"type": "MultiLineString", "coordinates": [[[28.833061, 30.934471], [28.83481, 30.935401], [28.922553, 30.950588]]]}, "properties": {"source": "GEM", "layer": "pipelines", "tracker": "GOIT", "name": "El Hamra-Shamandoura Oil Pipeline \u00b7 Expansion", "pipeline": "El Hamra-Shamandoura Oil Pipeline", "segment": "Expansion", "fuel": "Oil", "countries": ["Egypt"], "sector": "energy", "owner": "Egyptian General Petroleum Corp [100.%]", "parent": "Egyptian General Petroleum Corp [100.00%]", "start_year": "2020", "capacity": 1000000.0, "capacity_units": "bpd", "capacity_bcm_y": null, "capacity_boed": 1000000.0, "length_km": 8.0, "diameter": "38.0 in", "start_location": "New Almien City", "end_location": "El Hamra", "raw_status": "operating", "dash_status": "operating", "project_id": "P3691", "url": "https://www.gem.wiki/El_Hamra-Shamandoura_Oil_Pipeline", "last_updated": "2026-02-24", "release": "2026-07"}}, {"type": "Feature", "geometry": {"type": "MultiLineString", "coordinates": [[[-0.266988, 35.781717], [-0.217008, 35.705657], [-0.192018, 35.644756], [-0.120172, 35.611749], [-0.038955, 35.60159], [0.026644, 35.626985], [0.076624, 35.619367], [0.182831, 35.647295], [0.354637, 35.59905], [0.59829, 35.494844], [0.976263, 35.31662], [1.151193, 35.107341], [1.513547, 34.797545], [1.922758, 34.553497], [2.235133, 34.293248], [2.684952, 33.663797], [3.169133, 32.958968], [3.331567, 32.801567], [3.618952, 32.664928], [4.056276, 32.454305], [4.193721, 32.38047], [4.331166, 32.274887], [4.955915, 32.042171], [5.34326, 31.851327], [5.893039, 31.840712], [5.980504, 31.702618]]]}, "properties": {"source": "GEM", "layer": "pipelines", "tracker": "GOIT", "name": "Hassi Massaoud-Hassi R'Mel-Arzew LPG Pipeline \u00b7 Hassi R'Mel-Arzew Pipeline", "pipeline": "Hassi Massaoud-Hassi R'Mel-Arzew LPG Pipeline", "segment": "Hassi R'Mel-Arzew Pipeline", "fuel": "NGL", "countries": ["Algeria"], "sector": "energy", "owner": "Sonatrach [100.%]", "parent": "Sonatrach SpA [100.00%]", "start_year": "1973", "capacity": null, "capacity_units": null, "capacity_bcm_y": null, "capacity_boed": null, "length_km": 495.0, "diameter": "16 in", "start_location": null, "end_location": null, "raw_status": "operating", "dash_status": "operating", "project_id": "P7296", "url": "https://www.gem.wiki/Hassi_Massaoud-Hassi_R%27Mel-Arzew_LPG_Pipeline", "last_updated": "2025-01-27", "release": "2026-07"}}, {"type": "Feature", "geometry": {"type": "MultiLineString", "coordinates": [[[5.969387, 31.863986], [5.725666, 31.891581], [5.459199, 31.880544], [5.241475, 31.938473], [4.947386, 32.092773], [4.360833, 32.310003], [4.18048, 32.436252], [3.654044, 32.68275], [3.366962, 32.829855], [3.174421, 33.011999], [2.764625, 33.60049], [2.227851, 34.332874], [1.893089, 34.59698], [1.53524, 34.805766], [1.154303, 35.117955], [0.985479, 35.344254], [0.756052, 35.447763], [0.473235, 35.579309], [0.218205, 35.651039], [0.175278, 35.659367], [0.09716, 35.647192], [0.077442, 35.642115], [0.060066, 35.641797], [0.04103, 35.641163], [0.032782, 35.639893], [0.017017, 35.633427], [0.014454, 35.63309], [0.013039, 35.63196], [0.010403, 35.631523], [-0.00668, 35.625096], [-0.039674, 35.614304], [-0.075305, 35.620097], [-0.107714, 35.625334], [-0.173312, 35.655481], [-0.189126, 35.686091], [-0.20084, 35.71463], [-0.216068, 35.735551], [-0.228368, 35.756784], [-0.244963, 35.792899]]]}, "properties": {"source": "GEM", "layer": "pipelines", "tracker": "GOIT", "name": "Haoudh El Hamra-Arzew Oil Pipeline \u00b7 I", "pipeline": "Haoudh El Hamra-Arzew Oil Pipeline", "segment": "I", "fuel": "Oil", "countries": ["Algeria"], "sector": "energy", "owner": "Sonatrach [100.%]", "parent": "Sonatrach SpA [100.00%]", "start_year": "1965", "capacity": 11.0, "capacity_units": "mtpa", "capacity_bcm_y": null, "capacity_boed": 220904.11, "length_km": 801.0, "diameter": "28 in", "start_location": "Haoudh El Hamra", "end_location": "Arzew", "raw_status": "operating", "dash_status": "operating", "project_id": "P5440", "url": "https://www.gem.wiki/Haoudh_El_Hamra-Arzew_Oil_Pipeline", "last_updated": "2025-01-27", "release": "2026-07"}}, {"type": "Feature", "geometry": {"type": "MultiLineString", "coordinates": [[[8.168, 31.0112], [8.0392, 30.8362], [8.018462, 30.811203], [7.988786, 30.797788], [7.937635, 30.806173], [7.906788, 30.803825], [7.872817, 30.770616], [7.812685, 30.729341], [7.752943, 30.682172], [7.732151, 30.667983], [7.730394, 30.667227], [7.726196, 30.667395], [7.71292, 30.668235], [7.663135, 30.67428], [7.628579, 30.676295], [7.599099, 30.676127], [7.562785, 30.68234], [7.538186, 30.679149], [7.528814, 30.665464], [7.500408, 30.659754], [7.476784, 30.66517], [7.454528, 30.666807], [7.447695, 30.664456], [7.438323, 30.654632], [7.428562, 30.653624], [7.418019, 30.654967], [7.40855, 30.654212], [7.350608, 30.649614], [7.266462, 30.660279], [7.248068, 30.646842], [7.214487, 30.657151], [7.17397, 30.656332], [7.09246, 30.674553], [7.000993, 30.687733], [6.9802, 30.683116], [6.902692, 30.687481], [6.866196, 30.692738], [6.593942, 30.854905], [6.534395, 30.889927], [6.472799, 30.927198], [6.455423, 30.934902], [6.438438, 30.941097], [6.429262, 30.946791], [6.421648, 30.955497], [6.420561, 30.9678], [6.420379, 30.979222], [6.420926, 30.989391], [6.413992, 31.006128], [6.406875, 31.021925], [6.390633, 31.059606], [6.376217, 31.091491], [6.36545, 31.116335], [6.334975, 31.15882], [6.309792, 31.195355], [6.300667, 31.229222], [6.283696, 31.269941], [6.267363, 31.30881], [6.244553, 31.343728], [6.222837, 31.373804], [6.202946, 31.407296], [6.193274, 31.422558], [6.170828, 31.4565], [6.154039, 31.480781], [6.125206, 31.521702], [6.103764, 31.552226], [6.073836, 31.594981], [6.069639, 31.600887], [6.04774, 31.624198], [6.019455, 31.656048], [6.019398, 31.657979], [6.016798, 31.662756], [6.008323, 31.683848], [6.006133, 31.695494]]]}, "properties": {"source": "GEM", "layer": "pipelines", "tracker": "GOIT", "name": "Hassi Berkine-Haoudh el Hamra Oil Pipeline \u00b7 I", "pipeline": "Hassi Berkine-Haoudh el Hamra Oil Pipeline", "segment": "I", "fuel": "Oil", "countries": ["Algeria"], "sector": "energy", "owner": "Sonatrach [100.%]", "parent": "Sonatrach SpA [100.00%]", "start_year": "1999", "capacity": 15.0, "capacity_units": "mtpa", "capacity_bcm_y": null, "capacity_boed": 301232.88, "length_km": 292.0, "diameter": "30 in", "start_location": "Hassi Berkine", "end_location": "Haoudh El Hamra", "raw_status": "operating", "dash_status": "operating", "project_id": "P0560", "url": "https://www.gem.wiki/Hassi_Berkine-Haoudh_el_Hamra_Oil_Pipeline", "last_updated": "2026-01-09", "release": "2026-07"}}, {"type": "Feature", "geometry": {"type": "MultiLineString", "coordinates": [[[5.972636, 31.872955], [5.722417, 31.897789], [5.459199, 31.887442], [5.244725, 31.946057], [4.95551, 32.097591], [4.786531, 32.163636], [4.533062, 32.251622], [4.357583, 32.323048], [4.182104, 32.443794], [3.655669, 32.690272], [3.368586, 32.832585], [3.262162, 32.941056], [3.184171, 33.011934], [2.781941, 33.614911], [2.239395, 34.347172], [1.910404, 34.611232], [1.575642, 34.82472], [1.171619, 35.136837], [1.008566, 35.353669], [0.761823, 35.466568], [0.479007, 35.602777], [0.219767, 35.651039], [0.175474, 35.659843], [0.09716, 35.647747], [0.077442, 35.642432], [0.069242, 35.642273], [0.059773, 35.642273], [0.04103, 35.641559], [0.032538, 35.640171], [0.016895, 35.633507], [0.014381, 35.633249], [0.01299, 35.632198], [0.010257, 35.631722], [-0.006485, 35.625572], [-0.040065, 35.614622], [-0.066714, 35.618986], [-0.107323, 35.625811], [-0.173117, 35.655957], [-0.189126, 35.687043], [-0.200059, 35.71463], [-0.215678, 35.735868], [-0.227978, 35.757418], [-0.244573, 35.793849]]]}, "properties": {"source": "GEM", "layer": "pipelines", "tracker": "GOIT", "name": "Haoudh El Hamra-Arzew Oil Pipeline \u00b7 II", "pipeline": "Haoudh El Hamra-Arzew Oil Pipeline", "segment": "II", "fuel": "Oil", "countries": ["Algeria"], "sector": "energy", "owner": "Sonatrach [100.%]", "parent": "Sonatrach SpA [100.00%]", "start_year": "2005", "capacity": 34.0, "capacity_units": "mtpa", "capacity_bcm_y": null, "capacity_boed": 682794.52, "length_km": 821.0, "diameter": "34 in", "start_location": "Haoudh El Hamra", "end_location": "Arzew", "raw_status": "operating", "dash_status": "operating", "project_id": "P0524", "url": "https://www.gem.wiki/Haoudh_El_Hamra-Arzew_Oil_Pipeline", "last_updated": "2025-01-27", "release": "2026-07"}}, {"type": "Feature", "geometry": {"type": "MultiLineString", "coordinates": [[[8.168, 31.0112], [8.0392, 30.8362], [8.017668, 30.812262], [7.988774, 30.798511], [7.937622, 30.806896], [7.905994, 30.804548], [7.871633, 30.770669], [7.857576, 30.760603], [7.811111, 30.729058], [7.774663, 30.69938], [7.732248, 30.668235], [7.730296, 30.667395], [7.704916, 30.66941], [7.6953, 30.670628], [7.663916, 30.6747], [7.630727, 30.676547], [7.598171, 30.676547], [7.562395, 30.682591], [7.538186, 30.679317], [7.528619, 30.665716], [7.50031, 30.660006], [7.476687, 30.66538], [7.45443, 30.667059], [7.447597, 30.664708], [7.438226, 30.654967], [7.428269, 30.65396], [7.417921, 30.655135], [7.350956, 30.649761], [7.319914, 30.65396], [7.26642, 30.66051], [7.248043, 30.646968], [7.214487, 30.657487], [7.173683, 30.656647], [7.093442, 30.674952], [7.000895, 30.687901], [6.979816, 30.683347], [6.902692, 30.687817], [6.867745, 30.694785], [6.79942, 30.733369], [6.687746, 30.797788], [6.650261, 30.819922], [6.616681, 30.84071], [6.594033, 30.85546], [6.567976, 30.870155], [6.537025, 30.889645], [6.472994, 30.9277], [6.456009, 30.935571], [6.438627, 30.941903], [6.428676, 30.948465], [6.423014, 30.956], [6.421782, 30.966968], [6.422238, 30.986604], [6.422055, 30.990828], [6.40919, 31.019765], [6.402073, 31.03634], [6.367218, 31.117536], [6.333275, 31.165017], [6.311742, 31.195618], [6.301888, 31.229642], [6.268994, 31.308918], [6.244541, 31.347576], [6.225745, 31.373599], [6.192897, 31.426247], [6.153115, 31.485401], [6.092621, 31.570409], [6.070722, 31.601266], [6.020995, 31.65596], [6.01917, 31.659805], [6.012783, 31.675026]]]}, "properties": {"source": "GEM", "layer": "pipelines", "tracker": "GOIT", "name": "Hassi Berkine-Haoudh El Hamra Oil Pipeline \u00b7 II", "pipeline": "Hassi Berkine-Haoudh El Hamra Oil Pipeline", "segment": "II", "fuel": "Oil", "countries": ["Algeria"], "sector": "energy", "owner": "Sonatrach [100.%]", "parent": "Sonatrach SpA [100.00%]", "start_year": "2006", "capacity": 15.0, "capacity_units": "mtpa", "capacity_bcm_y": null, "capacity_boed": 301232.88, "length_km": 292.0, "diameter": "30 in", "start_location": "Hassi Berkine", "end_location": "Haoudh El Hamra", "raw_status": "operating", "dash_status": "operating", "project_id": "P5441", "url": "https://www.gem.wiki/Hassi_Berkine-Haoudh_el_Hamra_Oil_Pipeline", "last_updated": "2026-01-09", "release": "2026-07"}}, {"type": "Feature", "geometry": {"type": "MultiLineString", "coordinates": [[[7.405051, 10.523094], [8.879294, 9.891674], [9.850665, 10.317262], [11.171662, 10.274899], [12.191258, 10.613649], [13.159185, 11.846822]]]}, "properties": {"source": "GEM", "layer": "pipelines", "tracker": "GOIT", "name": "Nigeria Crude and Oil Products Pipeline Network \u00b7 Kaduna-Maiduguri pipeline", "pipeline": "Nigeria Crude and Oil Products Pipeline Network", "segment": "Kaduna-Maiduguri pipeline", "fuel": "Oil", "countries": ["Nigeria"], "sector": "energy", "owner": "--", "parent": "unknown [unknown %]", "start_year": null, "capacity": null, "capacity_units": null, "capacity_bcm_y": null, "capacity_boed": null, "length_km": 727.0, "diameter": null, "start_location": "Kaduna", "end_location": "Maiduguri", "raw_status": "operating", "dash_status": "operating", "project_id": "P7932", "url": null, "last_updated": "2026-02-23", "release": "2026-07"}}, {"type": "Feature", "geometry": {"type": "MultiLineString", "coordinates": [[[3.389963, 6.411062], [3.214289, 6.829353], [3.631083, 6.848591], [4.884911, 6.754532], [5.62894, 6.342168], [6.028835, 6.295414], [6.271624, 7.065604], [6.677223, 7.537954], [7.182715, 9.255347], [7.404891, 10.522755], [7.694236, 11.135119], [8.539019, 11.996487]]]}, "properties": {"source": "GEM", "layer": "pipelines", "tracker": "GOIT", "name": "Nigeria Crude and Oil Products Pipeline Network \u00b7 Lagos-Kano Pipeline", "pipeline": "Nigeria Crude and Oil Products Pipeline Network", "segment": "Lagos-Kano Pipeline", "fuel": "Oil", "countries": ["Nigeria"], "sector": "energy", "owner": "--", "parent": "unknown [unknown %]", "start_year": null, "capacity": null, "capacity_units": null, "capacity_bcm_y": null, "capacity_boed": null, "length_km": 1080.0, "diameter": null, "start_location": "Lagos", "end_location": "Kano", "raw_status": "operating", "dash_status": "operating", "project_id": "P7931", "url": null, "last_updated": "2026-02-23", "release": "2026-07"}}, {"type": "Feature", "geometry": {"type": "MultiLineString", "coordinates": [[[35.648, 2.351], [35.667, 3.043], [35.516, 3.154], [35.451, 3.356], [35.275, 3.447], [35.124, 3.597], [34.706, 3.682], [34.661, 3.714], [34.471, 4.145], [34.412, 4.138], [34.36, 4.392], [33.837, 4.666], [33.537, 4.679], [33.419, 4.477], [33.23, 4.379], [32.485, 4.386], [32.028, 4.659], [31.662, 4.685], [31.601, 4.85]]]}, "properties": {"source": "GEM", "layer": "pipelines", "tracker": "GOIT", "name": "Lamu Port-South Sudan (LAPSSET) Pipeline \u00b7 Lokichar\u2013Lamu Oil Pipeline Segment", "pipeline": "Lamu Port-South Sudan (LAPSSET) Pipeline", "segment": "Lokichar\u2013Lamu Oil Pipeline Segment", "fuel": "Oil", "countries": ["Kenya"], "sector": "energy", "owner": "Tullow Oil [50.%]; TotalEnergies SE [25.%]; Africa Oil [25.%]", "parent": "Tullow Oil PLC [50.00%]; Africa Oil Corp [25.00%]; TotalEnergies SE [25.00%]", "start_year": "2024", "capacity": 89000.0, "capacity_units": "bpd", "capacity_bcm_y": null, "capacity_boed": 89000.0, "length_km": 851.0, "diameter": "18.0 in", "start_location": "Lokichar", "end_location": "Lamu Port", "raw_status": "proposed", "dash_status": "announced", "project_id": "P0531", "url": "https://www.gem.wiki/Lamu_Port-South_Sudan_(LAPSSET)_Pipeline", "last_updated": "2026-02-20", "release": "2026-07"}}, {"type": "Feature", "geometry": {"type": "MultiLineString", "coordinates": [[[4.885271, 6.754332], [4.827948, 7.101687], [5.22752, 7.615825]]]}, "properties": {"source": "GEM", "layer": "pipelines", "tracker": "GOIT", "name": "Nigeria Crude and Oil Products Pipeline Network \u00b7 Ore-Edo-ekiti Pipeline", "pipeline": "Nigeria Crude and Oil Products Pipeline Network", "segment": "Ore-Edo-ekiti Pipeline", "fuel": "Oil", "countries": ["Nigeria"], "sector": "energy", "owner": "--", "parent": "unknown [unknown %]", "start_year": null, "capacity": null, "capacity_units": null, "capacity_bcm_y": null, "capacity_boed": null, "length_km": 111.0, "diameter": null, "start_location": "Ore", "end_location": "Ekiti", "raw_status": "operating", "dash_status": "operating", "project_id": "P7934", "url": null, "last_updated": "2026-02-23", "release": "2026-07"}}, {"type": "Feature", "geometry": {"type": "MultiLineString", "coordinates": [[[38.750936, -6.638323], [38.000134, -6.669771], [37.58739, -6.681563], [37.312226, -6.693356], [37.119612, -6.732665], [36.911274, -6.740527], [36.742246, -6.740527], [36.494599, -6.720872], [36.321639, -6.693356], [36.15261, -6.681563], [36.042545, -6.673702], [35.908895, -6.673702], [35.865655, -6.689425], [35.834207, -6.720872], [35.794898, -6.768043], [35.739866, -6.854523], [35.66911, -6.988174], [35.594422, -7.125755], [35.562975, -7.204373], [35.531528, -7.27513], [35.468634, -7.416642], [35.421463, -7.499191], [35.401808, -7.534569], [35.331052, -7.644634], [35.228849, -7.790078], [35.122714, -7.93159], [34.989064, -8.096688], [34.863275, -8.222477], [34.80038, -8.269648], [34.721762, -8.328611], [34.643144, -8.371851], [34.540941, -8.395437], [34.415152, -8.407229], [34.27757, -8.41116], [34.108542, -8.419022], [34.022062, -8.422953], [33.963098, -8.426884], [33.908066, -8.450469], [33.849102, -8.477985], [33.794069, -8.517294], [33.727244, -8.580189], [33.628972, -8.674531], [33.542492, -8.764941], [33.440616, -8.854631], [33.392659, -8.890599], [33.320723, -8.942553], [33.224809, -8.994506], [33.064953, -9.086424], [32.905096, -9.194327], [32.797193, -9.258269], [32.673304, -9.362176], [32.541422, -9.474076], [32.393555, -9.637929], [32.301637, -9.741836], [32.205723, -9.8937], [32.113805, -10.053556], [32.045866, -10.173449], [31.981924, -10.293341], [31.913985, -10.449202], [31.878017, -10.521137], [31.734146, -10.704972], [31.666207, -10.808879], [31.554307, -10.980725], [31.494361, -11.084632], [31.459886, -11.161045], [31.42305, -11.234716], [31.405716, -11.30622], [31.390548, -11.392892], [31.36888, -11.483898], [31.353712, -11.598738], [31.329878, -11.74608], [31.321211, -11.824085], [31.306043, -11.884755], [31.284375, -11.949759], [31.256207, -12.025597], [31.180369, -12.211942], [31.100197, -12.380952], [31.035193, -12.482791], [30.848849, -12.755808], [30.682005, -12.931319], [30.376487, -13.265006], [30.172808, -13.453517], [30.057967, -13.551023], [29.917125, -13.670197], [29.841288, -13.713533], [29.754616, -13.750368], [29.715613, -13.767703], [29.676611, -13.778537], [29.633275, -13.785037], [29.587772, -13.785037], [29.516268, -13.787204], [29.403594, -13.785037], [29.206416, -13.77637], [29.06124, -13.763369], [28.924732, -13.741701], [28.887896, -13.733034], [28.842394, -13.717866], [28.773056, -13.694031], [28.658216, -13.648529], [28.556376, -13.600859], [28.406867, -13.533688]]]}, "properties": {"source": "GEM", "layer": "pipelines", "tracker": "GOIT", "name": "Tazama Oil Pipeline \u00b7 Parallel pipeline", "pipeline": "Tazama Oil Pipeline", "segment": "Parallel pipeline", "fuel": "Oil", "countries": ["Tanzania", "Zambia"], "sector": "energy", "owner": "Government of Zambia [66.7%]; Government of Tanzania [33.3%]", "parent": "Government of Zambia [66.70%]; Government of Tanzania [33.30%]", "start_year": null, "capacity": 22000.0, "capacity_units": "bpd", "capacity_bcm_y": null, "capacity_boed": 22000.0, "length_km": 1710.0, "diameter": "24 in", "start_location": "Dar-es-Salaam", "end_location": "Ndola", "raw_status": "proposed", "dash_status": "announced", "project_id": "P2481", "url": "https://www.gem.wiki/Tazama_Oil_Pipeline", "last_updated": "2026-02-26", "release": "2026-07"}}, {"type": "Feature", "geometry": {"type": "MultiLineString", "coordinates": [[[21.1056, 29.4846], [21.0967, 29.4845], [19.1429, 30.1895], [18.9739, 30.2487], [18.9357, 30.2745], [18.7671, 30.3305], [18.6493, 30.3865], [18.551, 30.4723]]]}, "properties": {"source": "GEM", "layer": "pipelines", "tracker": "GOIT", "name": "Amal-Ra's Lanuf Oil Pipeline \u00b7 Pipeline 1", "pipeline": "Amal-Ra's Lanuf Oil Pipeline", "segment": "Pipeline 1", "fuel": "Oil", "countries": ["Libya"], "sector": "energy", "owner": "Libyan National Oil Corp [88.%]; Suncor Energy [12.%]", "parent": "Suncor Energy Inc [12.00%]; National Oil Corp [unknown %]", "start_year": null, "capacity": 13.2, "capacity_units": "mtpa", "capacity_bcm_y": null, "capacity_boed": 265000.0, "length_km": 272.4, "diameter": "30.0 in", "start_location": "Amal oilfield", "end_location": "Ra's Lanuf", "raw_status": "operating", "dash_status": "operating", "project_id": "P0583", "url": "https://www.gem.wiki/Amal-Ra%27s_Lanuf_Oil_Pipeline", "last_updated": "2023-02-07", "release": "2026-07"}}, {"type": "Feature", "geometry": {"type": "MultiLineString", "coordinates": [[[17.8747, 30.0913], [17.8771, 30.1145], [17.9284, 30.1793], [17.9997, 30.2391], [18.0205, 30.2497], [18.0808, 30.2931], [18.2866, 30.6074], [18.332, 30.628], [18.3594, 30.6358], [18.3644, 30.6352]]]}, "properties": {"source": "GEM", "layer": "pipelines", "tracker": "GOIT", "name": "Bahi Gathering-Sidra Oil Pipelines \u00b7 Pipeline 1", "pipeline": "Bahi Gathering-Sidra Oil Pipelines", "segment": "Pipeline 1", "fuel": "Oil", "countries": ["Libya"], "sector": "energy", "owner": "Libyan National Oil Corp [59.18%]; ConocoPhillips [16.33%]; TotalEnergies SE [16.33%]; Hess Corp [8.16%]", "parent": "National Oil Corp [59.18%]; ConocoPhillips Corp [16.33%]; TotalEnergies SE [16.33%]; Hess Corp [8.16%]", "start_year": null, "capacity": 31.37, "capacity_units": "mtpa", "capacity_bcm_y": null, "capacity_boed": 630000.0, "length_km": 70.84, "diameter": "30.0 in", "start_location": "Bahi gathering", "end_location": "Sidra terminal", "raw_status": "operating", "dash_status": "operating", "project_id": "P0585", "url": "https://www.gem.wiki/Bahi_Gathering-Sidra_Oil_Pipelines", "last_updated": "2023-02-07", "release": "2026-07"}}, {"type": "Feature", "geometry": {"type": "MultiLineString", "coordinates": [[[31.299122, 30.148662], [32.377841, 29.723419]]]}, "properties": {"source": "GEM", "layer": "pipelines", "tracker": "GOIT", "name": "El-Hafair-Musturad Oil Pipelines \u00b7 Pipeline 1", "pipeline": "El-Hafair-Musturad Oil Pipelines", "segment": "Pipeline 1", "fuel": "Oil", "countries": ["Egypt"], "sector": "energy", "owner": "Egyptian General Petroleum Corporation (EGPC) [100.%]", "parent": "unknown [unknown %]", "start_year": null, "capacity": 85000.0, "capacity_units": "bpd", "capacity_bcm_y": null, "capacity_boed": 85000.0, "length_km": 135.0, "diameter": "18,20 in", "start_location": null, "end_location": null, "raw_status": "operating", "dash_status": "operating", "project_id": "P7977", "url": "https://www.gem.wiki/El-Hafair-Musturad_Oil_Pipelines", "last_updated": "2026-03-15", "release": "2026-07"}}, {"type": "Feature", "geometry": {"type": "MultiLineString", "coordinates": [[[10.338209, 34.451479], [10.338577, 34.454517]], [[10.071502, 33.892517], [9.982712, 34.243081], [10.585821, 34.602646]]]}, "properties": {"source": "GEM", "layer": "pipelines", "tracker": "GOIT", "name": "Hasdrubal-Gabes LPG Pipelines \u00b7 Pipeline 1", "pipeline": "Hasdrubal-Gabes LPG Pipelines", "segment": "Pipeline 1", "fuel": "NGL", "countries": ["Tunisia"], "sector": "energy", "owner": "Entreprise Tunisienne d'Activit\u00e9s P\u00e9troli\u00e8res [100.%]", "parent": "unknown [unknown %]", "start_year": "2014", "capacity": null, "capacity_units": null, "capacity_bcm_y": null, "capacity_boed": null, "length_km": 130.0, "diameter": "6 in", "start_location": "Hasdrubal", "end_location": null, "raw_status": "operating", "dash_status": "operating", "project_id": "P7900", "url": "https://www.gem.wiki/Hasdrubal-Gabes_LPG_Pipelines", "last_updated": "2026-02-02", "release": "2026-07"}}, {"type": "Feature", "geometry": {"type": "MultiLineString", "coordinates": [[[3.120779, 36.671152], [2.823361, 36.472803]]]}, "properties": {"source": "GEM", "layer": "pipelines", "tracker": "GOIT", "name": "Sidi Arcine-Blida LPG Pipelines \u00b7 Pipeline 1", "pipeline": "Sidi Arcine-Blida LPG Pipelines", "segment": "Pipeline 1", "fuel": "NGL", "countries": ["Algeria"], "sector": "energy", "owner": "Sonatrach [100.%]", "parent": "Sonatrach SpA [100.00%]", "start_year": null, "capacity": null, "capacity_units": null, "capacity_bcm_y": null, "capacity_boed": null, "length_km": 48.28, "diameter": "10 in", "start_location": "Sidi Arcine", "end_location": null, "raw_status": "operating", "dash_status": "operating", "project_id": "P7304", "url": "https://www.gem.wiki/Sidi_Arcine-Blida_LPG_Pipelines", "last_updated": "2025-01-27", "release": "2026-07"}}, {"type": "Feature", "geometry": {"type": "MultiLineString", "coordinates": [[[6.908936, 36.883473], [7.462164, 36.831198]]]}, "properties": {"source": "GEM", "layer": "pipelines", "tracker": "GOIT", "name": "Skikda-Berrahal LPG Pipelines \u00b7 Pipeline 1", "pipeline": "Skikda-Berrahal LPG Pipelines", "segment": "Pipeline 1", "fuel": "NGL", "countries": ["Algeria"], "sector": "energy", "owner": "Sonatrach [100.%]", "parent": "Sonatrach SpA [100.00%]", "start_year": null, "capacity": null, "capacity_units": null, "capacity_bcm_y": null, "capacity_boed": null, "length_km": 85.3, "diameter": "12 in", "start_location": "Skikda", "end_location": null, "raw_status": "operating", "dash_status": "operating", "project_id": "P7309", "url": "https://www.gem.wiki/Skikda-Berrahal_LPG_Pipelines", "last_updated": "2025-01-27", "release": "2026-07"}}, {"type": "Feature", "geometry": {"type": "MultiLineString", "coordinates": [[[6.90824, 36.876285], [6.68585, 36.262341]]]}, "properties": {"source": "GEM", "layer": "pipelines", "tracker": "GOIT", "name": "Skikda-El Khroub LPG Pipelines \u00b7 Pipeline 1", "pipeline": "Skikda-El Khroub LPG Pipelines", "segment": "Pipeline 1", "fuel": "NGL", "countries": ["Algeria"], "sector": "energy", "owner": "Sonatrach [100.%]", "parent": "Sonatrach SpA [100.00%]", "start_year": null, "capacity": null, "capacity_units": null, "capacity_bcm_y": null, "capacity_boed": null, "length_km": 104.61, "diameter": "16 in", "start_location": "Skikda", "end_location": null, "raw_status": "operating", "dash_status": "operating", "project_id": "P7306", "url": "https://www.gem.wiki/Skikda-El_Khroub_LPG_Pipelines", "last_updated": "2025-01-27", "release": "2026-07"}}, {"type": "Feature", "geometry": {"type": "MultiLineString", "coordinates": [[[29.6825, 31.051011], [29.683471, 31.047842], [29.683739, 31.047024], [29.684061, 31.046721], [29.684458, 31.046178], [29.68494, 31.045213], [29.686174, 31.041086], [29.690262, 31.035359], [29.690884, 31.034688], [29.691112, 31.034362], [29.691182, 31.034262], [29.696817, 31.026202], [29.704525, 31.014938], [29.707439, 31.010719], [29.707943, 31.009781], [29.708319, 31.009201], [29.708319, 31.008815], [29.708286, 31.008502], [29.708361, 31.008357], [29.708707, 31.00804], [29.709198, 31.007482], [29.709306, 31.007408], [29.709627, 31.007316], [29.709971, 31.007234], [29.712181, 31.005072], [29.717481, 31.000217], [29.718071, 30.999463], [29.720517, 30.997154], [29.723618, 30.993632], [29.727201, 30.990192], [29.730913, 30.986992], [29.733306, 30.985051], [29.735538, 30.983], [29.736607, 30.982288], [29.737219, 30.981763], [29.73793, 30.981203], [29.737949, 30.980753], [29.736804, 30.978775]], [[32.321402, 29.606988], [32.321209, 29.607202], [32.320984, 29.607268], [32.320479, 29.607389], [32.319965, 29.607501], [32.319535, 29.607604], [32.319015, 29.607728], [32.318311, 29.607919], [32.304955, 29.612189], [32.304384, 29.612396], [32.30294, 29.612678], [32.293626, 29.614353], [32.278691, 29.616965], [32.270022, 29.618607], [32.260495, 29.61995], [32.252698, 29.620937], [32.251655, 29.621069], [32.245131, 29.62189], [32.234059, 29.622561], [32.218266, 29.623457], [32.212258, 29.623904], [32.210628, 29.62383], [32.209683, 29.623979], [32.208911, 29.624501], [32.208053, 29.624501], [32.183591, 29.623755], [32.155009, 29.625471], [32.144538, 29.625695], [32.13544, 29.625919], [32.134152, 29.626217], [32.107976, 29.63431], [32.106112, 29.634887], [32.104712, 29.635319], [32.078706, 29.643898], [32.060853, 29.650462], [32.050206, 29.653814], [32.040946, 29.654796], [32.030582, 29.655865], [32.018064, 29.657167], [32.008668, 29.656532], [31.97717, 29.654314], [31.945325, 29.651358], [31.930734, 29.650462], [31.912194, 29.651656], [31.899663, 29.653744], [31.881358, 29.657279], [31.880653, 29.657415], [31.874944, 29.658518], [31.854516, 29.66359], [31.847306, 29.667319], [31.819669, 29.671943], [31.804048, 29.677163], [31.793233, 29.678356], [31.78053, 29.677163], [31.773835, 29.677163], [31.751863, 29.683128], [31.739331, 29.695208], [31.692296, 29.722344], [31.662084, 29.734865], [31.651097, 29.738741], [31.604062, 29.737548], [31.586553, 29.740976], [31.551705, 29.764672], [31.527329, 29.77406], [31.503125, 29.773911], [31.467849, 29.764672], [31.448794, 29.774954], [31.437636, 29.77853], [31.428195, 29.778232], [31.425231, 29.778326], [31.424055, 29.778287], [31.423475, 29.777977], [31.421019, 29.776129], [31.415615, 29.774488], [31.409482, 29.772653], [31.404643, 29.771167], [31.400073, 29.769836], [31.392854, 29.76764], [31.392377, 29.767627], [31.390055, 29.768286], [31.387003, 29.769139], [31.381212, 29.77078], [31.37566, 29.77246], [31.374246, 29.77286], [31.373189, 29.773506], [31.370345, 29.776039], [31.367442, 29.778649], [31.362887, 29.782577], [31.360044, 29.785096], [31.357327, 29.787544], [31.3556, 29.789056], [31.353501, 29.790193], [31.352295, 29.79058], [31.348243, 29.794809], [31.332922, 29.801066], [31.324607, 29.802034], [31.321109, 29.803151], [31.316636, 29.806931], [31.314887, 29.807955], [31.31118, 29.807685], [31.310429, 29.807385], [31.308667, 29.806637], [31.302114, 29.80252], [31.300827, 29.801841], [31.299617, 29.801156], [31.287121, 29.802308], [31.279685, 29.801], [31.278473, 29.80127], [31.273989, 29.800279], [31.271373, 29.802516], [31.268605, 29.802585], [31.268372, 29.802723], [31.267192, 29.802867], [31.265202, 29.806074], [31.259424, 29.806568], [31.259258, 29.807187], [31.255492, 29.807154], [31.246984, 29.807229], [31.243991, 29.807042], [31.242156, 29.80654], [31.23794, 29.805022], [31.235574, 29.805148], [31.234994, 29.804631], [31.233401, 29.804752], [31.232371, 29.805004], [31.227479, 29.804817], [31.225483, 29.803696], [31.216729, 29.803933], [31.205238, 29.805292], [31.20317, 29.806791], [31.189358, 29.818031], [31.163975, 29.83819], [31.160341, 29.840139], [31.14817, 29.844936], [31.130544, 29.855997], [31.129813, 29.856435], [31.129188, 29.856933], [31.117314, 29.868487], [31.101733, 29.882022], [31.099013, 29.884509], [31.099019, 29.884841], [31.100113, 29.885675], [31.10013, 29.886005], [31.097994, 29.888039], [31.09277, 29.893025], [31.091326, 29.894294], [31.087996, 29.897039], [31.078604, 29.904695], [31.063394, 29.916981], [31.046416, 29.929201], [31.030623, 29.940949], [31.010038, 29.957084], [30.964688, 29.992635], [30.96226, 29.994538], [30.960324, 29.996172], [30.956997, 29.998656], [30.956882, 29.998742], [30.951316, 30.003102], [30.950359, 30.003862], [30.928721, 30.019966], [30.735563, 30.156488], [30.731439, 30.159418], [30.708699, 30.175575], [30.696235, 30.184412], [30.673666, 30.20046], [30.658194, 30.210905], [30.639331, 30.224348], [30.635413, 30.227139], [30.634389, 30.227869], [30.582515, 30.264108], [30.558944, 30.280602], [30.519301, 30.308328], [30.51002, 30.314913], [30.477051, 30.334306], [30.443426, 30.352907], [30.370339, 30.393415], [30.337436, 30.416916], [30.319562, 30.428323], [30.293652, 30.445196], [30.291925, 30.446482], [30.290476, 30.44823], [30.285122, 30.455758], [30.273991, 30.46668], [30.225105, 30.514302], [30.152085, 30.585068], [30.141608, 30.595123], [30.103875, 30.631745], [30.082476, 30.652588], [30.055794, 30.67829], [30.036927, 30.696422], [30.032383, 30.700285], [30.029328, 30.702898], [30.029454, 30.704782], [30.024583, 30.709017], [30.021806, 30.711543], [30.019527, 30.713651], [30.012465, 30.720299], [30.005679, 30.726776], [29.98663, 30.744939], [29.968139, 30.760286], [29.920337, 30.79894], [29.905493, 30.810938], [29.885735, 30.825406], [29.881253, 30.826869], [29.875965, 30.830179], [29.775355, 30.879565], [29.768718, 30.885023], [29.739416, 30.934736], [29.730542, 30.950267], [29.727664, 30.955821], [29.726944, 30.960757], [29.729583, 30.966721], [29.736804, 30.978775]]]}, "properties": {"source": "GEM", "layer": "pipelines", "tracker": "GOIT", "name": "Sumed Oil Pipeline \u00b7 Pipeline 1", "pipeline": "Sumed Oil Pipeline", "segment": "Pipeline 1", "fuel": "Oil", "countries": ["Egypt"], "sector": "energy", "owner": "Arab Petroleum Pipelines Co (SUMED) [100.%]", "parent": "Egyptian General Petroleum Corp [50.00%]; International Petroleum Investment Company PJSC [15.00%]; Saudi Arabian Oil Co [15.00%]; Kuwait Investment Authority [5.00%]; Kuwait Investment Company KSCP [5.00%]; Kuwait Pipes Industries & Oil Services Co KSC [5.00%]; QatarEnergy [unknown %]", "start_year": "1977", "capacity": 1250000.0, "capacity_units": "bpd", "capacity_bcm_y": null, "capacity_boed": 1250000.0, "length_km": 320.0, "diameter": "42 in", "start_location": "Ain Sukhna terminal", "end_location": "Sidi Kerir", "raw_status": "operating", "dash_status": "operating", "project_id": "P0530", "url": "https://www.gem.wiki/Sumed_Oil_Pipeline", "last_updated": "2023-04-26", "release": "2026-07"}}, {"type": "Feature", "geometry": {"type": "MultiLineString", "coordinates": [[[21.1056, 29.4846], [21.0967, 29.4845], [19.1429, 30.1895], [18.9739, 30.2487], [18.9357, 30.2745], [18.7671, 30.3305], [18.6493, 30.3865], [18.551, 30.4723]]]}, "properties": {"source": "GEM", "layer": "pipelines", "tracker": "GOIT", "name": "Amal-Ra's Lanuf Oil Pipeline \u00b7 Pipeline 2", "pipeline": "Amal-Ra's Lanuf Oil Pipeline", "segment": "Pipeline 2", "fuel": "Oil", "countries": ["Libya"], "sector": "energy", "owner": "Libyan National Oil Corp [88.%]; Suncor Energy [12.%]", "parent": "National Oil Corp [88.00%]; Suncor Energy Inc [12.00%]", "start_year": null, "capacity": 23.75, "capacity_units": "mtpa", "capacity_bcm_y": null, "capacity_boed": 476999.99, "length_km": 272.4, "diameter": "36.0 in", "start_location": "Amal oilfield", "end_location": "Ra's Lanuf", "raw_status": "operating", "dash_status": "operating", "project_id": "P3702", "url": "https://www.gem.wiki/Amal-Ra%27s_Lanuf_Oil_Pipeline", "last_updated": "2022-03-02", "release": "2026-07"}}, {"type": "Feature", "geometry": {"type": "MultiLineString", "coordinates": [[[17.8747, 30.0913], [17.8771, 30.1145], [17.9284, 30.1793], [17.9997, 30.2391], [18.0205, 30.2497], [18.0808, 30.2931], [18.2866, 30.6074], [18.332, 30.628], [18.3594, 30.6358], [18.3644, 30.6352]]]}, "properties": {"source": "GEM", "layer": "pipelines", "tracker": "GOIT", "name": "Bahi Gathering-Sidra Oil Pipelines \u00b7 Pipeline 2", "pipeline": "Bahi Gathering-Sidra Oil Pipelines", "segment": "Pipeline 2", "fuel": "Oil", "countries": ["Libya"], "sector": "energy", "owner": "Libyan National Oil Corp [59.18%]; ConocoPhillips [16.33%]; TotalEnergies SE [16.33%]; Hess Corp [8.16%]", "parent": "National Oil Corp [59.18%]; ConocoPhillips Corp [16.33%]; TotalEnergies SE [16.33%]; Hess Corp [8.16%]", "start_year": null, "capacity": 20.91, "capacity_units": "mtpa", "capacity_bcm_y": null, "capacity_boed": 420000.0, "length_km": 70.84, "diameter": "30.0 in", "start_location": "Bahi gathering", "end_location": "Sidra terminal", "raw_status": "operating", "dash_status": "operating", "project_id": "P3716", "url": "https://www.gem.wiki/Bahi_Gathering-Sidra_Oil_Pipelines", "last_updated": "2023-02-07", "release": "2026-07"}}, {"type": "Feature", "geometry": {"type": "MultiLineString", "coordinates": [[[31.299122, 30.148662], [32.377841, 29.723419]]]}, "properties": {"source": "GEM", "layer": "pipelines", "tracker": "GOIT", "name": "El-Hafair-Musturad Oil Pipelines \u00b7 Pipeline 2", "pipeline": "El-Hafair-Musturad Oil Pipelines", "segment": "Pipeline 2", "fuel": "Oil", "countries": ["Egypt"], "sector": "energy", "owner": "Egyptian General Petroleum Corporation (EGPC) [100.%]", "parent": "unknown [unknown %]", "start_year": null, "capacity": 85000.0, "capacity_units": "bpd", "capacity_bcm_y": null, "capacity_boed": 85000.0, "length_km": 115.0, "diameter": "24 in", "start_location": null, "end_location": null, "raw_status": "operating", "dash_status": "operating", "project_id": "P7978", "url": "https://www.gem.wiki/El-Hafair-Musturad_Oil_Pipelines", "last_updated": "2026-03-15", "release": "2026-07"}}, {"type": "Feature", "geometry": {"type": "MultiLineString", "coordinates": [[[10.338209, 34.451479], [10.338577, 34.454517]], [[10.071502, 33.892517], [9.982712, 34.243081], [10.585821, 34.602646]]]}, "properties": {"source": "GEM", "layer": "pipelines", "tracker": "GOIT", "name": "Hasdrubal-Gabes LPG Pipelines \u00b7 Pipeline 2", "pipeline": "Hasdrubal-Gabes LPG Pipelines", "segment": "Pipeline 2", "fuel": "NGL", "countries": ["Tunisia"], "sector": "energy", "owner": "Entreprise Tunisienne d'Activit\u00e9s P\u00e9troli\u00e8res [100.%]", "parent": "unknown [unknown %]", "start_year": "2014", "capacity": null, "capacity_units": null, "capacity_bcm_y": null, "capacity_boed": null, "length_km": 130.0, "diameter": "6 in", "start_location": "Hasdrubal", "end_location": null, "raw_status": "operating", "dash_status": "operating", "project_id": "P7901", "url": "https://www.gem.wiki/Hasdrubal-Gabes_LPG_Pipelines", "last_updated": "2026-02-02", "release": "2026-07"}}, {"type": "Feature", "geometry": {"type": "MultiLineString", "coordinates": [[[3.120779, 36.671152], [2.823361, 36.472803]]]}, "properties": {"source": "GEM", "layer": "pipelines", "tracker": "GOIT", "name": "Sidi Arcine-Blida LPG Pipelines \u00b7 Pipeline 2", "pipeline": "Sidi Arcine-Blida LPG Pipelines", "segment": "Pipeline 2", "fuel": "NGL", "countries": ["Algeria"], "sector": "energy", "owner": "Sonatrach [100.%]", "parent": "Sonatrach SpA [100.00%]", "start_year": null, "capacity": null, "capacity_units": null, "capacity_bcm_y": null, "capacity_boed": null, "length_km": 38.62, "diameter": "10 in", "start_location": "Sidi Arcine", "end_location": null, "raw_status": "operating", "dash_status": "operating", "project_id": "P7305", "url": "https://www.gem.wiki/Sidi_Arcine-Blida_LPG_Pipelines", "last_updated": "2025-01-27", "release": "2026-07"}}, {"type": "Feature", "geometry": {"type": "MultiLineString", "coordinates": [[[6.908936, 36.883473], [7.462164, 36.831198]]]}, "properties": {"source": "GEM", "layer": "pipelines", "tracker": "GOIT", "name": "Skikda-Berrahal LPG Pipelines \u00b7 Pipeline 2", "pipeline": "Skikda-Berrahal LPG Pipelines", "segment": "Pipeline 2", "fuel": "NGL", "countries": ["Algeria"], "sector": "energy", "owner": "Sonatrach [100.%]", "parent": "Sonatrach SpA [100.00%]", "start_year": null, "capacity": null, "capacity_units": null, "capacity_bcm_y": null, "capacity_boed": null, "length_km": 85.3, "diameter": "8 in", "start_location": "Skikda", "end_location": null, "raw_status": "operating", "dash_status": "operating", "project_id": "P7310", "url": "https://www.gem.wiki/Skikda-Berrahal_LPG_Pipelines", "last_updated": "2025-01-27", "release": "2026-07"}}, {"type": "Feature", "geometry": {"type": "MultiLineString", "coordinates": [[[6.90824, 36.876285], [6.68585, 36.262341]]]}, "properties": {"source": "GEM", "layer": "pipelines", "tracker": "GOIT", "name": "Skikda-El Khroub LPG Pipelines \u00b7 Pipeline 2", "pipeline": "Skikda-El Khroub LPG Pipelines", "segment": "Pipeline 2", "fuel": "NGL", "countries": ["Algeria"], "sector": "energy", "owner": "Sonatrach [100.%]", "parent": "Sonatrach SpA [100.00%]", "start_year": null, "capacity": null, "capacity_units": null, "capacity_bcm_y": null, "capacity_boed": null, "length_km": 90.12, "diameter": "12 in", "start_location": "Skikda", "end_location": null, "raw_status": "operating", "dash_status": "operating", "project_id": "P7307", "url": "https://www.gem.wiki/Skikda-El_Khroub_LPG_Pipelines", "last_updated": "2025-01-27", "release": "2026-07"}}, {"type": "Feature", "geometry": {"type": "MultiLineString", "coordinates": [[[29.672203, 31.053945], [29.651166, 31.092632], [29.595833, 31.09259]], [[29.672431, 31.05412], [29.651166, 31.093532], [29.614586, 31.10763]], [[29.672677, 31.05429], [29.634703, 31.125353]], [[32.321402, 29.606988], [32.321209, 29.607202], [32.320984, 29.607268], [32.320479, 29.607389], [32.319965, 29.607501], [32.319535, 29.607604], [32.319015, 29.607728], [32.318311, 29.607919], [32.304955, 29.612189], [32.304384, 29.612396], [32.30294, 29.612678], [32.293626, 29.614353], [32.278691, 29.616965], [32.270022, 29.618607], [32.260495, 29.61995], [32.252698, 29.620937], [32.251655, 29.621069], [32.245131, 29.62189], [32.234059, 29.622561], [32.218266, 29.623457], [32.212258, 29.623904], [32.210628, 29.62383], [32.209683, 29.623979], [32.208911, 29.624501], [32.208053, 29.624501], [32.183591, 29.623755], [32.155009, 29.625471], [32.144538, 29.625695], [32.13544, 29.625919], [32.134152, 29.626217], [32.107976, 29.63431], [32.106112, 29.634887], [32.104712, 29.635319], [32.078706, 29.643898], [32.060853, 29.650462], [32.050206, 29.653814], [32.040946, 29.654796], [32.030582, 29.655865], [32.018064, 29.657167], [32.008668, 29.656532], [31.97717, 29.654314], [31.945325, 29.651358], [31.930734, 29.650462], [31.912194, 29.651656], [31.899663, 29.653744], [31.881358, 29.657279], [31.880653, 29.657415], [31.874944, 29.658518], [31.854516, 29.66359], [31.847306, 29.667319], [31.819669, 29.671943], [31.804048, 29.677163], [31.793233, 29.678356], [31.78053, 29.677163], [31.773835, 29.677163], [31.751863, 29.683128], [31.739331, 29.695208], [31.692296, 29.722344], [31.662084, 29.734865], [31.651097, 29.738741], [31.604062, 29.737548], [31.586553, 29.740976], [31.551705, 29.764672], [31.527329, 29.77406], [31.503125, 29.773911], [31.467849, 29.764672], [31.448794, 29.774954], [31.437636, 29.77853], [31.428195, 29.778232], [31.425231, 29.778326], [31.424055, 29.778287], [31.423475, 29.777977], [31.421019, 29.776129], [31.415615, 29.774488], [31.409482, 29.772653], [31.404643, 29.771167], [31.400073, 29.769836], [31.392854, 29.76764], [31.392377, 29.767627], [31.390055, 29.768286], [31.387003, 29.769139], [31.381212, 29.77078], [31.37566, 29.77246], [31.374246, 29.77286], [31.373189, 29.773506], [31.370345, 29.776039], [31.367442, 29.778649], [31.362887, 29.782577], [31.360044, 29.785096], [31.357327, 29.787544], [31.3556, 29.789056], [31.353501, 29.790193], [31.352295, 29.79058], [31.348243, 29.794809], [31.332922, 29.801066], [31.324607, 29.802034], [31.321109, 29.803151], [31.316636, 29.806931], [31.314887, 29.807955], [31.31118, 29.807685], [31.310429, 29.807385], [31.308667, 29.806637], [31.302114, 29.80252], [31.300827, 29.801841], [31.299617, 29.801156], [31.287121, 29.802308], [31.279685, 29.801], [31.278473, 29.80127], [31.273989, 29.800279], [31.271373, 29.802516], [31.268605, 29.802585], [31.268372, 29.802723], [31.267192, 29.802867], [31.265202, 29.806074], [31.259424, 29.806568], [31.259258, 29.807187], [31.255492, 29.807154], [31.246984, 29.807229], [31.243991, 29.807042], [31.242156, 29.80654], [31.23794, 29.805022], [31.235574, 29.805148], [31.234994, 29.804631], [31.233401, 29.804752], [31.232371, 29.805004], [31.227479, 29.804817], [31.225483, 29.803696], [31.216729, 29.803933], [31.205238, 29.805292], [31.20317, 29.806791], [31.189358, 29.818031], [31.163975, 29.83819], [31.160341, 29.840139], [31.14817, 29.844936], [31.130544, 29.855997], [31.129813, 29.856435], [31.129188, 29.856933], [31.117314, 29.868487], [31.101733, 29.882022], [31.099013, 29.884509], [31.099019, 29.884841], [31.100113, 29.885675], [31.10013, 29.886005], [31.097994, 29.888039], [31.09277, 29.893025], [31.091326, 29.894294], [31.087996, 29.897039], [31.078604, 29.904695], [31.063394, 29.916981], [31.046416, 29.929201], [31.030623, 29.940949], [31.010038, 29.957084], [30.964688, 29.992635], [30.96226, 29.994538], [30.960324, 29.996172], [30.956997, 29.998656], [30.956882, 29.998742], [30.951316, 30.003102], [30.950359, 30.003862], [30.928721, 30.019966], [30.735563, 30.156488], [30.731439, 30.159418], [30.708699, 30.175575], [30.696235, 30.184412], [30.673666, 30.20046], [30.658194, 30.210905], [30.639331, 30.224348], [30.635413, 30.227139], [30.634389, 30.227869], [30.582515, 30.264108], [30.558944, 30.280602], [30.519301, 30.308328], [30.51002, 30.314913], [30.477051, 30.334306], [30.443426, 30.352907], [30.370339, 30.393415], [30.337436, 30.416916], [30.319562, 30.428323], [30.293652, 30.445196], [30.291925, 30.446482], [30.290476, 30.44823], [30.285122, 30.455758], [30.273991, 30.46668], [30.225105, 30.514302], [30.152085, 30.585068], [30.141608, 30.595123], [30.103875, 30.631745], [30.082476, 30.652588], [30.055794, 30.67829], [30.036927, 30.696422], [30.032383, 30.700285], [30.029328, 30.702898], [30.029454, 30.704782], [30.024583, 30.709017], [30.021806, 30.711543], [30.019527, 30.713651], [30.012465, 30.720299], [30.005679, 30.726776], [29.98663, 30.744939], [29.968139, 30.760286], [29.920337, 30.79894], [29.905493, 30.810938], [29.885817, 30.826763], [29.883746, 30.828435], [29.883387, 30.828987], [29.872652, 30.846182], [29.753637, 30.966451], [29.750816, 30.969689], [29.749313, 30.971078], [29.747565, 30.97278], [29.73837, 30.98059], [29.735538, 30.983], [29.733306, 30.985051], [29.730913, 30.986992], [29.727201, 30.990192], [29.723618, 30.993632], [29.720517, 30.997154], [29.718071, 30.999463], [29.717481, 31.000217], [29.712181, 31.005072], [29.709971, 31.007234], [29.709627, 31.007316], [29.709306, 31.007408], [29.709198, 31.007482], [29.708707, 31.00804], [29.708361, 31.008357], [29.708286, 31.008502], [29.708319, 31.008815], [29.708319, 31.009201], [29.707943, 31.009781], [29.707439, 31.010719], [29.704525, 31.014938], [29.696817, 31.026202], [29.691182, 31.034262], [29.691112, 31.034362], [29.690884, 31.034688], [29.690262, 31.035359], [29.686174, 31.041086], [29.68494, 31.045213], [29.684458, 31.046178], [29.684061, 31.046721], [29.683739, 31.047024], [29.683471, 31.047842], [29.6825, 31.051011]]]}, "properties": {"source": "GEM", "layer": "pipelines", "tracker": "GOIT", "name": "Sumed Oil Pipeline \u00b7 Pipeline 2", "pipeline": "Sumed Oil Pipeline", "segment": "Pipeline 2", "fuel": "Oil", "countries": ["Egypt"], "sector": "energy", "owner": "Arab Petroleum Pipelines Co (SUMED) [100.%]", "parent": "Egyptian General Petroleum Corp [50.00%]; International Petroleum Investment Company PJSC [15.00%]; Saudi Arabian Oil Co [15.00%]; Kuwait Investment Authority [5.00%]; Kuwait Investment Company KSCP [5.00%]; Kuwait Pipes Industries & Oil Services Co KSC [5.00%]; QatarEnergy [unknown %]", "start_year": "1977", "capacity": 1250000.0, "capacity_units": "bpd", "capacity_bcm_y": null, "capacity_boed": 1250000.0, "length_km": 320.0, "diameter": "42 in", "start_location": "Ain Sukhna terminal", "end_location": "Sidi Kerir", "raw_status": "operating", "dash_status": "operating", "project_id": "P5121", "url": "https://www.gem.wiki/Sumed_Oil_Pipeline", "last_updated": "2026-03-19", "release": "2026-07"}}, {"type": "Feature", "geometry": {"type": "MultiLineString", "coordinates": [[[6.90824, 36.876285], [6.68585, 36.262341]]]}, "properties": {"source": "GEM", "layer": "pipelines", "tracker": "GOIT", "name": "Skikda-El Khroub LPG Pipelines \u00b7 Pipeline 3", "pipeline": "Skikda-El Khroub LPG Pipelines", "segment": "Pipeline 3", "fuel": "NGL", "countries": ["Algeria"], "sector": "energy", "owner": "Sonatrach [100.%]", "parent": "Sonatrach SpA [100.00%]", "start_year": null, "capacity": null, "capacity_units": null, "capacity_bcm_y": null, "capacity_boed": null, "length_km": 91.73, "diameter": "10 in", "start_location": "Skikda", "end_location": null, "raw_status": "operating", "dash_status": "operating", "project_id": "P7308", "url": "https://www.gem.wiki/Skikda-El_Khroub_LPG_Pipelines", "last_updated": "2025-01-27", "release": "2026-07"}}, {"type": "Feature", "geometry": {"type": "MultiLineString", "coordinates": [[[7.106439, 4.764415], [7.371297, 5.117932], [7.543714, 6.451937]]]}, "properties": {"source": "GEM", "layer": "pipelines", "tracker": "GOIT", "name": "Nigeria Crude and Oil Products Pipeline Network \u00b7 Port Harcourt-Enugu Pipeline", "pipeline": "Nigeria Crude and Oil Products Pipeline Network", "segment": "Port Harcourt-Enugu Pipeline", "fuel": "Oil", "countries": ["Nigeria"], "sector": "energy", "owner": "--", "parent": "unknown [unknown %]", "start_year": null, "capacity": null, "capacity_units": null, "capacity_bcm_y": null, "capacity_boed": null, "length_km": 198.0, "diameter": null, "start_location": "Port Harcourt Refining Company (PHRC)", "end_location": "Enugu", "raw_status": "operating", "dash_status": "operating", "project_id": "P7937", "url": null, "last_updated": "2026-02-23", "release": "2026-07"}}, {"type": "Feature", "geometry": {"type": "MultiLineString", "coordinates": [[[21.64998, 29.217669], [20.053628, 30.836002]]]}, "properties": {"source": "GEM", "layer": "pipelines", "tracker": "GOIT", "name": "Nafoora\u2013Zueitina Oil Pipeline \u00b7 Replacement Pipeline", "pipeline": "Nafoora\u2013Zueitina Oil Pipeline", "segment": "Replacement Pipeline", "fuel": "Oil", "countries": ["Libya"], "sector": "energy", "owner": "Libyan National Oil Corp [100.%]", "parent": "National Oil Corp [100.00%]", "start_year": null, "capacity": null, "capacity_units": null, "capacity_bcm_y": null, "capacity_boed": null, "length_km": 68.5, "diameter": "12 in", "start_location": null, "end_location": "Zueitina Terminal", "raw_status": "shelved", "dash_status": "stalled", "project_id": "P5238", "url": "https://www.gem.wiki/Nafoora%E2%80%93Zueitina_Oil_Pipeline", "last_updated": "2025-01-15", "release": "2026-07"}}, {"type": "Feature", "geometry": {"type": "MultiLineString", "coordinates": [[[-1.314918, 34.881921], [-0.58668, 35.188796]]]}, "properties": {"source": "GEM", "layer": "pipelines", "tracker": "GOIT", "name": "Arzew\u2013Sidi Bel Abb\u00e8s-Tlemcen LPG Pipelines \u00b7 Sidi Bel Abb\u00e8s-Tlemcen Pipeline", "pipeline": "Arzew\u2013Sidi Bel Abb\u00e8s-Tlemcen LPG Pipelines", "segment": "Sidi Bel Abb\u00e8s-Tlemcen Pipeline", "fuel": "NGL", "countries": ["Algeria"], "sector": "energy", "owner": "Sonatrach [100.%]", "parent": "Sonatrach SpA [100.00%]", "start_year": null, "capacity": null, "capacity_units": null, "capacity_bcm_y": null, "capacity_boed": null, "length_km": 70.81, "diameter": "8 in", "start_location": "Sidi Bel Abb\u00e8s", "end_location": null, "raw_status": "operating", "dash_status": "operating", "project_id": "P7314", "url": "https://www.gem.wiki/Arzew%E2%80%93Sidi_Bel_Abb%C3%A8s%E2%80%93Tlemcen_LPG_Pipeline", "last_updated": "2026-01-14", "release": "2026-07"}}, {"type": "Feature", "geometry": {"type": "MultiLineString", "coordinates": [[[40.879, -2.218], [40.775, -2.197], [40.638, -2.332], [40.41, -2.348], [40.29, -2.246], [40.09, -2.223], [40.041, -1.445], [39.876, -1.204], [39.839, -0.994], [39.648, -0.711], [39.609, -0.469], [39.051, -0.738], [38.373, -0.778], [38.072, -0.416], [37.951, -0.491], [37.861, -0.386], [37.864, -0.124], [37.716, -0.03], [37.623, 0.346], [37.474, 0.889], [37.127, 0.928], [37.001, 0.74], [36.837, 0.884], [36.63, 0.72], [36.321, 0.817], [36.219, 0.744], [35.983, 1.135], [35.877, 1.145], [35.79, 1.323], [35.592, 1.348], [35.505, 1.656], [35.568, 1.84], [35.534, 2.009], [35.648, 2.287], [35.648, 2.351]]]}, "properties": {"source": "GEM", "layer": "pipelines", "tracker": "GOIT", "name": "Lamu Port-South Sudan (LAPSSET) Pipeline \u00b7 South Sudan\u2013Lokichar Oil Pipeline Segment", "pipeline": "Lamu Port-South Sudan (LAPSSET) Pipeline", "segment": "South Sudan\u2013Lokichar Oil Pipeline Segment", "fuel": "Oil", "countries": ["South Sudan", "Kenya"], "sector": "energy", "owner": "Tullow Oil [50.%]; TotalEnergies SE [25.%]; Africa Oil [25.%]", "parent": "Tullow Oil PLC [50.00%]; Africa Oil Corp [25.00%]; TotalEnergies SE [25.00%]", "start_year": "2024", "capacity": 160000.0, "capacity_units": "bpd", "capacity_bcm_y": null, "capacity_boed": 160000.0, "length_km": 1077.26, "diameter": null, "start_location": "South Sudan oil fields", "end_location": "Lokichar", "raw_status": "proposed", "dash_status": "announced", "project_id": "P0538", "url": "https://www.gem.wiki/Lamu_Port-South_Sudan_(LAPSSET)_Pipeline", "last_updated": "2026-02-25", "release": "2026-07"}}, {"type": "Feature", "geometry": {"type": "MultiLineString", "coordinates": [[[5.934231, 5.511782], [5.716701, 5.565934], [5.667763, 5.414771], [5.519216, 5.350041], [5.348531, 5.343661]]]}, "properties": {"source": "GEM", "layer": "pipelines", "tracker": "GOIT", "name": "Nigeria Crude and Oil Products Pipeline Network \u00b7 Ughelli-Forcados Terminal Pipeline", "pipeline": "Nigeria Crude and Oil Products Pipeline Network", "segment": "Ughelli-Forcados Terminal Pipeline", "fuel": "Oil", "countries": ["Nigeria"], "sector": "energy", "owner": "--", "parent": "unknown [unknown %]", "start_year": null, "capacity": null, "capacity_units": null, "capacity_bcm_y": null, "capacity_boed": null, "length_km": 79.0, "diameter": null, "start_location": "Ughelli", "end_location": "Forcados Terminal", "raw_status": "operating", "dash_status": "operating", "project_id": "P7935", "url": null, "last_updated": "2026-02-23", "release": "2026-07"}}, {"type": "Feature", "geometry": {"type": "MultiLineString", "coordinates": [[[32.3189, 29.608193], [32.303106, 29.613116], [32.253489, 29.621018], [32.219553, 29.623565], [32.222177, 29.628126], [32.228869, 29.639522], [32.231415, 29.644227], [32.231472, 29.647499], [32.232974, 29.650837], [32.244518, 29.662366], [32.249764, 29.665369], [32.255072, 29.672823], [32.256251, 29.673804], [32.256442, 29.675769], [32.255254, 29.677101], [32.253223, 29.681729], [32.253223, 29.684559], [32.254488, 29.688755], [32.255817, 29.699183], [32.254761, 29.713741], [32.254185, 29.718545], [32.250208, 29.724417], [32.247975, 29.727966], [32.245658, 29.732827], [32.244529, 29.738279], [32.246733, 29.747989], [32.248524, 29.755977], [32.250972, 29.765407], [32.257791, 29.775935], [32.26091, 29.780615], [32.27091, 29.790945], [32.278665, 29.796064], [32.288229, 29.80229], [32.287122, 29.807416], [32.285646, 29.808904], [32.274363, 29.81824], [32.271666, 29.835968], [32.270452, 29.839482], [32.269958, 29.844522], [32.270469, 29.851713], [32.26502, 29.855656], [32.262482, 29.858803], [32.260419, 29.864628], [32.258544, 29.869384], [32.256388, 29.872329], [32.250151, 29.87721], [32.241448, 29.883783], [32.234666, 29.88998], [32.231806, 29.891867], [32.227362, 29.893161], [32.223586, 29.893889], [32.22097, 29.895096], [32.216656, 29.904316], [32.215322, 29.905401], [32.211535, 29.90721], [32.209599, 29.908329], [32.207624, 29.912807], [32.20681, 29.914468], [32.204273, 29.916582], [32.198419, 29.921257], [32.189921, 29.929726], [32.182043, 29.937818], [32.176716, 29.942803], [32.165689, 29.952935], [32.160669, 29.957532], [32.150248, 29.964773], [32.147813, 29.966451], [32.135542, 29.970528], [32.126464, 29.975646], [32.109277, 29.986301], [32.1047, 29.989146], [32.098914, 29.994808], [32.09696, 30.005545], [32.093429, 30.018753], [32.094474, 30.033377], [32.094082, 30.050155], [32.097429, 30.061456]]]}, "properties": {"source": "GEM", "layer": "pipelines", "tracker": "GOIT", "name": "Agroud-Ain Sokhna Oil Pipeline \u00b7 Wadi Hagool-Ain Sokhna( Pipeline 2)", "pipeline": "Agroud-Ain Sokhna Oil Pipeline", "segment": "Wadi Hagool-Ain Sokhna( Pipeline 2)", "fuel": "Oil", "countries": ["Egypt"], "sector": "energy", "owner": "Egyptian General Petroleum Corp [100.%]", "parent": "Egyptian General Petroleum Corp [100.00%]", "start_year": null, "capacity": null, "capacity_units": null, "capacity_bcm_y": null, "capacity_boed": null, "length_km": 65.0, "diameter": "36 in", "start_location": "Suez", "end_location": null, "raw_status": "construction", "dash_status": "under_construction", "project_id": "P7315", "url": "https://www.gem.wiki/Agroud-Ain_Sokhna_Oil_Pipeline", "last_updated": "2026-02-10", "release": "2026-07"}}, {"type": "Feature", "geometry": {"type": "MultiLineString", "coordinates": [[[7.694751, 11.135645], [6.672609, 12.167108]]]}, "properties": {"source": "GEM", "layer": "pipelines", "tracker": "GOIT", "name": "Nigeria Crude and Oil Products Pipeline Network \u00b7 Zaria-Gusau Pipeline", "pipeline": "Nigeria Crude and Oil Products Pipeline Network", "segment": "Zaria-Gusau Pipeline", "fuel": "Oil", "countries": ["Nigeria"], "sector": "energy", "owner": "--", "parent": "unknown [unknown %]", "start_year": null, "capacity": null, "capacity_units": null, "capacity_bcm_y": null, "capacity_boed": null, "length_km": 160.0, "diameter": null, "start_location": "Zaria", "end_location": "Gusau", "raw_status": "operating", "dash_status": "operating", "project_id": "P7930", "url": null, "last_updated": "2026-02-23", "release": "2026-07"}}, {"type": "Feature", "geometry": {"type": "MultiLineString", "coordinates": [[[23.98815, 32.087853], [29.919524, 31.212477]]]}, "properties": {"source": "GEM", "layer": "pipelines", "tracker": "GOIT", "name": "Tobruk-Alexandria Oil Pipeline", "pipeline": "Tobruk-Alexandria Oil Pipeline", "segment": null, "fuel": "Oil", "countries": ["Libya", "Egypt"], "sector": "energy", "owner": "Libyan National Oil Corp [50.%]; Egyptian General Petroleum Corp [50.%]", "parent": "Egyptian General Petroleum Corp [50.00%]; National Oil Corp [50.00%]", "start_year": null, "capacity": 150000.0, "capacity_units": "bpd", "capacity_bcm_y": null, "capacity_boed": 150000.0, "length_km": 620.0, "diameter": null, "start_location": null, "end_location": "Alexandria", "raw_status": "cancelled", "dash_status": "stalled", "project_id": "P3719", "url": "https://www.gem.wiki/Tobruk-Alexandria_Oil_Pipeline", "last_updated": "2026-02-12", "release": "2026-07"}}, {"type": "Feature", "geometry": {"type": "MultiLineString", "coordinates": [[[31.330261, 1.452786], [33.464355, 1.01069], [33.969727, 1.329226], [35.244141, 1.37316], [35.969238, 1.208406], [37.375488, 0.900842], [38.144531, -0.131836], [38.979492, -0.175781], [40.962524, -2.048514]]]}, "properties": {"source": "GEM", "layer": "pipelines", "tracker": "GOIT", "name": "Uganda\u2013Kenya Crude Oil Pipeline (UKCOP)", "pipeline": "Uganda\u2013Kenya Crude Oil Pipeline (UKCOP)", "segment": null, "fuel": "Oil", "countries": ["Uganda", "Kenya"], "sector": "energy", "owner": "Tullow Oil; TotalEnergies SE; CNOOC Ltd", "parent": "CNOOC Ltd [unknown %]; TotalEnergies SE [unknown %]; Tullow Oil PLC [unknown %]", "start_year": null, "capacity": null, "capacity_units": null, "capacity_bcm_y": null, "capacity_boed": null, "length_km": 1500.0, "diameter": null, "start_location": "Hoima", "end_location": "Lamu Port", "raw_status": "cancelled", "dash_status": "stalled", "project_id": "P0540", "url": "https://www.gem.wiki/Uganda%E2%80%93Kenya_Crude_Oil_Pipeline_(UKCOP)", "last_updated": "2026-02-26", "release": "2026-07"}}, {"type": "Feature", "geometry": {"type": "MultiLineString", "coordinates": [[[3.055626, 36.753811], [1.372631, 36.17164], [-0.153078, 35.763206], [-0.328071, 35.839584]]]}, "properties": {"source": "GEM", "layer": "pipelines", "tracker": "GOIT", "name": "Arzew\u2013Chlef\u2013Algiers LPG Pipeline", "pipeline": "Arzew\u2013Chlef\u2013Algiers LPG Pipeline", "segment": null, "fuel": "NGL", "countries": ["Algeria"], "sector": "energy", "owner": "Sonatrach [100.%]", "parent": "Sonatrach SpA [100.00%]", "start_year": "2026", "capacity": null, "capacity_units": null, "capacity_bcm_y": null, "capacity_boed": null, "length_km": 424.0, "diameter": "12 in", "start_location": null, "end_location": null, "raw_status": "construction", "dash_status": "under_construction", "project_id": "P7289", "url": "https://www.gem.wiki/Arzew%E2%80%93Chlef%E2%80%93Algiers_LPG_Pipeline", "last_updated": "2026-01-08", "release": "2026-07"}}, {"type": "Feature", "geometry": {"type": "MultiLineString", "coordinates": [[[8.022653, 31.449481], [8.097623, 31.494773], [8.194459, 31.521405], [8.266305, 31.521405], [8.441235, 31.516079], [8.584927, 31.516079], [8.784847, 31.529393], [8.916044, 31.542705], [9.059737, 31.550692], [9.134707, 31.58263]]]}, "properties": {"source": "GEM", "layer": "pipelines", "tracker": "GOIT", "name": "El Borma-PC1/PK137 Oil Pipeline", "pipeline": "El Borma-PC1/PK137 Oil Pipeline", "segment": null, "fuel": "Oil", "countries": ["Algeria"], "sector": "energy", "owner": "Sonatrach [100.%]", "parent": "Sonatrach SpA [100.00%]", "start_year": null, "capacity": null, "capacity_units": null, "capacity_bcm_y": null, "capacity_boed": null, "length_km": 137.0, "diameter": "16 in", "start_location": null, "end_location": null, "raw_status": "construction", "dash_status": "under_construction", "project_id": "P7295", "url": "https://www.gem.wiki/El_Borma-PC1/PK137_Oil_Pipeline", "last_updated": "2026-01-05", "release": "2026-07"}}, {"type": "Feature", "geometry": {"type": "MultiLineString", "coordinates": [[[30.758215, 28.074732], [30.755001, 28.073237], [30.756228, 28.069474], [30.756929, 28.064628], [30.758727, 28.061141], [30.76343, 28.059149], [30.765687, 28.058153], [30.76343, 28.056825], [30.75741, 28.053339], [30.746686, 28.054335], [30.721101, 28.064794], [30.710834, 28.068143], [30.690752, 28.072572], [30.68345, 28.068545], [30.681168, 28.072572], [30.67706, 28.082237], [30.657434, 28.084251], [30.647393, 28.08264], [30.634368, 28.084601], [30.610517, 28.092416], [30.562134, 28.092416], [30.529608, 28.103263], [30.519872, 28.074243], [30.519809, 28.069997], [30.537822, 28.041172], [30.561565, 28.021263], [30.574929, 28.003344], [30.571748, 27.974077], [30.553391, 27.866027], [30.566464, 27.793949], [30.584736, 27.752743], [30.592823, 27.734341], [30.611398, 27.661177], [30.625878, 27.640997], [30.62974, 27.63176], [30.639586, 27.618418], [30.655771, 27.587631], [30.67421, 27.532974], [30.670544, 27.520435], [30.648183, 27.496699], [30.647816, 27.492797], [30.649811, 27.46804], [30.659006, 27.432889], [30.658299, 27.423786], [30.650872, 27.402124], [30.654826, 27.390887], [30.663995, 27.370846], [30.666463, 27.352994], [30.669989, 27.346103], [30.68868, 27.338585], [30.706337, 27.323604], [30.720412, 27.312558], [30.733202, 27.309763], [30.742847, 27.307341], [30.766955, 27.291906], [30.813927, 27.243752], [30.840694, 27.213837], [30.855955, 27.208583], [30.868262, 27.190632], [30.887199, 27.152939], [30.901015, 27.142931], [30.916384, 27.126573], [30.934465, 27.122013], [30.949833, 27.121209], [31.007836, 27.107483], [31.009516, 27.111502], [31.010881, 27.114306], [31.016341, 27.12309], [31.025371, 27.133276], [31.031339, 27.136551], [31.03056, 27.139048], [31.019909, 27.142978], [31.015493, 27.149358], [31.015772, 27.157791], [31.014726, 27.164488], [31.00854, 27.166974], [30.986007, 27.18662], [30.995972, 27.197333]]]}, "properties": {"source": "GEM", "layer": "pipelines", "tracker": "GOIT", "name": "El Minya-Asyut Oil Pipeline", "pipeline": "El Minya-Asyut Oil Pipeline", "segment": null, "fuel": "Oil", "countries": ["Egypt"], "sector": "energy", "owner": "Egyptian General Petroleum Corp [100.%]", "parent": "Egyptian General Petroleum Corp [100.00%]", "start_year": null, "capacity": null, "capacity_units": null, "capacity_bcm_y": null, "capacity_boed": null, "length_km": 140.0, "diameter": "16 in", "start_location": null, "end_location": null, "raw_status": "construction", "dash_status": "under_construction", "project_id": "P7316", "url": "https://www.gem.wiki/El_Minya-Asyut_Oil_Pipeline", "last_updated": "2026-02-10", "release": "2026-07"}}, {"type": "Feature", "geometry": {"type": "MultiLineString", "coordinates": [[[5.887573, 33.547713], [5.950047, 33.360065], [5.96879, 33.093535], [6.01877, 32.65278], [6.062502, 32.225698], [6.09374, 31.934554], [6.09374, 31.71426]]]}, "properties": {"source": "GEM", "layer": "pipelines", "tracker": "GOIT", "name": "Haoudh El Hamr-SP1 Bis Djmea Oil Pipeline", "pipeline": "Haoudh El Hamr-SP1 Bis Djmea Oil Pipeline", "segment": null, "fuel": "Oil", "countries": ["Algeria"], "sector": "energy", "owner": "Sonatrach [100.%]", "parent": "Sonatrach SpA [100.00%]", "start_year": null, "capacity": null, "capacity_units": null, "capacity_bcm_y": null, "capacity_boed": null, "length_km": 191.0, "diameter": "24 in", "start_location": "Haoudh El Hamra", "end_location": null, "raw_status": "construction", "dash_status": "under_construction", "project_id": "P7294", "url": "https://www.gem.wiki/Haoudh_El_Hamr-SP1_Bis_Djmea_Oil_Pipeline", "last_updated": "2026-01-05", "release": "2026-07"}}, {"type": "Feature", "geometry": {"type": "MultiLineString", "coordinates": [[[8.454706, 28.991234], [8.535923, 28.870942], [8.592151, 28.772417], [8.767081, 28.717641], [8.867041, 28.547653], [8.985743, 28.37739], [9.035723, 28.311409], [9.210653, 28.239882], [9.323107, 28.036045], [9.348097, 27.986404], [9.51678, 27.980887], [9.61674, 27.964334]]]}, "properties": {"source": "GEM", "layer": "pipelines", "tracker": "GOIT", "name": "In Amenas-Ohanet Oil Pipeline", "pipeline": "In Amenas-Ohanet Oil Pipeline", "segment": null, "fuel": "Oil", "countries": ["Algeria"], "sector": "energy", "owner": "Sonatrach [100.%]", "parent": "Sonatrach SpA [100.00%]", "start_year": null, "capacity": null, "capacity_units": null, "capacity_bcm_y": null, "capacity_boed": null, "length_km": 112.0, "diameter": "24 in", "start_location": "In Amenas", "end_location": null, "raw_status": "construction", "dash_status": "under_construction", "project_id": "P7292", "url": "https://www.gem.wiki/In_Amenas-Ohanet_Oil_Pipeline", "last_updated": "2026-01-05", "release": "2026-07"}}, {"type": "Feature", "geometry": {"type": "MultiLineString", "coordinates": [[[31.359089, 30.126532], [31.300005, 30.147996]]]}, "properties": {"source": "GEM", "layer": "pipelines", "tracker": "GOIT", "name": "Musturad-Huckstep Oil Pipeline", "pipeline": "Musturad-Huckstep Oil Pipeline", "segment": null, "fuel": "Oil", "countries": ["Egypt"], "sector": "energy", "owner": "General Petroleum Co [100.%]", "parent": "unknown [unknown %]", "start_year": null, "capacity": null, "capacity_units": null, "capacity_bcm_y": null, "capacity_boed": null, "length_km": 23.0, "diameter": "26 in", "start_location": "Musturad", "end_location": null, "raw_status": "construction", "dash_status": "under_construction", "project_id": "P7914", "url": "https://www.gem.wiki/Musturad-Huckstep_Oil_Pipeline", "last_updated": "2026-02-19", "release": "2026-07"}}, {"type": "Feature", "geometry": {"type": "MultiLineString", "coordinates": [[[8.023346, 31.472983], [6.073237, 31.68825]]]}, "properties": {"source": "GEM", "layer": "pipelines", "tracker": "GOIT", "name": "Rhoud El Baguel-Hassi Massaoud NGL Pipeline", "pipeline": "Rhoud El Baguel-Hassi Massaoud NGL Pipeline", "segment": null, "fuel": "NGL", "countries": ["Algeria"], "sector": "energy", "owner": "Sonatrach [100.%]", "parent": "Sonatrach SpA [100.00%]", "start_year": "2027", "capacity": 1000.0, "capacity_units": "Tn/d", "capacity_bcm_y": null, "capacity_boed": 7330.0, "length_km": 65.0, "diameter": "14 in", "start_location": "El Borma", "end_location": null, "raw_status": "construction", "dash_status": "under_construction", "project_id": "P7357", "url": "https://www.gem.wiki/Rhoud_El_Baguel-Hassi_Massaoud_NGL_Pipeline", "last_updated": "2026-01-05", "release": "2026-07"}}, {"type": "Feature", "geometry": {"type": "MultiLineString", "coordinates": [[[3.120614, 36.671762], [3.060205, 36.775572]]]}, "properties": {"source": "GEM", "layer": "pipelines", "tracker": "GOIT", "name": "Sidi Arcine-Port of Algiers LPG Pipeline", "pipeline": "Sidi Arcine-Port of Algiers LPG Pipeline", "segment": null, "fuel": "NGL", "countries": ["Algeria"], "sector": "energy", "owner": "Sonatrach [100.%]", "parent": "unknown [unknown %]", "start_year": null, "capacity": null, "capacity_units": null, "capacity_bcm_y": null, "capacity_boed": null, "length_km": 5.0, "diameter": "10 in", "start_location": "Sidi Arcine", "end_location": null, "raw_status": "construction", "dash_status": "under_construction", "project_id": "P7867", "url": "https://www.gem.wiki/Sidi_Arcine-Port_of_Algiers_LPG_Pipeline", "last_updated": "2026-01-13", "release": "2026-07"}}, {"type": "Feature", "geometry": {"type": "MultiLineString", "coordinates": [[[16.577243, 31.189792], [18.582836, 30.488707], [18.323899, 30.639956]]]}, "properties": {"source": "GEM", "layer": "pipelines", "tracker": "GOIT", "name": "Sirte-Ras Lanuf Terminal-Sidra Terminal Oil Pipeline", "pipeline": "Sirte-Ras Lanuf Terminal-Sidra Terminal Oil Pipeline", "segment": null, "fuel": "Oil", "countries": ["Libya"], "sector": "energy", "owner": "Libyan National Oil Corp [100.%]", "parent": "National Oil Corp [100.00%]", "start_year": null, "capacity": null, "capacity_units": null, "capacity_bcm_y": null, "capacity_boed": null, "length_km": 700.0, "diameter": null, "start_location": "Sirte basin oilfields", "end_location": null, "raw_status": "construction", "dash_status": "under_construction", "project_id": "P6433", "url": "https://www.gem.wiki/Sirte-Ra%27s_Lanuf_Terminal-Sidra_Terminal_Oil_Pipeline", "last_updated": "2026-01-15", "release": "2026-07"}}, {"type": "Feature", "geometry": {"type": "MultiLineString", "coordinates": [[[28.829871, 30.931172], [28.816478, 30.910844], [28.803072, 30.767045], [28.810912, 30.697978], [28.790155, 30.652802], [28.772839, 30.615502], [28.752708, 30.606548], [28.720986, 30.583864], [28.644481, 30.512976], [28.625012, 30.502056], [28.592289, 30.465071], [28.588958, 30.463737], [28.577629, 30.455071], [28.571856, 30.449554], [28.560605, 30.434406], [28.555979, 30.428209], [28.553382, 30.423516], [28.554268, 30.418419], [28.551603, 30.370219], [28.548063, 30.288518], [28.548482, 30.275841], [28.550201, 30.214363], [28.552349, 30.142575], [28.553118, 30.088427], [28.555374, 30.024683], [28.562534, 29.820422], [28.562699, 29.810317], [28.560404, 29.804036], [28.558016, 29.791456]]]}, "properties": {"source": "GEM", "layer": "pipelines", "tracker": "GOIT", "name": "Abu Gharadig-El Hamra Oil Pipeline", "pipeline": "Abu Gharadig-El Hamra Oil Pipeline", "segment": null, "fuel": "Oil", "countries": ["Egypt"], "sector": "energy", "owner": "Apache Corp [66.67%]; China Petrochemical Corp [33.33%]", "parent": "APA Corp [66.67%]; China Petrochemical Corp [33.33%]", "start_year": "1973", "capacity": 60000.0, "capacity_units": "bpd", "capacity_bcm_y": null, "capacity_boed": 60000.0, "length_km": 140.0, "diameter": "12, 16 in", "start_location": "\u0650 Abu Gharadig Basin", "end_location": "El Hamra", "raw_status": "operating", "dash_status": "operating", "project_id": "P3688", "url": "https://www.gem.wiki/Abu_Gharadig-El_Hamra_Oil_Pipeline", "last_updated": "2023-01-23", "release": "2026-07"}}, {"type": "Feature", "geometry": {"type": "MultiLineString", "coordinates": [[[33.226062, 28.737347], [33.233963, 28.768029], [33.215983, 28.796854], [33.208246, 28.822052], [33.197255, 28.841685], [33.1913, 28.848948], [33.182321, 28.860705], [33.175607, 28.868639]]]}, "properties": {"source": "GEM", "layer": "pipelines", "tracker": "GOIT", "name": "Abu Rudis-Wadi Feran LPG Pipeline", "pipeline": "Abu Rudis-Wadi Feran LPG Pipeline", "segment": null, "fuel": "NGL", "countries": ["Egypt"], "sector": "energy", "owner": "Egyptian General Petroleum Corp [100.%]", "parent": "Egyptian General Petroleum Corp [100.00%]", "start_year": null, "capacity": null, "capacity_units": null, "capacity_bcm_y": null, "capacity_boed": null, "length_km": 13.0, "diameter": "12 in", "start_location": "Abu Rudis", "end_location": null, "raw_status": "operating", "dash_status": "operating", "project_id": "P7339", "url": "https://www.gem.wiki/Abu_Rudis-Wadi_Feran_LPG_Pipeline", "last_updated": "2025-01-30", "release": "2026-07"}}, {"type": "Feature", "geometry": {"type": "MultiLineString", "coordinates": [[[28.829871, 30.931172], [28.816478, 30.910844], [28.803072, 30.767045], [28.810912, 30.697978], [28.790155, 30.652802], [28.772839, 30.615502], [28.752708, 30.606548], [28.720986, 30.583864], [28.644481, 30.512976], [28.625012, 30.502056], [28.592289, 30.465071], [28.588958, 30.463737], [28.577629, 30.455071], [28.571856, 30.449554], [28.560605, 30.434406], [28.555979, 30.428209], [28.553382, 30.423516], [28.554268, 30.418419], [28.551603, 30.370219], [28.548063, 30.288518], [28.548482, 30.275841], [28.550201, 30.214363], [28.552349, 30.142575], [28.553118, 30.088427], [28.555374, 30.024683], [28.562534, 29.820422], [28.562699, 29.810317], [28.560404, 29.804036], [28.558016, 29.791456], [28.566602, 29.780487], [28.589599, 29.766068], [28.629247, 29.729892], [28.636026, 29.718447], [28.636026, 29.718467]]]}, "properties": {"source": "GEM", "layer": "pipelines", "tracker": "GOIT", "name": "Abu Sennan-El Hamra Oil Pipeline", "pipeline": "Abu Sennan-El Hamra Oil Pipeline", "segment": null, "fuel": "Oil", "countries": ["Egypt"], "sector": "energy", "owner": "Egyptian General Petroleum Corp [100.%]", "parent": "Egyptian General Petroleum Corp [100.00%]", "start_year": "2022", "capacity": 50000.0, "capacity_units": "bpd", "capacity_bcm_y": null, "capacity_boed": 50000.0, "length_km": 170.0, "diameter": "12.0 in", "start_location": "Abu Sennan area, Western Desert", "end_location": "El Hamara terminal", "raw_status": "operating", "dash_status": "operating", "project_id": "P3701", "url": "https://www.gem.wiki/Abu_Sennan-El_Hamra_Oil_Pipeline", "last_updated": "2023-01-18", "release": "2026-07"}}, {"type": "Feature", "geometry": {"type": "MultiLineString", "coordinates": [[[22.11642, 28.839234], [20.053628, 30.836002]]]}, "properties": {"source": "GEM", "layer": "pipelines", "tracker": "GOIT", "name": "Abu-Attifel- Zueitina Oil Pipeline", "pipeline": "Abu-Attifel- Zueitina Oil Pipeline", "segment": null, "fuel": "Oil", "countries": ["Libya"], "sector": "energy", "owner": "Libyan National Oil Corp [81.%]; OMV [19.%]", "parent": "National Oil Corp [81.00%]; OMV AG [19.00%]", "start_year": null, "capacity": null, "capacity_units": null, "capacity_bcm_y": null, "capacity_boed": null, "length_km": 212.0, "diameter": "40 in", "start_location": null, "end_location": "Zueitina Terminal", "raw_status": "operating", "dash_status": "operating", "project_id": "P5225", "url": "https://www.gem.wiki/Abu-Attifel-Zueitina_Oil_Pipeline", "last_updated": "2023-02-10", "release": "2026-07"}}, {"type": "Feature", "geometry": {"type": "MultiLineString", "coordinates": [[[12.916138, 15.788832], [9.000079, 13.801335]]]}, "properties": {"source": "GEM", "layer": "pipelines", "tracker": "GOIT", "name": "Agadem-Zinder Oil Pipeline", "pipeline": "Agadem-Zinder Oil Pipeline", "segment": null, "fuel": "Oil", "countries": ["Niger"], "sector": "energy", "owner": "--", "parent": "unknown [unknown %]", "start_year": "2011", "capacity": null, "capacity_units": null, "capacity_bcm_y": null, "capacity_boed": null, "length_km": 463.0, "diameter": null, "start_location": "Agadem Oil Fields", "end_location": "Zinder Refinery", "raw_status": "operating", "dash_status": "operating", "project_id": "P7958", "url": null, "last_updated": "2026-02-26", "release": "2026-07"}}, {"type": "Feature", "geometry": {"type": "MultiLineString", "coordinates": [[[9.559843, 30.256345], [9.693552, 30.334514], [9.70423, 30.339122], [9.723497, 30.34393], [9.730229, 30.351142], [9.734176, 30.358954], [9.736729, 30.365163], [9.742765, 30.371372], [9.752746, 30.371372], [9.763889, 30.373175], [9.773174, 30.372974], [9.786174, 30.373976], [9.812869, 30.383188], [9.827726, 30.389796], [9.843047, 30.393], [9.846993, 30.394001], [9.851868, 30.396604], [9.866028, 30.41202], [9.878331, 30.423431], [9.884366, 30.429636], [9.889241, 30.432838], [9.904562, 30.444046], [9.937293, 30.453251], [9.946462, 30.453652], [9.960274, 30.464057], [9.982095, 30.479162], [9.990227, 30.512466], [9.991504, 30.516366], [9.993709, 30.520965], [9.993941, 30.522365], [9.994289, 30.538661], [9.994173, 30.550656], [9.993883, 30.566748], [10.000441, 30.581337], [10.001834, 30.583336], [10.01019, 30.589431], [10.032069, 30.606315], [10.038105, 30.624295], [10.066657, 30.688695], [10.071184, 30.695782], [10.098518, 30.733401], [10.105075, 30.743177], [10.108093, 30.747666], [10.110763, 30.753651], [10.118655, 30.770108], [10.123704, 30.783869], [10.123704, 30.785066], [10.123124, 30.78706], [10.12324, 30.788256], [10.123936, 30.792644], [10.127302, 30.801317], [10.13711, 30.816669], [10.1374, 30.818015], [10.137458, 30.828132], [10.139257, 30.832716], [10.144074, 30.838497], [10.148978, 30.846444], [10.161658, 30.859946], [10.163457, 30.862835], [10.163805, 30.865126], [10.163631, 30.866123], [10.163515, 30.867767], [10.163863, 30.874541], [10.163631, 30.88002], [10.163631, 30.882311], [10.162877, 30.884652], [10.162761, 30.885598], [10.163167, 30.886644], [10.164328, 30.888636], [10.168245, 30.896156], [10.168535, 30.897301], [10.168477, 30.901982], [10.166852, 30.905468], [10.16543, 30.9216], [10.163921, 30.942482], [10.162993, 30.956518], [10.163341, 30.959006], [10.163225, 30.961494], [10.161484, 30.973337], [10.156377, 31.007068], [10.16218, 31.032333], [10.161832, 31.038797], [10.156653, 31.06721], [10.156188, 31.069323], [10.156377, 31.070019], [10.153352, 31.184408], [10.093403, 31.245952], [10.024692, 31.303092], [9.890982, 31.414098], [9.861269, 31.429946], [9.834341, 31.47272], [9.819485, 31.49885], [9.821342, 31.517058], [9.800914, 31.547133], [9.799057, 31.591436], [9.792557, 31.602508], [9.789772, 31.63967], [9.770272, 31.69025], [9.758201, 31.750277], [9.763773, 31.792116], [9.772129, 31.904906], [9.735917, 32.072652], [9.695989, 32.252656], [9.685776, 32.360173], [9.678347, 32.451111], [9.663491, 32.6288], [9.691347, 32.84359], [9.718274, 33.054749], [9.724774, 33.115432], [9.668133, 33.646548], [9.710846, 33.710681], [9.712703, 33.739255], [9.745202, 33.833409], [9.799986, 33.962885], [9.853841, 34.08371], [9.941588, 34.291094], [10.028406, 34.390476], [10.084118, 34.381281], [10.12625, 34.332222]]]}, "properties": {"source": "GEM", "layer": "pipelines", "tracker": "GOIT", "name": "Ain Amenas-Skhira Oil Pipeline", "pipeline": "Ain Amenas-Skhira Oil Pipeline", "segment": null, "fuel": "Oil", "countries": ["Tunisia"], "sector": "energy", "owner": "Entreprise Tunisienne d'Activit\u00e9s P\u00e9troli\u00e8res [100.%]", "parent": "Entreprise Tunisienne d'Activit\u00e9s P\u00e9troli\u00e8res [100.00%]", "start_year": "1960", "capacity": 10.0, "capacity_units": "mtpa", "capacity_bcm_y": null, "capacity_boed": 200821.92, "length_km": 512.0, "diameter": "24 in", "start_location": null, "end_location": "Sikhra", "raw_status": "operating", "dash_status": "operating", "project_id": "P5442", "url": "https://www.gem.wiki/Algerian-Tunisian_Border-Skhira_Oil_Pipeline", "last_updated": "2026-02-18", "release": "2026-07"}}, {"type": "Feature", "geometry": {"type": "MultiLineString", "coordinates": [[[32.319917, 29.608393], [32.323872, 29.611088], [32.307785, 29.630277], [32.306701, 29.632569], [32.310772, 29.654868], [32.308226, 29.65707], [32.318695, 29.663126], [32.332233, 29.669118], [32.334848, 29.67218], [32.337586, 29.685227], [32.337925, 29.699311], [32.338132, 29.703118], [32.344434, 29.708844], [32.37252, 29.735636], [32.383217, 29.745404], [32.309278, 29.805259], [32.272702, 29.835917], [32.270913, 29.836422], [32.270205, 29.841006], [32.270039, 29.84458], [32.270497, 29.851762], [32.265017, 29.855646], [32.262506, 29.858838], [32.260167, 29.86526], [32.258465, 29.869561], [32.256324, 29.872486], [32.249792, 29.877454], [32.244815, 29.881247], [32.241666, 29.883591], [32.234609, 29.890042], [32.23169, 29.891921], [32.223657, 29.89395], [32.220982, 29.895148], [32.216702, 29.904375], [32.215176, 29.90544], [32.209502, 29.908382], [32.206728, 29.914584], [32.198492, 29.921243], [32.193232, 29.926434], [32.182113, 29.937843], [32.172925, 29.946271], [32.164907, 29.953628], [32.160612, 29.957563], [32.159867, 29.958117], [32.155202, 29.961327], [32.150319, 29.964737], [32.147771, 29.96648], [32.143306, 29.967965], [32.135886, 29.970417], [32.129956, 29.97366], [32.120565, 29.979292], [32.109078, 29.986404], [32.104615, 29.989214], [32.098893, 29.994814], [32.097388, 30.003197], [32.096975, 30.005536], [32.093421, 30.018831], [32.094456, 30.033668], [32.09399, 30.050286], [32.095541, 30.065077]]]}, "properties": {"source": "GEM", "layer": "pipelines", "tracker": "GOIT", "name": "Ain Sokhna-Al-Hafayer-Wadi hagool Oil Pipeline", "pipeline": "Ain Sokhna-Al-Hafayer-Wadi hagool Oil Pipeline", "segment": null, "fuel": "Oil", "countries": ["Egypt"], "sector": "energy", "owner": "Egyptian General Petroleum Corp [100.%]", "parent": "Egyptian General Petroleum Corp [100.00%]", "start_year": "2018", "capacity": null, "capacity_units": null, "capacity_bcm_y": null, "capacity_boed": null, "length_km": 42.0, "diameter": "30 in", "start_location": null, "end_location": null, "raw_status": "operating", "dash_status": "operating", "project_id": "P7327", "url": "https://www.gem.wiki/Ain_Sokhna-Al-Hafayer-Wadi_Hagool_Pipeline", "last_updated": "2026-02-10", "release": "2026-07"}}, {"type": "Feature", "geometry": {"type": "MultiLineString", "coordinates": [[[6.091397, 31.512402], [6.491236, 30.365702], [6.566206, 30.052558], [6.566206, 29.781808], [6.591196, 29.249014], [6.616186, 28.987034], [6.659919, 28.822958], [6.678661, 28.790112], [6.759879, 28.740823], [6.797364, 28.675068], [6.828601, 28.642175], [6.909818, 28.620241], [6.978541, 28.592817], [7.003531, 28.581845], [7.059758, 28.565386], [7.190956, 28.477557], [7.259678, 28.444602], [7.315905, 28.422627], [7.565805, 28.395151], [7.85319, 28.406142], [7.915665, 28.411638], [8.109337, 28.417132], [8.340494, 28.505011], [8.396722, 28.548923], [8.502929, 28.581845], [8.609136, 28.603787], [8.734086, 28.653141], [8.865283, 28.664105], [8.952748, 28.675068], [9.065203, 28.636692], [9.146421, 28.609272], [9.27137, 28.581845], [9.365083, 28.576359], [9.518146, 28.554411]]]}, "properties": {"source": "GEM", "layer": "pipelines", "tracker": "GOIT", "name": "Alrar-Hassi R'Mel LPG Pipeline", "pipeline": "Alrar-Hassi R'Mel LPG Pipeline", "segment": null, "fuel": "NGL", "countries": ["Algeria"], "sector": "energy", "owner": "Sonatrach [100.%]", "parent": "Sonatrach SpA [100.00%]", "start_year": "1996", "capacity": null, "capacity_units": null, "capacity_bcm_y": null, "capacity_boed": null, "length_km": 989.0, "diameter": "10,24 in", "start_location": "Alrar", "end_location": null, "raw_status": "operating", "dash_status": "operating", "project_id": "P7299", "url": "https://www.gem.wiki/Alrar-Hassi_R%27mel_LPG_Pipeline", "last_updated": "2025-01-27", "release": "2026-07"}}, {"type": "Feature", "geometry": {"type": "MultiLineString", "coordinates": [[[18.4968, 29.6621], [18.4984, 29.6947], [18.5058, 29.7506], [18.506, 29.8059], [18.5031, 29.8237], [18.4997, 30.455], [18.5444, 30.5064]]]}, "properties": {"source": "GEM", "layer": "pipelines", "tracker": "GOIT", "name": "Aseida Gathering-Ra's Lanuf Oil Pipeline", "pipeline": "Aseida Gathering-Ra's Lanuf Oil Pipeline", "segment": null, "fuel": "Oil", "countries": ["Libya"], "sector": "energy", "owner": "Libyan National Oil Corp [88.%]; Suncor Energy [12.%]", "parent": "Suncor Energy Inc [12.00%]; National Oil Corp [unknown %]", "start_year": null, "capacity": 12.45, "capacity_units": "mtpa", "capacity_bcm_y": null, "capacity_boed": 249999.99, "length_km": 87.81, "diameter": "30.0 in", "start_location": "Aseida gathering", "end_location": "Ra's Lanuf terminal", "raw_status": "operating", "dash_status": "operating", "project_id": "P0584", "url": "https://www.gem.wiki/Aseida_Gathering-Ra%27s_Lanuf_Oil_Pipeline", "last_updated": "2023-02-07", "release": "2026-07"}}, {"type": "Feature", "geometry": {"type": "MultiLineString", "coordinates": [[[31.68419, 26.567479], [31.681258, 26.565649], [31.675736, 26.561076], [31.65778, 26.543998], [31.630713, 26.529629], [31.618575, 26.526643], [31.612122, 26.523039], [31.603789, 26.517512], [31.584045, 26.50509], [31.565685, 26.505548], [31.544438, 26.510361], [31.532061, 26.508203], [31.520809, 26.50921], [31.516233, 26.508739], [31.514722, 26.505991], [31.502886, 26.506156], [31.500219, 26.50628], [31.49852, 26.508171], [31.495493, 26.508951], [31.492965, 26.508505], [31.491577, 26.509768], [31.491717, 26.512605], [31.491927, 26.514711], [31.490901, 26.515233], [31.4885, 26.514607], [31.48551, 26.515307], [31.48464, 26.515827], [31.48386, 26.515157], [31.482195, 26.515417], [31.481446, 26.515841], [31.480575, 26.517249], [31.479181, 26.518123], [31.477812, 26.518742], [31.476995, 26.520222], [31.475956, 26.522324], [31.475045, 26.523012], [31.474318, 26.522642], [31.47355, 26.522006], [31.471151, 26.523262], [31.469366, 26.523789], [31.465695, 26.521876], [31.465145, 26.520911], [31.463719, 26.522221], [31.461549, 26.522984], [31.461055, 26.523657], [31.458798, 26.524982], [31.457666, 26.525375], [31.45572, 26.52696], [31.454186, 26.527951], [31.45349, 26.528856], [31.452857, 26.529408], [31.452217, 26.529534], [31.451236, 26.529667], [31.450181, 26.529249], [31.449075, 26.529687], [31.448614, 26.530133], [31.448372, 26.531561], [31.447022, 26.531912], [31.445672, 26.531739], [31.445408, 26.531428], [31.440852, 26.530455], [31.438498, 26.531021], [31.436194, 26.53059], [31.434937, 26.530353], [31.432643, 26.530817], [31.430508, 26.529173], [31.429694, 26.529589], [31.427601, 26.530188], [31.427509, 26.529346], [31.426105, 26.529583], [31.424085, 26.529131], [31.4235, 26.528878], [31.422389, 26.52886], [31.420928, 26.528234], [31.419293, 26.527577], [31.403884, 26.522962], [31.398913, 26.523027], [31.39071, 26.52109], [31.383907, 26.519264], [31.37319, 26.516983], [31.356527, 26.51554], [31.347837, 26.509206], [31.345726, 26.513132], [31.336168, 26.52781], [31.333476, 26.532329], [31.326294, 26.559305], [31.321283, 26.576032], [31.320417, 26.590242], [31.309116, 26.605592], [31.28806, 26.632964], [31.281864, 26.63815], [31.278832, 26.643216], [31.275419, 26.659157], [31.275058, 26.676489], [31.272547, 26.68281], [31.267184, 26.685563], [31.238808, 26.693564], [31.230522, 26.695991], [31.225089, 26.699267], [31.219387, 26.716419], [31.204718, 26.734479], [31.186876, 26.769883], [31.179343, 26.79112], [31.16525, 26.816076], [31.139504, 26.85829], [31.135895, 26.948275], [31.134491, 26.97355], [31.098954, 27.014743], [31.027797, 27.088683], [31.02205, 27.094624], [31.013893, 27.106011], [31.008146, 27.108982], [31.012774, 27.118815], [31.01999, 27.127693], [31.024659, 27.132982], [31.031239, 27.136571], [31.030177, 27.139215], [31.018929, 27.14337], [31.015533, 27.149036], [31.014428, 27.164509], [31.008981, 27.166771], [30.99954, 27.174847], [30.98597, 27.186503], [30.995867, 27.197523]]]}, "properties": {"source": "GEM", "layer": "pipelines", "tracker": "GOIT", "name": "Asyut-Sohag LPG Pipeline", "pipeline": "Asyut-Sohag LPG Pipeline", "segment": null, "fuel": "NGL", "countries": ["Egypt"], "sector": "energy", "owner": "Egyptian General Petroleum Corp [100.%]", "parent": "Egyptian General Petroleum Corp [100.00%]", "start_year": "2017", "capacity": null, "capacity_units": null, "capacity_bcm_y": null, "capacity_boed": null, "length_km": 114.0, "diameter": "12 in", "start_location": "Gahdam", "end_location": "Sohag LPG Filling Station", "raw_status": "operating", "dash_status": "operating", "project_id": "P7333", "url": "https://www.gem.wiki/Asyut-Sohag_LPG_Pipeline", "last_updated": "2026-01-29", "release": "2026-07"}}, {"type": "Feature", "geometry": {"type": "MultiLineString", "coordinates": [[[5.96, 4.69], [5.919, 4.556]]]}, "properties": {"source": "GEM", "layer": "pipelines", "tracker": "GOIT", "name": "Azuzuama-Tebidaba Oil Pipeline", "pipeline": "Azuzuama-Tebidaba Oil Pipeline", "segment": null, "fuel": "Oil", "countries": ["Nigeria"], "sector": "energy", "owner": "Eni SpA; Nigerian National Petroleum Corp", "parent": "Eni SpA [59.18%]; NNPC Ltd [unknown %]", "start_year": null, "capacity": null, "capacity_units": null, "capacity_bcm_y": null, "capacity_boed": null, "length_km": 35.0, "diameter": null, "start_location": "Azuzuama", "end_location": "Tebidaba", "raw_status": "operating", "dash_status": "operating", "project_id": "P0612", "url": "https://www.gem.wiki/Azuzuama-Tebidaba_Oil_Pipeline", "last_updated": "2026-02-23", "release": "2026-07"}}, {"type": "Feature", "geometry": {"type": "MultiLineString", "coordinates": [[[27.943649, 29.854338], [27.945294, 29.848478], [27.949407, 29.849038], [27.964272, 29.857905], [27.989982, 29.908207], [28.016021, 29.958866], [28.036358, 29.98159], [28.112201, 30.036486], [28.547452, 30.047105], [28.54806, 30.048544], [28.553607, 30.050994], [28.553952, 30.423516], [28.570677, 30.448151], [28.588965, 30.463768], [28.592485, 30.465174], [28.625137, 30.502119], [28.644632, 30.513068], [28.720802, 30.583725], [28.752948, 30.606681], [28.772887, 30.615691], [28.810815, 30.697717], [28.803116, 30.767287], [28.816495, 30.910913], [28.82999, 30.931153]]]}, "properties": {"source": "GEM", "layer": "pipelines", "tracker": "GOIT", "name": "Badr El Din-El Hamra Oil Pipeline", "pipeline": "Badr El Din-El Hamra Oil Pipeline", "segment": null, "fuel": "Oil", "countries": ["Egypt"], "sector": "energy", "owner": "WEPCO [100.%]", "parent": "Egyptian General Petroleum Corp [unknown %]", "start_year": "1982", "capacity": 60000.0, "capacity_units": "bpd", "capacity_bcm_y": null, "capacity_boed": 60000.0, "length_km": 128.0, "diameter": "12 in", "start_location": "Qattara Depression", "end_location": "El Hamra", "raw_status": "operating", "dash_status": "operating", "project_id": "P3689", "url": "https://www.gem.wiki/Badr_El_Din-El_Hamra_Oil_Pipeline", "last_updated": "2023-01-23", "release": "2026-07"}}, {"type": "Feature", "geometry": {"type": "MultiLineString", "coordinates": [[[31.815028, 30.101366], [31.814859, 30.100246], [31.792277, 30.102515], [31.737162, 30.107645], [31.708144, 30.112077], [31.702678, 30.114297], [31.695545, 30.123759], [31.693302, 30.127742], [31.688874, 30.141145], [31.685288, 30.154022], [31.686901, 30.16155], [31.685998, 30.167739], [31.680193, 30.172534], [31.666383, 30.178432], [31.644483, 30.177863], [31.611424, 30.177016], [31.583928, 30.173722], [31.573575, 30.172773], [31.557162, 30.172564], [31.523044, 30.168558], [31.491946, 30.164309], [31.462038, 30.156822], [31.427743, 30.148167], [31.405211, 30.141303], [31.354751, 30.125137], [31.299722, 30.143963]]]}, "properties": {"source": "GEM", "layer": "pipelines", "tracker": "GOIT", "name": "Badr-Musturad Oil Pipeline", "pipeline": "Badr-Musturad Oil Pipeline", "segment": null, "fuel": "Oil", "countries": ["Egypt"], "sector": "energy", "owner": "Egyptian General Petroleum Corp [100.%]", "parent": "Egyptian General Petroleum Corp [100.00%]", "start_year": "2023", "capacity": null, "capacity_units": null, "capacity_bcm_y": null, "capacity_boed": null, "length_km": 23.0, "diameter": "26 in", "start_location": "Badr", "end_location": null, "raw_status": "operating", "dash_status": "operating", "project_id": "P7330", "url": "https://www.gem.wiki/Badr-Musturad_Oil_Pipeline", "last_updated": "2026-02-20", "release": "2026-07"}}, {"type": "Feature", "geometry": {"type": "MultiLineString", "coordinates": [[[10.799652, 36.124935], [10.799463, 36.133891], [10.79952, 36.136385], [10.799775, 36.138543], [10.799926, 36.140703], [10.800695, 36.142937], [10.803664, 36.151707], [10.806527, 36.160296], [10.809289, 36.168902], [10.812157, 36.177674], [10.815027, 36.186445], [10.817899, 36.1953], [10.820657, 36.20364], [10.82363, 36.212409], [10.826506, 36.221347], [10.829377, 36.230034], [10.832245, 36.238556], [10.835018, 36.247411], [10.837792, 36.256266], [10.840766, 36.264869], [10.843538, 36.273574], [10.846414, 36.282344], [10.849292, 36.291115], [10.852168, 36.299801], [10.855041, 36.308339], [10.857923, 36.317192], [10.861107, 36.32579], [10.864187, 36.334307], [10.867071, 36.34316], [10.869748, 36.351933], [10.871711, 36.356642], [10.873449, 36.360523], [10.875691, 36.363997], [10.878778, 36.368356], [10.88176, 36.372633], [10.88421, 36.37617], [10.886344, 36.379379], [10.887221, 36.38161], [10.888216, 36.384505], [10.888604, 36.387775], [10.888273, 36.391107], [10.887918, 36.393441], [10.88577, 36.402455], [10.88483, 36.406225], [10.884533, 36.409909], [10.884571, 36.411467], [10.884812, 36.418261], [10.8851, 36.420564], [10.885848, 36.429172], [10.886684, 36.438201], [10.887292, 36.447372], [10.888203, 36.456276], [10.888959, 36.465195], [10.889793, 36.4741], [10.88992, 36.479336], [10.889969, 36.481331], [10.88971, 36.483393], [10.888805, 36.487474], [10.887332, 36.490428], [10.886669, 36.491749], [10.884428, 36.494902], [10.882777, 36.496862], [10.880204, 36.499085], [10.876254, 36.501829], [10.87145, 36.504461], [10.860422, 36.508463], [10.850865, 36.512062], [10.847508, 36.513447], [10.815861, 36.525459]]]}, "properties": {"source": "GEM", "layer": "pipelines", "tracker": "GOIT", "name": "Baraka-Zinia Offshore Oil Pipeline", "pipeline": "Baraka-Zinia Offshore Oil Pipeline", "segment": null, "fuel": "Oil", "countries": ["Tunisia"], "sector": "energy", "owner": "--", "parent": "unknown [unknown %]", "start_year": null, "capacity": null, "capacity_units": null, "capacity_bcm_y": null, "capacity_boed": null, "length_km": 50.0, "diameter": "12 in", "start_location": null, "end_location": null, "raw_status": "operating", "dash_status": "operating", "project_id": "P7925", "url": "https://www.gem.wiki/Baraka-Zinia_Offshore_Oil_Pipeline", "last_updated": "2026-02-13", "release": "2026-07"}}, {"type": "Feature", "geometry": {"type": "MultiLineString", "coordinates": [[[19.037066, 28.428686], [18.569985, 30.490205]]]}, "properties": {"source": "GEM", "layer": "pipelines", "tracker": "GOIT", "name": "Beda-Ra's Lanuf Oil Pipeline", "pipeline": "Beda-Ra's Lanuf Oil Pipeline", "segment": null, "fuel": "Oil", "countries": ["Libya"], "sector": "energy", "owner": "Libyan National Oil Corp [100.%]", "parent": "National Oil Corp [100.00%]", "start_year": null, "capacity": 11000.0, "capacity_units": "bpd", "capacity_bcm_y": null, "capacity_boed": 11000.0, "length_km": 232.95, "diameter": "24,30 in", "start_location": null, "end_location": "Ra's Lanuf", "raw_status": "operating", "dash_status": "operating", "project_id": "P5220", "url": "https://www.gem.wiki/Beda-Ra%27s_Lanuf_Oil_Pipeline", "last_updated": "2023-02-10", "release": "2026-07"}}, {"type": "Feature", "geometry": {"type": "MultiLineString", "coordinates": [[[4.278271, 36.224488], [4.191694, 36.245437], [4.09646, 36.259401], [4.018541, 36.268708], [3.972367, 36.291972], [3.908878, 36.340804], [3.822301, 36.424445], [3.747268, 36.533507], [3.672235, 36.60304], [3.582773, 36.630836], [3.487539, 36.647046], [3.357674, 36.633152], [3.259554, 36.62852], [3.141233, 36.670197]]]}, "properties": {"source": "GEM", "layer": "pipelines", "tracker": "GOIT", "name": "Beni Mansour-Algiers Oil Pipeline", "pipeline": "Beni Mansour-Algiers Oil Pipeline", "segment": null, "fuel": "Oil", "countries": ["Algeria"], "sector": "energy", "owner": "Sonatrach [100.%]", "parent": "Sonatrach SpA [100.00%]", "start_year": "1971", "capacity": 4.0, "capacity_units": "mtpa", "capacity_bcm_y": null, "capacity_boed": 80328.77, "length_km": 145.0, "diameter": "20 in", "start_location": "Beni Mansour", "end_location": "Algiers", "raw_status": "operating", "dash_status": "operating", "project_id": "P0557", "url": "https://www.gem.wiki/Beni_Mansour-Algiers_Oil_Pipeline", "last_updated": "2026-01-12", "release": "2026-07"}}, {"type": "Feature", "geometry": {"type": "MultiLineString", "coordinates": [[[6.805954, 31.056929], [6.946522, 31.185288], [7.055854, 31.268095], [7.17768, 31.305468], [7.266706, 31.350829], [7.488492, 31.345494], [7.579081, 31.33749], [7.616566, 31.364167], [7.666546, 31.369501], [7.775877, 31.366834], [7.853971, 31.377502], [7.919569, 31.353497], [7.978921, 31.390836], [8.00391, 31.417498], [8.05389, 31.422829], [8.110118, 31.444152], [8.172593, 31.470798], [8.247563, 31.468134], [8.316285, 31.329486], [8.366265, 31.233379], [8.42874, 31.126478]]]}, "properties": {"source": "GEM", "layer": "pipelines", "tracker": "GOIT", "name": "Bir Rebaa North-Mesdar Oil Pipeline", "pipeline": "Bir Rebaa North-Mesdar Oil Pipeline", "segment": null, "fuel": "Oil", "countries": ["Algeria"], "sector": "energy", "owner": "Sonatrach [100.%]", "parent": "Sonatrach SpA [100.00%]", "start_year": "1997", "capacity": null, "capacity_units": null, "capacity_bcm_y": null, "capacity_boed": null, "length_km": 230.0, "diameter": "20 in", "start_location": "Bir Rebaa North", "end_location": null, "raw_status": "operating", "dash_status": "operating", "project_id": "P7290", "url": "https://www.gem.wiki/Bir_Rebaa_North-Mesdar_Oil_Pipeline", "last_updated": "2026-01-09", "release": "2026-07"}}, {"type": "Feature", "geometry": {"type": "MultiLineString", "coordinates": [[[7.158, 4.424], [7.1, 4.76]]]}, "properties": {"source": "GEM", "layer": "pipelines", "tracker": "GOIT", "name": "Bonny-Port Harcourt Refinery Pipeline", "pipeline": "Bonny-Port Harcourt Refinery Pipeline", "segment": null, "fuel": "Oil", "countries": ["Nigeria"], "sector": "energy", "owner": "Nigerian National Petroleum Corp [100.%]", "parent": "NNPC Ltd [100.00%]", "start_year": "1965", "capacity": 60000.0, "capacity_units": "bpd", "capacity_bcm_y": null, "capacity_boed": 60000.0, "length_km": 55.0, "diameter": null, "start_location": "Bonny", "end_location": "Port Harcourt Refinery", "raw_status": "operating", "dash_status": "operating", "project_id": "P0613", "url": "https://www.gem.wiki/Bonny-Port_Harcourt_Refinery_Pipeline", "last_updated": "2026-02-23", "release": "2026-07"}}, {"type": "Feature", "geometry": {"type": "MultiLineString", "coordinates": [[[6.245, 4.302], [5.35, 5.341]]]}, "properties": {"source": "GEM", "layer": "pipelines", "tracker": "GOIT", "name": "Brass Creek-Forcados Oil Pipeline", "pipeline": "Brass Creek-Forcados Oil Pipeline", "segment": null, "fuel": "Oil", "countries": ["Nigeria"], "sector": "energy", "owner": "Shell plc [100.%]", "parent": "Shell PLC [100.00%]", "start_year": null, "capacity": 250000.0, "capacity_units": "bpd", "capacity_bcm_y": null, "capacity_boed": 250000.0, "length_km": 55.0, "diameter": null, "start_location": "Brass", "end_location": "Forcados", "raw_status": "operating", "dash_status": "operating", "project_id": "P0614", "url": "https://www.gem.wiki/Brass_Creek-Forcados_Oil_Pipeline", "last_updated": "2026-02-23", "release": "2026-07"}}, {"type": "Feature", "geometry": {"type": "MultiLineString", "coordinates": [[[12.064976, 4.503014], [12.060548, 4.50212], [12.059217, 4.501912], [12.051852, 4.500655], [12.047871, 4.500077], [12.043832, 4.499329], [12.041014, 4.49887], [12.01562, 4.494637], [11.996039, 4.491164], [11.992028, 4.490467], [11.977821, 4.486501], [11.943209, 4.479327], [11.927742, 4.476203], [11.917613, 4.471472], [11.910849, 4.468186], [11.904603, 4.465403], [11.887984, 4.457621], [11.874333, 4.451172], [11.867332, 4.447877], [11.855864, 4.428315], [11.847125, 4.413429], [11.832695, 4.399791], [11.826935, 4.394348], [11.824198, 4.391714], [11.803036, 4.371359], [11.799235, 4.366635], [11.767985, 4.327804], [11.766134, 4.325474], [11.762701, 4.321237], [11.759588, 4.317497], [11.756147, 4.313102], [11.752637, 4.308811], [11.751061, 4.306917], [11.747637, 4.302745], [11.741709, 4.295498], [11.735807, 4.288254], [11.73502, 4.287289], [11.732658, 4.284305], [11.731843, 4.2833], [11.730315, 4.281414], [11.728314, 4.278944], [11.725974, 4.27599], [11.725388, 4.275267], [11.724031, 4.273669], [11.72333, 4.27278], [11.723087, 4.272471], [11.718739, 4.266984], [11.717404, 4.265336], [11.713814, 4.260905], [11.712258, 4.25898], [11.711666, 4.258199], [11.711338, 4.257786], [11.709684, 4.255809], [11.707656, 4.253215], [11.701531, 4.245669], [11.700256, 4.244035], [11.692045, 4.233795], [11.689778, 4.22958], [11.688624, 4.227965], [11.686751, 4.225568], [11.683651, 4.220811], [11.675447, 4.207569], [11.667296, 4.194772], [11.646471, 4.167892], [11.644896, 4.165297], [11.642631, 4.161498], [11.638873, 4.158148], [11.632, 4.149286], [11.622242, 4.136685], [11.56244, 4.070532], [11.551171, 4.06672], [11.550883, 4.066588], [11.547043, 4.06524], [11.529599, 4.052808], [11.5278, 4.050849], [11.527467, 4.050487], [11.524684, 4.047457], [11.521218, 4.043683], [11.512635, 4.035851], [11.509526, 4.033014], [11.507222, 4.030911], [11.506092, 4.029881], [11.503082, 4.027809], [11.4921, 4.023023], [11.490089, 4.020378], [11.48105, 4.014534], [11.480808, 4.014286], [11.480276, 4.013744], [11.480088, 4.013229], [11.479902, 4.012716], [11.478968, 4.010151], [11.477538, 4.008478], [11.475169, 4.006042], [11.47475, 4.004934], [11.471395, 3.997207], [11.468482, 3.989114], [11.468333, 3.9887], [11.467843, 3.987339], [11.466429, 3.984545], [11.46709, 3.979979], [11.459983, 3.974849], [11.457867, 3.972456], [11.4571, 3.971595], [11.45648, 3.970541], [11.456145, 3.968243], [11.454951, 3.963229], [11.451289, 3.959736], [11.448981, 3.956216], [11.446988, 3.953408], [11.444501, 3.949013], [11.443559, 3.947348], [11.44261, 3.946456], [11.439972, 3.94397], [11.439557, 3.943461], [11.439336, 3.943189], [11.437572, 3.941023], [11.431981, 3.932822], [11.428297, 3.928943], [11.423844, 3.923013], [11.416183, 3.913147], [11.407077, 3.901224], [11.397633, 3.888435], [11.394597, 3.88542], [11.391278, 3.883243], [11.389758, 3.881122], [11.388282, 3.876676], [11.388091, 3.876198], [11.385005, 3.872757], [11.38466, 3.865505], [11.384268, 3.85728], [11.377785, 3.851405], [11.377335, 3.848795], [11.380294, 3.840929], [11.380406, 3.823914], [11.380622, 3.81097], [11.379793, 3.805726], [11.378208, 3.796428], [11.378018, 3.795883], [11.377038, 3.793778], [11.376926, 3.793548], [11.376742, 3.789383], [11.376216, 3.783749], [11.375698, 3.778824], [11.375216, 3.765457], [11.37527, 3.753906], [11.373952, 3.741798], [11.373206, 3.739925], [11.373722, 3.737903], [11.372852, 3.721777], [11.372196, 3.710608], [11.372068, 3.708041], [11.372203, 3.7051], [11.372444, 3.701713], [11.372244, 3.700857], [11.371551, 3.699333], [11.369073, 3.695863], [11.367667, 3.694157], [11.36498, 3.690834], [11.362935, 3.688043], [11.362327, 3.686772], [11.361677, 3.684252], [11.360118, 3.678433], [11.358799, 3.674026], [11.35817, 3.671006], [11.358153, 3.665821], [11.357625, 3.654938], [11.357524, 3.653217], [11.356524, 3.651944], [11.331454, 3.62814], [11.329073, 3.62366], [11.324196, 3.614129], [11.322703, 3.611196], [11.322584, 3.610295], [11.322964, 3.609153], [11.323236, 3.607425], [11.321729, 3.603744], [11.319012, 3.599159], [11.314111, 3.590511], [11.311909, 3.586461], [11.309465, 3.582239], [11.309114, 3.581634], [11.306434, 3.565034], [11.305273, 3.560077], [11.305211, 3.559436], [11.303187, 3.525129], [11.300294, 3.516156], [11.29851, 3.513786], [11.293627, 3.509769], [11.276589, 3.500712], [11.263103, 3.492753], [11.25751, 3.490415], [11.247922, 3.486431], [11.242151, 3.483052], [11.233483, 3.477038], [11.219547, 3.471905], [11.215642, 3.469652], [11.210522, 3.465191], [11.206584, 3.463171], [11.203615, 3.461693], [11.200736, 3.459686], [11.197975, 3.457163], [11.193057, 3.454653], [11.188676, 3.451574], [11.177134, 3.44599], [11.171582, 3.444149], [11.166765, 3.441377], [11.150372, 3.433412], [11.124248, 3.400308], [11.110892, 3.393642], [11.098501, 3.382114], [11.081684, 3.376203], [11.076889, 3.374528], [11.076358, 3.374386], [11.074905, 3.374435], [11.07377, 3.374422], [11.073207, 3.374292], [11.072562, 3.374015], [11.061656, 3.369639], [11.058371, 3.368339], [11.055767, 3.36728], [11.054391, 3.366742], [11.052224, 3.366098], [11.039816, 3.362614], [11.032347, 3.360463], [11.018796, 3.356715], [11.015927, 3.355847], [11.010208, 3.354278], [10.990748, 3.348814], [10.988791, 3.34825], [10.988271, 3.347892], [10.982136, 3.341692], [10.978701, 3.338033], [10.977806, 3.33756], [10.954626, 3.333884], [10.941326, 3.332029], [10.940197, 3.331916], [10.939635, 3.331804], [10.939343, 3.331725], [10.937865, 3.331161], [10.936878, 3.330786], [10.93566, 3.330204], [10.934584, 3.329966], [10.913832, 3.326037], [10.899365, 3.328853], [10.890289, 3.329358], [10.884344, 3.32778], [10.863378, 3.330053], [10.85057, 3.32819], [10.837878, 3.326073], [10.827369, 3.320009], [10.819702, 3.315398], [10.789208, 3.297316], [10.76691, 3.283676], [10.763233, 3.282329], [10.754563, 3.28014], [10.723767, 3.273379], [10.718458, 3.271333], [10.690494, 3.260559], [10.655181, 3.247486], [10.648189, 3.245017], [10.634589, 3.240216], [10.625086, 3.236862], [10.617055, 3.229974], [10.578758, 3.200416], [10.557058, 3.183667], [10.534892, 3.166602], [10.53158, 3.164052], [10.454311, 3.111938], [10.426139, 3.092739], [10.425726, 3.092458], [10.415436, 3.085445], [10.40291, 3.076909], [10.40014, 3.075021], [10.39055, 3.07504], [10.390432, 3.07504], [10.379871, 3.07506], [10.361653, 3.074983], [10.356509, 3.07368], [10.296546, 3.069156], [10.278955, 3.065605], [10.258712, 3.061519], [10.242823, 3.061028], [10.219685, 3.060701], [10.172088, 3.05893], [10.142655, 3.057835], [10.120628, 3.054192], [10.119388, 3.054505], [10.118349, 3.054199], [10.106654, 3.046352], [10.082424, 3.030582], [10.050356, 3.009896], [10.046426, 3.007228], [10.041252, 3.004698], [10.029787, 2.999592], [9.977857, 2.97711], [9.954185, 2.965413], [9.930993, 2.940317], [9.927274, 2.936292], [9.917123, 2.925441], [9.916671, 2.924959], [9.915759, 2.923983], [9.914455, 2.922552], [9.910991, 2.918747], [9.910495, 2.918201], [9.909112, 2.916683], [9.906141, 2.913464], [9.902447, 2.909462], [9.901452, 2.908373], [9.900765, 2.908118]], [[16.795841, 8.530404], [16.793836, 8.527332], [16.742575, 8.52711], [16.73178, 8.523763], [16.707355, 8.515997], [16.687594, 8.495743], [16.682293, 8.49022], [16.674419, 8.482205], [16.661029, 8.468398], [16.619904, 8.426057], [16.616773, 8.422851], [16.60955, 8.414147], [16.591487, 8.392151], [16.589827, 8.391014], [16.589528, 8.390693], [16.589343, 8.390284], [16.588445, 8.388561], [16.561386, 8.355621], [16.526127, 8.327266], [16.517077, 8.319968], [16.507921, 8.312629], [16.493901, 8.301437], [16.483086, 8.292717], [16.469984, 8.282182], [16.46305, 8.276586], [16.454592, 8.269788], [16.451619, 8.2674], [16.448311, 8.264449], [16.447189, 8.263495], [16.439974, 8.257171], [16.428721, 8.247297], [16.41476, 8.235079], [16.406533, 8.227875], [16.401388, 8.222944], [16.397549, 8.219994], [16.342797, 8.172101], [16.313897, 8.146727], [16.308959, 8.14419], [16.305743, 8.139596], [16.301695, 8.135986], [16.29898, 8.133636], [16.28999, 8.125754], [16.275862, 8.111623], [16.253195, 8.088963], [16.246162, 8.081924], [16.238542, 8.074301], [16.234325, 8.070054], [16.222266, 8.057985], [16.210673, 8.046386], [16.20808, 8.043795], [16.196086, 8.031771], [16.186698, 8.022845], [16.168672, 8.007087], [16.159526, 7.999028], [16.145294, 7.986496], [16.141375, 7.982986], [16.135192, 7.977596], [16.127492, 7.972544], [16.105183, 7.95811], [16.104253, 7.957493], [16.103019, 7.95647], [16.088684, 7.943606], [16.084322, 7.939706], [16.073993, 7.930485], [16.051057, 7.90938], [16.041327, 7.90043], [16.035958, 7.895558], [16.020853, 7.886917], [16.006309, 7.878594], [15.99194, 7.870364], [15.980265, 7.863746], [15.97653, 7.861486], [15.967842, 7.85626], [15.957362, 7.84997], [15.942947, 7.841378], [15.934342, 7.836224], [15.932429, 7.835126], [15.911777, 7.819038], [15.892237, 7.809019], [15.878403, 7.797602], [15.846357, 7.771176], [15.844748, 7.769765], [15.842928, 7.76851], [15.832694, 7.762494], [15.830819, 7.761634], [15.824379, 7.758582], [15.821437, 7.757198], [15.818637, 7.755868], [15.801644, 7.747971], [15.801088, 7.747666], [15.79989, 7.747009], [15.784566, 7.737093], [15.76859, 7.726754], [15.756602, 7.715017], [15.749188, 7.707758], [15.746089, 7.704762], [15.742707, 7.701492], [15.731955, 7.693112], [15.727115, 7.689313], [15.717384, 7.681674], [15.708075, 7.67428], [15.706636, 7.673137], [15.702246, 7.670057], [15.694392, 7.664696], [15.680104, 7.654943], [15.675956, 7.651116], [15.668053, 7.643823], [15.652385, 7.629536], [15.65086, 7.628094], [15.644328, 7.621915], [15.633734, 7.610586], [15.633427, 7.610257], [15.6215, 7.597366], [15.618011, 7.593589], [15.616946, 7.592858], [15.614646, 7.591277], [15.603143, 7.583372], [15.602907, 7.583235], [15.586973, 7.573959], [15.575465, 7.570532], [15.574891, 7.570361], [15.573336, 7.57005], [15.553143, 7.566867], [15.549236, 7.566251], [15.538875, 7.564602], [15.535229, 7.567113], [15.531688, 7.566298], [15.53064, 7.566056], [15.52074, 7.561762], [15.515688, 7.559429], [15.513454, 7.557701], [15.512461, 7.557133], [15.511849, 7.556783], [15.509789, 7.555605], [15.503281, 7.551885], [15.498847, 7.548395], [15.49445, 7.544933], [15.491356, 7.543294], [15.479252, 7.533904], [15.466871, 7.524361], [15.455848, 7.515923], [15.44304, 7.505978], [15.438299, 7.501913], [15.434969, 7.499811], [15.415781, 7.484926], [15.405236, 7.473457], [15.375903, 7.453594], [15.333848, 7.432215], [15.269402, 7.3517], [15.222596, 7.321875], [15.171572, 7.313939], [15.161918, 7.316863], [15.156841, 7.310794], [15.153065, 7.307559], [15.145683, 7.300919], [15.131606, 7.288234], [15.117187, 7.274612], [15.084915, 7.256902], [15.013716, 7.211492], [14.952711, 7.180582], [14.74579, 7.094935], [14.719175, 7.082154], [14.711417, 7.080992], [14.660731, 7.055533], [14.589036, 6.972521], [14.568183, 6.951824], [14.527133, 6.914276], [14.495228, 6.873638], [14.455552, 6.830074], [14.433202, 6.797339], [14.425862, 6.778762], [14.412623, 6.759354], [14.404408, 6.746054], [14.371264, 6.685863], [14.360141, 6.669625], [14.359778, 6.664689], [14.338807, 6.642343], [14.334156, 6.631026], [14.273912, 6.548877], [14.248547, 6.503659], [14.237003, 6.492574], [14.219924, 6.46204], [14.184604, 6.395754], [14.181133, 6.389181], [14.176335, 6.37544], [14.170696, 6.363793], [14.165569, 6.354778], [14.158268, 6.344646], [14.144539, 6.322524], [14.025896, 6.159903], [13.991001, 6.109499], [13.979447, 6.095575], [13.961669, 6.074206], [13.952477, 6.060011], [13.929537, 6.027744], [13.914965, 6.00684], [13.904901, 5.998285], [13.892447, 5.978587], [13.873342, 5.948722], [13.84367, 5.90826], [13.806854, 5.857713], [13.805495, 5.846395], [13.80439, 5.833768], [13.806262, 5.821505], [13.807355, 5.816129], [13.810913, 5.756249], [13.810697, 5.75556], [13.782057, 5.731057], [13.760098, 5.694838], [13.746169, 5.672512], [13.732638, 5.667824], [13.729516, 5.661573], [13.722886, 5.647689], [13.714669, 5.640575], [13.710507, 5.636676], [13.699986, 5.628456], [13.671133, 5.622222], [13.651603, 5.601637], [13.631659, 5.596164], [13.627112, 5.587922], [13.624129, 5.586732], [13.595718, 5.575443], [13.569114, 5.551789], [13.566524, 5.538919], [13.564413, 5.529107], [13.563233, 5.523586], [13.559031, 5.507352], [13.555593, 5.468679], [13.528789, 5.428388], [13.508717, 5.410057], [13.486773, 5.403135], [13.472871, 5.398513], [13.467928, 5.39689], [13.460262, 5.392346], [13.421644, 5.368472], [13.415336, 5.364592], [13.401198, 5.351857], [13.401022, 5.351562], [13.401096, 5.351231], [13.408606, 5.336974], [13.408569, 5.336588], [13.406192, 5.33247], [13.406309, 5.329035], [13.406205, 5.326559], [13.406023, 5.323544], [13.404049, 5.320459], [13.401829, 5.319099], [13.398674, 5.317483], [13.396102, 5.311073], [13.397461, 5.30492], [13.398015, 5.300666], [13.397222, 5.297242], [13.397848, 5.294229], [13.397347, 5.291248], [13.39083, 5.285736], [13.385602, 5.278895], [13.367864, 5.269339], [13.365022, 5.263573], [13.369525, 5.234679], [13.375114, 5.22632], [13.380663, 5.217877], [13.380796, 5.214703], [13.383728, 5.212043], [13.38438, 5.209084], [13.386361, 5.205902], [13.389134, 5.202474], [13.390144, 5.195846], [13.389483, 5.190595], [13.38992, 5.188824], [13.389588, 5.187396], [13.390097, 5.184344], [13.390122, 5.182979], [13.388643, 5.178099], [13.387313, 5.172681], [13.389934, 5.170696], [13.392976, 5.166335], [13.396418, 5.155223], [13.394457, 5.146292], [13.396052, 5.138311], [13.394519, 5.133381], [13.398429, 5.120222], [13.400618, 5.118348], [13.401554, 5.115197], [13.401023, 5.112426], [13.400849, 5.108506], [13.402237, 5.102469], [13.403981, 5.097577], [13.403049, 5.095235], [13.402329, 5.0904], [13.401942, 5.085734], [13.396857, 5.082144], [13.389615, 5.082969], [13.379716, 5.075932], [13.374545, 5.063183], [13.364923, 5.057707], [13.360352, 5.055077], [13.360199, 5.052624], [13.360531, 5.050481], [13.359913, 5.048658], [13.358716, 5.046521], [13.35016, 5.043619], [13.33131, 5.01301], [13.327313, 5.002866], [13.326176, 4.981866], [13.323116, 4.97581], [13.315067, 4.967269], [13.314752, 4.962083], [13.31576, 4.955466], [13.321223, 4.950437], [13.322759, 4.946458], [13.323496, 4.944879], [13.323514, 4.942567], [13.323562, 4.941506], [13.323552, 4.940365], [13.322542, 4.9392], [13.320188, 4.936411], [13.31445, 4.927154], [13.305485, 4.913588], [13.295431, 4.905671], [13.272196, 4.899998], [13.260321, 4.89639], [13.249417, 4.889907], [13.216882, 4.882978], [13.171427, 4.87425], [13.041634, 4.84394], [13.001423, 4.842252], [12.99115, 4.839354], [12.947043, 4.82795], [12.919666, 4.819923], [12.897654, 4.817828], [12.870709, 4.808001], [12.74359, 4.784094], [12.670736, 4.775134], [12.642102, 4.77458], [12.613511, 4.769664], [12.563567, 4.752722], [12.475926, 4.708234], [12.428903, 4.675804], [12.408043, 4.661153], [12.40349, 4.654648], [12.387076, 4.644329], [12.339867, 4.623609], [12.333865, 4.620968], [12.330402, 4.61942], [12.31846, 4.617442], [12.312002, 4.61641], [12.304016, 4.613548], [12.300726, 4.61232], [12.295291, 4.610391], [12.285702, 4.606939], [12.269274, 4.60108], [12.267246, 4.600333], [12.261633, 4.598267], [12.259526, 4.597443], [12.257381, 4.596866], [12.254017, 4.594372], [12.243554, 4.586989], [12.237145, 4.582653], [12.227939, 4.578992], [12.20928, 4.571584], [12.200308, 4.567899], [12.194996, 4.565859], [12.193653, 4.565343], [12.18791, 4.561879], [12.182191, 4.558513], [12.17566, 4.554631], [12.168548, 4.550343], [12.14724, 4.537431], [12.141595, 4.533413], [12.139698, 4.532553], [12.131564, 4.52872], [12.115358, 4.521026], [12.101432, 4.514416], [12.094115, 4.510908], [12.084094, 4.506202], [12.069117, 4.503528], [12.064976, 4.503014]]]}, "properties": {"source": "GEM", "layer": "pipelines", "tracker": "GOIT", "name": "Chad\u2013Cameroon Oil Pipeline", "pipeline": "Chad\u2013Cameroon Oil Pipeline", "segment": null, "fuel": "Oil", "countries": ["Chad", "Cameroon"], "sector": "energy", "owner": "Savannah Energy PLC [40.%]; Petronas [35.%]; Government of Chad [25.%]", "parent": "Savannah Energy PLC [40.00%]; Petroliam Nasional Bhd [35.00%]; Government of Chad [25.00%]", "start_year": "2003", "capacity": 225000.0, "capacity_units": "bpd", "capacity_bcm_y": null, "capacity_boed": 225000.0, "length_km": 1070.0, "diameter": null, "start_location": "Doba Basin", "end_location": "Kribi", "raw_status": "operating", "dash_status": "operating", "project_id": "P0528", "url": "https://www.gem.wiki/Chad%E2%80%93Cameroon_Oil_Pipeline", "last_updated": "2026-01-20", "release": "2026-07"}}, {"type": "Feature", "geometry": {"type": "MultiLineString", "coordinates": [[[9.385238, 31.096835], [9.385057, 31.098543], [9.385001, 31.100265], [9.385085, 31.100793], [9.384723, 31.10682], [9.384473, 31.107793], [9.384446, 31.108043], [9.384501, 31.107848], [9.383751, 31.112459], [9.383723, 31.113348], [9.383695, 31.113876], [9.384001, 31.116375], [9.383834, 31.117098], [9.383426, 31.117905]], [[9.383426, 31.117905], [9.382868, 31.119008]], [[9.382868, 31.119008], [9.382584, 31.11957], [9.382639, 31.121264], [9.382834, 31.121847], [9.382868, 31.119008]], [[9.382868, 31.119008], [9.383029, 31.105709], [9.383426, 31.117905]], [[9.383426, 31.117905], [9.383612, 31.123625], [9.384667, 31.125819], [9.38575, 31.127903], [9.385973, 31.128431], [9.386806, 31.129958], [9.387695, 31.131264], [9.38825, 31.132069], [9.388945, 31.131875], [9.390278, 31.135486], [9.391167, 31.138513], [9.391528, 31.140124], [9.392028, 31.142958], [9.392305, 31.144985], [9.392777, 31.14743], [9.393361, 31.149263], [9.394055, 31.151791], [9.394611, 31.15343], [9.395111, 31.154541], [9.396027, 31.156235], [9.396555, 31.157263], [9.397694, 31.159874], [9.398277, 31.16129], [9.399166, 31.163762], [9.399749, 31.16529], [9.400055, 31.166151], [9.400249, 31.166818], [9.40086, 31.168651], [9.400916, 31.170818], [9.401027, 31.17329], [9.401054, 31.173567], [9.400832, 31.176762], [9.400721, 31.178345], [9.400665, 31.179706], [9.400498, 31.181956], [9.40036, 31.183484], [9.400304, 31.1849], [9.400054, 31.187039], [9.399859, 31.188983], [9.399943, 31.190483], [9.400387, 31.192372], [9.400748, 31.193928], [9.401248, 31.195733], [9.401665, 31.197483], [9.402053, 31.199955], [9.401831, 31.201538], [9.400831, 31.203483], [9.400109, 31.204927], [9.399775, 31.205483], [9.399136, 31.206594], [9.398747, 31.207927], [9.398192, 31.21051], [9.397692, 31.211871], [9.39733, 31.212454], [9.39658, 31.213343], [9.394497, 31.215399], [9.392413, 31.217509], [9.391052, 31.219009], [9.39008, 31.219926], [9.388746, 31.221259], [9.386246, 31.224231], [9.384274, 31.226842], [9.383524, 31.227953], [9.381968, 31.23012], [9.38069, 31.231731], [9.379524, 31.23323], [9.378412, 31.234647], [9.37769, 31.235702], [9.376607, 31.237008], [9.374829, 31.240897], [9.374801, 31.24198], [9.37444, 31.245896], [9.374495, 31.248535], [9.374884, 31.249591], [9.3753, 31.250757], [9.376023, 31.252424], [9.377134, 31.254118], [9.378161, 31.255479], [9.3803, 31.257757], [9.38155, 31.259007], [9.382717, 31.260535], [9.383245, 31.264646], [9.383133, 31.266451], [9.383189, 31.268562], [9.383078, 31.269951], [9.382605, 31.273006], [9.382355, 31.274756], [9.381827, 31.277256], [9.381466, 31.279173], [9.38091, 31.281034], [9.380216, 31.283089], [9.379632, 31.284783], [9.378632, 31.286172], [9.377605, 31.287367], [9.377021, 31.288728], [9.376132, 31.291283], [9.375132, 31.292533], [9.37391, 31.293783], [9.373049, 31.294644], [9.371021, 31.296755], [9.368548, 31.299171], [9.367909, 31.299171], [9.366409, 31.301727], [9.365076, 31.303449], [9.363715, 31.305504], [9.36352, 31.305837], [9.363409, 31.306004], [9.362687, 31.307226], [9.361992, 31.308782], [9.361659, 31.310837], [9.361409, 31.312031], [9.361186, 31.313587], [9.360464, 31.316059], [9.359714, 31.317559], [9.359186, 31.31817], [9.356991, 31.320753], [9.35588, 31.322114], [9.354436, 31.323447], [9.352213, 31.325864], [9.350797, 31.327308], [9.349769, 31.328391], [9.348463, 31.329752], [9.346268, 31.331891], [9.345046, 31.333141], [9.344046, 31.334141], [9.342907, 31.335141], [9.341907, 31.33678], [9.340712, 31.339113], [9.339879, 31.340779], [9.338573, 31.343279], [9.337518, 31.345335], [9.33599, 31.347223], [9.332684, 31.34889], [9.330795, 31.350973], [9.331184, 31.354112], [9.33135, 31.354751], [9.331961, 31.357223], [9.331934, 31.360389], [9.329683, 31.363611], [9.32635, 31.366472], [9.324044, 31.368166], [9.321822, 31.369805], [9.317822, 31.37311], [9.316294, 31.374805], [9.313349, 31.378221], [9.313238, 31.378416], [9.311571, 31.380526], [9.309626, 31.382915], [9.307432, 31.38597], [9.305959, 31.38797], [9.304015, 31.390331], [9.302765, 31.39197], [9.299959, 31.393414], [9.298487, 31.394748], [9.298431, 31.39772], [9.298459, 31.398081], [9.298542, 31.399831], [9.298653, 31.402553], [9.298931, 31.406164], [9.298653, 31.408802], [9.297569, 31.413108], [9.297965, 31.415746], [9.298805, 31.417677], [9.29943, 31.419302], [9.299486, 31.419496], [9.299486, 31.420246], [9.300652, 31.422135], [9.30227, 31.425857], [9.299013, 31.432801], [9.295568, 31.435634], [9.295568, 31.437551], [9.293318, 31.438828], [9.289929, 31.440467], [9.287623, 31.442578], [9.285318, 31.444106], [9.283012, 31.445661], [9.281429, 31.446494], [9.277734, 31.448216], [9.274595, 31.449411], [9.272039, 31.450327], [9.269261, 31.451549], [9.267233, 31.452633], [9.265594, 31.453882], [9.26365, 31.455493], [9.26165, 31.45841], [9.260872, 31.461771], [9.260622, 31.464521], [9.260455, 31.467548], [9.260816, 31.471159], [9.261316, 31.474798], [9.261538, 31.47702], [9.261482, 31.479909], [9.261538, 31.481492], [9.261565, 31.483381], [9.261926, 31.487075], [9.261954, 31.489075], [9.261565, 31.491214], [9.261704, 31.493714], [9.262565, 31.495852], [9.263315, 31.498352], [9.264009, 31.500574], [9.264106, 31.500908], [9.264648, 31.503658], [9.26437, 31.507074], [9.262592, 31.509574], [9.260925, 31.512102], [9.259397, 31.51474], [9.259425, 31.516518], [9.259453, 31.517101], [9.260564, 31.520045], [9.261258, 31.522795], [9.261758, 31.525545], [9.261563, 31.527712], [9.260452, 31.531378], [9.260285, 31.533573], [9.261841, 31.535989], [9.263813, 31.538239], [9.264674, 31.540628], [9.264507, 31.543267], [9.264174, 31.547044], [9.263924, 31.549155], [9.263813, 31.550683], [9.264174, 31.553266], [9.266368, 31.555849], [9.267979, 31.557627], [9.269118, 31.55896], [9.270562, 31.560572], [9.271639, 31.561592], [9.273007, 31.563516], [9.27384, 31.56596], [9.274479, 31.567849], [9.274506, 31.570043], [9.27409, 31.57346], [9.273839, 31.576682], [9.273812, 31.577682], [9.273756, 31.578765], [9.2737, 31.580321], [9.275423, 31.581321], [9.277867, 31.582432], [9.280228, 31.583265], [9.281534, 31.583765], [9.281756, 31.58521], [9.281839, 31.587182], [9.281895, 31.588709], [9.281728, 31.59157], [9.280339, 31.59432], [9.279644, 31.595959], [9.278728, 31.59782], [9.277922, 31.599292], [9.277422, 31.600375], [9.276727, 31.602264], [9.277255, 31.604292], [9.277894, 31.605875], [9.278727, 31.607375], [9.279533, 31.608708], [9.28006, 31.609986], [9.28106, 31.611847], [9.281921, 31.613514], [9.282783, 31.615014], [9.283644, 31.616958], [9.284255, 31.618791], [9.284477, 31.62018], [9.283866, 31.62243], [9.283199, 31.623985], [9.282421, 31.625569], [9.28131, 31.627707], [9.28031, 31.629513], [9.279448, 31.630957], [9.278282, 31.632013], [9.276726, 31.633318], [9.275643, 31.634235], [9.275337, 31.634429], [9.273837, 31.634874], [9.270003, 31.635957], [9.267198, 31.637179], [9.264559, 31.63904], [9.26292, 31.640678], [9.26167, 31.642012], [9.260892, 31.642789], [9.259892, 31.643789], [9.258447, 31.645317], [9.256669, 31.647178], [9.255197, 31.648678], [9.254058, 31.649983], [9.252947, 31.651289], [9.251752, 31.652622], [9.250641, 31.653872], [9.249835, 31.654705], [9.248724, 31.655955], [9.246669, 31.658205], [9.245113, 31.659788], [9.243863, 31.66101], [9.24214, 31.66276], [9.240863, 31.664371], [9.23914, 31.666287], [9.237501, 31.667982], [9.23589, 31.669565], [9.234668, 31.670732], [9.23339, 31.672065], [9.231806, 31.673592], [9.230556, 31.674815], [9.229028, 31.67637], [9.228001, 31.677398], [9.226945, 31.678453], [9.225778, 31.679648], [9.224334, 31.68112], [9.222472, 31.682953], [9.221806, 31.683647], [9.220806, 31.684647], [9.219583, 31.685925], [9.218722, 31.687008], [9.217889, 31.688369], [9.217, 31.689758], [9.216194, 31.690536], [9.214333, 31.692008], [9.213694, 31.692702], [9.213277, 31.693146], [9.211666, 31.694146], [9.211499, 31.694313], [9.209333, 31.695757], [9.207444, 31.696368], [9.20461, 31.696035], [9.203666, 31.695507]]]}, "properties": {"source": "GEM", "layer": "pipelines", "tracker": "GOIT", "name": "Chouech El Saida\u2013El Borma Oil Pipeline", "pipeline": "Chouech El Saida\u2013El Borma Oil Pipeline", "segment": null, "fuel": "Oil", "countries": ["Tunisia"], "sector": "energy", "owner": "--", "parent": "unknown [unknown %]", "start_year": null, "capacity": null, "capacity_units": null, "capacity_bcm_y": null, "capacity_boed": null, "length_km": 80.0, "diameter": "6 in", "start_location": null, "end_location": null, "raw_status": "operating", "dash_status": "operating", "project_id": "P7962", "url": "https://www.gem.wiki/Chouech_El_Saida%E2%80%93El_Borma_Oil_Pipeline", "last_updated": "2026-02-07", "release": "2026-07"}}, {"type": "Feature", "geometry": {"type": "MultiLineString", "coordinates": [[[5.691443, 4.851854], [5.919, 4.556]]]}, "properties": {"source": "GEM", "layer": "pipelines", "tracker": "GOIT", "name": "Clough Creek-Tebidaba Oil Pipeline", "pipeline": "Clough Creek-Tebidaba Oil Pipeline", "segment": null, "fuel": "Oil", "countries": ["Nigeria"], "sector": "energy", "owner": "Eni SpA; Nigerian National Petroleum Corp", "parent": "Eni SpA [unknown %]; NNPC Ltd [unknown %]", "start_year": null, "capacity": null, "capacity_units": null, "capacity_bcm_y": null, "capacity_boed": null, "length_km": 51.0, "diameter": null, "start_location": "Clough Creek", "end_location": "Tebidaba", "raw_status": "operating", "dash_status": "operating", "project_id": "P0615", "url": "https://www.gem.wiki/Clough_Creek-Tebidaba_Oil_Pipeline", "last_updated": "2026-02-23", "release": "2026-07"}}, {"type": "Feature", "geometry": {"type": "MultiLineString", "coordinates": [[[17.9324, 29.4808], [17.9297, 29.5113], [17.8451, 29.9199], [17.8669, 29.9827], [17.8747, 30.0913]]]}, "properties": {"source": "GEM", "layer": "pipelines", "tracker": "GOIT", "name": "Dahra-Bahi Gathering Oil Pipeline", "pipeline": "Dahra-Bahi Gathering Oil Pipeline", "segment": null, "fuel": "Oil", "countries": ["Libya"], "sector": "energy", "owner": "Libyan National Oil Corp [59.18%]; ConocoPhillips [16.33%]; TotalEnergies SE [16.33%]; Hess Corp [8.16%]", "parent": "National Oil Corp [59.18%]; ConocoPhillips Corp [16.33%]; TotalEnergies SE [16.33%]; Hess Corp [8.16%]", "start_year": "1976", "capacity": 34.21, "capacity_units": "mtpa", "capacity_bcm_y": null, "capacity_boed": 686999.99, "length_km": 68.85, "diameter": "30.0 in", "start_location": "Dahra oilfield", "end_location": "Bahi gathering", "raw_status": "operating", "dash_status": "operating", "project_id": "P0586", "url": "https://www.gem.wiki/Dahra-Bahi_Gathering_Oil_Pipeline", "last_updated": "2023-02-07", "release": "2026-07"}}, {"type": "Feature", "geometry": {"type": "MultiLineString", "coordinates": [[[31.749175, 31.476297], [31.749498, 31.477529], [31.740454, 31.476288], [31.740355, 31.476251], [31.741818, 31.458405], [31.741855, 31.458132], [31.747012, 31.453688], [31.748127, 31.452669], [31.750816, 31.450412], [31.75424, 31.447547], [31.76349, 31.439276], [31.764544, 31.438552], [31.765948, 31.438177], [31.76569, 31.43771], [31.764696, 31.436748], [31.759089, 31.432001], [31.755545, 31.429227], [31.744474, 31.419709], [31.74046, 31.41632], [31.739025, 31.415058], [31.738659, 31.414577], [31.738402, 31.414069], [31.738262, 31.413173], [31.738273, 31.412905], [31.738372, 31.412222], [31.738458, 31.41166], [31.738527, 31.410823], [31.738439, 31.410246], [31.738312, 31.409503], [31.737979, 31.40891], [31.737429, 31.408079], [31.736544, 31.407131], [31.735041, 31.405756], [31.733031, 31.404132], [31.73168, 31.402947], [31.730942, 31.402286], [31.730476, 31.40172], [31.729923, 31.401019], [31.725234, 31.399278], [31.722231, 31.398226], [31.716157, 31.396115], [31.708274, 31.393349], [31.706253, 31.392359], [31.704947, 31.391246], [31.703708, 31.389215], [31.701065, 31.383365], [31.70087, 31.380562], [31.694725, 31.367128], [31.689275, 31.354958], [31.687887, 31.352365], [31.686369, 31.349706], [31.682645, 31.346489], [31.677405, 31.340988], [31.672036, 31.335738], [31.660509, 31.323799], [31.652942, 31.31529], [31.632533, 31.290275], [31.617557, 31.272421], [31.603771, 31.254979], [31.587992, 31.236183], [31.575056, 31.220278], [31.570696, 31.215066], [31.568088, 31.213579], [31.562249, 31.211693], [31.54752, 31.206509], [31.531695, 31.200729], [31.522958, 31.197555], [31.512572, 31.193842], [31.499473, 31.188585], [31.47535, 31.179087], [31.46797, 31.178856], [31.453078, 31.179041], [31.450199, 31.178425], [31.447835, 31.176578], [31.446122, 31.174233], [31.435257, 31.153416], [31.418178, 31.120376], [31.401425, 31.088828], [31.385616, 31.058897], [31.384925, 31.057481], [31.383, 31.055472], [31.380343, 31.054496], [31.373475, 31.053926], [31.356513, 31.052832], [31.344097, 31.052014], [31.339722, 31.051017], [31.336744, 31.049263], [31.32753, 31.040731], [31.315859, 31.030018], [31.310983, 31.025689], [31.293158, 31.009566], [31.289687, 31.005918], [31.285246, 31.002304], [31.261046, 30.980507], [31.251858, 30.972836], [31.249456, 30.967233], [31.245819, 30.963876], [31.243071, 30.962353], [31.237131, 30.961111], [31.229864, 30.962539], [31.220404, 30.965002], [31.208023, 30.967719], [31.201826, 30.96839], [31.191907, 30.968405], [31.171417, 30.970015], [31.168323, 30.968544], [31.161442, 30.962692], [31.151971, 30.951626], [31.142005, 30.939925], [31.127548, 30.923216], [31.119408, 30.9138], [31.107359, 30.900281], [31.096796, 30.888059], [31.090194, 30.880261], [31.082586, 30.871582], [31.066691, 30.852661], [31.054061, 30.838031], [31.037598, 30.81943], [31.020382, 30.799421], [31.012458, 30.790393], [31.003713, 30.780126], [31.000273, 30.778823], [30.997161, 30.779602], [30.9863, 30.786011], [30.973133, 30.78944], [30.971778, 30.78979], [30.964083, 30.792247]]]}, "properties": {"source": "GEM", "layer": "pipelines", "tracker": "GOIT", "name": "Damietta Port-Tanta LPG Pipeline", "pipeline": "Damietta Port-Tanta LPG Pipeline", "segment": null, "fuel": "NGL", "countries": ["Egypt"], "sector": "energy", "owner": "Egyptian General Petroleum Corp [100.%]", "parent": "Egyptian General Petroleum Corp [100.00%]", "start_year": "2021", "capacity": 5000.0, "capacity_units": "Tn/d", "capacity_bcm_y": null, "capacity_boed": 36650.0, "length_km": 130.0, "diameter": "12 in", "start_location": null, "end_location": null, "raw_status": "operating", "dash_status": "operating", "project_id": "P7365", "url": "https://www.gem.wiki/Damietta_Port-Tanta_LPG_Pipeline", "last_updated": "2026-02-19", "release": "2026-07"}}, {"type": "Feature", "geometry": {"type": "MultiLineString", "coordinates": [[[19.906177, 27.989783], [18.54257, 30.483081]]]}, "properties": {"source": "GEM", "layer": "pipelines", "tracker": "GOIT", "name": "Defa-Ra's Lanuf Pipeline", "pipeline": "Defa-Ra's Lanuf Pipeline", "segment": null, "fuel": "Oil", "countries": ["Libya"], "sector": "energy", "owner": "Libyan National Oil Corp [100.%]", "parent": "National Oil Corp [100.00%]", "start_year": null, "capacity": null, "capacity_units": null, "capacity_bcm_y": null, "capacity_boed": null, "length_km": 251.0, "diameter": "14,24,30 in", "start_location": null, "end_location": null, "raw_status": "operating", "dash_status": "operating", "project_id": "P6441", "url": "https://www.gem.wiki/Defa-Ra%27s_Lanuf_Pipeline", "last_updated": "2026-03-10", "release": "2026-07"}}, {"type": "Feature", "geometry": {"type": "MultiLineString", "coordinates": [[[29.807124, 31.128463], [29.809506, 31.126854], [29.843381, 31.145302]]]}, "properties": {"source": "GEM", "layer": "pipelines", "tracker": "GOIT", "name": "Dekhela-Wadi Al Qamar LPG Pipeline", "pipeline": "Dekhela-Wadi Al Qamar LPG Pipeline", "segment": null, "fuel": "NGL", "countries": ["Egypt"], "sector": "energy", "owner": "Egyptian General Petroleum Corp [100.%]", "parent": "Egyptian General Petroleum Corp [100.00%]", "start_year": null, "capacity": null, "capacity_units": null, "capacity_bcm_y": null, "capacity_boed": null, "length_km": 7.0, "diameter": "12 in", "start_location": "Dekhela", "end_location": null, "raw_status": "operating", "dash_status": "operating", "project_id": "P7338", "url": "https://www.gem.wiki/Dekhela-Wadi_Al_Qamar_LPG_Pipeline", "last_updated": "2025-01-30", "release": "2026-07"}}, {"type": "Feature", "geometry": {"type": "MultiLineString", "coordinates": [[[19.6975, 29.2338], [19.674, 29.2103], [19.6561, 29.2105], [19.6535, 29.164], [19.6251, 29.1164], [19.5431, 29.0308], [19.4771, 28.9454], [19.4044, 28.8571], [19.3547, 28.8016], [19.3177, 28.6019]]]}, "properties": {"source": "GEM", "layer": "pipelines", "tracker": "GOIT", "name": "Dor Marada-Tibisti Oil Pipeline", "pipeline": "Dor Marada-Tibisti Oil Pipeline", "segment": null, "fuel": "Oil", "countries": ["Libya"], "sector": "energy", "owner": "Libyan National Oil Corp [88.%]; Suncor Energy [12.%]", "parent": "National Oil Corp [88.00%]; Suncor Energy Inc [12.00%]", "start_year": null, "capacity": 4000.0, "capacity_units": "bpd", "capacity_bcm_y": null, "capacity_boed": 4000.0, "length_km": 87.0, "diameter": "10.0 in", "start_location": "Dor Marada oilfield", "end_location": "Tibisti oilfield", "raw_status": "operating", "dash_status": "operating", "project_id": "P0587", "url": "https://www.gem.wiki/Dor_Marada-Tibisti_Oil_Pipeline", "last_updated": "2026-03-11", "release": "2026-07"}}, {"type": "Feature", "geometry": {"type": "MultiLineString", "coordinates": [[[10.115234, 34.335119], [10.103363, 34.338759], [10.09146, 34.344543], [10.069383, 34.357986], [10.039405, 34.379063], [9.97369, 34.420768], [9.885837, 34.482], [9.833102, 34.522588], [9.795662, 34.55312], [9.685446, 34.641794], [9.617712, 34.694675], [9.522518, 34.769877], [9.513394, 34.77796], [9.501398, 34.78558], [9.487694, 34.795571], [9.454532, 34.814625], [9.413917, 34.837954], [9.317149, 34.893602], [9.301676, 34.902158], [9.29824, 34.905005], [9.283381, 34.926332], [9.267957, 34.952863], [9.250231, 34.981761], [9.209011, 35.04855], [9.193536, 35.073652], [9.191245, 35.078387], [9.184359, 35.087387], [9.138966, 35.133813], [9.107907, 35.165071], [9.098699, 35.174068], [9.086611, 35.184959], [9.078552, 35.194426], [9.058969, 35.213362], [9.012858, 35.258795], [8.971891, 35.299006], [8.944172, 35.325964], [8.933193, 35.337786], [8.879989, 35.384378]]]}, "properties": {"source": "GEM", "layer": "pipelines", "tracker": "GOIT", "name": "Douleb\u2013Skhira Oil Pipeline", "pipeline": "Douleb\u2013Skhira Oil Pipeline", "segment": null, "fuel": "Oil", "countries": ["Tunisia"], "sector": "energy", "owner": "Entreprise Tunisienne d'Activit\u00e9s P\u00e9troli\u00e8res [70.%]; Petroleum Research and Exploitation Company in Tunisia [30.%]", "parent": "unknown [unknown %]", "start_year": "1968", "capacity": null, "capacity_units": null, "capacity_bcm_y": null, "capacity_boed": null, "length_km": 174.0, "diameter": "6 in", "start_location": null, "end_location": "Sikhra", "raw_status": "operating", "dash_status": "operating", "project_id": "P7899", "url": "https://www.gem.wiki/Douleb%E2%80%93Skhira_Oil_Pipeline", "last_updated": "2026-01-29", "release": "2026-07"}}, {"type": "Feature", "geometry": {"type": "MultiLineString", "coordinates": [[[31.03086, -29.890965], [27.854889, -26.809005]]]}, "properties": {"source": "GEM", "layer": "pipelines", "tracker": "GOIT", "name": "Durban\u2013Sasolburg Oil Pipeline", "pipeline": "Durban\u2013Sasolburg Oil Pipeline", "segment": null, "fuel": "Oil", "countries": ["South Africa"], "sector": "energy", "owner": "Transnet [100.%]", "parent": "Transnet SOC Ltd [100.00%]", "start_year": "1971", "capacity": 125000.0, "capacity_units": "bpd", "capacity_bcm_y": null, "capacity_boed": 125000.0, "length_km": 580.0, "diameter": "18.0 in", "start_location": "Durban", "end_location": "NATREF Sasolburg refinery", "raw_status": "operating", "dash_status": "operating", "project_id": "P2468", "url": "https://www.gem.wiki/Durban%E2%80%93Sasolburg_Oil_Pipeline", "last_updated": "2023-04-03", "release": "2026-07"}}, {"type": "Feature", "geometry": {"type": "MultiLineString", "coordinates": [[[11.69, -5.62], [12.206, -5.389]]]}, "properties": {"source": "GEM", "layer": "pipelines", "tracker": "GOIT", "name": "East Kokongo-Malongo Oil Pipeline", "pipeline": "East Kokongo-Malongo Oil Pipeline", "segment": null, "fuel": "Oil", "countries": ["Angola"], "sector": "energy", "owner": "Chevron [100.%]", "parent": "Chevron Corp [100.00%]", "start_year": null, "capacity": null, "capacity_units": null, "capacity_bcm_y": null, "capacity_boed": null, "length_km": 104.61, "diameter": "24.0 in", "start_location": "East Kokongo offshore oilfield", "end_location": "Malongo terminal", "raw_status": "operating", "dash_status": "operating", "project_id": "P0563", "url": "https://www.gem.wiki/East_Kokongo-Malongo_Oil_Pipeline", "last_updated": "2026-02-26", "release": "2026-07"}}, {"type": "Feature", "geometry": {"type": "MultiLineString", "coordinates": [[[8.02, 4.1], [8.012, 4.547]]]}, "properties": {"source": "GEM", "layer": "pipelines", "tracker": "GOIT", "name": "Edop-Qua Iboe Terminal Oil Pipeline", "pipeline": "Edop-Qua Iboe Terminal Oil Pipeline", "segment": null, "fuel": "Oil", "countries": ["Nigeria"], "sector": "energy", "owner": "ExxonMobil [100.%]", "parent": "Exxon Mobil Corp [100.00%]", "start_year": null, "capacity": 320000.0, "capacity_units": "bpd", "capacity_bcm_y": null, "capacity_boed": 320000.0, "length_km": 48.0, "diameter": null, "start_location": "Edop offshore oilfield", "end_location": "Qua Iboe oil terminal", "raw_status": "operating", "dash_status": "operating", "project_id": "P0616", "url": "https://www.gem.wiki/Edop-Qua_Iboe_Terminal_Oil_Pipeline", "last_updated": "2026-02-23", "release": "2026-07"}}, {"type": "Feature", "geometry": {"type": "MultiLineString", "coordinates": [[[9.143867, 31.530937], [8.936084, 31.48665], [8.837964, 31.511256], [8.705213, 31.501414], [8.612865, 31.48665], [8.144479, 31.49211], [8.097623, 31.454811], [8.000787, 31.441486], [7.935188, 31.393502], [7.910198, 31.372168], [7.853971, 31.396169], [7.775877, 31.382836], [7.61969, 31.390836], [7.550967, 31.364167], [7.472874, 31.366834], [7.379161, 31.369501], [7.272954, 31.374835], [7.163623, 31.326817], [7.048044, 31.30013], [6.918409, 31.198649], [6.790335, 31.06228]]]}, "properties": {"source": "GEM", "layer": "pipelines", "tracker": "GOIT", "name": "El Borma-Mesdar Oil Pipeline", "pipeline": "El Borma-Mesdar Oil Pipeline", "segment": null, "fuel": "Oil", "countries": ["Algeria"], "sector": "energy", "owner": "Sonatrach [100.%]", "parent": "Sonatrach SpA [100.00%]", "start_year": "1977", "capacity": 2.0, "capacity_units": "mtpa", "capacity_bcm_y": null, "capacity_boed": 40164.38, "length_km": 272.0, "diameter": "20 in", "start_location": "El Borma oilfield", "end_location": "Mesdar oilfield", "raw_status": "operating", "dash_status": "operating", "project_id": "P0558", "url": "https://www.gem.wiki/El_Borma-Mesdar_Oil_Pipeline", "last_updated": "2025-01-27", "release": "2026-07"}}, {"type": "Feature", "geometry": {"type": "MultiLineString", "coordinates": [[[12.3636, 26.5946], [12.1935, 26.5799], [11.9527, 26.2538], [11.9076, 26.2241], [11.9755, 26.0806], [11.9771, 26.0351]]]}, "properties": {"source": "GEM", "layer": "pipelines", "tracker": "GOIT", "name": "El Feel-El Sharara Oil Pipeline", "pipeline": "El Feel-El Sharara Oil Pipeline", "segment": null, "fuel": "Oil", "countries": ["Libya"], "sector": "energy", "owner": "Libyan National Oil Corp [50.%]; Eni SpA [50.%]", "parent": "Eni SpA [50.00%]; National Oil Corp [50.00%]", "start_year": null, "capacity": 16.28, "capacity_units": "mtpa", "capacity_bcm_y": null, "capacity_boed": 327000.0, "length_km": 74.83, "diameter": "24.0 in", "start_location": "El Feel oilfield", "end_location": "El Sharara oilfield", "raw_status": "operating", "dash_status": "operating", "project_id": "P0588", "url": "https://www.gem.wiki/El_Feel-El_Sharara_Oil_Pipeline", "last_updated": "2023-02-08", "release": "2026-07"}}, {"type": "Feature", "geometry": {"type": "MultiLineString", "coordinates": [[[11.973287, 26.051346], [12.24166, 32.855794]]]}, "properties": {"source": "GEM", "layer": "pipelines", "tracker": "GOIT", "name": "El Feel-Mellitah Oil Pipeline", "pipeline": "El Feel-Mellitah Oil Pipeline", "segment": null, "fuel": "Oil", "countries": ["Libya"], "sector": "energy", "owner": "Libyan National Oil Corp [100.%]", "parent": "National Oil Corp [100.00%]", "start_year": null, "capacity": 40000.0, "capacity_units": "bpd", "capacity_bcm_y": null, "capacity_boed": 40000.0, "length_km": 726.0, "diameter": "30 in", "start_location": null, "end_location": "Mellitah", "raw_status": "operating", "dash_status": "operating", "project_id": "P6443", "url": "https://www.gem.wiki/El_Feel-Mellitah_Oil_Pipeline", "last_updated": "2024-03-11", "release": "2026-07"}}, {"type": "Feature", "geometry": {"type": "MultiLineString", "coordinates": [[[29.673668, 31.041108], [29.674524, 31.040181], [29.671403, 31.036989], [29.657528, 31.029459], [29.653819, 31.027575], [29.648243, 31.024451], [29.644176, 31.021335], [29.641723, 31.019645], [29.635893, 31.01605], [29.624011, 31.009642], [29.619699, 31.006996], [29.611478, 31.001241], [29.600699, 30.994295], [29.589005, 30.987838], [29.58456, 30.985736], [29.574905, 30.978991], [29.564762, 30.972162], [29.560652, 30.969519], [29.552249, 30.965559], [29.546989, 30.962376], [29.537125, 30.958125], [29.521363, 30.949471], [29.509913, 30.945468], [29.508092, 30.944773], [29.501957, 30.94206], [29.4927, 30.937823], [29.479457, 30.931943], [29.474418, 30.929645], [29.461854, 30.92402], [29.456445, 30.921427], [29.440076, 30.912166], [29.43581, 30.909776], [29.423503, 30.904732], [29.413538, 30.900581], [29.395734, 30.892037], [29.388521, 30.888913], [29.378377, 30.885434], [29.369885, 30.881937], [29.363487, 30.879033], [29.349338, 30.874176], [29.335052, 30.868517], [29.329993, 30.865972], [29.32058, 30.863063], [29.313966, 30.861316], [29.30607, 30.857963], [29.288508, 30.850976], [29.280585, 30.848502], [29.270169, 30.845108], [29.257244, 30.841388], [29.247067, 30.838795], [29.233947, 30.835428], [29.224459, 30.832988], [29.203866, 30.82794], [29.158524, 30.819876], [29.135941, 30.816024], [29.099773, 30.812629], [29.064985, 30.812789], [29.042646, 30.814574], [29.016022, 30.821043], [28.985065, 30.824363], [28.959993, 30.835723], [28.944138, 30.845011], [28.937191, 30.846028], [28.918299, 30.848165], [28.906703, 30.85423], [28.896276, 30.859708], [28.883753, 30.868642], [28.869814, 30.878402], [28.861079, 30.884474], [28.84079, 30.899456], [28.826581, 30.908006], [28.817533, 30.912474], [28.829952, 30.931077]]]}, "properties": {"source": "GEM", "layer": "pipelines", "tracker": "GOIT", "name": "El Hamra-Sidi Krir-Alexandria Oil Pipeline", "pipeline": "El Hamra-Sidi Krir-Alexandria Oil Pipeline", "segment": null, "fuel": "Oil", "countries": ["Egypt"], "sector": "energy", "owner": "Egyptian General Petroleum Corp [100.%]", "parent": "Egyptian General Petroleum Corp [100.00%]", "start_year": null, "capacity": 200000.0, "capacity_units": "bpd", "capacity_bcm_y": null, "capacity_boed": 200000.0, "length_km": 90.0, "diameter": "16.0 in", "start_location": "El Hamra", "end_location": "Alexandrai", "raw_status": "operating", "dash_status": "operating", "project_id": "P3693", "url": "https://www.gem.wiki/El_Hamra-Sidi_Krir-Alexandria_Oil_Pipeline", "last_updated": "2023-01-23", "release": "2026-07"}}, {"type": "Feature", "geometry": {"type": "MultiLineString", "coordinates": [[[12.3636, 26.5946], [13.056, 27.448], [12.6403, 28.3521], [12.9687, 29.5081], [12.5722, 30.2985], [12.2966, 31.4311], [12.3124, 32.0081], [12.3501, 32.1424], [12.6559, 32.6171], [12.6973, 32.7873]]]}, "properties": {"source": "GEM", "layer": "pipelines", "tracker": "GOIT", "name": "El Sharara-Az-Zawiyah Oil Pipeline", "pipeline": "El Sharara-Az-Zawiyah Oil Pipeline", "segment": null, "fuel": "Oil", "countries": ["Libya"], "sector": "energy", "owner": "Libyan National Oil Corp; Repsol; OMV; TotalEnergies SE; Equinor", "parent": "National Oil Corp [88.00%]; Equinor ASA [unknown %]; OMV AG [unknown %]; Repsol SA [unknown %]; TotalEnergies SE [unknown %]", "start_year": "1998", "capacity": 9.96, "capacity_units": "mtpa", "capacity_bcm_y": null, "capacity_boed": 199999.99, "length_km": 725.4, "diameter": "30.0 in", "start_location": "El Sharara oil field", "end_location": "Zawiya", "raw_status": "operating", "dash_status": "operating", "project_id": "P0590", "url": "https://www.gem.wiki/El_Sharara-Az-Zawiyah_Oil_Pipeline", "last_updated": "2023-02-08", "release": "2026-07"}}, {"type": "Feature", "geometry": {"type": "MultiLineString", "coordinates": [[[12.3636, 26.5946], [13.056, 27.448], [12.6403, 28.3521], [12.9687, 29.5081], [12.5722, 30.2985], [12.2966, 31.4311], [12.3124, 32.0081], [12.3194, 32.1006], [12.185, 32.7129], [12.2361, 32.8518]]]}, "properties": {"source": "GEM", "layer": "pipelines", "tracker": "GOIT", "name": "El Sharara-Mellitah Oil Pipeline", "pipeline": "El Sharara-Mellitah Oil Pipeline", "segment": null, "fuel": "Oil", "countries": ["Libya"], "sector": "energy", "owner": "Libyan National Oil Corp [50.%]; Eni SpA [50.%]", "parent": "Eni SpA [50.00%]; National Oil Corp [50.00%]", "start_year": null, "capacity": 9.96, "capacity_units": "mtpa", "capacity_bcm_y": null, "capacity_boed": 199999.99, "length_km": 723.0, "diameter": "30.0 in", "start_location": "El Sharara oilfield", "end_location": "Mellitah Complex", "raw_status": "operating", "dash_status": "operating", "project_id": "P0589", "url": "https://www.gem.wiki/El_Sharara-Mellitah_Oil_Pipeline", "last_updated": "2022-02-25", "release": "2026-07"}}, {"type": "Feature", "geometry": {"type": "MultiLineString", "coordinates": [[[32.375611, 29.737324], [32.475616, 29.944534], [32.533426, 29.959576]]]}, "properties": {"source": "GEM", "layer": "pipelines", "tracker": "GOIT", "name": "El-Hafair-Suez Oil Pipeline", "pipeline": "El-Hafair-Suez Oil Pipeline", "segment": null, "fuel": "Oil", "countries": ["Egypt"], "sector": "energy", "owner": "Egyptian General Petroleum Corporation (EGPC) [100.%]", "parent": "unknown [unknown %]", "start_year": null, "capacity": 50000.0, "capacity_units": "bpd", "capacity_bcm_y": null, "capacity_boed": 50000.0, "length_km": 35.0, "diameter": "18 in", "start_location": null, "end_location": null, "raw_status": "operating", "dash_status": "operating", "project_id": "P7976", "url": "https://www.gem.wiki/El-Hafair-Suez_Oil_Pipeline", "last_updated": "2026-03-15", "release": "2026-07"}}, {"type": "Feature", "geometry": {"type": "MultiLineString", "coordinates": [[[6.421, 5.714], [6.245, 4.302]]]}, "properties": {"source": "GEM", "layer": "pipelines", "tracker": "GOIT", "name": "Eni Kwale-Brass Oil Pipeline Network", "pipeline": "Eni Kwale-Brass Oil Pipeline Network", "segment": null, "fuel": "Oil", "countries": ["Nigeria"], "sector": "energy", "owner": "Eni SpA [100.%]", "parent": "Eni SpA [100.00%]", "start_year": null, "capacity": null, "capacity_units": null, "capacity_bcm_y": null, "capacity_boed": null, "length_km": 460.0, "diameter": null, "start_location": null, "end_location": "Brass", "raw_status": "operating", "dash_status": "operating", "project_id": "P0617", "url": "https://www.gem.wiki/Eni_Kwale-Brass_Oil_Pipeline_Network", "last_updated": "2026-02-23", "release": "2026-07"}}, {"type": "Feature", "geometry": {"type": "MultiLineString", "coordinates": [[[11.090879, 25.902469], [12.230024, 26.577321]]]}, "properties": {"source": "GEM", "layer": "pipelines", "tracker": "GOIT", "name": "Erawin-Elsharara Oil Pipeline", "pipeline": "Erawin-Elsharara Oil Pipeline", "segment": null, "fuel": "Oil", "countries": ["Libya"], "sector": "energy", "owner": "Libyan National Oil Corp [100.%]", "parent": "National Oil Corp [100.00%]", "start_year": "2024", "capacity": 100000.0, "capacity_units": "bpd", "capacity_bcm_y": null, "capacity_boed": 100000.0, "length_km": 97.0, "diameter": "12 in", "start_location": "Erawin oilfield", "end_location": "Elsharara oilfield", "raw_status": "operating", "dash_status": "operating", "project_id": "P3718", "url": "https://www.gem.wiki/Erawin-El_Sharara_Oil_Pipeline", "last_updated": "2026-03-05", "release": "2026-07"}}, {"type": "Feature", "geometry": {"type": "MultiLineString", "coordinates": [[[5.716701, 5.565934], [6.029263, 6.344977], [6.264415, 7.065851], [6.239022, 7.56004], [6.747313, 7.795585], [6.783374, 7.922797], [7.174979, 9.252794], [7.400599, 10.523175]]]}, "properties": {"source": "GEM", "layer": "pipelines", "tracker": "GOIT", "name": "Escravos-Warri-Kaduna Oil Pipeline", "pipeline": "Escravos-Warri-Kaduna Oil Pipeline", "segment": null, "fuel": "Oil", "countries": ["Nigeria"], "sector": "energy", "owner": "Nigerian National Petroleum Corp [100.%]", "parent": "NNPC Ltd [100.00%]", "start_year": null, "capacity": null, "capacity_units": null, "capacity_bcm_y": null, "capacity_boed": null, "length_km": 674.0, "diameter": null, "start_location": "Escravos", "end_location": "Kaduna", "raw_status": "operating", "dash_status": "operating", "project_id": "P0618", "url": "https://www.gem.wiki/Escravos-Warri-Kaduna_Oil_Pipeline", "last_updated": "2026-02-23", "release": "2026-07"}}, {"type": "Feature", "geometry": {"type": "MultiLineString", "coordinates": [[[12.07, -6.3], [12.349, -6.247]]]}, "properties": {"source": "GEM", "layer": "pipelines", "tracker": "GOIT", "name": "Essungo-Quinfuquena Oil Pipeline", "pipeline": "Essungo-Quinfuquena Oil Pipeline", "segment": null, "fuel": "Oil", "countries": ["Angola"], "sector": "energy", "owner": "Sonangol Pesquisa e Produ\u00e7\u00e3o SA [100.%]", "parent": "unknown [70.00%]; Sonangol EP [30.00%]", "start_year": null, "capacity": null, "capacity_units": null, "capacity_bcm_y": null, "capacity_boed": null, "length_km": 35.41, "diameter": "18.0 in", "start_location": "Essungo offshore oilfield", "end_location": "Quinfuquena terminal", "raw_status": "operating", "dash_status": "operating", "project_id": "P0564", "url": "https://www.gem.wiki/Essungo-Quinfuquena_Oil_Pipeline", "last_updated": "2026-02-26", "release": "2026-07"}}, {"type": "Feature", "geometry": {"type": "MultiLineString", "coordinates": [[[21.2305, 28.1656], [21.3076, 28.4712], [21.3747, 28.6657], [21.3761, 28.7071]]]}, "properties": {"source": "GEM", "layer": "pipelines", "tracker": "GOIT", "name": "Faregh-Gialo Oil Pipeline", "pipeline": "Faregh-Gialo Oil Pipeline", "segment": null, "fuel": "Oil", "countries": ["Libya"], "sector": "energy", "owner": "Libyan National Oil Corp [50.%]; ConocoPhillips [16.33%]; TotalEnergies SE [16.33%]; Hess Corp [8.16%]", "parent": "National Oil Corp [50.00%]; ConocoPhillips Corp [16.33%]; TotalEnergies SE [16.33%]; Hess Corp [8.16%]", "start_year": null, "capacity": 2.49, "capacity_units": "mtpa", "capacity_bcm_y": null, "capacity_boed": 50000.0, "length_km": 64.86, "diameter": "12.0 in", "start_location": "Farigh oilfield", "end_location": "Gialo oilfield", "raw_status": "operating", "dash_status": "operating", "project_id": "P0591", "url": "https://www.gem.wiki/Faregh-Gialo_Oil_Pipeline", "last_updated": "2022-03-01", "release": "2026-07"}}, {"type": "Feature", "geometry": {"type": "MultiLineString", "coordinates": [[[21.3761, 28.7071], [21.346, 28.7023], [21.0382, 28.6036], [20.738, 28.4782], [20.0955, 28.283], [19.9703, 28.3426], [19.9277, 28.3319], [19.9218, 28.2983]]]}, "properties": {"source": "GEM", "layer": "pipelines", "tracker": "GOIT", "name": "Gialo-Waha Oil Pipeline", "pipeline": "Gialo-Waha Oil Pipeline", "segment": null, "fuel": "Oil", "countries": ["Libya"], "sector": "energy", "owner": "Libyan National Oil Corp [50.%]; ConocoPhillips [16.33%]; TotalEnergies SE [16.33%]; Hess Corp [8.16%]", "parent": "National Oil Corp [50.00%]; ConocoPhillips Corp [16.33%]; TotalEnergies SE [16.33%]; Hess Corp [8.16%]", "start_year": null, "capacity": 19.92, "capacity_units": "mtpa", "capacity_bcm_y": null, "capacity_boed": 400000.01, "length_km": 151.66, "diameter": "30.0 in", "start_location": "Gialo oilfield", "end_location": "Waha oilfield", "raw_status": "operating", "dash_status": "operating", "project_id": "P0592", "url": "https://www.gem.wiki/Gialo-Waha_Oil_Pipeline", "last_updated": "2023-02-08", "release": "2026-07"}}, {"type": "Feature", "geometry": {"type": "MultiLineString", "coordinates": [[[37.247873, 19.403249], [37.235034, 19.39321], [37.077704, 19.416198], [36.795662, 19.269709], [36.677782, 18.558847], [36.241227, 18.542448], [35.553652, 18.31949], [34.381417, 17.774049], [33.905516, 17.264577], [33.648588, 16.74251], [32.842767, 16.375925], [32.692041, 16.111139], [32.691625, 16.110444]], [[32.691625, 16.110444], [32.172345, 15.242596], [31.699363, 14.596582], [31.071641, 14.288417], [30.610338, 13.897657], [30.15971, 13.179204], [29.654179, 12.051834], [29.638486, 11.303085], [29.329004, 10.990848], [29.404185, 9.988129], [29.80559, 9.21024], [30.317257, 8.465562]], [[32.691624, 16.110444], [32.691625, 16.110444]], [[32.691625, 16.110444], [32.697768, 16.108069], [32.744937, 15.383082], [32.234, 14.652728], [32.236919, 14.338966], [32.701142, 13.610833], [32.701142, 13.355308], [32.885079, 13.150693], [32.917195, 11.73661], [32.72158, 10.995259], [32.502607, 10.734335], [32.473319, 10.449498], [32.746032, 10.179847], [32.966647, 10.014208]]]}, "properties": {"source": "GEM", "layer": "pipelines", "tracker": "GOIT", "name": "Greater Nile Oil Pipeline", "pipeline": "Greater Nile Oil Pipeline", "segment": null, "fuel": "Oil", "countries": ["South Sudan", "Sudan"], "sector": "energy", "owner": "Greater Nile Petroleum Operating Co [100.%]", "parent": "China National Petroleum Corp [40.00%]; Petroliam Nasional Bhd [30.00%]; Oil and Natural Gas Corporation Ltd [25.00%]; SUDAPET Co Ltd [5.00%]", "start_year": "1999", "capacity": 250000.0, "capacity_units": "bpd", "capacity_bcm_y": null, "capacity_boed": 250000.0, "length_km": 1600.0, "diameter": null, "start_location": "Muglad Basin", "end_location": "Port Sudan", "raw_status": "operating", "dash_status": "operating", "project_id": "P0537", "url": "https://www.gem.wiki/Greater_Nile_Oil_Pipeline", "last_updated": "2026-02-25", "release": "2026-07"}}, {"type": "Feature", "geometry": {"type": "MultiLineString", "coordinates": [[[12.9687, 29.5081], [12.5722, 30.2985], [12.2966, 31.4311], [12.3124, 32.0081], [12.3501, 32.1424], [12.6559, 32.6171], [12.6973, 32.7873]]]}, "properties": {"source": "GEM", "layer": "pipelines", "tracker": "GOIT", "name": "Hamada al Hamra-Az-Zawiyah Oil Pipeline", "pipeline": "Hamada al Hamra-Az-Zawiyah Oil Pipeline", "segment": null, "fuel": "Oil", "countries": ["Libya"], "sector": "energy", "owner": "Libyan National Oil Corp [100.%]", "parent": "National Oil Corp [100.00%]", "start_year": null, "capacity": 800000.0, "capacity_units": "bpd", "capacity_bcm_y": null, "capacity_boed": 800000.0, "length_km": 386.15, "diameter": "18.0 in", "start_location": "Hamada al Hamra", "end_location": "Zawiya terminal", "raw_status": "operating", "dash_status": "operating", "project_id": "P0593", "url": "https://www.gem.wiki/Hamada_al_Hamra-Az-Zawiya_Oil_Pipeline", "last_updated": "2023-02-07", "release": "2026-07"}}, {"type": "Feature", "geometry": {"type": "MultiLineString", "coordinates": [[[6.056742, 31.731763], [5.993199, 32.455373], [5.923668, 33.045023], [5.888593, 33.374247], [5.877314, 33.517303], [5.865506, 33.57645], [5.851076, 33.71339], [5.793359, 33.830936], [5.712554, 33.907614], [5.613675, 33.979812], [5.576917, 34.158729], [5.545173, 34.449564], [5.501884, 34.744134], [5.484569, 34.912327], [5.55383, 34.969104], [5.536515, 35.018751], [5.374906, 35.099068], [5.198867, 35.198175], [5.057459, 35.280671], [4.921822, 35.363083], [4.748669, 35.473619], [4.584174, 35.58635], [4.520685, 35.645002], [4.474511, 35.680172], [4.43988, 35.724698], [4.405249, 35.806656], [4.364847, 35.839415], [4.312901, 35.886191], [4.315787, 35.923592], [4.361961, 35.99834], [4.373505, 36.138302], [4.344646, 36.175583], [4.315787, 36.233799], [4.344646, 36.271035], [4.376391, 36.317555], [4.460081, 36.354751], [4.555315, 36.405866], [4.615919, 36.473193], [4.699609, 36.52655], [5.060345, 36.665567]]]}, "properties": {"source": "GEM", "layer": "pipelines", "tracker": "GOIT", "name": "Haoudh El Hamra-Bejaia Oil Pipeline", "pipeline": "Haoudh El Hamra-Bejaia Oil Pipeline", "segment": null, "fuel": "Oil", "countries": ["Algeria"], "sector": "energy", "owner": "Sonatrach [100.%]", "parent": "Sonatrach SpA [100.00%]", "start_year": "1959", "capacity": 11.4, "capacity_units": "mtpa", "capacity_bcm_y": null, "capacity_boed": 228936.99, "length_km": 668.0, "diameter": "24, 22 in", "start_location": "Haoudh El Hamra", "end_location": "Bejaia", "raw_status": "operating", "dash_status": "operating", "project_id": "P0559", "url": "https://www.gem.wiki/Haoudh_El_Hamra-Bejaia_Oil_Pipeline", "last_updated": "2025-01-27", "release": "2026-07"}}, {"type": "Feature", "geometry": {"type": "MultiLineString", "coordinates": [[[6.029571, 31.705761], [6.00189, 31.930709], [5.920337, 32.716269], [5.903022, 32.76967], [5.868622, 33.001299], [5.822217, 33.299505], [5.729869, 33.602894], [5.662926, 33.830733], [5.631058, 33.967799], [5.600004, 34.18738], [5.574032, 34.525682], [5.567321, 34.678408], [5.536515, 34.819982], [5.498999, 34.902861], [5.435509, 35.025841], [5.239269, 35.136837], [5.328732, 35.252396], [5.533629, 35.464218], [5.827989, 35.694235], [6.209034, 35.983034], [6.396508, 36.124317], [6.523487, 36.33383], [6.581204, 36.429089], [6.641808, 36.494076], [6.797645, 36.633152], [6.814961, 36.716477], [6.907309, 36.864388]]]}, "properties": {"source": "GEM", "layer": "pipelines", "tracker": "GOIT", "name": "Haoudh El Hamra-Skikda Oil Pipeline", "pipeline": "Haoudh El Hamra-Skikda Oil Pipeline", "segment": null, "fuel": "Oil", "countries": ["Algeria"], "sector": "energy", "owner": "Sonatrach [100.%]", "parent": "Sonatrach SpA [100.00%]", "start_year": "1972", "capacity": 30.0, "capacity_units": "mtpa", "capacity_bcm_y": null, "capacity_boed": 602465.75, "length_km": 646.0, "diameter": "34 in", "start_location": "Haoudh El Hamra", "end_location": "Skikda", "raw_status": "operating", "dash_status": "operating", "project_id": "P0525", "url": "https://www.gem.wiki/Haoudh_El_Hamra-Skikda_Oil_Pipeline", "last_updated": "2025-01-27", "release": "2026-07"}}, {"type": "Feature", "geometry": {"type": "MultiLineString", "coordinates": [[[-0.291978, 35.769046], [-0.235751, 35.698047], [-0.210761, 35.63714], [-0.129543, 35.59397], [-0.048326, 35.583809], [0.029768, 35.60413], [0.079748, 35.60159], [0.192203, 35.629524], [0.417112, 35.560942], [0.610785, 35.474496], [0.916912, 35.321717], [0.963768, 35.303874], [1.135574, 35.099675], [1.485434, 34.80011], [1.904015, 34.545778], [2.205457, 34.280343], [2.638096, 33.69499], [3.147266, 32.961589], [3.317511, 32.78056], [4.126561, 32.388384], [4.310862, 32.264322], [4.935611, 32.031579], [5.344822, 31.819481], [5.878982, 31.795589], [5.972695, 31.676038]]]}, "properties": {"source": "GEM", "layer": "pipelines", "tracker": "GOIT", "name": "Hassi R'Mel-Arzew LPG Pipeline I", "pipeline": "Hassi R'Mel-Arzew LPG Pipeline I", "segment": null, "fuel": "NGL", "countries": ["Algeria"], "sector": "energy", "owner": "Sonatrach [100.%]", "parent": "Sonatrach SpA [100.00%]", "start_year": "1984", "capacity": null, "capacity_units": null, "capacity_bcm_y": null, "capacity_boed": null, "length_km": 503.0, "diameter": "24 in", "start_location": null, "end_location": null, "raw_status": "operating", "dash_status": "operating", "project_id": "P7297", "url": "https://www.gem.wiki/Hassi_R%27Mel-Arzew_LPG_Pipeline", "last_updated": "2025-01-27", "release": "2026-07"}}, {"type": "Feature", "geometry": {"type": "MultiLineString", "coordinates": [[[-0.315406, 35.748767], [-0.259179, 35.685362], [-0.227941, 35.624446], [-0.1436, 35.576187], [-0.028021, 35.560942], [0.040701, 35.583809], [0.1063, 35.573647], [0.215631, 35.59397], [0.568614, 35.471952], [0.943464, 35.283477], [1.11527, 35.089451], [1.4745, 34.789849], [1.880587, 34.538059], [2.194524, 34.264855], [2.770855, 33.471189], [3.137895, 32.948483], [3.30033, 32.762174], [3.6252, 32.604424], [4.151551, 32.348808], [4.310862, 32.227334], [4.92624, 32.015689], [5.338574, 31.795589], [5.875859, 31.76638], [5.963323, 31.654768]]]}, "properties": {"source": "GEM", "layer": "pipelines", "tracker": "GOIT", "name": "Hassi R'Mel-Arzew LPG Pipeline II", "pipeline": "Hassi R'Mel-Arzew LPG Pipeline II", "segment": null, "fuel": "NGL", "countries": ["Algeria"], "sector": "energy", "owner": "Sonatrach [100.%]", "parent": "Sonatrach SpA [100.00%]", "start_year": "2009", "capacity": null, "capacity_units": null, "capacity_bcm_y": null, "capacity_boed": null, "length_km": 492.0, "diameter": "24 in", "start_location": null, "end_location": null, "raw_status": "operating", "dash_status": "operating", "project_id": "P7298", "url": "https://www.gem.wiki/Hassi_R%27Mel-Arzew_LPG_Pipeline_II", "last_updated": "2025-01-27", "release": "2026-07"}}, {"type": "Feature", "geometry": {"type": "MultiLineString", "coordinates": [[[18.0084, 29.373], [18.4968, 29.6621]]]}, "properties": {"source": "GEM", "layer": "pipelines", "tracker": "GOIT", "name": "Hofra-Aseida Gathering Oil Pipeline", "pipeline": "Hofra-Aseida Gathering Oil Pipeline", "segment": null, "fuel": "Oil", "countries": ["Libya"], "sector": "energy", "owner": "Libyan National Oil Corp [59.18%]; Suncor Energy [12.%]", "parent": "National Oil Corp [59.18%]; Suncor Energy Inc [12.00%]", "start_year": null, "capacity": 7.47, "capacity_units": "mtpa", "capacity_bcm_y": null, "capacity_boed": 150000.0, "length_km": 56.87, "diameter": "24.0 in", "start_location": "Hofra oilfield", "end_location": "Aseida gathering", "raw_status": "operating", "dash_status": "operating", "project_id": "P0594", "url": "https://www.gem.wiki/Hofra-Aseida_Gathering_Oil_Pipeline", "last_updated": "2022-03-02", "release": "2026-07"}}, {"type": "Feature", "geometry": {"type": "MultiLineString", "coordinates": [[[7.97, 4.42], [8.012, 4.547]]]}, "properties": {"source": "GEM", "layer": "pipelines", "tracker": "GOIT", "name": "Idoho-Qua Iboe Terminal Oil Pipeline", "pipeline": "Idoho-Qua Iboe Terminal Oil Pipeline", "segment": null, "fuel": "Oil", "countries": ["Nigeria"], "sector": "energy", "owner": "ExxonMobil [100.%]", "parent": "Exxon Mobil Corp [100.00%]", "start_year": null, "capacity": null, "capacity_units": null, "capacity_bcm_y": null, "capacity_boed": null, "length_km": 108.0, "diameter": null, "start_location": "Idoho offshore oilfield", "end_location": "Qua Iboe oil terminal", "raw_status": "operating", "dash_status": "operating", "project_id": "P0619", "url": "https://www.gem.wiki/Idoho-Qua_Iboe_Terminal_Oil_Pipeline", "last_updated": "2026-02-23", "release": "2026-07"}}, {"type": "Feature", "geometry": {"type": "MultiLineString", "coordinates": [[[9.583967, 28.005568], [9.373387, 28.029555], [9.285079, 28.269133], [9.142427, 28.340902], [9.210356, 29.293158], [9.237528, 29.435242], [9.223942, 29.535765], [9.329, 30.234]]]}, "properties": {"source": "GEM", "layer": "pipelines", "tracker": "GOIT", "name": "In Amenas-Algerian-Tunisian Border Oil Pipeline", "pipeline": "In Amenas-Algerian-Tunisian Border Oil Pipeline", "segment": null, "fuel": "Oil", "countries": ["Algeria"], "sector": "energy", "owner": "Sonatrach [100.%]", "parent": "Sonatrach SpA [100.00%]", "start_year": "1960", "capacity": 7.8, "capacity_units": "mtpa", "capacity_bcm_y": null, "capacity_boed": 156641.1, "length_km": 265.0, "diameter": "24 in", "start_location": "In Amenas", "end_location": "Algerian-Tunisian Border", "raw_status": "operating", "dash_status": "operating", "project_id": "P1829", "url": "https://www.gem.wiki/In_Amenas-Algerian-Tunisian_border_oil_pipeline", "last_updated": "2026-01-12", "release": "2026-07"}}, {"type": "Feature", "geometry": {"type": "MultiLineString", "coordinates": [[[9.604346, 27.987574], [9.363194, 28.007262], [9.224672, 28.251583], [9.028432, 28.34306], [8.781519, 28.72915], [8.601534, 28.787193], [8.556696, 28.869875], [8.508519, 28.929945], [8.473482, 28.988703], [8.431145, 29.0219], [8.346471, 29.052533], [8.258877, 29.071674], [8.21508, 29.085709], [8.127486, 29.123976], [8.053397, 29.175932], [8.035513, 29.183898], [7.988796, 29.210661], [7.92837, 29.214095], [7.892603, 29.21091], [7.804279, 29.217918], [7.744424, 29.203901], [7.726175, 29.208998], [7.562667, 29.200715], [7.499161, 29.188449], [7.475438, 29.185262], [7.471606, 29.186218], [7.468139, 29.189564], [7.454999, 29.208998], [7.444963, 29.211388], [7.44259, 29.214732], [7.4404, 29.225403], [7.438028, 29.23034], [7.429269, 29.23448], [7.404816, 29.243238], [7.384924, 29.255339], [7.383647, 29.258046], [7.382917, 29.263777], [7.369231, 29.284789], [7.356787, 29.301659], [7.355578, 29.303191], [7.35421, 29.303589], [7.353023, 29.304623], [7.352476, 29.305379], [7.352202, 29.309039], [7.351746, 29.310153], [7.349009, 29.315642], [7.346363, 29.321132], [7.345359, 29.322882], [7.344173, 29.323757], [7.340979, 29.324553], [7.335505, 29.327496], [7.328912, 29.330777], [7.327384, 29.33561], [7.326563, 29.340462], [7.323826, 29.344836], [7.31534, 29.351596], [7.31388, 29.352869], [7.312968, 29.354937], [7.302657, 29.3644], [7.302657, 29.373226], [7.301015, 29.374658], [7.297547, 29.375612], [7.286233, 29.375612], [7.279481, 29.37911], [7.275923, 29.394454], [7.274737, 29.394852], [7.267893, 29.395408], [7.265704, 29.396919], [7.262419, 29.400655], [7.261506, 29.405504], [7.266707, 29.416552], [7.26689, 29.421241], [7.267072, 29.426645], [7.264882, 29.430619], [7.259681, 29.434274], [7.255758, 29.448021], [7.251105, 29.450087], [7.241889, 29.460813], [7.235137, 29.470504], [7.231031, 29.470266], [7.227016, 29.470504], [7.22364, 29.471378], [7.222454, 29.472252], [7.221998, 29.473523], [7.223823, 29.483055], [7.224461, 29.484643], [7.224461, 29.488217], [7.211779, 29.501877], [7.204753, 29.514344], [7.202746, 29.52149], [7.204479, 29.524031], [7.205027, 29.528795], [7.205574, 29.542211], [7.201559, 29.551419], [7.194625, 29.566657], [7.182398, 29.580148], [7.174369, 29.596334], [7.16269, 29.602999], [7.157763, 29.607758], [7.149733, 29.624654], [7.14727, 29.631634], [7.132306, 29.635837], [7.127789, 29.635203], [7.123866, 29.636075], [7.116019, 29.648605], [7.11173, 29.662005], [7.109632, 29.668903], [7.108537, 29.673818], [7.107624, 29.680715], [7.106438, 29.681349], [7.101602, 29.697837], [7.09777, 29.701799], [7.089102, 29.709091], [7.083718, 29.712736], [7.080251, 29.714479], [7.077879, 29.718362], [7.075689, 29.71971], [7.074868, 29.721215], [7.073499, 29.723038], [7.072952, 29.726366], [7.067112, 29.734844], [7.063006, 29.737696], [7.05151, 29.739835], [7.048863, 29.739954], [7.046035, 29.741538], [7.042841, 29.7535], [7.037458, 29.775124], [7.033535, 29.793575], [7.030181, 29.803334], [7.024068, 29.813309], [7.018685, 29.821542], [7.016404, 29.827558], [7.014214, 29.838719], [7.013666, 29.841093], [7.012663, 29.84228], [6.999797, 29.847781], [6.985198, 29.852608], [6.980636, 29.860205], [6.971329, 29.874289], [6.964577, 29.896756], [6.95892, 29.910203], [6.951621, 29.925387], [6.949978, 29.931871], [6.940307, 29.940411], [6.933737, 29.943415], [6.93246, 29.945866], [6.931684, 29.946696], [6.931228, 29.948791], [6.931775, 29.950452], [6.931365, 29.951835], [6.930087, 29.952902], [6.910105, 29.973989], [6.90755, 29.97802], [6.903992, 29.984579], [6.900798, 29.990902], [6.899156, 29.995327], [6.898791, 29.99991], [6.897696, 30.00552], [6.896692, 30.007812], [6.891035, 30.014528], [6.882276, 30.025114], [6.867608, 30.030644], [6.86056, 30.031434], [6.849611, 30.029854], [6.845778, 30.030328], [6.842859, 30.03175], [6.799974, 30.084977], [6.782638, 30.092399], [6.778988, 30.096662], [6.745228, 30.130443], [6.739936, 30.132179], [6.707453, 30.154272], [6.704169, 30.159479], [6.688475, 30.173679], [6.669679, 30.19876], [6.667489, 30.204753], [6.636831, 30.224623], [6.603253, 30.248587], [6.597414, 30.258991], [6.579165, 30.31824], [6.554347, 30.398232], [6.522229, 30.50206], [6.51128, 30.537903], [6.483542, 30.70562], [6.482458, 30.74522], [6.476619, 30.787557], [6.462898, 30.874809], [6.439722, 30.918654], [6.42242, 30.95531], [6.421143, 30.967673], [6.421508, 30.98942], [6.36602, 31.117389], [6.310727, 31.195823], [6.301238, 31.229222], [6.292478, 31.250442], [6.274412, 31.293179], [6.267842, 31.309395], [6.248316, 31.339092], [6.225243, 31.372781], [6.2016, 31.410761], [6.171672, 31.457161], [6.111816, 31.542117], [6.070574, 31.600887], [6.031522, 31.642222], [6.020938, 31.655582], [6.017288, 31.662727], [6.016524, 31.66427], [6.013273, 31.673288], [6.009624, 31.683227], [6.007799, 31.690681], [6.006704, 31.695339]]]}, "properties": {"source": "GEM", "layer": "pipelines", "tracker": "GOIT", "name": "In Amenas-Haoudh El Hamra Oil Pipeline", "pipeline": "In Amenas-Haoudh El Hamra Oil Pipeline", "segment": null, "fuel": "Oil", "countries": ["Algeria"], "sector": "energy", "owner": "Sonatrach [100.%]", "parent": "Sonatrach SpA [100.00%]", "start_year": "1982", "capacity": 8.9, "capacity_units": "mtpa", "capacity_bcm_y": null, "capacity_boed": 178731.51, "length_km": 630.0, "diameter": "30 in", "start_location": "In Amenas", "end_location": "Haoudh El Hamra", "raw_status": "operating", "dash_status": "operating", "project_id": "P0561", "url": "https://www.gem.wiki/In_Amenas-Haoudh_El_Hamra_Oil_Pipeline", "last_updated": "2025-01-27", "release": "2026-07"}}, {"type": "Feature", "geometry": {"type": "MultiLineString", "coordinates": [[[20.7795, 29.0433], [20.2281, 30.5316], [20.1705, 30.6402], [20.0484, 30.8278]]]}, "properties": {"source": "GEM", "layer": "pipelines", "tracker": "GOIT", "name": "Intisar-Zueitina Oil Pipeline", "pipeline": "Intisar-Zueitina Oil Pipeline", "segment": null, "fuel": "Oil", "countries": ["Libya"], "sector": "energy", "owner": "Libyan National Oil Corp [59.18%]; OMV [19.%]", "parent": "National Oil Corp [59.18%]; OMV AG [19.00%]", "start_year": "1968", "capacity": 49.8, "capacity_units": "mtpa", "capacity_bcm_y": null, "capacity_boed": 1000000.01, "length_km": 219.51, "diameter": "40.0 in", "start_location": "Intisar oilfield", "end_location": "Zueitina", "raw_status": "operating", "dash_status": "operating", "project_id": "P0595", "url": "https://www.gem.wiki/Intisar-Zueitina_Oil_Pipeline", "last_updated": "2022-03-02", "release": "2026-07"}}, {"type": "Feature", "geometry": {"type": "MultiLineString", "coordinates": [[[6.421, 5.714], [5.915, 5.266]]]}, "properties": {"source": "GEM", "layer": "pipelines", "tracker": "GOIT", "name": "Kwale-Ogoda Oil Pipeline", "pipeline": "Kwale-Ogoda Oil Pipeline", "segment": null, "fuel": "Oil", "countries": ["Nigeria"], "sector": "energy", "owner": "Eni SpA; Nigerian National Petroleum Corp", "parent": "Eni SpA [100.00%]; NNPC Ltd [unknown %]", "start_year": null, "capacity": null, "capacity_units": null, "capacity_bcm_y": null, "capacity_boed": null, "length_km": 80.0, "diameter": null, "start_location": "Kwale", "end_location": "Ogoda", "raw_status": "operating", "dash_status": "operating", "project_id": "P0620", "url": "https://www.gem.wiki/Kwale-Ogoda_Oil_Pipeline", "last_updated": "2026-02-23", "release": "2026-07"}}, {"type": "Feature", "geometry": {"type": "MultiLineString", "coordinates": [[[11.01, -5.37], [11.53, -5.45]]]}, "properties": {"source": "GEM", "layer": "pipelines", "tracker": "GOIT", "name": "Lianzi-BBLT Oil Pipeline", "pipeline": "Lianzi-BBLT Oil Pipeline", "segment": null, "fuel": "Oil", "countries": ["Republic of the Congo", "Angola"], "sector": "energy", "owner": "Chevron [100.%]", "parent": "Chevron Corp [100.00%]", "start_year": "2015", "capacity": 40000.0, "capacity_units": "bpd", "capacity_bcm_y": null, "capacity_boed": 40000.0, "length_km": 69.2, "diameter": "13.0 in", "start_location": "Lianzi offshore oilfield", "end_location": "Benguela-Belize-Lobito-Tomboco offshore oilfield", "raw_status": "operating", "dash_status": "operating", "project_id": "P0565", "url": "https://www.gem.wiki/Lianzi-BBLT_Oil_Pipeline", "last_updated": "2026-02-26", "release": "2026-07"}}, {"type": "Feature", "geometry": {"type": "MultiLineString", "coordinates": [[[12.38, -6.95], [12.07, -6.3]]]}, "properties": {"source": "GEM", "layer": "pipelines", "tracker": "GOIT", "name": "Lombo-Essungo Oil Pipeline", "pipeline": "Lombo-Essungo Oil Pipeline", "segment": null, "fuel": "Oil", "countries": ["Angola"], "sector": "energy", "owner": "Sonangol Pesquisa e Produ\u00e7\u00e3o SA [100.%]", "parent": "unknown [70.00%]; Sonangol EP [30.00%]", "start_year": null, "capacity": null, "capacity_units": null, "capacity_bcm_y": null, "capacity_boed": null, "length_km": 122.31, "diameter": "16.0 in", "start_location": "East Lombo offshore oilfield", "end_location": "Essungo offshore oilfield", "raw_status": "operating", "dash_status": "operating", "project_id": "P0566", "url": "https://www.gem.wiki/Lombo-Essungo_Oil_Pipeline", "last_updated": "2026-01-06", "release": "2026-07"}}, {"type": "Feature", "geometry": {"type": "MultiLineString", "coordinates": [[[5.041037, 36.669668], [4.672435, 36.544289], [4.572476, 36.468964], [4.547486, 36.418707], [4.466268, 36.378478], [4.360061, 36.328162], [4.291338, 36.24255], [4.278843, 36.217352], [4.341318, 36.131619], [4.328823, 36.015478], [4.285091, 35.924466], [4.278843, 35.87892], [4.366308, 35.797886], [4.391298, 35.772545], [4.410041, 35.726913], [4.466268, 35.660952], [4.534991, 35.620334]]]}, "properties": {"source": "GEM", "layer": "pipelines", "tracker": "GOIT", "name": "M'Sila-Bejaia Oil Pipeline", "pipeline": "M'Sila-Bejaia Oil Pipeline", "segment": null, "fuel": "Oil", "countries": ["Algeria"], "sector": "energy", "owner": "Sonatrach [100.%]", "parent": "Sonatrach SpA [100.00%]", "start_year": "2020", "capacity": null, "capacity_units": null, "capacity_bcm_y": null, "capacity_boed": null, "length_km": 174.0, "diameter": "24,22 in", "start_location": "M'Sila", "end_location": null, "raw_status": "operating", "dash_status": "operating", "project_id": "P7293", "url": "https://www.gem.wiki/M%27Sila-Bejaia_Oil_Pipeline", "last_updated": "2026-01-09", "release": "2026-07"}}, {"type": "Feature", "geometry": {"type": "MultiLineString", "coordinates": [[[21.9436, 28.3751], [21.6218, 29.0878], [21.5825, 29.204], [21.5519, 29.2344]]]}, "properties": {"source": "GEM", "layer": "pipelines", "tracker": "GOIT", "name": "Majid-Nafoora Oil Pipeline", "pipeline": "Majid-Nafoora Oil Pipeline", "segment": null, "fuel": "Oil", "countries": ["Libya"], "sector": "energy", "owner": "Libyan National Oil Corp [100.%]", "parent": "National Oil Corp [100.00%]", "start_year": null, "capacity": 2.79, "capacity_units": "mtpa", "capacity_bcm_y": null, "capacity_boed": 56000.0, "length_km": 104.77, "diameter": "14.0 in", "start_location": "Majid oilfield", "end_location": "Nafoora oilfield", "raw_status": "operating", "dash_status": "operating", "project_id": "P0596", "url": "https://www.gem.wiki/Majid-Nafoora_Oil_Pipeline", "last_updated": "2023-02-09", "release": "2026-07"}}, {"type": "Feature", "geometry": {"type": "MultiLineString", "coordinates": [[[9.219024, 31.687486], [10.448501, 31.773003]]]}, "properties": {"source": "GEM", "layer": "pipelines", "tracker": "GOIT", "name": "Makhrouga-Debbech Oil Pipeline", "pipeline": "Makhrouga-Debbech Oil Pipeline", "segment": null, "fuel": "Oil", "countries": ["Tunisia"], "sector": "energy", "owner": "--", "parent": "unknown [unknown %]", "start_year": null, "capacity": null, "capacity_units": null, "capacity_bcm_y": null, "capacity_boed": null, "length_km": 95.0, "diameter": "6 in", "start_location": "Makhrouga", "end_location": null, "raw_status": "operating", "dash_status": "operating", "project_id": "P7927", "url": "https://www.gem.wiki/Makhrouga-Debbech_Oil_Pipeline", "last_updated": "2026-02-13", "release": "2026-07"}}, {"type": "Feature", "geometry": {"type": "MultiLineString", "coordinates": [[[6.748585, 31.059936], [6.627378, 31.089597], [6.468655, 31.173585], [6.356106, 31.277234], [6.229127, 31.48665], [6.10792, 31.68332]]]}, "properties": {"source": "GEM", "layer": "pipelines", "tracker": "GOIT", "name": "Mesdar-Haoudh El Hamra Oil Pipeline", "pipeline": "Mesdar-Haoudh El Hamra Oil Pipeline", "segment": null, "fuel": "Oil", "countries": ["Algeria"], "sector": "energy", "owner": "Sonatrach [100.%]", "parent": "Sonatrach SpA [100.00%]", "start_year": "1972", "capacity": 12.0, "capacity_units": "mtpa", "capacity_bcm_y": null, "capacity_boed": 240986.3, "length_km": 108.0, "diameter": "26 in", "start_location": "Mesdar oilfield", "end_location": "Haoudh El Hamra", "raw_status": "operating", "dash_status": "operating", "project_id": "P0562", "url": "https://www.gem.wiki/Mesdar-Haoudh_El_Hamra_Oil_Pipeline", "last_updated": "2025-01-27", "release": "2026-07"}}, {"type": "Feature", "geometry": {"type": "MultiLineString", "coordinates": [[[22.3294, 27.9879], [22.3094, 28.0322], [22.2721, 28.082], [22.1603, 28.1912], [21.3668, 29.1439], [21.1056, 29.4846]]]}, "properties": {"source": "GEM", "layer": "pipelines", "tracker": "GOIT", "name": "Messla-Amal Oil Pipeline", "pipeline": "Messla-Amal Oil Pipeline", "segment": null, "fuel": "Oil", "countries": ["Libya"], "sector": "energy", "owner": "Libyan National Oil Corp [100.%]", "parent": "National Oil Corp [100.00%]", "start_year": null, "capacity": 23.65, "capacity_units": "mtpa", "capacity_bcm_y": null, "capacity_boed": 475000.01, "length_km": 205.55, "diameter": "42.0 in", "start_location": "Messla oilfield", "end_location": "Amal oilfield", "raw_status": "operating", "dash_status": "operating", "project_id": "P0597", "url": "https://www.gem.wiki/Messla-Amal_Oil_Pipeline", "last_updated": "2022-02-24", "release": "2026-07"}}, {"type": "Feature", "geometry": {"type": "MultiLineString", "coordinates": [[[27.107764, 30.772904], [27.204091, 30.780903], [27.270759, 30.783755], [27.394432, 30.793665], [27.493696, 30.803969], [27.705048, 30.830039], [27.918759, 30.848754], [28.029645, 30.859002], [28.145728, 30.869667], [28.254005, 30.879435], [28.342396, 30.887739], [28.434972, 30.895756], [28.546409, 30.905782], [28.632516, 30.913538], [28.767088, 30.926639], [28.831653, 30.933878], [28.832553, 30.933377]]]}, "properties": {"source": "GEM", "layer": "pipelines", "tracker": "GOIT", "name": "Mleiha-El Hamra Oil Pipeline", "pipeline": "Mleiha-El Hamra Oil Pipeline", "segment": null, "fuel": "Oil", "countries": ["Egypt"], "sector": "energy", "owner": "Apache Corp [50.%]; Egyptian General Petroleum Corp [50.%]", "parent": "APA Corp [50.00%]; Egyptian General Petroleum Corp [50.00%]", "start_year": "1986", "capacity": 140000.0, "capacity_units": "bpd", "capacity_bcm_y": null, "capacity_boed": 140000.0, "length_km": 167.0, "diameter": "16.0 in", "start_location": "Mleiha oilfield", "end_location": "El Hamra terminal", "raw_status": "operating", "dash_status": "operating", "project_id": "P0572", "url": "https://www.gem.wiki/Mleiha-El_Hamra_Oil_Pipeline", "last_updated": "2023-01-18", "release": "2026-07"}}, {"type": "Feature", "geometry": {"type": "MultiLineString", "coordinates": [[[21.5519, 29.2344], [21.1249, 29.4665], [21.1056, 29.4846]]]}, "properties": {"source": "GEM", "layer": "pipelines", "tracker": "GOIT", "name": "Nafoora-Amal Oil Pipeline", "pipeline": "Nafoora-Amal Oil Pipeline", "segment": null, "fuel": "Oil", "countries": ["Libya"], "sector": "energy", "owner": "Libyan National Oil Corp [100.%]", "parent": "National Oil Corp [100.00%]", "start_year": "2013", "capacity": 16.18, "capacity_units": "mtpa", "capacity_bcm_y": null, "capacity_boed": 324999.99, "length_km": 51.89, "diameter": "32.0 in", "start_location": "Nafoora oilfield", "end_location": "Amal oilfield", "raw_status": "operating", "dash_status": "operating", "project_id": "P0598", "url": "https://www.gem.wiki/Nafoora-Amal_Oil_Pipeline", "last_updated": "2022-03-09", "release": "2026-07"}}, {"type": "Feature", "geometry": {"type": "MultiLineString", "coordinates": [[[21.64998, 29.217669], [20.7795, 29.0433]]]}, "properties": {"source": "GEM", "layer": "pipelines", "tracker": "GOIT", "name": "Nafoora\u2013Intisar Oil Pipeline", "pipeline": "Nafoora\u2013Intisar Oil Pipeline", "segment": null, "fuel": "Oil", "countries": ["Libya"], "sector": "energy", "owner": "Libyan National Oil Corp [100.%]", "parent": "National Oil Corp [100.00%]", "start_year": null, "capacity": null, "capacity_units": null, "capacity_bcm_y": null, "capacity_boed": null, "length_km": 86.89, "diameter": "24 in", "start_location": null, "end_location": "Intisar oilfield", "raw_status": "operating", "dash_status": "operating", "project_id": "P5219", "url": "https://www.gem.wiki/Nafoora%E2%80%93Intisar_Oil_Pipeline", "last_updated": "2023-02-10", "release": "2026-07"}}, {"type": "Feature", "geometry": {"type": "MultiLineString", "coordinates": [[[21.64998, 29.217669], [18.569985, 30.490205]]]}, "properties": {"source": "GEM", "layer": "pipelines", "tracker": "GOIT", "name": "Nafoora\u2013Ra's Lanuf Oil Pipeline", "pipeline": "Nafoora\u2013Ra's Lanuf Oil Pipeline", "segment": null, "fuel": "Oil", "countries": ["Libya"], "sector": "energy", "owner": "Libyan National Oil Corp [100.%]", "parent": "National Oil Corp [100.00%]", "start_year": null, "capacity": null, "capacity_units": null, "capacity_bcm_y": null, "capacity_boed": null, "length_km": 329.33, "diameter": "32 in", "start_location": null, "end_location": "Ra's Lanuf", "raw_status": "operating", "dash_status": "operating", "project_id": "P5218", "url": "https://www.gem.wiki/Nafoora%E2%80%93Ra%27s_Lanuf_Oil_Pipeline", "last_updated": "2023-02-10", "release": "2026-07"}}, {"type": "Feature", "geometry": {"type": "MultiLineString", "coordinates": [[[21.64998, 29.217669], [20.053628, 30.836002]]]}, "properties": {"source": "GEM", "layer": "pipelines", "tracker": "GOIT", "name": "Nafoora\u2013Zueitina Oil Pipeline", "pipeline": "Nafoora\u2013Zueitina Oil Pipeline", "segment": null, "fuel": "Oil", "countries": ["Libya"], "sector": "energy", "owner": "Libyan National Oil Corp [100.%]", "parent": "National Oil Corp [100.00%]", "start_year": null, "capacity": null, "capacity_units": null, "capacity_bcm_y": null, "capacity_boed": null, "length_km": 68.0, "diameter": "24,16 in", "start_location": null, "end_location": "Zueitina Terminal", "raw_status": "operating", "dash_status": "operating", "project_id": "P5237", "url": "https://www.gem.wiki/Nafoora%E2%80%93Zueitina_Oil_Pipeline", "last_updated": "2023-02-10", "release": "2026-07"}}, {"type": "Feature", "geometry": {"type": "MultiLineString", "coordinates": [[[19.7701, 28.9162], [19.781, 28.938452], [19.7798, 28.9833], [19.7948, 29.0027], [19.8144, 29.0667], [19.8175, 29.1246], [19.8234, 29.1452], [19.8141, 29.2898], [19.8145, 29.4575], [19.8126, 29.4964], [19.8831, 29.774], [19.8173, 29.8705], [19.7163, 30.2585], [19.6064, 30.3963], [19.6091, 30.4102]]]}, "properties": {"source": "GEM", "layer": "pipelines", "tracker": "GOIT", "name": "Nasser-Brega Oil Pipeline", "pipeline": "Nasser-Brega Oil Pipeline", "segment": null, "fuel": "Oil", "countries": ["Libya"], "sector": "energy", "owner": "Libyan National Oil Corp [100.%]", "parent": "National Oil Corp [100.00%]", "start_year": "1961", "capacity": 38.84, "capacity_units": "mtpa", "capacity_bcm_y": null, "capacity_boed": 780000.0, "length_km": 171.62, "diameter": "36.0 in", "start_location": "Nasser oilfield", "end_location": "Brega", "raw_status": "operating", "dash_status": "operating", "project_id": "P0599", "url": "https://www.gem.wiki/Nasser-Brega_Oil_Pipeline", "last_updated": "2022-03-03", "release": "2026-07"}}, {"type": "Feature", "geometry": {"type": "MultiLineString", "coordinates": [[[6.270947, 4.513119], [6.996045, 4.389901]]]}, "properties": {"source": "GEM", "layer": "pipelines", "tracker": "GOIT", "name": "Nembe Creek Trunk Line", "pipeline": "Nembe Creek Trunk Line", "segment": null, "fuel": "Oil", "countries": ["Nigeria"], "sector": "energy", "owner": "Aiteo Eastern E&P Co Ltd [45.%]; Nigerian National Petroleum Corp [35.%]; Total E&P Nigeria Ltd [10.%]; Nigerian Agip Oil Co Ltd [5.%]", "parent": "NNPC Ltd [35.00%]; TotalEnergies SE [10.00%]; Oando PLC [5.00%]; Aiteo Ltd [unknown %]", "start_year": "2010", "capacity": 150000.0, "capacity_units": "bpd", "capacity_bcm_y": null, "capacity_boed": 150000.0, "length_km": 97.0, "diameter": null, "start_location": "Nembe Creek", "end_location": "Bonny Oil Terminal", "raw_status": "operating", "dash_status": "operating", "project_id": "P0534", "url": "https://www.gem.wiki/Nembe_Creek_Trunk_Line", "last_updated": "2026-02-20", "release": "2026-07"}}, {"type": "Feature", "geometry": {"type": "MultiLineString", "coordinates": [[[2.62407, 6.36495], [2.64392, 7.37957], [2.57837, 7.8344], [2.62207, 8.47607], [2.57837, 8.73533], [2.61042, 9.21763], [2.70831, 9.64069], [2.70364, 10.1091], [2.71763, 10.4898], [2.85747, 10.9798], [3.09521, 11.3868], [3.35042, 11.8879], [3.45967, 12.244], [3.55436, 12.457501], [3.83842, 12.7986], [4.01322, 13.2173], [4.09334, 13.4158], [4.34098, 13.607], [4.79256, 13.699], [5.13489, 13.7556], [5.39709, 13.8334], [5.58646, 13.8263], [6.08903, 13.8617], [6.64258, 13.9395], [7.82251, 14.0525], [8.53629, 13.9889], [8.7441, 13.9278], [9.01059, 13.8521], [9.68032, 13.9435], [10.7419, 14.2602], [11.6676, 14.7419], [12.3622, 15.0393], [12.8656, 15.2058], [13.2665, 15.3407], [13.2852, 15.3407], [13.2758, 15.3362]], [[8.78676, 14.1891], [8.70184, 13.9409], [8.70168, 13.9403]]]}, "properties": {"source": "GEM", "layer": "pipelines", "tracker": "GOIT", "name": "Niger\u2013Benin Oil Pipeline", "pipeline": "Niger\u2013Benin Oil Pipeline", "segment": null, "fuel": "Oil", "countries": ["Niger", "Benin"], "sector": "energy", "owner": "China National Petroleum Corp [55.%]; Government of Niger [45.%]", "parent": "China National Petroleum Corp [55.00%]; Government of Niger [45.00%]", "start_year": "2024", "capacity": 90000.0, "capacity_units": "bpd", "capacity_bcm_y": null, "capacity_boed": 90000.0, "length_km": 1950.0, "diameter": "20.0 in", "start_location": "Agadem", "end_location": "S\u00e8m\u00e8", "raw_status": "operating", "dash_status": "operating", "project_id": "P1328", "url": "https://www.gem.wiki/Niger%E2%80%93Benin_Oil_Pipeline", "last_updated": "2026-02-26", "release": "2026-07"}}, {"type": "Feature", "geometry": {"type": "MultiLineString", "coordinates": [[[7.019, 4.798], [7.354, 4.633]]]}, "properties": {"source": "GEM", "layer": "pipelines", "tracker": "GOIT", "name": "Nkpoku-Bomu Oil Pipeline", "pipeline": "Nkpoku-Bomu Oil Pipeline", "segment": null, "fuel": "Oil", "countries": ["Nigeria"], "sector": "energy", "owner": "Shell plc [100.%]", "parent": "Shell PLC [100.00%]", "start_year": null, "capacity": null, "capacity_units": null, "capacity_bcm_y": null, "capacity_boed": null, "length_km": 47.0, "diameter": null, "start_location": "Port Harcourt", "end_location": "Bomu", "raw_status": "operating", "dash_status": "operating", "project_id": "P0621", "url": "https://www.gem.wiki/Nkpoku-Bomu_Oil_Pipeline", "last_updated": "2026-02-23", "release": "2026-07"}}, {"type": "Feature", "geometry": {"type": "MultiLineString", "coordinates": [[[9.49527, 30.136061], [11.973287, 26.051346]]]}, "properties": {"source": "GEM", "layer": "pipelines", "tracker": "GOIT", "name": "North Hamada-El Feel Oil Pipeline", "pipeline": "North Hamada-El Feel Oil Pipeline", "segment": null, "fuel": "Oil", "countries": ["Libya"], "sector": "energy", "owner": "Libyan National Oil Corp [50.%]; MedcoEnergi [25.%]; Libyan Investment Authority [25.%]", "parent": "National Oil Corp [50.00%]; Libyan Investment Authority [25.00%]; PT Medco Energi Internasional Tbk [25.00%]", "start_year": "2024", "capacity": 10000.0, "capacity_units": "bpd", "capacity_bcm_y": null, "capacity_boed": 10000.0, "length_km": 51.0, "diameter": "12 in", "start_location": null, "end_location": null, "raw_status": "operating", "dash_status": "operating", "project_id": "P6444", "url": "https://www.gem.wiki/North_Hamada-El_Feel_Oil_Pipeline", "last_updated": "2024-03-11", "release": "2026-07"}}, {"type": "Feature", "geometry": {"type": "MultiLineString", "coordinates": [[[33.652964, 27.711241], [33.659068, 27.665583]]]}, "properties": {"source": "GEM", "layer": "pipelines", "tracker": "GOIT", "name": "Northern Geisum \"GNN-11\" Oil Pipeline", "pipeline": "Northern Geisum \"GNN-11\" Oil Pipeline", "segment": null, "fuel": "Oil", "countries": ["Egypt"], "sector": "energy", "owner": "Egyptian General Petroleum Corp [100.%]", "parent": "Egyptian General Petroleum Corp [100.00%]", "start_year": "2023", "capacity": 12000.0, "capacity_units": "bpd", "capacity_bcm_y": null, "capacity_boed": 12000.0, "length_km": 5.3, "diameter": "10 in", "start_location": null, "end_location": null, "raw_status": "operating", "dash_status": "operating", "project_id": "P7329", "url": "https://www.gem.wiki/Northern_Geisum%22GNN-11%22_Oil_Pipeline", "last_updated": "2026-02-24", "release": "2026-07"}}, {"type": "Feature", "geometry": {"type": "MultiLineString", "coordinates": [[[11.91, -5.25], [12.206, -5.389]]]}, "properties": {"source": "GEM", "layer": "pipelines", "tracker": "GOIT", "name": "Numbi-Malongo Oil Pipeline", "pipeline": "Numbi-Malongo Oil Pipeline", "segment": null, "fuel": "Oil", "countries": ["Angola"], "sector": "energy", "owner": "Chevron [100.%]", "parent": "Chevron Corp [100.00%]", "start_year": "2002", "capacity": 50000.0, "capacity_units": "bpd", "capacity_bcm_y": null, "capacity_boed": 50000.0, "length_km": 56.33, "diameter": "30.0 in", "start_location": "Numbi offshore oilfield", "end_location": "Malongo terminal", "raw_status": "operating", "dash_status": "operating", "project_id": "P0567", "url": "https://www.gem.wiki/Numbi-Malongo_Oil_Pipeline", "last_updated": "2026-01-06", "release": "2026-07"}}, {"type": "Feature", "geometry": {"type": "MultiLineString", "coordinates": [[[30.927089, 29.911474], [30.920867, 29.904393], [30.952579, 29.899918], [30.967546, 29.897537], [30.974737, 29.896554], [30.978149, 29.897029], [30.981646, 29.898782], [30.991473, 29.907787], [30.996447, 29.912014], [31.017686, 29.91811], [31.032243, 29.926722], [31.037422, 29.932069], [31.042646, 29.932919], [31.092338, 29.892676], [31.130083, 29.85609], [31.148397, 29.844682], [31.186513, 29.825076], [31.192171, 29.822747], [31.201902, 29.822092], [31.215196, 29.816098], [31.223774, 29.812445], [31.294237, 29.772465]]]}, "properties": {"source": "GEM", "layer": "pipelines", "tracker": "GOIT", "name": "October-El-Tibeen Oil Pipeline", "pipeline": "October-El-Tibeen Oil Pipeline", "segment": null, "fuel": "Oil", "countries": ["Egypt"], "sector": "energy", "owner": "Egyptian General Petroleum Corporation (EGPC) [100.%]", "parent": "unknown [unknown %]", "start_year": null, "capacity": null, "capacity_units": null, "capacity_bcm_y": null, "capacity_boed": null, "length_km": 15.0, "diameter": "16 in", "start_location": "October", "end_location": "El-Tibeen", "raw_status": "operating", "dash_status": "operating", "project_id": "P7965", "url": "https://www.gem.wiki/October-El-Tibeen_Oil_Pipeline", "last_updated": "2026-03-05", "release": "2026-07"}}, {"type": "Feature", "geometry": {"type": "MultiLineString", "coordinates": [[[5.915, 5.266], [6.245, 4.302]]]}, "properties": {"source": "GEM", "layer": "pipelines", "tracker": "GOIT", "name": "Ogoda-Brass Oil Pipeline", "pipeline": "Ogoda-Brass Oil Pipeline", "segment": null, "fuel": "Oil", "countries": ["Nigeria"], "sector": "energy", "owner": "Eni SpA [100.%]", "parent": "Eni SpA [100.00%]", "start_year": null, "capacity": null, "capacity_units": null, "capacity_bcm_y": null, "capacity_boed": null, "length_km": 100.0, "diameter": null, "start_location": "Ogoda", "end_location": "Brass", "raw_status": "operating", "dash_status": "operating", "project_id": "P0622", "url": "https://www.gem.wiki/Ogoda-Brass_Oil_Pipeline", "last_updated": "2026-02-23", "release": "2026-07"}}, {"type": "Feature", "geometry": {"type": "MultiLineString", "coordinates": [[[6.525598, 30.26323], [6.59432, 30.090404], [6.59432, 29.965998], [6.575578, 29.879363], [6.606815, 29.760117], [6.600568, 29.608143], [6.61931, 29.292612], [6.631805, 29.074434], [6.656795, 28.948772], [6.700527, 28.81201], [6.787992, 28.740823], [6.84422, 28.658623], [6.975417, 28.609272], [7.069129, 28.576359], [7.200327, 28.499521], [7.325277, 28.439109], [7.512701, 28.411638], [7.681384, 28.417132], [8.031243, 28.433615], [8.093718, 28.439109], [8.331123, 28.52697], [8.374855, 28.570872], [8.524795, 28.609272], [8.674735, 28.653141], [8.805932, 28.680549], [8.91214, 28.696991], [9.018347, 28.675068], [9.174534, 28.614757], [9.268247, 28.603787], [9.368207, 28.598302], [9.449424, 28.592817]]]}, "properties": {"source": "GEM", "layer": "pipelines", "tracker": "GOIT", "name": "Ohanet-Gassi Touil LPG Pipeline", "pipeline": "Ohanet-Gassi Touil LPG Pipeline", "segment": null, "fuel": "NGL", "countries": ["Algeria"], "sector": "energy", "owner": "Sonatrach [100.%]", "parent": "Sonatrach SpA [100.00%]", "start_year": "2004", "capacity": null, "capacity_units": null, "capacity_bcm_y": null, "capacity_boed": null, "length_km": 404.0, "diameter": "16 in", "start_location": null, "end_location": null, "raw_status": "operating", "dash_status": "operating", "project_id": "P7300", "url": "https://www.gem.wiki/Ohanet-Gassi_Touil_LPG_Pipeline", "last_updated": "2025-01-27", "release": "2026-07"}}, {"type": "Feature", "geometry": {"type": "MultiLineString", "coordinates": [[[9.330003, -1.930439], [9.960052, -1.872618]]]}, "properties": {"source": "GEM", "layer": "pipelines", "tracker": "GOIT", "name": "Onal-Coucal Oil Pipeline", "pipeline": "Onal-Coucal Oil Pipeline", "segment": null, "fuel": "Oil", "countries": ["Gabon"], "sector": "energy", "owner": "Maurel & Prom [100.%]", "parent": "Etablissements Maurel & Prom SA [100.00%]", "start_year": null, "capacity": null, "capacity_units": null, "capacity_bcm_y": null, "capacity_boed": null, "length_km": 120.0, "diameter": "12.0 in", "start_location": "Onal", "end_location": "Coucal", "raw_status": "operating", "dash_status": "operating", "project_id": "P3687", "url": "https://www.gem.wiki/Onal-Coucal_Oil_Pipeline", "last_updated": "2026-02-27", "release": "2026-07"}}, {"type": "Feature", "geometry": {"type": "MultiLineString", "coordinates": [[[7.67, 4.24], [8.012, 4.547]]]}, "properties": {"source": "GEM", "layer": "pipelines", "tracker": "GOIT", "name": "Oso-Qua Iboe Terminal Oil Pipeline", "pipeline": "Oso-Qua Iboe Terminal Oil Pipeline", "segment": null, "fuel": "Oil", "countries": ["Nigeria"], "sector": "energy", "owner": "ExxonMobil [100.%]", "parent": "Exxon Mobil Corp [100.00%]", "start_year": null, "capacity": null, "capacity_units": null, "capacity_bcm_y": null, "capacity_boed": null, "length_km": 50.0, "diameter": null, "start_location": "Oso offshore oilfield", "end_location": "Qua Iboe oil terminal", "raw_status": "operating", "dash_status": "operating", "project_id": "P0623", "url": "https://www.gem.wiki/Oso-Qua_Iboe_Terminal_Oil_Pipeline", "last_updated": "2026-02-23", "release": "2026-07"}}, {"type": "Feature", "geometry": {"type": "MultiLineString", "coordinates": [[[5.71, 4.41], [5.81, 4.29]]]}, "properties": {"source": "GEM", "layer": "pipelines", "tracker": "GOIT", "name": "Pennington Oilfield-Pennington Export Terminal Oil Pipeline", "pipeline": "Pennington Oilfield-Pennington Export Terminal Oil Pipeline", "segment": null, "fuel": "Oil", "countries": ["Nigeria"], "sector": "energy", "owner": "Chevron [100.%]", "parent": "Chevron Corp [100.00%]", "start_year": null, "capacity": 20000.0, "capacity_units": "bpd", "capacity_bcm_y": null, "capacity_boed": 20000.0, "length_km": 50.0, "diameter": null, "start_location": "Pennington offshore oilfield", "end_location": "Pennington offshore oil terminal", "raw_status": "operating", "dash_status": "operating", "project_id": "P0624", "url": "https://www.gem.wiki/Pennington_Oilfield-Pennington_Export_Terminal_Oil_Pipeline", "last_updated": "2026-02-23", "release": "2026-07"}}, {"type": "Feature", "geometry": {"type": "MultiLineString", "coordinates": [[[30.569154, 29.796295], [30.564647, 29.803557], [30.506914, 29.781522], [30.249247, 29.783488], [30.179194, 29.850869], [30.120814, 29.888718], [30.10296, 29.888973], [30.041835, 29.888806], [30.029541, 29.888881], [29.927905, 29.934189], [29.814354, 29.98535]]]}, "properties": {"source": "GEM", "layer": "pipelines", "tracker": "GOIT", "name": "Petroshahd Oil Pipeline", "pipeline": "Petroshahd Oil Pipeline", "segment": null, "fuel": "Oil", "countries": ["Egypt"], "sector": "energy", "owner": "ENAP Sipetrol; Egyptian General Petroleum Corp; Kuwait Energy", "parent": "Egyptian General Petroleum Corp [unknown %]; Empresa Nacional del Petr\u00f3leo [unknown %]; United Energy Group Ltd [unknown %]", "start_year": "2016", "capacity": 30000.0, "capacity_units": "bpd", "capacity_bcm_y": null, "capacity_boed": 30000.0, "length_km": 87.0, "diameter": "10.0 in", "start_location": "El Wahat", "end_location": "Dahshour", "raw_status": "operating", "dash_status": "operating", "project_id": "P3692", "url": "https://www.gem.wiki/Petroshahd_Oil_Pipeline", "last_updated": "2023-01-23", "release": "2026-07"}}, {"type": "Feature", "geometry": {"type": "MultiLineString", "coordinates": [[[9.882601, -1.90259], [9.88328, -1.844351], [9.826164, -1.849541], [9.644432, -1.776884], [9.343275, -1.787264], [9.26539, -1.59523], [8.780708, -0.761923]]]}, "properties": {"source": "GEM", "layer": "pipelines", "tracker": "GOIT", "name": "Rabi-Cap Lopez Oil Pipeline", "pipeline": "Rabi-Cap Lopez Oil Pipeline", "segment": null, "fuel": "Oil", "countries": ["Gabon"], "sector": "energy", "owner": "Perenco [100.%]", "parent": "Perenco SA [100.00%]", "start_year": null, "capacity": null, "capacity_units": null, "capacity_bcm_y": null, "capacity_boed": null, "length_km": 235.0, "diameter": "18.0 in", "start_location": "Rabi-Kounga field", "end_location": "Cap Lopez", "raw_status": "operating", "dash_status": "operating", "project_id": "P3685", "url": "https://www.gem.wiki/Rabi-Cap_Lopez_Oil_Pipeline", "last_updated": "2026-02-27", "release": "2026-07"}}, {"type": "Feature", "geometry": {"type": "MultiLineString", "coordinates": [[[9.882601, -1.90259], [9.940396, -1.9196], [9.940396, -2.013007], [9.888473, -2.075276], [9.769048, -2.542207], [10.013089, -2.744494]]]}, "properties": {"source": "GEM", "layer": "pipelines", "tracker": "GOIT", "name": "Rabi-Gamba Oil Pipeline", "pipeline": "Rabi-Gamba Oil Pipeline", "segment": null, "fuel": "Oil", "countries": ["Gabon"], "sector": "energy", "owner": "Assala Energy [100.%]", "parent": "Gabon Oil Co [unknown %]", "start_year": null, "capacity": null, "capacity_units": null, "capacity_bcm_y": null, "capacity_boed": null, "length_km": 120.0, "diameter": "18.0 in", "start_location": "Rabi-Kounga field", "end_location": "Gamba", "raw_status": "operating", "dash_status": "operating", "project_id": "P3686", "url": "https://www.gem.wiki/Rabi-Gamba_Oil_Pipeline", "last_updated": "2026-02-27", "release": "2026-07"}}, {"type": "Feature", "geometry": {"type": "MultiLineString", "coordinates": [[[19.0686, 29.0765], [19.3048, 29.1904], [19.3898, 29.2692], [19.4123, 29.3296], [19.8145, 29.4575]]]}, "properties": {"source": "GEM", "layer": "pipelines", "tracker": "GOIT", "name": "Raguba-Brega Feeder Oil Pipeline", "pipeline": "Raguba-Brega Feeder Oil Pipeline", "segment": null, "fuel": "Oil", "countries": ["Libya"], "sector": "energy", "owner": "Libyan National Oil Corp [100.%]", "parent": "National Oil Corp [100.00%]", "start_year": null, "capacity": 7.47, "capacity_units": "mtpa", "capacity_bcm_y": null, "capacity_boed": 150000.0, "length_km": 87.81, "diameter": "20.0 in", "start_location": "Raguba oilfield", "end_location": "Nasser-Brega oil pipeline", "raw_status": "operating", "dash_status": "operating", "project_id": "P0600", "url": "https://www.gem.wiki/Raguba-Brega_Feeder_Oil_Pipeline", "last_updated": "2022-03-09", "release": "2026-07"}}, {"type": "Feature", "geometry": {"type": "MultiLineString", "coordinates": [[[22.7877, 28.759], [22.1158, 28.8398]]]}, "properties": {"source": "GEM", "layer": "pipelines", "tracker": "GOIT", "name": "Ramal-Abu-Attifel Oil Pipeline", "pipeline": "Ramal-Abu-Attifel Oil Pipeline", "segment": null, "fuel": "Oil", "countries": ["Libya"], "sector": "energy", "owner": "Libyan National Oil Corp [50.%]; Eni SpA [50.%]", "parent": "Eni SpA [50.00%]; National Oil Corp [50.00%]", "start_year": null, "capacity": 2.64, "capacity_units": "mtpa", "capacity_bcm_y": null, "capacity_boed": 53000.0, "length_km": 75.83, "diameter": "12.0 in", "start_location": "Ramal oilfield", "end_location": "Abu-Attifel oilfield", "raw_status": "operating", "dash_status": "operating", "project_id": "P0601", "url": "https://www.gem.wiki/Ramal-Abu-Attifel_Oil_Pipeline", "last_updated": "2023-02-08", "release": "2026-07"}}, {"type": "Feature", "geometry": {"type": "MultiLineString", "coordinates": [[[5.667, 5.577], [5.35, 5.341]]]}, "properties": {"source": "GEM", "layer": "pipelines", "tracker": "GOIT", "name": "Rapele-Forcados Oil Pipeline", "pipeline": "Rapele-Forcados Oil Pipeline", "segment": null, "fuel": "Oil", "countries": ["Nigeria"], "sector": "energy", "owner": "Shell plc [100.%]", "parent": "Shell PLC [100.00%]", "start_year": null, "capacity": null, "capacity_units": null, "capacity_bcm_y": null, "capacity_boed": null, "length_km": 50.0, "diameter": null, "start_location": "Rapele oilfield", "end_location": "Forcados", "raw_status": "operating", "dash_status": "operating", "project_id": "P0625", "url": "https://www.gem.wiki/Rapele-Forcados_Oil_Pipeline", "last_updated": "2026-02-23", "release": "2026-07"}}, {"type": "Feature", "geometry": {"type": "MultiLineString", "coordinates": [[[31.812769, 28.243079], [31.775776, 28.183054], [31.649097, 27.977012], [31.483115, 27.705741], [31.480377, 27.68967], [31.483216, 27.678177], [31.477639, 27.674496], [31.470303, 27.66694], [31.467373, 27.664452], [31.460664, 27.663792], [31.451066, 27.660903], [31.442078, 27.650477], [31.437839, 27.640735], [31.442452, 27.627614], [31.442307, 27.624151], [31.437313, 27.621522], [31.433753, 27.613123], [31.433753, 27.610447], [31.437043, 27.603232], [31.436237, 27.600168], [31.434706, 27.596605], [31.435184, 27.591176], [31.434327, 27.583881], [31.432631, 27.578596], [31.434476, 27.574854], [31.441254, 27.571139], [31.447107, 27.558485], [31.447469, 27.546755], [31.451184, 27.539523], [31.469671, 27.52474], [31.488701, 27.516795], [31.495512, 27.507413], [31.497867, 27.497093], [31.520633, 27.471731], [31.527003, 27.463392], [31.529403, 27.455286], [31.529324, 27.445353], [31.491339, 27.385969], [31.463284, 27.351483], [31.440596, 27.328415], [31.412599, 27.310636], [31.377361, 27.285527], [31.37143, 27.283003], [31.342437, 27.275058], [31.336709, 27.274235], [31.315906, 27.266973], [31.295944, 27.262331], [31.277941, 27.25998], [31.266894, 27.241438], [31.262633, 27.234334], [31.248708, 27.22512], [31.226479, 27.201054], [31.222105, 27.188784], [31.213341, 27.191501], [31.198381, 27.202455], [31.194067, 27.208953], [31.184883, 27.204188], [31.183227, 27.196192], [31.137983, 27.183885], [31.117414, 27.192623], [31.111418, 27.188203], [31.102998, 27.188864], [31.094383, 27.185862], [31.067201, 27.184307], [31.048071, 27.18559], [31.026767, 27.194236], [31.005387, 27.202671]], [[32.924258, 28.548267], [32.921316, 28.541984], [32.935988, 28.535141], [32.953644, 28.516762], [32.965639, 28.499578], [32.974735, 28.492647], [32.991929, 28.485838], [33.003214, 28.470098], [33.012971, 28.459683], [33.026874, 28.445609], [33.039016, 28.424647], [33.044992, 28.400415], [33.05948, 28.38838], [33.063918, 28.380195], [33.070031, 28.374654], [33.071331, 28.375587], [33.075377, 28.370645], [33.078856, 28.367677], [33.081175, 28.366564], [33.083389, 28.365698], [33.085076, 28.364801], [33.084162, 28.363657], [33.104317, 28.350136], [33.103671, 28.347499]]]}, "properties": {"source": "GEM", "layer": "pipelines", "tracker": "GOIT", "name": "Ras Bakr-Ras Gharb-Asyut LPG Pipeline", "pipeline": "Ras Bakr-Ras Gharb-Asyut LPG Pipeline", "segment": null, "fuel": "NGL", "countries": ["Egypt"], "sector": "energy", "owner": "Egyptian General Petroleum Corp [100.%]", "parent": "Egyptian General Petroleum Corp [100.00%]", "start_year": "2020", "capacity": 1600.0, "capacity_units": "Tn/d", "capacity_bcm_y": null, "capacity_boed": 11728.0, "length_km": 160.0, "diameter": "12 in", "start_location": "Ras Bakr", "end_location": null, "raw_status": "operating", "dash_status": "operating", "project_id": "P7364", "url": "https://www.gem.wiki/Ras_Bakr-Ras_Gharb-Asyut_LPG_Pipeline", "last_updated": "2026-02-19", "release": "2026-07"}}, {"type": "Feature", "geometry": {"type": "MultiLineString", "coordinates": [[[33.101917, 28.347184], [33.089095, 28.310658], [33.051573, 28.349839], [33.022587, 28.339237], [33.004059, 28.335385], [32.989774, 28.339898], [32.987104, 28.34091], [32.959781, 28.333561], [32.912279, 28.321096], [32.866379, 28.307845], [32.807699, 28.299351], [32.748105, 28.293615], [32.734093, 28.292933], [32.712656, 28.279149], [32.693392, 28.249648], [32.676313, 28.223506], [32.665291, 28.215272], [32.632974, 28.199304], [32.622351, 28.185454], [32.619192, 28.183267], [32.612761, 28.181071], [32.604106, 28.180744], [32.585994, 28.173175], [32.562063, 28.16361], [32.557884, 28.16303], [32.553984, 28.163811], [32.531699, 28.160618], [32.52955, 28.159398], [32.526528, 28.155834], [32.516657, 28.143766], [32.511702, 28.143038], [32.503763, 28.144214], [32.470225, 28.155062], [32.407454, 28.179063], [32.401106, 28.18157], [32.37882, 28.199968], [32.364673, 28.211677], [32.357525, 28.216363], [32.353445, 28.216435], [32.347922, 28.222645], [32.334102, 28.23854], [32.308313, 28.257656], [32.285595, 28.270046], [32.271087, 28.276383], [32.264131, 28.280009], [32.241438, 28.298349], [32.227505, 28.305739], [32.211382, 28.31266], [32.200078, 28.316457], [32.175337, 28.321584], [32.164924, 28.323483], [32.154701, 28.319966], [32.150749, 28.318105], [32.136295, 28.313846], [32.132691, 28.312856], [32.124915, 28.312593], [32.11448, 28.317186], [32.109924, 28.31704], [32.096174, 28.309448], [32.087807, 28.305771], [32.077191, 28.300033], [32.056281, 28.296962], [32.050774, 28.296525], [32.041424, 28.296295], [32.029529, 28.29427], [32.004796, 28.288734], [31.986588, 28.283135], [31.97274, 28.278672], [31.966168, 28.280014], [31.949329, 28.284394], [31.944918, 28.284322], [31.922928, 28.280996], [31.89813, 28.27606], [31.880817, 28.269828], [31.854694, 28.259335], [31.825843, 28.249219], [31.812769, 28.243079], [31.775776, 28.183054], [31.649097, 27.977012], [31.483115, 27.705741], [31.480377, 27.68967], [31.483216, 27.678177], [31.477639, 27.674496], [31.470303, 27.66694], [31.467373, 27.664452], [31.460664, 27.663792], [31.451066, 27.660903], [31.442078, 27.650477], [31.437839, 27.640735], [31.442452, 27.627614], [31.442307, 27.624151], [31.437313, 27.621522], [31.433753, 27.613123], [31.433753, 27.610447], [31.437043, 27.603232], [31.436237, 27.600168], [31.434706, 27.596605], [31.435184, 27.591176], [31.434327, 27.583881], [31.432631, 27.578596], [31.434476, 27.574854], [31.441254, 27.571139], [31.447107, 27.558485], [31.447469, 27.546755], [31.451184, 27.539523], [31.469671, 27.52474], [31.488701, 27.516795], [31.495512, 27.507413], [31.497867, 27.497093], [31.520633, 27.471731], [31.527003, 27.463392], [31.529403, 27.455286], [31.529324, 27.445353], [31.491339, 27.385969], [31.463284, 27.351483], [31.440596, 27.328415], [31.412599, 27.310636], [31.377361, 27.285527], [31.37143, 27.283003], [31.342437, 27.275058], [31.336709, 27.274235], [31.315906, 27.266973], [31.295944, 27.262331], [31.277941, 27.25998], [31.266894, 27.241438], [31.262633, 27.234334], [31.248708, 27.22512], [31.226479, 27.201054], [31.222105, 27.188784], [31.213341, 27.191501], [31.198381, 27.202455], [31.194067, 27.208953], [31.184883, 27.204188], [31.183227, 27.196192], [31.137983, 27.183885], [31.117414, 27.192623], [31.111418, 27.188203], [31.102998, 27.188864], [31.094383, 27.185862], [31.067201, 27.184307], [31.048071, 27.18559], [31.026767, 27.194236], [31.005387, 27.202671]]]}, "properties": {"source": "GEM", "layer": "pipelines", "tracker": "GOIT", "name": "Ras Ghareb-Asyut LPG Pipeline", "pipeline": "Ras Ghareb-Asyut LPG Pipeline", "segment": null, "fuel": "NGL", "countries": ["Egypt"], "sector": "energy", "owner": "Egyptian General Petroleum Corp [100.%]", "parent": "Egyptian General Petroleum Corp [100.00%]", "start_year": "2019", "capacity": null, "capacity_units": null, "capacity_bcm_y": null, "capacity_boed": null, "length_km": 305.0, "diameter": null, "start_location": "Ras Gharb", "end_location": null, "raw_status": "operating", "dash_status": "operating", "project_id": "P7363", "url": "https://www.gem.wiki/Ras_Ghareb-Asyut_LPG_Pipeline", "last_updated": "2026-02-13", "release": "2026-07"}}, {"type": "Feature", "geometry": {"type": "MultiLineString", "coordinates": [[[33.270352, 28.123423], [33.25042, 28.116512], [33.207149, 28.086306], [33.165438, 28.140013], [33.15438, 28.153431], [33.102402, 28.195589], [33.093171, 28.218902], [33.090111, 28.236179], [33.062982, 28.273578], [33.036838, 28.302803], [33.023706, 28.311474], [33.014109, 28.33126], [32.986922, 28.340516], [32.949174, 28.331219], [32.899334, 28.317354], [32.862465, 28.306851], [32.734092, 28.29167], [32.723977, 28.287477], [32.713228, 28.278976], [32.677439, 28.223706], [32.633219, 28.198923], [32.622691, 28.18555], [32.611543, 28.180091], [32.604112, 28.179545], [32.573457, 28.167535], [32.560452, 28.162622], [32.553639, 28.163441], [32.530823, 28.161325], [32.526699, 28.157352], [32.518036, 28.146421], [32.514555, 28.144341], [32.508938, 28.144178], [32.504618, 28.145811], [32.493829, 28.147389], [32.460135, 28.16011], [32.415312, 28.176925], [32.400273, 28.182882], [32.371279, 28.207712], [32.361004, 28.215868], [32.357809, 28.217419], [32.351656, 28.220388], [32.331595, 28.242079], [32.31962, 28.251118], [32.287296, 28.270562], [32.266475, 28.27894], [32.248601, 28.292013], [32.236068, 28.300596], [32.212764, 28.312595], [32.178997, 28.32079], [32.166693, 28.323451], [32.158933, 28.321402], [32.135, 28.313138], [32.130025, 28.312372], [32.122625, 28.313357], [32.11479, 28.317135], [32.110251, 28.31708], [32.086705, 28.305144], [32.076823, 28.299755], [32.053544, 28.296812], [32.047888, 28.297769], [32.03132, 28.294724], [32.015541, 28.290532], [32.007542, 28.289887], [31.978227, 28.281367], [31.970634, 28.279733], [31.950091, 28.285497], [31.941114, 28.285301], [31.902954, 28.278277], [31.894354, 28.276946], [31.817313, 28.246535], [31.800983, 28.224282], [31.782236, 28.193327], [31.737261, 28.122516], [31.686741, 28.03623], [31.634661, 27.959902], [31.56922, 27.852216], [31.483149, 27.705923], [31.480594, 27.691841], [31.482663, 27.678253], [31.478181, 27.67581], [31.474905, 27.671688], [31.471456, 27.668328], [31.466629, 27.664358], [31.461284, 27.664053], [31.45025, 27.660999], [31.441867, 27.649497], [31.43792, 27.641447], [31.442201, 27.627017], [31.441887, 27.623871], [31.437085, 27.621281], [31.43396, 27.612864], [31.434623, 27.609415], [31.436666, 27.603411], [31.43652, 27.600447], [31.434339, 27.596709], [31.435357, 27.588848], [31.432303, 27.579181], [31.434612, 27.574828], [31.442178, 27.569403], [31.446406, 27.561217], [31.448297, 27.554312], [31.447193, 27.546421], [31.453482, 27.536735], [31.474094, 27.522235], [31.487671, 27.517577], [31.494551, 27.508283], [31.497883, 27.497356], [31.503819, 27.488514], [31.516456, 27.47607], [31.525657, 27.463631], [31.530949, 27.45197], [31.525054, 27.43634], [31.498852, 27.397524], [31.455532, 27.343653], [31.434789, 27.32525], [31.390153, 27.29355], [31.370339, 27.28228], [31.332995, 27.272607], [31.2992, 27.262557], [31.276977, 27.26045], [31.261696, 27.23545], [31.246012, 27.223649], [31.223893, 27.199687], [31.220675, 27.189313], [31.209817, 27.19289], [31.197752, 27.202906], [31.193731, 27.208986], [31.183677, 27.203621], [31.183274, 27.19611], [31.151325, 27.187177], [31.137763, 27.184012], [31.117303, 27.192791], [31.111186, 27.188216], [31.102272, 27.188952], [31.093764, 27.185924], [31.064058, 27.184152], [31.046473, 27.185743], [31.006106, 27.202461]]]}, "properties": {"source": "GEM", "layer": "pipelines", "tracker": "GOIT", "name": "Ras Shukeir-Asyut Oil Pipeline", "pipeline": "Ras Shukeir-Asyut Oil Pipeline", "segment": null, "fuel": "Oil", "countries": ["Egypt"], "sector": "energy", "owner": "Egyptian General Petroleum Corp [100.%]", "parent": "Egyptian General Petroleum Corp [100.00%]", "start_year": null, "capacity": null, "capacity_units": null, "capacity_bcm_y": null, "capacity_boed": null, "length_km": 340.0, "diameter": "20,22 in", "start_location": null, "end_location": null, "raw_status": "operating", "dash_status": "operating", "project_id": "P7341", "url": "https://www.gem.wiki/Ras_Shukeir-Asyut_Oil_Pipeline", "last_updated": "2026-02-19", "release": "2026-07"}}, {"type": "Feature", "geometry": {"type": "MultiLineString", "coordinates": [[[32.374985, 29.730337], [32.330331, 29.582464], [32.635512, 28.928699], [32.820763, 28.591386], [33.101357, 28.340188]]]}, "properties": {"source": "GEM", "layer": "pipelines", "tracker": "GOIT", "name": "Ras Shukheir-El-Hafair Oil Pipeline", "pipeline": "Ras Shukheir-El-Hafair Oil Pipeline", "segment": null, "fuel": "Oil", "countries": ["Egypt"], "sector": "energy", "owner": "Egyptian General Petroleum Corporation (EGPC) [100.%]", "parent": "unknown [unknown %]", "start_year": null, "capacity": 140000.0, "capacity_units": "bpd", "capacity_bcm_y": null, "capacity_boed": 140000.0, "length_km": 215.0, "diameter": "26 in", "start_location": "Ras Shukheir", "end_location": null, "raw_status": "operating", "dash_status": "operating", "project_id": "P7975", "url": "https://www.gem.wiki/Ras_Shukheir-El-Hafair_Oil_Pipeline", "last_updated": "2026-03-15", "release": "2026-07"}}, {"type": "Feature", "geometry": {"type": "MultiLineString", "coordinates": [[[6.94446, 31.274353], [6.950708, 31.274353], [6.888233, 31.204912], [6.785149, 31.068552]]]}, "properties": {"source": "GEM", "layer": "pipelines", "tracker": "GOIT", "name": "Rhaoude El Baguel-Mesdar Oil Pipeline", "pipeline": "Rhaoude El Baguel-Mesdar Oil Pipeline", "segment": null, "fuel": "Oil", "countries": ["Algeria"], "sector": "energy", "owner": "Sonatrach [100.%]", "parent": "Sonatrach SpA [100.00%]", "start_year": "1999", "capacity": null, "capacity_units": null, "capacity_bcm_y": null, "capacity_boed": null, "length_km": 33.0, "diameter": "20 in", "start_location": "Rhaoude El Baguel", "end_location": null, "raw_status": "operating", "dash_status": "operating", "project_id": "P7291", "url": "https://www.gem.wiki/Rhaoude_El_Baguel-Mesdar_Oil_Pipeline", "last_updated": "2026-01-12", "release": "2026-07"}}, {"type": "Feature", "geometry": {"type": "MultiLineString", "coordinates": [[[15.088289, 12.412568], [15.087004, 12.412565], [15.086507, 12.411979], [15.086596, 12.406835], [15.08666, 12.406606], [15.08683, 12.406502], [15.102035, 12.400849], [15.10321, 12.401026], [15.103547, 12.400947], [15.10527, 12.399714], [15.122263, 12.393424], [15.122547, 12.393236], [15.122959, 12.392057], [15.123194, 12.391912], [15.136885, 12.389352], [15.142069, 12.388471], [15.147402, 12.387514], [15.15532, 12.386106], [15.168855, 12.383695], [15.175027, 12.382661], [15.184659, 12.381972], [15.185092, 12.381822], [15.188604, 12.380178], [15.193988, 12.377662], [15.194676, 12.377231], [15.21481, 12.362195], [15.233389, 12.348351], [15.240718, 12.340192], [15.259491, 12.319433], [15.268603, 12.309251], [15.277658, 12.299093], [15.279189, 12.296995], [15.292218, 12.279136], [15.311009, 12.252629], [15.311779, 12.251542], [15.326828, 12.230853], [15.339977, 12.215074], [15.340886, 12.212194], [15.342536, 12.210252], [15.345432, 12.20683], [15.353513, 12.199474], [15.354288, 12.198273], [15.358381, 12.192037], [15.364736, 12.182431], [15.369141, 12.175713], [15.374733, 12.167072], [15.378983, 12.158819], [15.395145, 12.126396], [15.39863, 12.119995], [15.404864, 12.109728], [15.407182, 12.105843], [15.408109, 12.104289], [15.41536, 12.092261], [15.432861, 12.06311], [15.441322, 12.044729], [15.4448, 12.038778], [15.445743, 12.036846], [15.448909, 12.028091], [15.455631, 12.013278], [15.460671, 12.002204], [15.463423, 11.996052], [15.463309, 11.995192], [15.463347, 11.995018], [15.467367, 11.98762], [15.470419, 11.983047], [15.476906, 11.974502], [15.478874, 11.971843], [15.484526, 11.957966], [15.485147, 11.956495], [15.485266, 11.956221], [15.485692, 11.955285], [15.489919, 11.944797], [15.500459, 11.919105], [15.508151, 11.900254], [15.516243, 11.8802], [15.524335, 11.860415], [15.532302, 11.840824], [15.539793, 11.822262], [15.547434, 11.803576], [15.555426, 11.783932], [15.563167, 11.764753], [15.570393, 11.746934], [15.58505, 11.710697], [15.601585, 11.669892], [15.607073, 11.65658], [15.612233, 11.643821], [15.617598, 11.630688], [15.621555, 11.620919], [15.623649, 11.615722], [15.624703, 11.61315], [15.626067, 11.609784], [15.627456, 11.606366], [15.629102, 11.602286], [15.630084, 11.599873], [15.631504, 11.596366], [15.6329, 11.59295], [15.634027, 11.590124], [15.635991, 11.585277], [15.637129, 11.582386], [15.640759, 11.573419], [15.645122, 11.562801], [15.649269, 11.552487], [15.652479, 11.544617], [15.654746, 11.539452], [15.657777, 11.534577], [15.658446, 11.533451], [15.658884, 11.531607], [15.661066, 11.523355], [15.666424, 11.51012], [15.667247, 11.508092], [15.673234, 11.493263], [15.678391, 11.480562], [15.680916, 11.474329], [15.687256, 11.458764], [15.692311, 11.446168], [15.708557, 11.405848], [15.725486, 11.364512], [15.729252, 11.355085], [15.736798, 11.3033], [15.736476, 11.295239], [15.73704, 11.291209], [15.739012, 11.276183], [15.739073, 11.275751], [15.739268, 11.275041], [15.743144, 11.268896], [15.744012, 11.267564], [15.746743, 11.263216], [15.75043, 11.257347], [15.751824, 11.255154], [15.76271, 11.237788], [15.769503, 11.227012], [15.771289, 11.224198], [15.780775, 11.209068], [15.793323, 11.18907], [15.808105, 11.165517], [15.820209, 11.14626], [15.849208, 11.100014], [15.850254, 11.098346], [15.875633, 11.058054], [15.89908, 11.033849], [15.935234, 10.996562], [15.955789, 10.975427], [15.976804, 10.953846], [15.984511, 10.947476], [16.034094, 10.907016], [16.106707, 10.847705], [16.108161, 10.846512], [16.108769, 10.845848], [16.11003, 10.843769], [16.111895, 10.841027], [16.112058, 10.840762], [16.112509, 10.840601], [16.117271, 10.839075], [16.15183, 10.810822], [16.157856, 10.806076], [16.190721, 10.773414], [16.212487, 10.751606], [16.228631, 10.742212], [16.26707, 10.719458], [16.283646, 10.709355], [16.301472, 10.702462], [16.342698, 10.686267], [16.35101, 10.682868], [16.37662, 10.661431], [16.419383, 10.625495], [16.459399, 10.591721], [16.480832, 10.573785], [16.484303, 10.57088], [16.513488, 10.546198], [16.516835, 10.54142], [16.518601, 10.54048], [16.522374, 10.538473], [16.524427, 10.537096], [16.538222, 10.52538], [16.547934, 10.517262], [16.548113, 10.516172], [16.547657, 10.515323], [16.548087, 10.507769], [16.54906, 10.507098], [16.549328, 10.506679], [16.549514, 10.505354], [16.549709, 10.503557], [16.551649, 10.502329], [16.553214, 10.501197], [16.553449, 10.500659], [16.561073, 10.49026], [16.56804, 10.480552], [16.57574, 10.470018], [16.587454, 10.453633], [16.59348, 10.445382], [16.607326, 10.426307], [16.623234, 10.404385], [16.638214, 10.383728], [16.650167, 10.367048], [16.663418, 10.352203], [16.670601, 10.344091], [16.674418, 10.339806], [16.681472, 10.327724], [16.683173, 10.317397], [16.686201, 10.300007], [16.68941, 10.296037], [16.695727, 10.29568], [16.703164, 10.295272], [16.708039, 10.294976], [16.709533, 10.294751], [16.718028, 10.293455], [16.719127, 10.29318], [16.724905, 10.290812], [16.728099, 10.289547], [16.730371, 10.287934], [16.731543, 10.287067], [16.731014, 10.285107]]]}, "properties": {"source": "GEM", "layer": "pipelines", "tracker": "GOIT", "name": "Ronier\u2013Djermaya Oil Pipeline", "pipeline": "Ronier\u2013Djermaya Oil Pipeline", "segment": null, "fuel": "Oil", "countries": ["Chad"], "sector": "energy", "owner": "PipeChina [100.%]", "parent": "National Petroleum and Natural Gas Pipeline Network Group Co Ltd [100.00%]", "start_year": "2011", "capacity": 20000.0, "capacity_units": "bpd", "capacity_bcm_y": null, "capacity_boed": 20000.0, "length_km": 311.0, "diameter": null, "start_location": "Bongor", "end_location": "Djermaya refinery, north of N'Djamena", "raw_status": "operating", "dash_status": "operating", "project_id": "P0527", "url": "https://www.gem.wiki/Ronier%E2%80%93Djermaya_Oil_Pipeline", "last_updated": "2026-01-20", "release": "2026-07"}}, {"type": "Feature", "geometry": {"type": "MultiLineString", "coordinates": [[[16.735738, 10.282466], [16.736354, 10.282143], [16.741244, 10.267717], [16.740828, 10.254748], [16.739382, 10.243139], [16.738857, 10.222073], [16.738293, 10.184865], [16.735037, 10.144033], [16.733937, 10.130614], [16.733664, 10.12206], [16.733068, 10.099953], [16.734683, 10.09313], [16.739425, 10.073694], [16.739436, 10.071571], [16.739125, 10.067282], [16.738787, 10.062898], [16.738476, 10.058968], [16.738427, 10.058371], [16.738379, 10.057605], [16.738194, 10.053293], [16.737191, 10.041009], [16.738851, 10.013106], [16.739055, 10.008574], [16.738481, 9.985469], [16.739218, 9.93969], [16.739548, 9.926369], [16.739825, 9.910749], [16.739606, 9.900733], [16.739288, 9.887731], [16.738218, 9.861001], [16.743931, 9.851477], [16.743285, 9.848683], [16.740656, 9.837595], [16.737022, 9.822741], [16.73545, 9.816156], [16.734157, 9.806472], [16.731657, 9.78765], [16.729761, 9.772914], [16.728817, 9.758368], [16.728082, 9.746578], [16.72743, 9.732856], [16.727363, 9.732702], [16.727339, 9.731343], [16.727425, 9.730434], [16.721513, 9.706255], [16.723444, 9.684945], [16.721071, 9.663115], [16.720473, 9.633595], [16.720958, 9.570618], [16.720987, 9.466206], [16.720526, 9.458544], [16.718531, 9.433165], [16.71871, 9.430009], [16.718708, 9.429748], [16.718619, 9.428432], [16.718085, 9.424148], [16.716905, 9.414802], [16.717511, 9.412309], [16.717581, 9.41133], [16.716819, 9.407758], [16.715671, 9.403281], [16.712694, 9.391336], [16.711525, 9.386488], [16.714389, 9.36538], [16.714132, 9.345097], [16.712453, 9.320928], [16.713488, 9.306973], [16.714459, 9.295528], [16.716725, 9.239034], [16.711117, 9.222421], [16.706182, 9.207955], [16.705656, 9.1998], [16.704766, 9.184612], [16.699648, 9.180302], [16.694809, 9.173258], [16.694809, 9.172877], [16.695222, 9.171971], [16.695614, 9.170012], [16.704296, 9.135648], [16.708875, 9.109724], [16.716245, 9.082434], [16.71675, 9.073916], [16.717801, 9.059105], [16.719604, 9.016531], [16.720161, 9.002756], [16.71896, 8.978256], [16.71808, 8.956541], [16.720161, 8.937284], [16.71911, 8.924375], [16.716878, 8.904862], [16.714089, 8.88257], [16.712093, 8.859461], [16.712088, 8.854192], [16.712104, 8.853917], [16.71204, 8.851743], [16.71161, 8.84322], [16.710506, 8.822314], [16.709883, 8.810439], [16.71042, 8.79778], [16.711085, 8.782343], [16.712608, 8.769385], [16.714153, 8.756555], [16.715312, 8.743258], [16.716964, 8.730448], [16.718616, 8.719058], [16.71896, 8.716598], [16.719561, 8.71295], [16.723702, 8.698314], [16.725676, 8.691283], [16.725464, 8.689569], [16.723058, 8.671715], [16.721985, 8.65536], [16.714797, 8.640044], [16.713529, 8.628507], [16.712791, 8.621014], [16.712716, 8.619359], [16.715677, 8.594834], [16.716393, 8.591088], [16.718552, 8.580979], [16.719432, 8.57699], [16.717694, 8.56759], [16.716041, 8.558339], [16.715677, 8.553883], [16.714518, 8.538817], [16.713768, 8.527756], [16.713774, 8.527311], [16.713756, 8.526807]]]}, "properties": {"source": "GEM", "layer": "pipelines", "tracker": "GOIT", "name": "Ronier\u2013Kome Oil Pipeline", "pipeline": "Ronier\u2013Kome Oil Pipeline", "segment": null, "fuel": "Oil", "countries": ["Chad"], "sector": "energy", "owner": "--", "parent": "unknown [unknown %]", "start_year": "2014", "capacity": null, "capacity_units": null, "capacity_bcm_y": null, "capacity_boed": null, "length_km": 205.0, "diameter": "22.0 in", "start_location": "Ronier", "end_location": "Kome", "raw_status": "operating", "dash_status": "operating", "project_id": "P3674", "url": "https://www.gem.wiki/Ronier%E2%80%93Kome_Oil_Pipeline", "last_updated": "2026-01-20", "release": "2026-07"}}, {"type": "Feature", "geometry": {"type": "MultiLineString", "coordinates": [[[6.651, 4.926], [7.158, 4.424]]]}, "properties": {"source": "GEM", "layer": "pipelines", "tracker": "GOIT", "name": "Rumuekpe-Bonny Oil Pipeline", "pipeline": "Rumuekpe-Bonny Oil Pipeline", "segment": null, "fuel": "Oil", "countries": ["Nigeria"], "sector": "energy", "owner": "Shell plc [100.%]", "parent": "Shell PLC [100.00%]", "start_year": null, "capacity": null, "capacity_units": null, "capacity_bcm_y": null, "capacity_boed": null, "length_km": 108.0, "diameter": null, "start_location": "Rumuekpe", "end_location": "Bonny", "raw_status": "operating", "dash_status": "operating", "project_id": "P0626", "url": "https://www.gem.wiki/Rumuekpe-Bonny_Oil_Pipeline", "last_updated": "2026-02-23", "release": "2026-07"}}, {"type": "Feature", "geometry": {"type": "MultiLineString", "coordinates": [[[6.651, 4.926], [7.019, 4.798]]]}, "properties": {"source": "GEM", "layer": "pipelines", "tracker": "GOIT", "name": "Rumuekpe-Nkpoku Oil Pipeline", "pipeline": "Rumuekpe-Nkpoku Oil Pipeline", "segment": null, "fuel": "Oil", "countries": ["Nigeria"], "sector": "energy", "owner": "Shell plc [100.%]", "parent": "Shell PLC [100.00%]", "start_year": null, "capacity": null, "capacity_units": null, "capacity_bcm_y": null, "capacity_boed": null, "length_km": 32.0, "diameter": null, "start_location": "Rumuekpe", "end_location": "Port Harcourt", "raw_status": "operating", "dash_status": "operating", "project_id": "P0627", "url": "https://www.gem.wiki/Rumuekpe-Nkpoku_Oil_Pipeline", "last_updated": "2026-02-23", "release": "2026-07"}}, {"type": "Feature", "geometry": {"type": "MultiLineString", "coordinates": [[[18.1174, 28.222], [18.1065, 28.2306], [18.05, 28.2443], [17.8561, 28.2505], [17.6574, 28.4223], [17.5775, 28.4882], [17.5152, 28.4954], [17.3302, 28.5751]]]}, "properties": {"source": "GEM", "layer": "pipelines", "tracker": "GOIT", "name": "Sabah-Zella Oil Pipeline", "pipeline": "Sabah-Zella Oil Pipeline", "segment": null, "fuel": "Oil", "countries": ["Libya"], "sector": "energy", "owner": "Libyan National Oil Corp [81.%]; Occidental Petroleum [14.25%]; OMV [4.75%]", "parent": "National Oil Corp [81.00%]; Occidental Petroleum Corp [14.25%]; OMV AG [4.75%]", "start_year": null, "capacity": 1.99, "capacity_units": "mtpa", "capacity_bcm_y": null, "capacity_boed": 39999.99, "length_km": 90.8, "diameter": "16.0 in", "start_location": "Sabah oilfield", "end_location": "Zella oilfield", "raw_status": "operating", "dash_status": "operating", "project_id": "P0602", "url": "https://www.gem.wiki/Sabah-Zella_Oil_Pipeline", "last_updated": "2022-03-03", "release": "2026-07"}}, {"type": "Feature", "geometry": {"type": "MultiLineString", "coordinates": [[[12.463719, 32.792894], [12.24166, 32.855794]]]}, "properties": {"source": "GEM", "layer": "pipelines", "tracker": "GOIT", "name": "Sabratha-Mellitah Condensate Pipeline", "pipeline": "Sabratha-Mellitah Condensate Pipeline", "segment": null, "fuel": "Oil", "countries": ["Libya"], "sector": "energy", "owner": "Libyan National Oil Corp [100.%]", "parent": "National Oil Corp [100.00%]", "start_year": "2005", "capacity": null, "capacity_units": null, "capacity_bcm_y": null, "capacity_boed": null, "length_km": 107.0, "diameter": "10 in", "start_location": null, "end_location": "Mellitah", "raw_status": "operating", "dash_status": "operating", "project_id": "P6457", "url": "https://www.gem.wiki/Sabratha-Mellitah_Condensate_Pipeline", "last_updated": "2024-03-12", "release": "2026-07"}}, {"type": "Feature", "geometry": {"type": "MultiLineString", "coordinates": [[[19.1682, 28.1633], [18.6121, 28.8848], [18.169, 29.2333], [17.9656, 29.4476], [17.9304, 29.4782], [17.9304, 29.4805]]]}, "properties": {"source": "GEM", "layer": "pipelines", "tracker": "GOIT", "name": "Samah-Dahra Oil Pipeline", "pipeline": "Samah-Dahra Oil Pipeline", "segment": null, "fuel": "Oil", "countries": ["Libya"], "sector": "energy", "owner": "Libyan National Oil Corp [59.18%]; ConocoPhillips [16.33%]; TotalEnergies SE [16.33%]; Hess Corp [8.16%]", "parent": "National Oil Corp [59.18%]; ConocoPhillips Corp [16.33%]; TotalEnergies SE [16.33%]; Hess Corp [8.16%]", "start_year": null, "capacity": 31.62, "capacity_units": "mtpa", "capacity_bcm_y": null, "capacity_boed": 635000.01, "length_km": 183.59, "diameter": "32.0 in", "start_location": "Samah oilfield", "end_location": "Dahra oilfield", "raw_status": "operating", "dash_status": "operating", "project_id": "P0603", "url": "https://www.gem.wiki/Samah-Dahra_Oil_Pipeline", "last_updated": "2022-03-03", "release": "2026-07"}}, {"type": "Feature", "geometry": {"type": "MultiLineString", "coordinates": [[[22.499707, 27.649046], [18.54257, 30.483081]]]}, "properties": {"source": "GEM", "layer": "pipelines", "tracker": "GOIT", "name": "Sarir-Ras Lanuf Refinery Oil Pipeline", "pipeline": "Sarir-Ras Lanuf Refinery Oil Pipeline", "segment": null, "fuel": "Oil", "countries": ["Libya"], "sector": "energy", "owner": "Libyan National Oil Corp [100.%]", "parent": "National Oil Corp [100.00%]", "start_year": null, "capacity": null, "capacity_units": null, "capacity_bcm_y": null, "capacity_boed": null, "length_km": 497.07, "diameter": "30 in", "start_location": null, "end_location": "Ra's Lanuf Refinery", "raw_status": "operating", "dash_status": "operating", "project_id": "P6440", "url": "https://www.gem.wiki/Sarir-Ra%27s_Lanuf_Refinery_Oil_Pipeline", "last_updated": "2026-03-10", "release": "2026-07"}}, {"type": "Feature", "geometry": {"type": "MultiLineString", "coordinates": [[[22.4986, 27.6468], [22.4713, 27.7642], [23.2675, 29.8693], [23.956, 31.8098], [23.9377, 31.9411], [23.9732, 32.0034], [23.9768, 32.0448]]]}, "properties": {"source": "GEM", "layer": "pipelines", "tracker": "GOIT", "name": "Sarir-Tobruk Oil Pipeline", "pipeline": "Sarir-Tobruk Oil Pipeline", "segment": null, "fuel": "Oil", "countries": ["Libya"], "sector": "energy", "owner": "Libyan National Oil Corp [100.%]", "parent": "National Oil Corp [100.00%]", "start_year": "1969", "capacity": 24.9, "capacity_units": "mtpa", "capacity_bcm_y": null, "capacity_boed": 500000.0, "length_km": 511.87, "diameter": "34.0 in", "start_location": "Sarir oilfield", "end_location": "Tobruk", "raw_status": "operating", "dash_status": "operating", "project_id": "P0604", "url": "https://www.gem.wiki/Sarir-Tobruk_Oil_Pipeline", "last_updated": "2023-02-08", "release": "2026-07"}}, {"type": "Feature", "geometry": {"type": "MultiLineString", "coordinates": [[[10.09663, 34.314594], [10.093228, 34.324722], [10.097278, 34.355021], [10.105362, 34.367082], [10.115913, 34.381142], [10.127592, 34.388113], [10.150396, 34.405596], [10.166597, 34.430215], [10.175407, 34.449342], [10.185527, 34.474523], [10.190633, 34.490145], [10.193161, 34.496187], [10.201338, 34.512791], [10.211416, 34.533924], [10.217067, 34.544485], [10.228994, 34.566104], [10.239659, 34.584702], [10.250971, 34.605314], [10.267326, 34.635477], [10.276964, 34.665709], [10.287292, 34.700483], [10.294592, 34.736804], [10.299965, 34.767079], [10.309027, 34.797819], [10.357498, 34.935008], [10.367124, 34.959737], [10.371715, 34.983831], [10.371222, 35.004533], [10.375864, 35.031386], [10.382153, 35.05615], [10.390939, 35.079505], [10.39629, 35.09807], [10.403359, 35.118685], [10.40278, 35.133869], [10.398747, 35.143574], [10.395612, 35.156717], [10.396687, 35.170502], [10.406236, 35.188328], [10.414084, 35.204793], [10.419499, 35.226115], [10.419751, 35.240599], [10.426794, 35.25866]]]}, "properties": {"source": "GEM", "layer": "pipelines", "tracker": "GOIT", "name": "Sidi El Kilani-Skhira Oil Pipeline", "pipeline": "Sidi El Kilani-Skhira Oil Pipeline", "segment": null, "fuel": "Oil", "countries": ["Tunisia"], "sector": "energy", "owner": "Entreprise Tunisienne d'Activit\u00e9s P\u00e9troli\u00e8res [55.%]; Zenith Energy [22.5%]; China National Petroleum Corporation [22.5%]", "parent": "unknown [unknown %]", "start_year": "1999", "capacity": 22000.0, "capacity_units": "bpd", "capacity_bcm_y": null, "capacity_boed": 22000.0, "length_km": 126.0, "diameter": "8 in", "start_location": "Sidi El Kilani", "end_location": "Sikhra", "raw_status": "operating", "dash_status": "operating", "project_id": "P7895", "url": "https://www.gem.wiki/Sidi_El_Kilani-Skhira_Oil_Pipeline", "last_updated": "2026-01-28", "release": "2026-07"}}, {"type": "Feature", "geometry": {"type": "MultiLineString", "coordinates": [[[10.09663, 34.314594], [10.115234, 34.335119], [10.132502, 34.347967], [10.146554, 34.362997], [10.156676, 34.373927], [10.166787, 34.383938], [10.175284, 34.39718], [10.186776, 34.426011], [10.203919, 34.461676], [10.21356, 34.476281], [10.230624, 34.505052], [10.239644, 34.514608], [10.255457, 34.532822], [10.283589, 34.557337], [10.312862, 34.58275], [10.360694, 34.620814], [10.374757, 34.631222], [10.386023, 34.640282], [10.401822, 34.654341], [10.419334, 34.670676], [10.436256, 34.684718], [10.472523, 34.722871], [10.487289, 34.739688], [10.499769, 34.752856], [10.512346, 34.771075], [10.524911, 34.788373], [10.533121, 34.810778], [10.565993, 34.90063]]]}, "properties": {"source": "GEM", "layer": "pipelines", "tracker": "GOIT", "name": "Sidi Litayem\u2013Skhira Oil Pipeline", "pipeline": "Sidi Litayem\u2013Skhira Oil Pipeline", "segment": null, "fuel": "Oil", "countries": ["Tunisia"], "sector": "energy", "owner": "Entreprise Tunisienne d'Activit\u00e9s P\u00e9troli\u00e8res [100.%]", "parent": "unknown [unknown %]", "start_year": null, "capacity": null, "capacity_units": null, "capacity_bcm_y": null, "capacity_boed": null, "length_km": 79.36, "diameter": null, "start_location": null, "end_location": "Sikhra", "raw_status": "operating", "dash_status": "operating", "project_id": "P7907", "url": "https://www.gem.wiki/Sidi_Litayem%E2%80%93Skhira_Oil_Pipeline", "last_updated": "2026-02-04", "release": "2026-07"}}, {"type": "Feature", "geometry": {"type": "MultiLineString", "coordinates": [[[11.65, -5.45], [11.69, -5.62]]]}, "properties": {"source": "GEM", "layer": "pipelines", "tracker": "GOIT", "name": "South Nemba-East Kokongo Oil Pipeline", "pipeline": "South Nemba-East Kokongo Oil Pipeline", "segment": null, "fuel": "Oil", "countries": ["Angola"], "sector": "energy", "owner": "Chevron [100.%]", "parent": "Chevron Corp [100.00%]", "start_year": null, "capacity": null, "capacity_units": null, "capacity_bcm_y": null, "capacity_boed": null, "length_km": 35.41, "diameter": "18.0 in", "start_location": "South Nemba offshore oilfield", "end_location": "East Kokongo offshore oilfield", "raw_status": "operating", "dash_status": "operating", "project_id": "P0568", "url": "https://www.gem.wiki/South_Nemba-East_Kokongo_Oil_Pipeline", "last_updated": "2026-01-06", "release": "2026-07"}}, {"type": "Feature", "geometry": {"type": "MultiLineString", "coordinates": [[[27.106043, 30.772613], [27.069809, 30.76311], [27.003872, 30.745557], [26.977057, 30.730064], [26.949506, 30.714228], [26.714381, 30.621132], [26.451209, 30.500103], [26.03528, 30.313484]]]}, "properties": {"source": "GEM", "layer": "pipelines", "tracker": "GOIT", "name": "Southwest Mleiha Pipeline", "pipeline": "Southwest Mleiha Pipeline", "segment": null, "fuel": "Oil", "countries": ["Egypt"], "sector": "energy", "owner": "Egyptian General Petroleum Corp; Eni SpA", "parent": "Egyptian General Petroleum Corp [unknown %]; Eni SpA [unknown %]", "start_year": "2020", "capacity": 7000.0, "capacity_units": "bpd", "capacity_bcm_y": null, "capacity_boed": 7000.0, "length_km": 130.0, "diameter": "10 in", "start_location": "Southwest Mleiha", "end_location": "Mleiha", "raw_status": "operating", "dash_status": "operating", "project_id": "P5125", "url": "https://www.gem.wiki/Southwest_Mleiha_Pipeline", "last_updated": "2023-01-24", "release": "2026-07"}}, {"type": "Feature", "geometry": {"type": "MultiLineString", "coordinates": [[[32.527736, 29.959922], [32.523971, 29.964066], [32.512987, 29.9622], [32.502793, 29.957908], [32.496189, 29.964252], [32.490243, 29.960453], [32.485792, 29.965491], [32.472417, 29.9668], [32.473819, 29.975209], [32.47698, 30.006767], [32.450693, 30.031856], [32.441046, 30.038833], [32.421639, 30.049827], [32.411059, 30.048133], [32.408021, 30.048807], [32.404254, 30.052285], [32.39546, 30.057418], [32.386593, 30.064365], [32.3795, 30.065738], [32.377722, 30.073179], [32.354072, 30.078105], [32.342733, 30.083031], [32.324379, 30.090749], [32.315311, 30.09365], [32.293197, 30.094991], [32.287063, 30.095602], [32.250248, 30.09193], [32.225104, 30.087383], [32.214202, 30.086309], [32.203888, 30.076947], [32.194149, 30.070553], [32.166367, 30.065712], [32.13209, 30.06491], [32.088785, 30.067072], [32.081276, 30.067922], [32.048633, 30.076686], [32.027896, 30.080931], [31.969264, 30.087525], [31.936536, 30.092164], [31.921943, 30.09045], [31.87293, 30.093886], [31.845771, 30.099285], [31.808551, 30.100408], [31.738111, 30.108035], [31.705855, 30.112492], [31.694915, 30.124485], [31.686465, 30.147438], [31.68498, 30.154629], [31.686296, 30.164604], [31.680831, 30.172129], [31.666662, 30.178779], [31.622733, 30.177598], [31.593488, 30.175005], [31.584927, 30.175009], [31.562793, 30.173181], [31.528406, 30.169037], [31.485568, 30.162816], [31.41888, 30.144914], [31.403648, 30.140922], [31.374423, 30.130488], [31.356593, 30.126022], [31.308436, 30.139644], [31.29887, 30.142728]]]}, "properties": {"source": "GEM", "layer": "pipelines", "tracker": "GOIT", "name": "Suez-Musturad Oil Pipeline", "pipeline": "Suez-Musturad Oil Pipeline", "segment": null, "fuel": "Oil", "countries": ["Egypt"], "sector": "energy", "owner": "Egyptian General Petroleum Corp [100.%]", "parent": "Egyptian General Petroleum Corp [100.00%]", "start_year": null, "capacity": null, "capacity_units": null, "capacity_bcm_y": null, "capacity_boed": null, "length_km": 134.0, "diameter": "12 in", "start_location": null, "end_location": null, "raw_status": "operating", "dash_status": "operating", "project_id": "P7332", "url": "https://www.gem.wiki/Suez-Musturad_Oil_Pipeline", "last_updated": "2026-02-20", "release": "2026-07"}}, {"type": "Feature", "geometry": {"type": "MultiLineString", "coordinates": [[[38.750936, -6.638323], [38.000134, -6.669771], [37.58739, -6.681563], [37.312226, -6.693356], [37.119612, -6.732665], [36.911274, -6.740527], [36.742246, -6.740527], [36.494599, -6.720872], [36.321639, -6.693356], [36.15261, -6.681563], [36.042545, -6.673702], [35.908895, -6.673702], [35.865655, -6.689425], [35.834207, -6.720872], [35.794898, -6.768043], [35.739866, -6.854523], [35.66911, -6.988174], [35.594422, -7.125755], [35.562975, -7.204373], [35.531528, -7.27513], [35.468634, -7.416642], [35.421463, -7.499191], [35.401808, -7.534569], [35.331052, -7.644634], [35.228849, -7.790078], [35.122714, -7.93159], [34.989064, -8.096688], [34.863275, -8.222477], [34.80038, -8.269648], [34.721762, -8.328611], [34.643144, -8.371851], [34.540941, -8.395437], [34.415152, -8.407229], [34.27757, -8.41116], [34.108542, -8.419022], [34.022062, -8.422953], [33.963098, -8.426884], [33.908066, -8.450469], [33.849102, -8.477985], [33.794069, -8.517294], [33.727244, -8.580189], [33.628972, -8.674531], [33.542492, -8.764941], [33.440616, -8.854631], [33.392659, -8.890599], [33.320723, -8.942553], [33.224809, -8.994506], [33.064953, -9.086424], [32.905096, -9.194327], [32.797193, -9.258269], [32.673304, -9.362176], [32.541422, -9.474076], [32.393555, -9.637929], [32.301637, -9.741836], [32.205723, -9.8937], [32.113805, -10.053556], [32.045866, -10.173449], [31.981924, -10.293341], [31.913985, -10.449202], [31.878017, -10.521137], [31.734146, -10.704972], [31.666207, -10.808879], [31.554307, -10.980725], [31.494361, -11.084632], [31.459886, -11.161045], [31.42305, -11.234716], [31.405716, -11.30622], [31.390548, -11.392892], [31.36888, -11.483898], [31.353712, -11.598738], [31.329878, -11.74608], [31.321211, -11.824085], [31.306043, -11.884755], [31.284375, -11.949759], [31.256207, -12.025597], [31.180369, -12.211942], [31.100197, -12.380952], [31.035193, -12.482791], [30.848849, -12.755808], [30.682005, -12.931319], [30.376487, -13.265006], [30.172808, -13.453517], [30.057967, -13.551023], [29.917125, -13.670197], [29.841288, -13.713533], [29.754616, -13.750368], [29.715613, -13.767703], [29.676611, -13.778537], [29.633275, -13.785037], [29.587772, -13.785037], [29.516268, -13.787204], [29.403594, -13.785037], [29.206416, -13.77637], [29.06124, -13.763369], [28.924732, -13.741701], [28.887896, -13.733034], [28.842394, -13.717866], [28.773056, -13.694031], [28.658216, -13.648529], [28.556376, -13.600859], [28.406867, -13.533688]]]}, "properties": {"source": "GEM", "layer": "pipelines", "tracker": "GOIT", "name": "Tazama Oil Pipeline", "pipeline": "Tazama Oil Pipeline", "segment": null, "fuel": "Oil", "countries": ["Tanzania", "Zambia"], "sector": "energy", "owner": "Government of Zambia [66.7%]; Government of Tanzania [33.3%]", "parent": "Government of Zambia [66.70%]; Government of Tanzania [33.30%]", "start_year": "1968", "capacity": 22000.0, "capacity_units": "bpd", "capacity_bcm_y": null, "capacity_boed": 22000.0, "length_km": 1710.0, "diameter": "12 in", "start_location": "Dar-es-Salaam", "end_location": "Ndola", "raw_status": "operating", "dash_status": "operating", "project_id": "P0539", "url": "https://www.gem.wiki/Tazama_Oil_Pipeline", "last_updated": "2026-02-26", "release": "2026-07"}}, {"type": "Feature", "geometry": {"type": "MultiLineString", "coordinates": [[[5.919, 4.556], [6.245, 4.302]]]}, "properties": {"source": "GEM", "layer": "pipelines", "tracker": "GOIT", "name": "Tebidaba-Brass Oil Pipeline", "pipeline": "Tebidaba-Brass Oil Pipeline", "segment": null, "fuel": "Oil", "countries": ["Nigeria"], "sector": "energy", "owner": "Eni SpA [100.%]", "parent": "Eni SpA [100.00%]", "start_year": null, "capacity": 47000.0, "capacity_units": "bpd", "capacity_bcm_y": null, "capacity_boed": 47000.0, "length_km": 92.0, "diameter": null, "start_location": "Tebidaba", "end_location": "Brass", "raw_status": "operating", "dash_status": "operating", "project_id": "P0628", "url": "https://www.gem.wiki/Tebidaba-Brass_Oil_Pipeline", "last_updated": "2026-02-23", "release": "2026-07"}}, {"type": "Feature", "geometry": {"type": "MultiLineString", "coordinates": [[[19.3177, 28.6019], [19.2047, 28.6271], [19.1817, 28.6512], [19.1666, 28.6504], [18.8077, 29.1606], [18.7007, 29.2939], [18.6528, 29.3835], [18.6298, 29.412], [18.5847, 29.5293], [18.5223, 29.6128], [18.4968, 29.6621]]]}, "properties": {"source": "GEM", "layer": "pipelines", "tracker": "GOIT", "name": "Tibisti-Aseida Gathering Oil Pipeline", "pipeline": "Tibisti-Aseida Gathering Oil Pipeline", "segment": null, "fuel": "Oil", "countries": ["Libya"], "sector": "energy", "owner": "Libyan National Oil Corp [81.%]; Suncor Energy [12.%]", "parent": "National Oil Corp [81.00%]; Suncor Energy Inc [12.00%]", "start_year": null, "capacity": 7.47, "capacity_units": "mtpa", "capacity_bcm_y": null, "capacity_boed": 150000.0, "length_km": 135.7, "diameter": "24.0 in", "start_location": "Tibisti oilfield", "end_location": "Aseida gathering", "raw_status": "operating", "dash_status": "operating", "project_id": "P0605", "url": "https://www.gem.wiki/Tibisti-Aseida_Gathering_Oil_Pipeline", "last_updated": "2024-03-11", "release": "2026-07"}}, {"type": "Feature", "geometry": {"type": "MultiLineString", "coordinates": [[[11.31, -5.76], [11.69, -5.62]]]}, "properties": {"source": "GEM", "layer": "pipelines", "tracker": "GOIT", "name": "Tombua Landana-East Kokongo Oil Pipeline", "pipeline": "Tombua Landana-East Kokongo Oil Pipeline", "segment": null, "fuel": "Oil", "countries": ["Angola"], "sector": "energy", "owner": "Chevron [100.%]", "parent": "Chevron Corp [100.00%]", "start_year": "2009", "capacity": 130000.0, "capacity_units": "bpd", "capacity_bcm_y": null, "capacity_boed": 130000.0, "length_km": 43.45, "diameter": "18.0 in", "start_location": "Tombua-Landana offshore oilfield", "end_location": "East Kokongo offshore oilfield", "raw_status": "operating", "dash_status": "operating", "project_id": "P0569", "url": "https://www.gem.wiki/Tombua_Landana-East_Kokongo_Oil_Pipeline", "last_updated": "2026-01-06", "release": "2026-07"}}, {"type": "Feature", "geometry": {"type": "MultiLineString", "coordinates": [[[5.506696, 5.759723], [5.539065, 5.601924]], [[5.539065, 5.601924], [5.688153, 5.59447]], [[5.717093, 6.046996], [5.66854, 5.832553]], [[5.187053, 5.618109], [5.267976, 5.694985], [5.352944, 5.711169], [5.413635, 5.812322]], [[5.510282, 5.570334], [5.539065, 5.601924]], [[5.021163, 5.913475], [5.098039, 5.800184]], [[5.057578, 5.966074], [5.098039, 5.800184]], [[5.098039, 5.800184], [5.187053, 5.618109]], [[5.373174, 5.41985], [5.510282, 5.570334]], [[5.688153, 5.59447], [5.688771, 5.588168]], [[5.688153, 5.59447], [5.862753, 5.58574], [6.048874, 5.371296], [6.158119, 5.36725]], [[5.66854, 5.832553], [5.729232, 5.743538], [5.680679, 5.670708], [5.688153, 5.59447]], [[5.86331, 6.03553], [5.891076, 5.982259], [5.66854, 5.832553]], [[5.37722, 5.703077], [5.510282, 5.570334]], [[5.187053, 5.618109], [5.211397, 5.578633]]]}, "properties": {"source": "GEM", "layer": "pipelines", "tracker": "GOIT", "name": "Trans Niger Pipeline", "pipeline": "Trans Niger Pipeline", "segment": null, "fuel": "Oil", "countries": ["Nigeria"], "sector": "energy", "owner": "Shell Petroleum Development Co of Nigeria Ltd [100.%]", "parent": "Aradel Holdings PLC [unknown %]; First Exploration & Petroleum Development Co Ltd [unknown %]; ND Western Ltd [unknown %]; Petrolin Group [unknown %]; Waltersmith [unknown %]", "start_year": "1965", "capacity": 180000.0, "capacity_units": "bpd", "capacity_bcm_y": null, "capacity_boed": 180000.0, "length_km": 333.33, "diameter": null, "start_location": null, "end_location": null, "raw_status": "operating", "dash_status": "operating", "project_id": "P2257", "url": "https://www.gem.wiki/Trans_Niger_Oil_Pipeline", "last_updated": "2026-02-23", "release": "2026-07"}}, {"type": "Feature", "geometry": {"type": "MultiLineString", "coordinates": [[[10.030287, 28.887696], [12.241871, 32.854692]]]}, "properties": {"source": "GEM", "layer": "pipelines", "tracker": "GOIT", "name": "Wafa-Mellitah NGL Pipeline", "pipeline": "Wafa-Mellitah NGL Pipeline", "segment": null, "fuel": "NGL", "countries": ["Libya"], "sector": "energy", "owner": "Libyan National Oil Corp [100.%]", "parent": "National Oil Corp [100.00%]", "start_year": "2004", "capacity": 22503.0, "capacity_units": "bpd", "capacity_bcm_y": null, "capacity_boed": 22503.0, "length_km": 487.98, "diameter": "16 in", "start_location": "Wadi Al-Shatii", "end_location": "Mellitah Complex", "raw_status": "operating", "dash_status": "operating", "project_id": "P5215", "url": "https://www.gem.wiki/Wafa-Mellitah_NGL_Pipeline", "last_updated": "2023-02-08", "release": "2026-07"}}, {"type": "Feature", "geometry": {"type": "MultiLineString", "coordinates": [[[10.0235, 28.8885], [10.0214, 28.9342], [10.2986, 29.5152], [10.3106, 29.7379], [10.4482, 29.881], [10.5009, 30.2409], [10.457, 30.4144], [10.4849, 30.8094], [10.5228, 30.9668], [10.6492, 31.413], [10.7726, 31.5677], [10.9313, 31.7472], [11.0591, 31.9329], [11.1327, 32.0172], [11.2135, 32.0685], [11.4306, 32.1708], [11.8116, 32.532], [11.9406, 32.6493], [12.0253, 32.7713], [12.0672, 32.8259], [12.0866, 32.8599], [12.1023, 32.9032], [12.1141, 32.9144], [12.2375, 32.8538]]]}, "properties": {"source": "GEM", "layer": "pipelines", "tracker": "GOIT", "name": "Wafa-Mellitah Oil Pipeline", "pipeline": "Wafa-Mellitah Oil Pipeline", "segment": null, "fuel": "Oil", "countries": ["Libya"], "sector": "energy", "owner": "Libyan National Oil Corp [50.%]; Eni SpA [50.%]", "parent": "Eni SpA [50.00%]; National Oil Corp [50.00%]", "start_year": "2004", "capacity": 120000.0, "capacity_units": "bpd", "capacity_bcm_y": null, "capacity_boed": 120000.0, "length_km": 525.0, "diameter": "16.0 in", "start_location": "Wadi Al-Shatii", "end_location": "Mellitah Complex", "raw_status": "operating", "dash_status": "operating", "project_id": "P0606", "url": "https://www.gem.wiki/Wafa-Mellitah_Oil_Pipeline", "last_updated": "2023-02-08", "release": "2026-07"}}, {"type": "Feature", "geometry": {"type": "MultiLineString", "coordinates": [[[19.9218, 28.2983], [19.1682, 28.1633]]]}, "properties": {"source": "GEM", "layer": "pipelines", "tracker": "GOIT", "name": "Waha-Samah Oil Pipeline", "pipeline": "Waha-Samah Oil Pipeline", "segment": null, "fuel": "Oil", "countries": ["Libya"], "sector": "energy", "owner": "Libyan National Oil Corp [25.51%]; Eni SpA [50.%]; TotalEnergies SE [16.33%]; Hess Corp [8.16%]", "parent": "Eni SpA [50.00%]; National Oil Corp [25.51%]; TotalEnergies SE [16.33%]; Hess Corp [8.16%]", "start_year": null, "capacity": 15.04, "capacity_units": "mtpa", "capacity_bcm_y": null, "capacity_boed": 302000.0, "length_km": 63.86, "diameter": "24.0 in", "start_location": "Waha", "end_location": "Samah oilfield", "raw_status": "operating", "dash_status": "operating", "project_id": "P0607", "url": "https://www.gem.wiki/Waha-Samah_Oil_Pipeline", "last_updated": "2022-03-04", "release": "2026-07"}}, {"type": "Feature", "geometry": {"type": "MultiLineString", "coordinates": [[[19.9218, 28.2983], [19.9055, 28.2952], [19.872, 28.3174], [19.6015, 28.4117], [19.5184, 28.4496]]]}, "properties": {"source": "GEM", "layer": "pipelines", "tracker": "GOIT", "name": "Waha-Zaggut Oil Pipeline", "pipeline": "Waha-Zaggut Oil Pipeline", "segment": null, "fuel": "Oil", "countries": ["Libya"], "sector": "energy", "owner": "Libyan National Oil Corp [59.18%]; ConocoPhillips [16.33%]; TotalEnergies SE [16.33%]; Hess Corp [8.16%]", "parent": "National Oil Corp [59.18%]; ConocoPhillips Corp [16.33%]; TotalEnergies SE [16.33%]; Hess Corp [8.16%]", "start_year": null, "capacity": 24.75, "capacity_units": "mtpa", "capacity_bcm_y": null, "capacity_boed": 497000.01, "length_km": 42.91, "diameter": "24.0 in", "start_location": "Waha", "end_location": "Zaggut oil field", "raw_status": "operating", "dash_status": "operating", "project_id": "P0608", "url": "https://www.gem.wiki/Waha-Zaggut_Oil_Pipeline", "last_updated": "2022-03-04", "release": "2026-07"}}, {"type": "Feature", "geometry": {"type": "MultiLineString", "coordinates": [[[33.576066, 27.811443], [33.570224, 27.815594], [33.555616, 27.821676], [33.527461, 27.825034], [33.514612, 27.830291], [33.510121, 27.832905], [33.492726, 27.839239], [33.472991, 27.837247], [33.462378, 27.825221], [33.464619, 27.81081], [33.494222, 27.775488], [33.513283, 27.753891], [33.520837, 27.723267], [33.515387, 27.705426], [33.525997, 27.692685], [33.504269, 27.68234], [33.496887, 27.670301], [33.491083, 27.659234], [33.486565, 27.641541], [33.524886, 27.571897], [33.572059, 27.499637], [33.584503, 27.469505], [33.616535, 27.415825], [33.627032, 27.381844], [33.653797, 27.337321], [33.665438, 27.329006], [33.659608, 27.311175], [33.702334, 27.232025], [33.746152, 27.228226], [33.75497, 27.235087]]]}, "properties": {"source": "GEM", "layer": "pipelines", "tracker": "GOIT", "name": "West Esh El-Mallaha-Gebel Az Zeit Oil Pipeline", "pipeline": "West Esh El-Mallaha-Gebel Az Zeit Oil Pipeline", "segment": null, "fuel": "Oil", "countries": ["Egypt"], "sector": "energy", "owner": "--", "parent": "unknown [unknown %]", "start_year": "2004", "capacity": 24000.0, "capacity_units": "bpd", "capacity_bcm_y": null, "capacity_boed": 24000.0, "length_km": 100.0, "diameter": null, "start_location": "Easern desert", "end_location": "Ras El Bikhar terminal", "raw_status": "operating", "dash_status": "operating", "project_id": "P5122", "url": "https://www.gem.wiki/West_Esh_El-Mallaha-Gebel_Az_Zeit_Oil_Pipeline", "last_updated": "2023-01-23", "release": "2026-07"}}, {"type": "Feature", "geometry": {"type": "MultiLineString", "coordinates": [[[19.5184, 28.4496], [19.5003, 28.4311], [19.302, 28.2724], [19.2501, 28.2298], [19.1779, 28.1616], [19.1682, 28.1633]]]}, "properties": {"source": "GEM", "layer": "pipelines", "tracker": "GOIT", "name": "Zaggut-Samah Oil Pipeline", "pipeline": "Zaggut-Samah Oil Pipeline", "segment": null, "fuel": "Oil", "countries": ["Libya"], "sector": "energy", "owner": "Libyan National Oil Corp [50.%]; ConocoPhillips [16.33%]; TotalEnergies SE [16.33%]; Hess Corp [8.16%]", "parent": "National Oil Corp [50.00%]; ConocoPhillips Corp [16.33%]; TotalEnergies SE [16.33%]; Hess Corp [8.16%]", "start_year": null, "capacity": 13.79, "capacity_units": "mtpa", "capacity_bcm_y": null, "capacity_boed": 277000.0, "length_km": 34.92, "diameter": "24.0 in", "start_location": "Zaggut oil field", "end_location": "Samah oilfield", "raw_status": "operating", "dash_status": "operating", "project_id": "P0609", "url": "https://www.gem.wiki/Zaggut-Samah_Oil_Pipeline", "last_updated": "2022-03-04", "release": "2026-07"}}, {"type": "Feature", "geometry": {"type": "MultiLineString", "coordinates": [[[19.5184, 28.4496], [18.8978, 29.5158], [18.775, 29.773], [18.5013, 30.2558], [18.3129, 30.5629], [18.2875, 30.6076], [18.332, 30.628], [18.3594, 30.6358], [18.3644, 30.6352]]]}, "properties": {"source": "GEM", "layer": "pipelines", "tracker": "GOIT", "name": "Zaggut-Sidra Oil Pipeline", "pipeline": "Zaggut-Sidra Oil Pipeline", "segment": null, "fuel": "Oil", "countries": ["Libya"], "sector": "energy", "owner": "Libyan National Oil Corp [50.%]; ConocoPhillips [16.33%]; TotalEnergies SE [16.33%]; Hess Corp [8.16%]", "parent": "National Oil Corp [50.00%]; ConocoPhillips Corp [16.33%]; TotalEnergies SE [16.33%]; Hess Corp [8.16%]", "start_year": null, "capacity": 10.95, "capacity_units": "mtpa", "capacity_bcm_y": null, "capacity_boed": 220000.01, "length_km": 266.41, "diameter": "24.0 in", "start_location": "Zaggut oil field", "end_location": "Sidra", "raw_status": "operating", "dash_status": "operating", "project_id": "P0610", "url": "https://www.gem.wiki/Zaggut-Sidra_Oil_Pipeline", "last_updated": "2023-02-08", "release": "2026-07"}}, {"type": "Feature", "geometry": {"type": "MultiLineString", "coordinates": [[[33.080631, 28.342444], [33.467229, 27.819487]]]}, "properties": {"source": "GEM", "layer": "pipelines", "tracker": "GOIT", "name": "Zeit Bay Facilities-Ras Gharib Oil Pipeline", "pipeline": "Zeit Bay Facilities-Ras Gharib Oil Pipeline", "segment": null, "fuel": "Oil", "countries": ["Egypt"], "sector": "energy", "owner": "Egyptian General Petroleum Corporation (EGPC) [100.%]", "parent": "unknown [unknown %]", "start_year": null, "capacity": 97000.0, "capacity_units": "bpd", "capacity_bcm_y": null, "capacity_boed": 97000.0, "length_km": 83.0, "diameter": "18 in", "start_location": null, "end_location": null, "raw_status": "operating", "dash_status": "operating", "project_id": "P7979", "url": "https://www.gem.wiki/Zeit_Bay_Facilities-Ras_Gharib_Oil_Pipeline", "last_updated": "2026-03-16", "release": "2026-07"}}, {"type": "Feature", "geometry": {"type": "MultiLineString", "coordinates": [[[17.3302, 28.5751], [17.4943, 28.7723], [17.6079, 28.8764], [17.6149, 28.8955], [17.6068, 28.9228], [17.7809, 29.1036], [17.8676, 29.1721], [17.8816, 29.2292], [17.954, 29.3145], [18.008, 29.3525], [18.0084, 29.373]]]}, "properties": {"source": "GEM", "layer": "pipelines", "tracker": "GOIT", "name": "Zella-Hofra Oil Pipeline", "pipeline": "Zella-Hofra Oil Pipeline", "segment": null, "fuel": "Oil", "countries": ["Libya"], "sector": "energy", "owner": "Libyan National Oil Corp [59.18%]; Occidental Petroleum [14.25%]; OMV [4.75%]", "parent": "National Oil Corp [59.18%]; Occidental Petroleum Corp [14.25%]; OMV AG [4.75%]", "start_year": null, "capacity": 3.73, "capacity_units": "mtpa", "capacity_bcm_y": null, "capacity_boed": 75000.0, "length_km": 112.75, "diameter": "20.0 in", "start_location": "Zella oilfield", "end_location": "Hofra oilfield", "raw_status": "operating", "dash_status": "operating", "project_id": "P0611", "url": "https://www.gem.wiki/Zella-Hofra_Oil_Pipeline", "last_updated": "2022-03-04", "release": "2026-07"}}, {"type": "Feature", "geometry": {"type": "MultiLineString", "coordinates": [[[31.088884, 1.457083], [31.092633, 1.454812], [31.108057, 1.419364], [31.154964, 1.391443], [31.160564, 1.37278], [31.182966, 1.355984], [31.196034, 1.337321], [31.23337, 1.298128], [31.240838, 1.277598], [31.26884, 1.234671], [31.300576, 1.197343], [31.343513, 1.152549], [31.397651, 1.085356], [31.434987, 1.033093], [31.476058, 0.960298], [31.505927, 0.922967], [31.533929, 0.896834], [31.53953, 0.840836], [31.54513, 0.82217], [31.537043, 0.742281]], [[31.537646, 0.742601], [31.5258, 0.678109], [31.527116, 0.664947], [31.520535, 0.650469], [31.517902, 0.637307], [31.519218, 0.61888], [31.524484, 0.603086], [31.527116, 0.574129], [31.523167, 0.560967], [31.507372, 0.535959], [31.494209, 0.513583], [31.49026, 0.495156], [31.483679, 0.450404], [31.473149, 0.417498], [31.471833, 0.391173], [31.4692, 0.364848], [31.466567, 0.320096], [31.466567, 0.299036], [31.457354, 0.277976], [31.457354, 0.254283], [31.454721, 0.216111], [31.449456, 0.17794], [31.449456, 0.15293], [31.442874, 0.139768], [31.437609, 0.11081], [31.432344, 0.084484], [31.432344, 0.067373], [31.434977, 0.042363]], [[31.435156, 0.044544], [31.44061, -0.026359], [31.443337, -0.042721], [31.418794, -0.087717], [31.41334, -0.097261], [31.418794, -0.184526], [31.421521, -0.236339], [31.420157, -0.266336], [31.421521, -0.335874], [31.432429, -0.36178], [31.429702, -0.470858], [31.446064, -0.528123], [31.452881, -0.563573], [31.471971, -0.61811], [31.473334, -0.645379], [31.471971, -0.66174], [31.49515, -0.709459], [31.493787, -0.724457], [31.486969, -0.759905]], [[31.486969, -0.760012], [31.468316, -0.814544], [31.441875, -0.865386], [31.439841, -0.885723], [31.425604, -0.920295], [31.425604, -0.995539], [31.421536, -1.089084], [31.42357, -1.200926], [31.430459, -1.216734], [31.435357, -1.280405], [31.440869, -1.294486], [31.443318, -1.363053], [31.450667, -1.386928], [31.449442, -1.417537], [31.45924, -1.434678], [31.458015, -1.481203], [31.45318, -1.535351], [31.448694, -1.610828], [31.450189, -1.688544], [31.45916, -1.711709], [31.456917, -1.733379], [31.438976, -1.779707], [31.438228, -1.817815], [31.43177, -1.853971], [31.435176, -1.911839], [31.438582, -1.959494], [31.443691, -2.002042], [31.467532, -2.039483], [31.503293, -2.056501], [31.522025, -2.080327], [31.537352, -2.119468], [31.540757, -2.167116], [31.537352, -2.248796], [31.535649, -2.287933], [31.540757, -2.327068], [31.548522, -2.351443], [31.560167, -2.373818], [31.575395, -2.396193], [31.588831, -2.408723], [31.600476, -2.418567], [31.621975, -2.426174], [31.629589, -2.435124], [31.628693, -2.470474], [31.627963, -2.555104], [31.627963, -2.590589], [31.63933, -2.614718], [31.636488, -2.641685], [31.663484, -2.714068], [31.704688, -2.79638], [31.758679, -2.907066], [31.804145, -2.987946], [31.815512, -3.016323], [31.819774, -3.0447], [31.86524, -3.138338], [31.897919, -3.210688], [31.91639, -3.250408], [31.944806, -3.297219], [32.056782, -3.513771], [32.108984, -3.59994], [32.141109, -3.611963], [32.157171, -3.634005], [32.177249, -3.636008], [32.214375, -3.669542], [32.251165, -3.691929], [32.283469, -3.710734], [32.317567, -3.730433], [32.346281, -3.73491], [32.375893, -3.748341], [32.395634, -3.751028], [32.432424, -3.764458], [32.477291, -3.789529], [32.537411, -3.835191], [32.574201, -3.870108], [32.602018, -3.890699], [32.700724, -3.929194], [32.750077, -3.949784], [32.77251, -3.948888], [32.820965, -3.969478], [32.861689, -3.997988], [32.891541, -3.999441], [32.932315, -4.032126], [33.019689, -4.088049], [33.075753, -4.12073], [33.096868, -4.135981], [33.117984, -4.151231], [33.144195, -4.161398], [33.174048, -4.180279], [33.273071, -4.205694], [33.324039, -4.208599], [33.371366, -4.218039], [33.390297, -4.218039], [33.489249, -4.228468], [33.512628, -4.23583], [33.552002, -4.238285], [33.574149, -4.241966], [33.595067, -4.245647], [33.651667, -4.26528], [33.697193, -4.283685], [33.725493, -4.294728], [33.762406, -4.310678], [33.796858, -4.315586], [33.833772, -4.321721], [33.879298, -4.332763], [33.939589, -4.34994], [33.985115, -4.360982], [34.141381, -4.417416], [34.207824, -4.440724], [34.259503, -4.468939], [34.292724, -4.456672], [34.337303, -4.469335], [34.370843, -4.486982], [34.450967, -4.540852], [34.505936, -4.579858], [34.518047, -4.591003], [34.544134, -4.594717], [34.564631, -4.602147], [34.599103, -4.624434], [34.621463, -4.630006], [34.650345, -4.644864], [34.683885, -4.653222], [34.750034, -4.673651], [34.783574, -4.691293], [34.839474, -4.68665], [34.973118, -4.748854], [35.014159, -4.770061], [35.027839, -4.777635], [35.053679, -4.771576], [35.139234, -4.794711], [35.331532, -4.846052], [35.451421, -4.880831], [35.47722, -4.883855], [35.499047, -4.890063], [35.541869, -4.897721], [35.572613, -4.906473], [35.592377, -4.909755], [35.624219, -4.937104], [35.645081, -4.956794], [35.656061, -4.969921], [35.674727, -4.969921], [35.691198, -5.006018], [35.71206, -5.046488], [35.740608, -5.085862], [35.782792, -5.105882], [35.801292, -5.119189], [35.825957, -5.125331], [35.855761, -5.123284], [35.905092, -5.114071], [35.936952, -5.106906], [35.996561, -5.104858], [36.06028, -5.108953], [36.089056, -5.116118], [36.132221, -5.118166], [36.167164, -5.114071], [36.192857, -5.116118], [36.264798, -5.128402], [36.334684, -5.141709], [36.425125, -5.164228], [36.530274, -5.190633], [36.631485, -5.210792], [36.69491, -5.220199], [36.804218, -5.2417], [36.867643, -5.247076], [36.972903, -5.25917], [37.090307, -5.264545], [37.188819, -5.264545], [37.336792, -5.273645], [37.413723, -5.281625], [37.492256, -5.2912], [37.556365, -5.297584], [37.650926, -5.308755], [37.753501, -5.31833], [37.892939, -5.337479], [38.02917, -5.350246], [38.243936, -5.369394], [38.356127, -5.377373], [38.43389, -5.379403], [38.444347, -5.379403], [38.474674, -5.357538], [38.540557, -5.323178], [38.590753, -5.296105], [38.662911, -5.280485], [38.711015, -5.2607], [38.750754, -5.246121], [38.792584, -5.241955], [38.835161, -5.178135], [38.869797, -5.150646], [38.876394, -5.144048], [38.882717, -5.141024], [38.883541, -5.137176], [38.896461, -5.123981], [38.914604, -5.105563], [38.944508, -5.070543], [38.977185, -5.039003], [38.991108, -5.030478], [39.016965, -5.019965], [39.03714, -5.013145], [39.061576, -5.013145], [39.108317, -5.011479], [39.117777, -5.013938], [39.129771, -5.019396]]]}, "properties": {"source": "GEM", "layer": "pipelines", "tracker": "GOIT", "name": "East African Crude Oil Pipeline (EACOP)", "pipeline": "East African Crude Oil Pipeline (EACOP)", "segment": null, "fuel": "Oil", "countries": ["Uganda", "Tanzania"], "sector": "energy", "owner": "East African Crude Oil Pipeline Ltd [100.%]", "parent": "Tanzania Petroleum Development Corp [15.00%]; Uganda National Oil Co [15.00%]; CNOOC Ltd [8.00%]; TotalEnergies SE [unknown %]", "start_year": "2025", "capacity": 246000.0, "capacity_units": "bpd", "capacity_bcm_y": null, "capacity_boed": 246000.0, "length_km": 1443.0, "diameter": "24 in", "start_location": "Buseruka sub-county", "end_location": "Tanga", "raw_status": "construction", "dash_status": "under_construction", "project_id": "P0541", "url": "https://www.gem.wiki/East_African_Crude_Oil_Pipeline_(EACOP)", "last_updated": "2026-02-26", "release": "2026-07"}}, {"type": "Feature", "geometry": {"type": "MultiLineString", "coordinates": [[[12.612305, 15.199386], [15.243097, 13.425963], [16.083984, 7.972198]]]}, "properties": {"source": "GEM", "layer": "pipelines", "tracker": "GOIT", "name": "Niger Chad Oil Pipeline", "pipeline": "Niger Chad Oil Pipeline", "segment": null, "fuel": "Oil", "countries": ["Niger", "Chad"], "sector": "energy", "owner": "China National Petroleum Corp; Government of Niger", "parent": "Government of Niger [unknown %]; unknown [unknown %]", "start_year": null, "capacity": 60000.0, "capacity_units": "bpd", "capacity_bcm_y": null, "capacity_boed": 60000.0, "length_km": 600.0, "diameter": null, "start_location": "Agadem", "end_location": "Doba Basin", "raw_status": "proposed", "dash_status": "announced", "project_id": "P0533", "url": "https://www.gem.wiki/Niger_Chad_Oil_Pipeline", "last_updated": "2026-02-20", "release": "2026-07"}}, {"type": "Feature", "geometry": {"type": "MultiLineString", "coordinates": [[[30.346455, 8.437802], [31.150572, 8.929193], [31.55263, 9.311732], [31.691523, 9.448768], [31.771935, 9.585749], [31.932758, 9.672235], [32.100892, 9.758698], [32.239785, 9.909956], [32.320197, 10.09713], [32.312886, 10.277003], [32.393298, 10.420827], [32.451779, 10.428017]]]}, "properties": {"source": "GEM", "layer": "pipelines", "tracker": "GOIT", "name": "Tharjiath-Polouch Crude Oil Pipeline", "pipeline": "Tharjiath-Polouch Crude Oil Pipeline", "segment": null, "fuel": "Oil", "countries": ["South Sudan"], "sector": "energy", "owner": "--", "parent": "unknown [unknown %]", "start_year": "2025", "capacity": 80000.0, "capacity_units": "bpd", "capacity_bcm_y": null, "capacity_boed": 80000.0, "length_km": 350.0, "diameter": "18 in", "start_location": "Block 5A", "end_location": "Block 3D", "raw_status": "proposed", "dash_status": "announced", "project_id": "P6546", "url": null, "last_updated": "2026-02-25", "release": "2026-07"}}, {"type": "Feature", "geometry": {"type": "MultiLineString", "coordinates": [[[32.0, 15.0], [38.7, 9.0]]]}, "properties": {"source": "GEM", "layer": "pipelines", "tracker": "GOIT", "name": "Sudan\u2013Ethiopia Oil Pipeline", "pipeline": "Sudan\u2013Ethiopia Oil Pipeline", "segment": null, "fuel": "Oil", "countries": ["Sudan", "Ethiopia"], "sector": "energy", "owner": "Sudan Ministry of Energy and Mining; Ethiopia Ministry of Mines and Petroleum", "parent": "Ministry of Energy and Mining (Sudan) [unknown %]; Ministry of Mines and Petroleum (Ethiopia) [unknown %]", "start_year": null, "capacity": null, "capacity_units": null, "capacity_bcm_y": null, "capacity_boed": null, "length_km": 986.08, "diameter": null, "start_location": null, "end_location": null, "raw_status": "shelved", "dash_status": "stalled", "project_id": "P2478", "url": "https://www.gem.wiki/Sudan%E2%80%93Ethiopia_Oil_Pipeline", "last_updated": "2025-01-31", "release": "2026-07"}}]}