{"type": "FeatureCollection", "features": [{"type": "Feature", "geometry": {"type": "MultiLineString", "coordinates": [[[44.55004267627159, 11.23954347159687], [43.31254355292765, 12.615395567393394], [43.21410612266167, 12.834868817846521], [42.975043792015505, 13.054150695298627], [42.35629423034354, 13.92930384327183], [41.8500445889755, 14.801154224791581], [40.61254546563375, 16.534196198259725], [39.60004618289549, 18.251816319028222], [38.250047139247634, 20.375041253465433]], [[54.00003598419185, 13.273238157547594], [54.11253590389969, 13.601498202276586], [54.288615989811035, 14.589548002447021], [54.288615989811035, 16.582020902615277], [54.14808587692784, 17.09582718672565]], [[44.55004267627159, 11.23954347159687], [43.65004331383962, 11.455111997387936], [43.14799366949638, 11.594869371447825]], [[38.250047139247634, 20.375041253465433], [37.58923757400337, 19.919043448151303], [37.21967786917097, 19.61556659454616]], [[48.5317798555716, 29.92363278689715], [49.16253940873571, 28.75448641587171], [50.175038691471606, 28.06182365971013], [50.62503837268768, 27.364667993860262], [51.30003789451161, 26.964304734562898], [52.20003725694376, 26.562513149236715], [53.55003630059162, 26.260240971577822], [55.35003502545574, 26.260240971577822], [55.80003470667163, 26.36108632539156], [56.2500343878877, 26.713351447732887], [56.86878394955967, 26.562513149236715], [57.03753383001575, 26.1593079707739], [57.03753383001575, 25.348717422116714], [56.33993432360578, 25.0514826710929]], [[49.16253940873571, 28.75448641587171], [47.974840250113054, 29.37410420420039]], [[50.62503837268768, 27.364667993860262], [50.287538611775716, 26.964304734562898], [50.214198663730556, 26.28537535931817]], [[52.20003725694376, 26.562513149236715], [51.862537496031614, 26.05828756029904], [51.519277739200085, 25.294608758024626]], [[51.30003789451161, 26.964304734562898], [50.962538133599644, 26.562513149236715], [50.57601840741415, 26.229494838391265]], [[57.03753383001575, 25.348717422116714], [57.38011358673322, 24.420846844473278], [57.712533351839674, 24.12261698700344], [58.50003279396771, 23.89138876125301], [59.85003183761575, 23.19523175611711], [60.525031359439865, 22.469443964829516], [60.525031359439865, 19.104405475930452], [60.525031359439865, 16.10232559580297], [58.95003247399199, 15.23578178303578], [55.35003502366785, 13.492128176464083], [54.90003534423966, 12.615395567393394]], [[58.50003279396771, 23.89138876125301], [58.162533033055745, 23.865671119262494], [57.88605322832058, 23.67872342575357]], [[60.525031359439865, 22.469443964829516], [65.25002801161183, 24.259444485784776], [67.02854675228855, 24.889731701235817]], [[60.525031359439865, 16.10232559580297], [60.975031038867876, 16.318380026359527], [66.60002705585578, 18.251816319028222], [70.20002450558383, 18.785187974742005], [72.87590260996693, 19.07607425728523]], [[55.35003502545574, 26.260240971577822], [54.90003534423966, 25.75470426341523], [54.45003566183197, 24.83931282559271], [54.419075684956134, 24.443964572625426]], [[3.825071526223208, 4.164912849976942], [5.400070410479286, 2.367912558705407], [7.200069135343221, 1.243490076978041], [8.550068178991262, 1.018534216615524], [9.454267538448212, 0.394465191855477]], [[-16.199914287888834, 39.6983233549332], [-13.949915882404726, 38.76885922455357], [-10.799918113296759, 38.475881348138756], [-9.337919149586595, 38.68882888776792]], [[-21.140924849904593, 14.365653759228442], [-18.449912693968844, 14.365653759228442], [-17.445713405352947, 14.686594841994992]], [[-3.599923213840749, -2.580536704984131], [-4.374922664823806, 1.468426767331968], [-4.499922576272716, 2.367912558705407], [-4.274922735664679, 3.266814816815666], [-4.026242911831877, 5.323508791824841]], [[-0.204315619320974, 5.558285889905858], [0.450073917103194, 3.279837005484997], [0.450073917103194, -0.631398185258107]], [[3.423511810692114, 6.439066911484626], [3.825071526223208, 4.164912849976942], [2.25007264196731, 1.131014326431719], [1.575073120143199, 0.34358628488916], [0.450073917103194, -0.631398185258107], [-3.599923213840749, -2.580536704984131], [-10.799918113296759, -2.580536704984131], [-15.299914925456777, 1.918228780215599], [-19.799911737616885, 8.635699417327467], [-21.149910781264836, 11.735650161405832], [-21.140924849904593, 14.365653759228442], [-21.149910781264836, 19.95262290516439], [-20.299911384604414, 22.884654113882444], [-18.67491253517278, 31.286738814391754], [-17.0999136503208, 35.05222991093673], [-16.246065123519113, 39.467127190190496], [-16.199914287888834, 39.6983233549332], [-16.199914288484827, 44.694829089578164], [-11.249917795108734, 48.70423463096067], [-7.199920663568708, 50.740281893948165], [-5.399921938704683, 50.95337730033451], [-4.544402544762735, 50.82820142743812]], [[-3.599923213840749, -2.580536704984131], [7.423529131e-05, -6.467627592690688], [1.800072960155335, -11.356308769000893], [6.750069454127329, -18.026426383713453], [8.10006849777537, -23.49392244589784], [13.05006499115128, -30.30995334464681], [15.30006339723147, -32.61276000573574], [16.65006244087933, -33.74264465652956], [17.55006180331148, -33.929536992458964], [18.15553137439108, -33.348058456467676]], [[7.423529131e-05, -6.467627592690688], [10.80006658447537, -5.124561675456293], [11.863635831629022, -4.77878776891936]], [[10.80006658447537, -5.124561675456293], [11.250066265691444, -5.572600905016464], [12.349965487108514, -5.933373731471328]], [[27.000055108251505, -34.73466151270862], [31.500051920411707, -31.340410556277746], [32.40005128343957, -29.8231438437626]], [[18.44992116524676, -33.69332014378617], [17.775061643323433, -34.11602012163193], [17.32506196210754, -34.85783936223576], [18.00006148393147, -36.3215277599179], [19.80006020939149, -36.68325067019043], [23.40005765911936, -36.68325067019043], [26.10005574581954, -35.83660803749216], [27.000055108251505, -34.73466151270862]], [[32.65318110412008, 29.113614162980063], [32.62520112394137, 29.344566989489813], [32.45622624364466, 29.63833609362628], [32.52993119143143, 29.972545436050364], [32.85005096405957, 30.255702942039875], [32.73755104375564, 30.837020582397155], [32.28445136473581, 31.25927814644905]], [[37.4625476971196, 22.05298561667754], [36.22504857377548, 24.12261698700344], [35.212549291039586, 25.75470426341523], [34.67817466959547, 26.562513149236715], [33.918800207543505, 27.364667993860262], [33.412950565897326, 28.161052262220792], [32.906450924701375, 28.95155473219332], [32.65318110412008, 29.113614162980063], [32.56895616318991, 29.344566989489813], [32.399981282893194, 29.63833609362628], [32.52993119143143, 29.972545436050364], [32.73755104375564, 30.255702942039875], [32.62505112345171, 30.837020582397155], [32.28445136473581, 31.25927814644905]], [[38.252175044777196, 20.36041343679164], [37.4625476971196, 22.05298561667754]], [[41.17504506655567, -4.900422453147402], [42.30004427019158, -3.479268678970064], [45.450042038703735, -1.231315750217412], [48.60003980721571, 1.468426767331968], [51.75003757632377, 5.510071711803246], [54.00003598180769, 9.52441134501949], [54.90003534423966, 12.615395567393394], [54.00003598419185, 13.273238157547594], [52.65003693815965, 12.944533868662969], [48.60003980781179, 11.955858207114732], [45.450042038703735, 11.184367066436712], [44.55004267627159, 11.23954347159687]], [[30.88039235938437, -30.05771707645661], [32.40005128343957, -29.8231438437626], [32.850050964655466, -29.431979622206125], [33.750050327087614, -28.348517239947288], [35.32504921134351, -26.551620801657084], [41.17504506715157, -23.287413403488653], [42.30004427019158, -20.574419057276128], [42.30004427019158, -15.224032284647373], [42.30004426959567, -14.861883917661954], [41.8500445889755, -11.943944931746815], [41.40004490775961, -9.29042430103552], [40.387545625023535, -6.169450529574503], [40.95004522654354, -5.273944363641298], [41.17504506655567, -4.900422453147402]], [[35.32504921134351, -26.551620801657084], [33.750050327087614, -26.350174904573713], [32.58062115552212, -25.968268155407962]], [[42.30004427019158, -15.224032284647373], [41.40004490716371, -14.64430197712377], [40.68539697592696, -14.565582936090415]], [[42.30004426959567, -14.861883917661954], [45.00004235689176, -15.29638776062193], [46.315441425050686, -15.713729798684179]], [[39.269676416932725, -6.823132108349236], [39.82504602290763, -6.467627592690688], [40.387545625023535, -6.169450529574503]], [[40.95004522654354, -5.273944363641298], [40.50004554473174, -4.676208028751072], [39.67289769319088, -4.053024114605376]], [[41.17504506655567, -4.900422453147402], [40.7250453853396, -4.676208028751072], [39.7450660795661, -3.946125186873873]], [[48.60003980721571, 1.468426767331968], [46.80004108235159, 1.918228780215599], [45.344182113695986, 2.041205223228781]], [[36.22504857377548, 24.12261698700344], [36.90004809500369, 24.259444485784776], [37.80004745803156, 24.225251377401914], [38.10697724059967, 24.070648010417838]], [[33.412950565897326, 28.161052262220792], [33.30005064527564, 28.29321405801615], [33.08276564295245, 28.365936333863583]], [[32.28445136473581, 31.25927814644905], [32.175051442235635, 31.510798430049064], [31.72505176101956, 31.798087367585257], [30.60005255857546, 32.243210016262736], [28.68266219511189, 32.58881770832659], [25.198689196856183, 34.014861549780676], [24.04673688790992, 34.33537907402818], [22.050058614875596, 34.76657169708598], [19.24898112158607, 34.96588061426259], [16.538486629207664, 34.62626157775406], [14.485430000000347, 35.114981288071654], [13.014410566350236, 35.96055382761562], [12.369303754063077, 36.753951849626404], [11.587566027795393, 37.85673997565852], [11.250066265691444, 39.6983233549332], [10.350066903259478, 41.52013202089327], [9.787567301739475, 42.41235450073586], [9.562567461727339, 43.073310783003215], [9.450067540827328, 43.401144973153954], [9.112567779915365, 44.05151922873524], [8.938867903561944, 44.41035752885385]], [[8.938867903561944, 44.41035752885385], [8.775068019003399, 44.05151922873524], [8.325068338383225, 43.72721479104982], [7.200069135343221, 43.073310783003215], [6.412569692619463, 42.743713464436695], [5.962570011403388, 42.743713464436695], [5.175070569275348, 42.85377505385472]], [[5.372530429989069, 43.29362778902908], [5.175070569275348, 42.85377505385472], [4.050071366235344, 41.85617959436374], [2.700072322587302, 41.35145028689676], [2.168725042748786, 41.38560270176812]], [[27.000055108251505, -34.73466151270862], [25.875055905211504, -34.36402589452668], [25.6232560835889, -33.9624706667599]], [[1.800072960155335, -11.356308769000893], [11.700065947503239, -8.846050186819125], [12.600065309935387, -8.830631937053012], [13.235024860124117, -8.812561807472813]], [[5.400070410479286, 2.367912558705407], [7.200069135343221, 3.154491498099848], [7.650068816559295, 3.491423322320592], [7.999287318573677, 4.541590692825097]], [[55.45302495190069, -4.565748350533772], [55.350035024859835, -3.92832730414264], [54.900035343643765, -1.081346446098796], [54.000035981211795, 1.168506749040978], [51.75003757632377, 5.510071711803246]], [[-18.67491253517278, 31.286738814391754], [-16.64991396970081, 30.255702942039875], [-15.862414526976778, 28.95155473219332], [-15.596564715903398, 27.957733682885266]], [[41.8500445889755, -11.943944931746815], [42.07504442958354, -12.053986862571566], [42.75004395140765, -12.053986862571566], [43.24330360197787, -11.700589282272533]], [[37.4625476971196, 22.05298561667754], [39.18275647850768, 21.481533475502996]], [[34.67817466959547, 26.562513149236715], [35.21254929044368, 27.097918575215974], [35.696548947573824, 27.354010300438862]], [[45.450042038703735, 11.184367066436712], [45.17955222972517, 10.705441883254426], [45.01088234980864, 10.43511874899288]], [[25.198689196856183, 34.014861549780676], [24.99488074748585, 34.89090355336368], [24.7684, 35.07162999999965]]]}, "properties": {"source": "TeleGeography", "layer": "cables", "cable_id": "2africa", "name": "2Africa", "sector": "ict", "rfs_year": 2024, "rfs": "2024", "is_planned": false, "length_km": 45000.0, "owners": "Bayobab, China Mobile, Meta, Orange, Telecom Egypt, Vodafone, WIOCC, center3", "suppliers": "ASN", "url": "https://www.2africacable.net/", "notes": null, "countries": ["Angola", "Bahrain", "Comoros", "Congo, Dem. Rep.", "Congo, Rep.", "C\u00f4te d'Ivoire", "Djibouti", "Egypt", "France", "Gabon", "Ghana", "Greece", "India", "Iraq", "Italy", "Kenya", "Kuwait", "Madagascar", "Mozambique", "Nigeria", "Oman", "Pakistan", "Portugal", "Qatar", "Saudi Arabia", "Senegal", "Seychelles", "Somalia", "South Africa", "Spain", "Sudan", "Tanzania", "United Arab Emirates", "United Kingdom"], "landing_total": 50, "landing_points": [{"id": "luanda-angola", "name": "Luanda, Angola", "country": "Angola", "iso": "AO", "lon": 13.234998, "lat": -8.812663, "tbd": false}, {"id": "moroni-comoros", "name": "Moroni, Comoros", "country": "Comoros", "iso": "KM", "lon": 43.24340297631166, "lat": -11.700694108521688, "tbd": false}, {"id": "muanda-congo-dem-rep-", "name": "Muanda, Congo, Dem. Rep.", "country": "Congo, Dem. Rep.", "iso": "CD", "lon": 12.349870174080092, "lat": -5.933359258652115, "tbd": false}, {"id": "pointe-noire-congo-rep-", "name": "Pointe-Noire, Congo, Rep.", "country": "Congo, Rep.", "iso": "CG", "lon": 11.863640049779946, "lat": -4.779091572143155, "tbd": false}, {"id": "abidjan-cte-divoire", "name": "Abidjan, C\u00f4te d'Ivoire", "country": "C\u00f4te d'Ivoire", "iso": "CI", "lon": -4.026241271803983, "lat": 5.323518612555771, "tbd": false}, {"id": "djibouti-city-djibouti", "name": "Djibouti City, Djibouti", "country": "Djibouti", "iso": "DJ", "lon": 43.14799288765091, "lat": 11.594678044710776, "tbd": false}, {"id": "port-said-egypt", "name": "Port Said, Egypt", "country": "Egypt", "iso": "EG", "lon": 32.28445799999981, "lat": 31.259279, "tbd": false}, {"id": "ras-ghareb-egypt", "name": "Ras Ghareb, Egypt", "country": "Egypt", "iso": "EG", "lon": 33.082788999999806, "lat": 28.36590799999975, "tbd": false}, {"id": "suez-egypt", "name": "Suez, Egypt", "country": "Egypt", "iso": "EG", "lon": 32.53012931569517, "lat": 29.9722883988634, "tbd": false}, {"id": "zafarana-egypt", "name": "Zafarana, Egypt", "country": "Egypt", "iso": "EG", "lon": 32.649855793379736, "lat": 29.116686929125173, "tbd": false}, {"id": "libreville-gabon", "name": "Libreville, Gabon", "country": "Gabon", "iso": "GA", "lon": 9.454364412783434, "lat": 0.394268790397072, "tbd": false}, {"id": "accra-ghana", "name": "Accra, Ghana", "country": "Ghana", "iso": "GH", "lon": -0.201097497196668, "lat": 5.558283401661053, "tbd": false}, {"id": "mombasa-kenya", "name": "Mombasa, Kenya", "country": "Kenya", "iso": "KE", "lon": 39.67280003701128, "lat": -4.053206761989876, "tbd": false}, {"id": "mtwapa-kenya", "name": "Mtwapa, Kenya", "country": "Kenya", "iso": "KE", "lon": 39.74507100000067, "lat": -3.946130000001213, "tbd": false}, {"id": "mahajanga-madagascar", "name": "Mahajanga, Madagascar", "country": "Madagascar", "iso": "MG", "lon": 46.31552100000039, "lat": -15.713720000000299, "tbd": false}, {"id": "maputo-mozambique", "name": "Maputo, Mozambique", "country": "Mozambique", "iso": "MZ", "lon": 32.58061756117876, "lat": -25.968533089796413, "tbd": false}, {"id": "nacala-mozambique", "name": "Nacala, Mozambique", "country": "Mozambique", "iso": "MZ", "lon": 40.685431, "lat": -14.565605999999761, "tbd": false}, {"id": "kwa-ibo-nigeria", "name": "Kwa Ibo, Nigeria", "country": "Nigeria", "iso": "NG", "lon": 7.997436999999589, "lat": 4.543802999999177, "tbd": false}, {"id": "lagos-nigeria", "name": "Lagos, Nigeria", "country": "Nigeria", "iso": "NG", "lon": 3.423216341555379, "lat": 6.438874849613729, "tbd": false}, {"id": "dakar-senegal", "name": "Dakar, Senegal", "country": "Senegal", "iso": "SN", "lon": -17.451915354680473, "lat": 14.686597713745336, "tbd": false}, {"id": "carana-seychelles", "name": "Carana, Seychelles", "country": "Seychelles", "iso": "SC", "lon": 55.45302899999983, "lat": -4.565748999999809, "tbd": false}, {"id": "berbera-somalia", "name": "Berbera, Somalia", "country": "Somalia", "iso": "SO", "lon": 45.01088219296272, "lat": 10.43511582934602, "tbd": false}, {"id": "mogadishu-somalia", "name": "Mogadishu, Somalia", "country": "Somalia", "iso": "SO", "lon": 45.344182738099455, "lat": 2.041189900937192, "tbd": false}, {"id": "amanzimtoti-south-africa", "name": "Amanzimtoti, South Africa", "country": "South Africa", "iso": "ZA", "lon": 30.88039000000108, "lat": -30.057720000000288, "tbd": false}, {"id": "duynefontein-south-africa", "name": "Duynefontein, South Africa", "country": "South Africa", "iso": "ZA", "lon": 18.449914853508062, "lat": -33.69332250414625, "tbd": false}, {"id": "gqeberha-south-africa", "name": "Gqeberha, South Africa", "country": "South Africa", "iso": "ZA", "lon": 25.623280000000147, "lat": -33.962498999999816, "tbd": false}, {"id": "yzerfontein-south-africa", "name": "Yzerfontein, South Africa", "country": "South Africa", "iso": "ZA", "lon": 18.15553012379608, "lat": -33.34822369818516, "tbd": false}, {"id": "port-sudan-sudan", "name": "Port Sudan, Sudan", "country": "Sudan", "iso": "SD", "lon": 37.219676774825814, "lat": 19.61556365090266, "tbd": false}, {"id": "dar-es-salaam-tanzania", "name": "Dar Es Salaam, Tanzania", "country": "Tanzania", "iso": "TZ", "lon": 39.26967532258757, "lat": -6.823229228025631, "tbd": false}], "raw_status": "in service", "dash_status": "operating", "map_url": "https://www.submarinecablemap.com/submarine-cable/2africa"}}, {"type": "Feature", "geometry": {"type": "MultiLineString", "coordinates": [[[43.147992888246804, 11.59488132936423], [43.65004331383962, 11.955956037776811], [45.03353842750859, 12.800886250786704]]]}, "properties": {"source": "TeleGeography", "layer": "cables", "cable_id": "aden-djibouti", "name": "Aden-Djibouti", "sector": "ict", "rfs_year": 1994, "rfs": "1994", "is_planned": false, "length_km": 269.0, "owners": "Djibouti Telecom, Orange, Sparkle, Tata Communications, TeleYemen", "suppliers": "ASN", "url": "https://www.teleyemen.com.ye/", "notes": null, "countries": ["Djibouti", "Yemen"], "landing_total": 2, "landing_points": [{"id": "djibouti-city-djibouti", "name": "Djibouti City, Djibouti", "country": "Djibouti", "iso": "DJ", "lon": 43.14799288765091, "lat": 11.594678044710776, "tbd": false}], "raw_status": "in service", "dash_status": "operating", "map_url": "https://www.submarinecablemap.com/submarine-cable/aden-djibouti"}}, {"type": "Feature", "geometry": {"type": "MultiLineString", "coordinates": [[[54.00003598359576, 13.163718917913586], [55.350035024859835, 13.92930384327183], [58.95003247518379, 15.669513225155248], [60.97503104005986, 16.749771315644697], [65.70002769282792, 20.375041253465433], [66.26252729434792, 23.298598065875897], [67.02854675169264, 24.889731701235817]], [[45.45004203810783, 11.073982781226615], [45.235802189877134, 10.705441883254426], [45.01088234921274, 10.43511874899288]], [[44.550042675675684, 11.12918015324408], [43.65004331324372, 11.489461709300535], [43.1479936689003, 11.594869371447825]], [[39.6728961306921, -4.052924364763054], [42.30004427019158, -3.254657364797681], [45.225042198095515, -1.006358951224796], [47.70004044418784, 1.468426767331968], [50.85003821329572, 5.510071711803246], [53.55003630059162, 9.52441134501949], [54.67503550363163, 12.615395567393394], [54.00003598419185, 13.163718917913586], [52.650036937563755, 12.834868817846521], [48.60003980721571, 11.84577637362577], [45.45004203810783, 11.073982781226615], [44.550042675675684, 11.12918015324408], [43.50941841286372, 12.395734000022975], [43.25629359217961, 12.615395567393394], [43.17191865195175, 12.834868817846521], [42.89066885178765, 13.054150695298627], [42.30004427019158, 13.92930384327183], [41.79379462882354, 14.801154224791581], [40.500045545329826, 16.534196198259725], [39.487546262591565, 18.251816319028222], [38.137547218943524, 20.375041253465433], [37.35004777681549, 22.05298561667754], [36.11254865347155, 24.12261698700344], [35.100049370735476, 25.75470426341523], [34.59379972877172, 26.562513149236715], [33.91880020694761, 27.364667993860262], [33.38487558519097, 28.161052262220792], [33.08276564295245, 28.365936333863583], [32.76239392030568, 28.935360665915493], [32.26376314640125, 29.08168448369012], [31.693903039329573, 29.01833169208537], [31.051558993277148, 29.238654773352504], [30.305753552092842, 29.6569927221975], [29.894152676194512, 30.192289804044524], [29.67235321517045, 31.047641997876443]], [[32.28445136473581, 31.25927814644905], [32.118801482083676, 31.510798430049064], [31.275052079803668, 31.798087367585257], [27.900054470683475, 31.957307911004964], [25.200056383387572, 32.7177179367584], [22.050058614875596, 33.45605770170512], [19.35006052757951, 33.37780603565933], [16.65006244028343, 33.001218522654476], [14.400064034203421, 33.846256070003854], [12.150065628130324, 35.419780517080355], [11.925065787515376, 35.78566189952622], [11.700065946907337, 36.24065523321488], [11.36256618480339, 37.23235432155614], [10.348617229173378, 37.589786573603064], [9.000067859015536, 37.589786573603064], [7.425068975355357, 37.94551049545967], [6.750069453531427, 38.651811712711336], [5.737570170795351, 41.74435878948223], [5.372530429392986, 43.29362778902908]], [[56.33993432360578, 25.0514826710929], [56.92503390911573, 24.711631506331194], [58.50003279396771, 24.045587109255923], [59.850031837019856, 23.40188413185254], [60.97503104005986, 22.469443964829516], [60.97503104005986, 16.749771315644697]], [[35.696548947573824, 27.354010300438862], [35.10004937013957, 27.097918575215974], [34.59379972936762, 26.562513149236715]], [[33.08276564295245, 28.365936333863583], [32.7320868096055, 28.91576488954453], [32.27205088751434, 29.03186417191496], [31.69565233922443, 28.932934895626012], [31.027923586734694, 29.1588987021242], [30.25379870692613, 29.588964619793366], [29.80260641382583, 30.14927191491723], [29.67235321517045, 31.047641997876443]], [[7.425068975355357, 37.94551049545967], [5.625070250491423, 37.35168786972502], [5.055680653852241, 36.75152814511764]], [[42.95452380595619, 14.797809010241023], [42.75004395140765, 14.637942589496117], [41.79379462882354, 14.801154224791581]]]}, "properties": {"source": "TeleGeography", "layer": "cables", "cable_id": "africa-1", "name": "Africa-1", "sector": "ict", "rfs_year": 2027, "rfs": "2027", "is_planned": true, "length_km": 10000.0, "owners": "G42, Mobily, Pakistan Telecommunications Company Ltd., TeleYemen, Telecom Egypt, Zain Omantel International, e&", "suppliers": "ASN", "url": null, "notes": null, "countries": ["Algeria", "Djibouti", "Egypt", "France", "Kenya", "Pakistan", "Saudi Arabia", "Somalia", "United Arab Emirates", "Yemen"], "landing_total": 11, "landing_points": [{"id": "bejaia-algeria", "name": "Bejaia, Algeria", "country": "Algeria", "iso": "DZ", "lon": 5.05568370000011, "lat": 36.75152580000031, "tbd": false}, {"id": "djibouti-city-djibouti", "name": "Djibouti City, Djibouti", "country": "Djibouti", "iso": "DJ", "lon": 43.14799288765091, "lat": 11.594678044710776, "tbd": false}, {"id": "ras-ghareb-egypt", "name": "Ras Ghareb, Egypt", "country": "Egypt", "iso": "EG", "lon": 33.082788999999806, "lat": 28.36590799999975, "tbd": false}, {"id": "sidi-kerir-egypt", "name": "Sidi Kerir, Egypt", "country": "Egypt", "iso": "EG", "lon": 29.672355999999517, "lat": 31.047639999999845, "tbd": false}, {"id": "mombasa-kenya", "name": "Mombasa, Kenya", "country": "Kenya", "iso": "KE", "lon": 39.67280003701128, "lat": -4.053206761989876, "tbd": false}, {"id": "berbera-somalia", "name": "Berbera, Somalia", "country": "Somalia", "iso": "SO", "lon": 45.01088219296272, "lat": 10.43511582934602, "tbd": false}], "raw_status": "planned", "dash_status": "under_construction", "map_url": "https://www.submarinecablemap.com/submarine-cable/africa-1"}}, {"type": "Feature", "geometry": {"type": "MultiLineString", "coordinates": [[[-16.518014062543934, 28.059088061264806], [-16.199914287888834, 27.564309487941923], [-15.299914925456777, 26.964304734562898], [-17.0999136503208, 22.884654113882444], [-18.449912693968844, 19.95262290516439], [-18.449912693968844, 16.534196198259725], [-17.99991301275286, 15.23578178303578], [-17.445713405352947, 14.686594841994992], [-17.99991301275286, 13.92930384327183], [-17.99991301275286, 13.492128176464083], [-18.449912693968844, 11.735650161405832], [-17.0999136503208, 8.635699417327467], [-15.74991460667276, 7.744889052551447], [-14.849915244240792, 6.852191098754328], [-12.599916838160784, 4.613591578862773], [-10.799918113296759, 2.817450442654169], [-5.399921938704683, 2.817450442654169], [-4.387422655968697, 3.266814816815666], [-4.026242911831877, 5.323508791824841], [-3.824923054448695, 3.266814816815666], [-3.149923532624674, 2.817450442654169], [-0.674925285936628, 2.830478071896748], [1.575073120143199, 3.82823430332105], [2.25007264196731, 3.82823430332105]], [[2.475072482575348, 4.164912849976942], [5.400070410479286, 2.592701464601932], [6.300069772911254, 2.367912558705407], [7.200069135343221, 1.468426767331968], [7.200069135343221, 1.018534216615524], [6.733269466028674, 0.333286471885964]], [[-9.33155915349599, 38.690161972355526], [-9.899918750864702, 38.29952060596925]], [[-4.338542690595681, 47.81102015174913], [-5.849921619920758, 47.65407102366078], [-7.649920344784692, 46.890762878622326], [-10.799918113296759, 43.401144973153954], [-10.799918113296759, 39.6983233549332], [-10.349918432080775, 39.00237890905839], [-9.899918750864702, 38.29952060596925], [-11.249917794512742, 36.51238821239364], [-11.699917475728817, 35.419780517080355], [-13.274916359984806, 32.052708023486204], [-14.174915722416772, 29.73606949729215], [-14.737415323936775, 28.161052262220792], [-15.299914925456777, 26.964304734562898]], [[-15.978284444893506, 18.08386849170685], [-17.0999136503208, 18.251816319028222], [-18.449912693968844, 18.251816319028222]], [[-17.99991301275286, 13.492128176464083], [-17.0999136503208, 13.492128176464083], [-16.58136401766616, 13.456136894896968]], [[-15.74991460667276, 7.744889052551447], [-13.703826056141079, 9.51343460136282]], [[-13.238096386068461, 8.485442435793914], [-14.849915244240792, 6.852191098754328]], [[-10.797188115230739, 6.300378530564464], [-12.599916838160784, 4.613591578862773]], [[-0.204315619320974, 5.558285889905858], [-0.674925285936628, 3.279837005484997], [-0.674925285936628, 2.830478071896748]], [[2.440112507341202, 6.356673335458259], [1.800072960751236, 5.061986954416114], [1.800072960751236, 3.82823430332105]], [[3.423511810692114, 6.439066911484626], [2.475072482575348, 4.164912849976942], [2.25007264196731, 3.82823430332105]], [[7.200069135343221, 1.468426767331968], [9.000067860207336, 1.468426767331968], [9.768227316036105, 1.860150409321811]], [[7.200069135343221, 1.018534216615524], [8.550068178991262, 0.793562652607196], [9.454267538448212, 0.394465191855477]], [[18.449961165814393, -33.69332014378617], [17.55006180331148, -33.55534420877606], [16.20006275966344, -32.61276000573574], [14.850063716015397, -30.30995334464681], [11.700065947503239, -23.49392244589784], [10.350066903855378, -18.026426383713453], [10.350066903855378, -10.620064860363238], [9.000067860207336, -6.616650693475355], [8.550068178991262, -4.825692499217419], [6.987569285284264, 0.118588418888312], [6.733269466028674, 0.333286471885964]], [[-17.445713405352947, 14.686594841994992], [-17.54991333213278, 13.92930384327183], [-17.099913650916793, 12.175887185507976], [-16.64991396910482, 11.735650161405832], [-16.199914287888834, 11.680570534838436], [-15.791145687384237, 11.774131923775238]]]}, "properties": {"source": "TeleGeography", "layer": "cables", "cable_id": "africa-coast-to-europe-ace", "name": "Africa Coast to Europe (ACE)", "sector": "ict", "rfs_year": 2012, "rfs": "2012 December", "is_planned": false, "length_km": 17000.0, "owners": "Bayobab, Cable Consortium of Liberia, Canalink, Dolphin Telecom, GUILAB, Gambia Submarine Cable Company, International Mauritania Telecom, Orange, Orange Cameroun, Orange Cote d\u2019Ivoire, Orange Mali, Republic of Cameroon, Republic of Equatorial Guinea, Republic of Gabon, Republic of Guinea Bissau, SBIN (Soci\u00e9t\u00e9 B\u00e9ninoise des Infrastructures Num\u00e9riques du B\u00e9nin), STP Cabo, Sierra Leone Cable Company, Sonatel, Zamani Telecom", "suppliers": "ASN", "url": null, "notes": null, "countries": ["Benin", "C\u00f4te d'Ivoire", "Equatorial Guinea", "France", "Gabon", "Gambia", "Ghana", "Guinea", "Guinea-Bissau", "Liberia", "Mauritania", "Nigeria", "Portugal", "Sao Tome and Principe", "Senegal", "Sierra Leone", "South Africa", "Spain"], "landing_total": 18, "landing_points": [{"id": "cotonou-benin", "name": "Cotonou, Benin", "country": "Benin", "iso": "BJ", "lon": 2.43991625688431, "lat": 6.356578143137007, "tbd": false}, {"id": "abidjan-cte-divoire", "name": "Abidjan, C\u00f4te d'Ivoire", "country": "C\u00f4te d'Ivoire", "iso": "CI", "lon": -4.026241271803983, "lat": 5.323518612555771, "tbd": false}, {"id": "bata-equatorial-guinea", "name": "Bata, Equatorial Guinea", "country": "Equatorial Guinea", "iso": "GQ", "lon": 9.768231377937187, "lat": 1.860069534049234, "tbd": false}, {"id": "libreville-gabon", "name": "Libreville, Gabon", "country": "Gabon", "iso": "GA", "lon": 9.454364412783434, "lat": 0.394268790397072, "tbd": false}, {"id": "banjul-gambia", "name": "Banjul, Gambia", "country": "Gambia", "iso": "GM", "lon": -16.58135933076553, "lat": 13.455945272538813, "tbd": false}, {"id": "accra-ghana", "name": "Accra, Ghana", "country": "Ghana", "iso": "GH", "lon": -0.201097497196668, "lat": 5.558283401661053, "tbd": false}, {"id": "conakry-guinea", "name": "Conakry, Guinea", "country": "Guinea", "iso": "GN", "lon": -13.70382230673977, "lat": 9.513624453698883, "tbd": false}, {"id": "suro-guinea-bissau", "name": "Suro, Guinea-Bissau", "country": "Guinea-Bissau", "iso": "GW", "lon": -15.791145687980318, "lat": 11.774131923775238, "tbd": false}, {"id": "monrovia-liberia", "name": "Monrovia, Liberia", "country": "Liberia", "iso": "LR", "lon": -10.79718374082979, "lat": 6.300076440551201, "tbd": false}, {"id": "nouakchott-mauritania", "name": "Nouakchott, Mauritania", "country": "Mauritania", "iso": "MR", "lon": -15.978283586115094, "lat": 18.083870571147802, "tbd": false}, {"id": "lagos-nigeria", "name": "Lagos, Nigeria", "country": "Nigeria", "iso": "NG", "lon": 3.423216341555379, "lat": 6.438874849613729, "tbd": false}, {"id": "sao-tome-sao-tome-and-principe", "name": "Sao Tome, Sao Tome and Principe", "country": "Sao Tome and Principe", "iso": "ST", "lon": 6.733297177107941, "lat": 0.333291349734918, "tbd": false}, {"id": "dakar-senegal", "name": "Dakar, Senegal", "country": "Senegal", "iso": "SN", "lon": -17.451915354680473, "lat": 14.686597713745336, "tbd": false}, {"id": "freetown-sierra-leone", "name": "Freetown, Sierra Leone", "country": "Sierra Leone", "iso": "SL", "lon": -13.238099980411818, "lat": 8.485330684414931, "tbd": false}, {"id": "duynefontein-south-africa", "name": "Duynefontein, South Africa", "country": "South Africa", "iso": "ZA", "lon": 18.449914853508062, "lat": -33.69332250414625, "tbd": false}], "raw_status": "in service", "dash_status": "operating", "map_url": "https://www.submarinecablemap.com/submarine-cable/africa-coast-to-europe-ace"}}, {"type": "Feature", "geometry": {"type": "MultiLineString", "coordinates": [[[29.8935130590948, 31.191465077638455], [30.150052877359567, 31.670513047087127], [35.55004905195155, 34.775476075756664], [35.89779880560243, 34.89170328553848]]]}, "properties": {"source": "TeleGeography", "layer": "cables", "cable_id": "aletar", "name": "Aletar", "sector": "ict", "rfs_year": 1997, "rfs": "1997 April", "is_planned": false, "length_km": 787.0, "owners": "Liban Telecom, Syrian Telecommunications Establishment, Telecom Egypt", "suppliers": "ASN", "url": null, "notes": null, "countries": ["Egypt", "Syria"], "landing_total": 2, "landing_points": [{"id": "alexandria-egypt", "name": "Alexandria, Egypt", "country": "Egypt", "iso": "EG", "lon": 29.889799154879793, "lat": 31.191886381300385, "tbd": false}], "raw_status": "in service", "dash_status": "operating", "map_url": "https://www.submarinecablemap.com/submarine-cable/aletar"}}, {"type": "Feature", "geometry": {"type": "MultiLineString", "coordinates": [[[67.02854675228855, 24.889731701235817], [65.25002801161183, 24.1568376182792], [61.20003088126379, 22.469443964829516]], [[39.18275647850768, 21.481533475502996], [37.57504761742352, 22.05298561667754]], [[43.14799366949638, 11.594869371447825], [43.65004331383962, 11.735552251813294], [44.55004267627159, 11.790718790556442]], [[5.372530429989069, 43.29362778902908], [6.300069772911254, 41.74435878948223], [7.875068657167333, 38.651811712711336], [8.212568418079297, 38.38775473578444], [9.000067859611436, 38.122730108392204], [10.348617229769278, 38.122730108392204], [10.91256650537538, 37.76786242517874], [12.037565707223584, 37.23235432155614], [12.037565708415386, 36.24065523321488], [12.37506546932735, 35.78566189952622], [12.825065150547426, 35.419780517080355], [14.400064034799321, 34.405022750715936], [16.65006244087933, 33.75276987113061], [19.350060528175415, 34.12610104005753], [22.050058614875596, 34.017381950753595], [25.200056383983473, 33.28381101905092], [27.900054471279375, 32.33831157801293], [29.70093319552029, 31.072270031660306], [29.98130299690349, 30.708139993541643], [30.375052717967602, 30.49026324996359], [31.050052239791533, 30.126049846722832], [31.72505176161546, 29.88249116219725], [32.17505144283154, 29.49129689877981], [32.65318110412008, 29.113614162980063], [33.39891307584246, 28.161052262220792], [33.97505016769547, 27.364667993860262], [34.76254960982351, 26.562513149236715], [35.32504921134351, 25.75470426341523], [36.33754849407959, 24.12261698700344], [37.57504761742352, 22.05298561667754], [38.36254705955156, 20.375041253465433], [39.7125461031996, 18.251816319028222], [40.72504538593768, 16.534196198259725], [41.90629454912765, 14.801154224791581], [42.4125441904955, 13.92930384327183], [42.94691881193962, 13.054150695298627], [43.1859811425856, 12.834868817846521], [43.270356082813635, 12.615395567393394], [43.56566837361158, 12.395734000022975], [44.55004267627159, 11.790718790556442], [45.450042038703735, 11.84577637362577], [48.60003980781179, 12.615395567393394], [55.35003502545574, 14.5835116451186], [58.95003247518379, 16.10232559580297], [61.20003088126379, 17.395022634700517], [66.60002705585578, 18.465364393137126], [71.77502338983992, 16.965102599435927], [71.94513526640998, 13.492128176464083], [73.29513431005802, 9.52441134501949], [75.49024475210024, 6.852191098754328], [78.69513048465001, 4.164912849976942], [79.65001781052403, 3.641132700076536], [81.00001685476798, 3.266814816815666], [85.500013666928, 3.715978119298069], [90.00001047908802, 4.613591578862773], [92.70000856638391, 5.061986954416114], [94.27500745064, 6.05726941024067], [95.38036761595671, 6.386923570693734], [95.38114147367385, 6.387150045560412], [95.3819171164044, 6.387368581851069], [95.38269448296793, 6.387579177173141], [95.38347351218404, 6.387781829134064], [95.38425414287228, 6.387976535341275], [95.38503631385225, 6.388163293402209], [95.3858199639435, 6.388342100924303], [95.38660503196563, 6.388512955514994], [95.38739145673821, 6.388675854781716], [95.3881791770808, 6.388830796331908], [95.388968131813, 6.388977777773004], [95.38975825975437, 6.38911679671244], [95.3905494997245, 6.389247850757656], [95.39134179054295, 6.389370937516083], [95.3921350710293, 6.389486054595161], [95.39292928000313, 6.389593199602325], [95.39372435628403, 6.389692370145011], [95.39452023869154, 6.389783563830655], [95.39531686604526, 6.389866778266694], [95.39611417716478, 6.389942011060564], [95.39691211086965, 6.390009259819701], [95.39771060597947, 6.390068522151541], [95.39850960131379, 6.390119795663521], [95.3993090356922, 6.390163077963077], [95.40010884793428, 6.390198366657645], [95.4009089768596, 6.390225659354662], [95.40170936128773, 6.390244953661562], [95.40250994003826, 6.390256247185783], [95.40331065193077, 6.390259537534762], [95.40411143578481, 6.390254822315933], [95.40491223041998, 6.390242099136734], [95.40571297465584, 6.3902213656046], [95.40651360731198, 6.390192619326969], [95.40731406720798, 6.390155857911275], [95.4081142931634, 6.390111078964956], [95.40891422399781, 6.390058280095448], [95.40971379853082, 6.389997458910186], [95.41051295558196, 6.389928613016608], [95.41131163397085, 6.389851740022148], [95.41210977251704, 6.389766837534244], [95.41290731004013, 6.389673903160332], [95.41370418535966, 6.389572934507847], [95.41450033729524, 6.389463929184227], [95.41529570466642, 6.389346884796907], [95.4160902262928, 6.389221798953324], [95.41688384099393, 6.389088669260913], [95.41767648758942, 6.388947493327112], [95.4184681048988, 6.388798268759357], [95.42004800693766, 6.388475664151725], [95.42004800693766, 6.388475664151725], [97.42500521915215, 5.957818681088533], [99.67500362523216, 5.733989114150127], [100.40982310408316, 5.368393581488473]], [[72.87590260996693, 19.07607425728523], [71.77502338983992, 16.965102599435927]], [[61.20003088126379, 17.395022634700517], [61.20003088126379, 22.469443964829516], [59.85003183761575, 23.50508968095737], [59.04197976437238, 23.912037834470418], [58.50003279396771, 24.199600518565422], [56.92503390971164, 24.788256058863375], [56.33372432860119, 25.121690004958644], [56.92503390971164, 25.348717422116714], [56.98128386986378, 26.1593079707739], [56.812533989407704, 26.562513149236715], [56.2500343878877, 26.663094151095223], [55.80003470667163, 26.31067461914043], [55.35003502545574, 26.1593079707739], [53.55003630059162, 26.1593079707739], [52.20003725694376, 25.957179978764344], [51.519277739200085, 25.294608758024626]], [[58.60608271884114, 23.576084864537346], [58.95003247518379, 23.60821444135838], [59.85003183761575, 23.50508968095737]], [[97.42500521915215, 5.957818681088533], [99.00000410340806, 6.069699469736006], [100.06611334816643, 6.613518860854109], [100.23765322664612, 6.908035999527216], [100.5951029728293, 7.198818071264419], [101.70000219070414, 7.24296510649207], [103.04883123518101, 7.340023741610628], [105.29999964043219, 7.29876275445952], [107.99999772772827, 8.07917551824101], [110.24999613380828, 9.967915186974132], [111.59999517745614, 12.615395567393394], [113.6249937429283, 18.251816319028222], [113.73749366323221, 20.796306105108872], [114.26024329291157, 22.20803425139447]], [[103.50674091079348, 10.63040170321047], [103.72500075617612, 9.52441134501949], [103.72500075617612, 8.190543417795496], [103.04883123518101, 7.340023741610628]], [[22.57920153405357, 33.894592669629816], [22.950057977903466, 35.419780517080355], [23.42456935990921, 35.78566189952622], [23.737557420031504, 35.78566189952622], [24.012167225495322, 35.512042558637575]], [[45.033542333756095, 12.800877546853616], [45.450042038703735, 11.84577637362577]], [[19.350060528175415, 34.12610104005753], [19.350060528175415, 37.67887792909206], [18.957770806077196, 39.48474996079946], [18.787560926655413, 40.04369219283004], [18.675061006351484, 40.38732029077508], [18.00006148452737, 40.89949091487166], [16.868812285914967, 41.12570905852263]], [[100.06611334816643, 6.613518860854109], [100.3500531470208, 6.908035999527216], [100.5951029728293, 7.198818071264419]], [[94.39121736831608, 16.85803225570866], [93.60000792881607, 16.749771315644697], [92.25000888516803, 14.801154224791581], [90.90000984151999, 9.52441134501949], [90.4500101603039, 6.181561339870244], [90.00001047908802, 4.613591578862773]], [[107.07919838003114, 10.342138429683002], [107.77499788712005, 9.85709470870232], [108.6749972495522, 9.746236973759974], [110.24999613380828, 9.967915186974132]], [[29.70093319552029, 31.072270031660306], [29.98130299690349, 30.75649044225256], [30.375052717967602, 30.587157843202064], [31.050052239791533, 30.223305674181642], [31.72505176161546, 29.979986367503503], [32.17505144283154, 29.49129689877981], [32.65318110412008, 29.113614162980063]]]}, "properties": {"source": "TeleGeography", "layer": "cables", "cable_id": "asia-africa-europe-1-aae-1", "name": "Asia Africa Europe-1 (AAE-1)", "sector": "ict", "rfs_year": 2017, "rfs": "2017 June", "is_planned": false, "length_km": 25000.0, "owners": "China Unicom, Djibouti Telecom, Hyalroute, Metfone, Mobily, National Telecom, OTEGLOBE, Ooredoo, PCCW, Pakistan Telecommunications Company Ltd., Reliance Jio Infocomm, Retelit, TIME dotCom, TeleYemen, Telecom Egypt, VNPT International, Viettel Corporation, Zain Omantel International, e&", "suppliers": "NEC, SubCom", "url": "http://www.aaeone.com", "notes": null, "countries": ["Cambodia", "China", "Djibouti", "Egypt", "France", "Greece", "India", "Italy", "Malaysia", "Myanmar", "Oman", "Pakistan", "Qatar", "Saudi Arabia", "Thailand", "United Arab Emirates", "Vietnam", "Yemen"], "landing_total": 20, "landing_points": [{"id": "djibouti-city-djibouti", "name": "Djibouti City, Djibouti", "country": "Djibouti", "iso": "DJ", "lon": 43.14799288765091, "lat": 11.594678044710776, "tbd": false}, {"id": "abu-talat-egypt", "name": "Abu Talat, Egypt", "country": "Egypt", "iso": "EG", "lon": 29.702494600068096, "lat": 31.071848731738037, "tbd": false}, {"id": "zafarana-egypt", "name": "Zafarana, Egypt", "country": "Egypt", "iso": "EG", "lon": 32.649855793379736, "lat": 29.116686929125173, "tbd": false}], "raw_status": "in service", "dash_status": "operating", "map_url": "https://www.submarinecablemap.com/submarine-cable/asia-africa-europe-1-aae-1"}}, {"type": "Feature", "geometry": {"type": "MultiLineString", "coordinates": [[[-6.035761488270031, 35.470615921385686], [-5.849921619920758, 35.78566189952622], [-5.624921779312721, 35.83127933955618], [-4.499922576272716, 36.1498667868178], [-2.249924170192707, 36.24065523321488], [2.25007264196731, 38.122730108392204], [4.050071366831244, 39.00237890905839], [5.062570648971421, 40.04369219283004], [5.17507056987125, 41.74435878948223], [5.372530429989069, 43.29362778902908]]]}, "properties": {"source": "TeleGeography", "layer": "cables", "cable_id": "atlas-offshore", "name": "Atlas Offshore", "sector": "ict", "rfs_year": 2007, "rfs": "2007 July", "is_planned": false, "length_km": 1634.0, "owners": "Maroc Telecom", "suppliers": "ASN", "url": "https://www.iam.ma", "notes": null, "countries": ["France", "Morocco"], "landing_total": 2, "landing_points": [{"id": "asilah-morocco", "name": "Asilah, Morocco", "country": "Morocco", "iso": "MA", "lon": -6.03576133261609, "lat": 35.47077689497444, "tbd": false}], "raw_status": "in service", "dash_status": "operating", "map_url": "https://www.submarinecablemap.com/submarine-cable/atlas-offshore"}}, {"type": "Feature", "geometry": {"type": "MultiLineString", "coordinates": [[[43.489203584029966, -11.923115980293565], [43.489203584029966, -12.045379517998398], [43.31254355292765, -12.053986862571566], [43.20004363262354, -11.943944931746815], [43.24330532072668, -11.700586528216206]], [[44.40004278253289, -12.1662747986749], [44.40004278253289, -11.921730511641545], [44.65004260543071, -11.921730511641545], [45.233294145374835, -12.539377089217226], [45.233294145374835, -12.783297381732545]]]}, "properties": {"source": "TeleGeography", "layer": "cables", "cable_id": "avassa", "name": "Avassa", "sector": "ict", "rfs_year": 2016, "rfs": "2016 November", "is_planned": false, "length_km": 260.0, "owners": "Comores Telecom, STOI", "suppliers": "HMN Tech", "url": null, "notes": null, "countries": ["Comoros", "Mayotte"], "landing_total": 4, "landing_points": [{"id": "chindini-comoros", "name": "Chindini, Comoros", "country": "Comoros", "iso": "KM", "lon": 43.48910592725337, "lat": -11.923498177297583, "tbd": false}, {"id": "moroni-comoros", "name": "Moroni, Comoros", "country": "Comoros", "iso": "KM", "lon": 43.24340297631166, "lat": -11.700694108521688, "tbd": false}, {"id": "mutsamudu-comoros", "name": "Mutsamudu, Comoros", "country": "Comoros", "iso": "KM", "lon": 44.400042781936996, "lat": -12.16665664973713, "tbd": false}, {"id": "mamoudzou-mayotte", "name": "Mamoudzou, Mayotte", "country": "Mayotte", "iso": "YT", "lon": 45.23329414477784, "lat": -12.78330928619106, "tbd": false}], "raw_status": "in service", "dash_status": "operating", "map_url": "https://www.submarinecablemap.com/submarine-cable/avassa"}}, {"type": "Feature", "geometry": {"type": "MultiLineString", "coordinates": [[[-25.060796682631576, 16.823445181003198], [-24.974908071600833, 16.642014062854003], [-24.63740831068887, 16.534196198259725], [-24.357135071737105, 16.56583652167652], [-24.187408629472884, 16.426318069774343], [-23.399909187344846, 16.534196198259725], [-22.935309907096357, 16.67709796429937], [-22.94990950612886, 16.426318069774343], [-22.91905015298992, 16.174753793884737], [-23.1749093467369, 15.994209911785974], [-23.34365922719288, 15.669513225155248], [-23.399909187344846, 15.23578178303578], [-23.399909187344846, 15.018578573757472], [-23.521209101414858, 14.923035560171673]]]}, "properties": {"source": "TeleGeography", "layer": "cables", "cable_id": "cabo-verde-telecom-domestic-submarine-cable-phase-1", "name": "Cabo Verde Telecom Domestic Submarine Cable Phase 1", "sector": "ict", "rfs_year": 1997, "rfs": "1997", "is_planned": false, "length_km": null, "owners": "Cabo Verde Telecom (CVT)", "suppliers": null, "url": "https://www.cvtelecom.cv", "notes": null, "countries": ["Cape Verde"], "landing_total": 5, "landing_points": [{"id": "murdeira-cape-verde", "name": "Murdeira, Cape Verde", "country": "Cape Verde", "iso": "CV", "lon": -22.93530990769235, "lat": 16.6771096578609, "tbd": false}, {"id": "praia-cape-verde", "name": "Praia, Cape Verde", "country": "Cape Verde", "iso": "CV", "lon": -23.521246992608987, "lat": 14.923010648471926, "tbd": false}, {"id": "sal-rei-cape-verde", "name": "Sal Rei, Cape Verde", "country": "Cape Verde", "iso": "CV", "lon": -22.919037946563574, "lat": 16.177172019271524, "tbd": false}, {"id": "sao-pedro-cape-verde", "name": "Sao Pedro, Cape Verde", "country": "Cape Verde", "iso": "CV", "lon": -25.060808890249906, "lat": 16.823421811849204, "tbd": false}, {"id": "tarrafal-de-so-nicolau-cape-verde", "name": "Tarrafal de S\u00e3o Nicolau, Cape Verde", "country": "Cape Verde", "iso": "CV", "lon": -24.35715948637768, "lat": 16.565883323041565, "tbd": false}], "raw_status": "in service", "dash_status": "operating", "map_url": "https://www.submarinecablemap.com/submarine-cable/cabo-verde-telecom-domestic-submarine-cable-phase-1"}}, {"type": "Feature", "geometry": {"type": "MultiLineString", "coordinates": [[[-25.05940801174037, 17.019177136056], [-25.031158031752888, 16.911292789233343], [-25.060796682631576, 16.823445181003198], [-25.07740799898894, 16.724585511421417], [-25.07740799898894, 16.61681385037869], [-23.962408788864845, 15.452760959322058], [-23.751080813571605, 15.276859352491847]]]}, "properties": {"source": "TeleGeography", "layer": "cables", "cable_id": "cabo-verde-telecom-domestic-submarine-cable-phase-2", "name": "Cabo Verde Telecom Domestic Submarine Cable Phase 2", "sector": "ict", "rfs_year": 2002, "rfs": "2002", "is_planned": false, "length_km": null, "owners": "Cabo Verde Telecom (CVT)", "suppliers": null, "url": "https://www.cvtelecom.cv", "notes": null, "countries": ["Cape Verde"], "landing_total": 3, "landing_points": [{"id": "porto-novo-cape-verde", "name": "Porto Novo, Cape Verde", "country": "Cape Verde", "iso": "CV", "lon": -25.059441703718424, "lat": 17.019200480931225, "tbd": false}, {"id": "sao-pedro-cape-verde", "name": "Sao Pedro, Cape Verde", "country": "Cape Verde", "iso": "CV", "lon": -25.060808890249906, "lat": 16.823421811849204, "tbd": false}, {"id": "tarrafal-de-santiago-cape-verde", "name": "Tarrafal de Santiago, Cape Verde", "country": "Cape Verde", "iso": "CV", "lon": -23.75106860714526, "lat": 15.276847576817358, "tbd": false}], "raw_status": "in service", "dash_status": "operating", "map_url": "https://www.submarinecablemap.com/submarine-cable/cabo-verde-telecom-domestic-submarine-cable-phase-2"}}, {"type": "Feature", "geometry": {"type": "MultiLineString", "coordinates": [[[-22.91905015298992, 16.174753793884737], [-23.06240942643288, 15.994209911785974], [-23.231109306924335, 15.669513225155248], [-23.287409267040825, 15.23578178303578], [-23.209772603289398, 15.129919208617387], [-23.287409267040825, 15.018578573757472], [-23.521209101414858, 14.923035560171673], [-23.512409107648864, 14.801154224791581], [-23.62490902795288, 14.692360031374392], [-23.849908868560828, 14.5835116451186], [-24.2999085497769, 14.692360031374392], [-24.41240847008083, 14.746763925028056], [-24.500933797993653, 14.897153768217688], [-24.581158350536903, 14.855530885060197], [-24.695416082095644, 14.872992709661734], [-24.63740831068887, 15.018578573757472], [-24.524908390384848, 15.127208002058548], [-24.2999085497769, 15.23578178303578], [-24.074908709168866, 15.344299555517528], [-23.751080813571605, 15.276859352491847], [-24.074908709168866, 15.452760959322058], [-25.189907919292956, 16.61681385037869], [-25.189907919292956, 16.724585511421417], [-25.060796682631576, 16.823445181003198], [-25.08740799190485, 16.911292789233343], [-25.05940801174037, 17.019177136056]]]}, "properties": {"source": "TeleGeography", "layer": "cables", "cable_id": "cabo-verde-telecom-domestic-submarine-cable-phase-3", "name": "Cabo Verde Telecom Domestic Submarine Cable Phase 3", "sector": "ict", "rfs_year": 2011, "rfs": "2011", "is_planned": false, "length_km": null, "owners": "Cabo Verde Telecom (CVT)", "suppliers": null, "url": "https://www.cvtelecom.cv", "notes": null, "countries": ["Cape Verde"], "landing_total": 8, "landing_points": [{"id": "nova-sintra-cape-verde", "name": "Nova Sintra, Cape Verde", "country": "Cape Verde", "iso": "CV", "lon": -24.695403875669296, "lat": 14.872992709660643, "tbd": false}, {"id": "porto-novo-cape-verde", "name": "Porto Novo, Cape Verde", "country": "Cape Verde", "iso": "CV", "lon": -25.059441703718424, "lat": 17.019200480931225, "tbd": false}, {"id": "praia-cape-verde", "name": "Praia, Cape Verde", "country": "Cape Verde", "iso": "CV", "lon": -23.521246992608987, "lat": 14.923010648471926, "tbd": false}, {"id": "sal-rei-cape-verde", "name": "Sal Rei, Cape Verde", "country": "Cape Verde", "iso": "CV", "lon": -22.919037946563574, "lat": 16.177172019271524, "tbd": false}, {"id": "sao-filipe-cape-verde", "name": "Sao Filipe, Cape Verde", "country": "Cape Verde", "iso": "CV", "lon": -24.5009215915674, "lat": 14.897141971487132, "tbd": false}, {"id": "sao-pedro-cape-verde", "name": "Sao Pedro, Cape Verde", "country": "Cape Verde", "iso": "CV", "lon": -25.060808890249906, "lat": 16.823421811849204, "tbd": false}, {"id": "tarrafal-de-santiago-cape-verde", "name": "Tarrafal de Santiago, Cape Verde", "country": "Cape Verde", "iso": "CV", "lon": -23.75106860714526, "lat": 15.276847576817358, "tbd": false}, {"id": "vila-do-maio-cape-verde", "name": "Vila do Maio, Cape Verde", "country": "Cape Verde", "iso": "CV", "lon": -23.209784810907728, "lat": 15.138355405768996, "tbd": false}], "raw_status": "in service", "dash_status": "operating", "map_url": "https://www.submarinecablemap.com/submarine-cable/cabo-verde-telecom-domestic-submarine-cable-phase-3"}}, {"type": "Feature", "geometry": {"type": "MultiLineString", "coordinates": [[[-6.363011256443268, 36.626272849358266], [-7.199920663568708, 36.51238821239364], [-8.999919388432733, 35.419780517080355], [-11.024917953904795, 33.93964008831966], [-14.624915403632755, 29.73606949729215], [-15.074915084848831, 28.95155473219332], [-15.412414845760795, 28.55704546571133], [-15.524914766064814, 28.359233526108557], [-16.03116440743276, 28.292958703176758], [-16.518014062543934, 28.059088061264806]], [[-15.412414845760795, 28.55704546571133], [-15.299914925456777, 28.458185766004554], [-15.243664965304813, 28.161052262220792], [-15.299914925456777, 28.06182365971013], [-15.39874485544474, 27.959394261046018]], [[-16.518014062543934, 28.059088061264806], [-16.42491412849678, 27.962503359972466], [-16.537414048800798, 27.86309157699361], [-16.762413889408837, 27.86309157699361], [-16.981213734409, 28.159242763304327], [-17.0999136503208, 28.359233526108557], [-17.36480346267046, 28.66327103532559], [-17.58982330326418, 28.712616152639622], [-17.765193179030568, 28.66327103532559]], [[-15.412414845760795, 28.55704546571133], [-15.74991460667276, 28.50762719638052], [-16.03116440743276, 28.34246846660667], [-16.412564137245653, 28.310585553629316]], [[-15.524914766064814, 28.359233526108557], [-15.487704792424687, 28.1343621820334]], [[-7.199920663568708, 36.51238821239364], [-6.299921301136742, 35.602930322906126], [-6.035761488270031, 35.470615921385686]], [[-16.412574137834532, 28.310603161410516], [-16.03116440743276, 28.391963961389006], [-15.74991460667276, 28.55704546571133], [-14.962415164544812, 28.95155473219332], [-13.724916040604796, 29.73606949729215], [-10.124918591472738, 33.93964008831966], [-8.324919866608713, 35.419780517080355], [-6.749920982352725, 36.1498667868178], [-6.087131451879048, 36.27672346192373]]]}, "properties": {"source": "TeleGeography", "layer": "cables", "cable_id": "canalink", "name": "Canalink", "sector": "ict", "rfs_year": 2011, "rfs": "2011", "is_planned": false, "length_km": 1835.0, "owners": "Canalink", "suppliers": "ASN", "url": "http://www.canalink.tel/", "notes": null, "countries": ["Morocco", "Spain"], "landing_total": 8, "landing_points": [{"id": "asilah-morocco", "name": "Asilah, Morocco", "country": "Morocco", "iso": "MA", "lon": -6.03576133261609, "lat": 35.47077689497444, "tbd": false}], "raw_status": "in service", "dash_status": "operating", "map_url": "https://www.submarinecablemap.com/submarine-cable/canalink"}}, {"type": "Feature", "geometry": {"type": "MultiLineString", "coordinates": [[[9.768227316036105, 1.860150409321811], [9.42506755913363, 2.96715934263804], [9.052797822853012, 3.859513756649545], [8.782298014477735, 3.859513756649545], [8.782298014477735, 3.750863902152215]]]}, "properties": {"source": "TeleGeography", "layer": "cables", "cable_id": "ceiba-1", "name": "Ceiba-1", "sector": "ict", "rfs_year": 2011, "rfs": "2011 June", "is_planned": false, "length_km": 287.0, "owners": "GITGE (Gestor de Infraestructuras de Telecomunicaciones de Guinea Ecuatorial)", "suppliers": null, "url": "http://www.gitge.com", "notes": null, "countries": ["Equatorial Guinea"], "landing_total": 2, "landing_points": [{"id": "bata-equatorial-guinea", "name": "Bata, Equatorial Guinea", "country": "Equatorial Guinea", "iso": "GQ", "lon": 9.768231377937187, "lat": 1.860069534049234, "tbd": false}, {"id": "malabo-equatorial-guinea", "name": "Malabo, Equatorial Guinea", "country": "Equatorial Guinea", "iso": "GQ", "lon": 8.783368794372972, "lat": 3.749792920040749, "tbd": false}], "raw_status": "in service", "dash_status": "operating", "map_url": "https://www.submarinecablemap.com/submarine-cable/ceiba-1"}}, {"type": "Feature", "geometry": {"type": "MultiLineString", "coordinates": [[[9.768227316036105, 1.860150409321811], [9.250947682481774, 3.002760948286253], [9.052797822853012, 3.809525949617104], [8.832297979057298, 3.809525949617104], [8.782298014477735, 3.750863902152215]], [[9.250947682481774, 3.002760948286253], [9.91022721544214, 2.933124533518602]]]}, "properties": {"source": "TeleGeography", "layer": "cables", "cable_id": "ceiba-2", "name": "Ceiba-2", "sector": "ict", "rfs_year": 2017, "rfs": "2017", "is_planned": false, "length_km": 290.0, "owners": "GITGE (Gestor de Infraestructuras de Telecomunicaciones de Guinea Ecuatorial)", "suppliers": "HMN Tech", "url": "http://www.gitge.com", "notes": null, "countries": ["Cameroon", "Equatorial Guinea"], "landing_total": 3, "landing_points": [{"id": "kribi-cameroon", "name": "Kribi, Cameroon", "country": "Cameroon", "iso": "CM", "lon": 9.910418777210333, "lat": 2.932917598068574, "tbd": false}, {"id": "bata-equatorial-guinea", "name": "Bata, Equatorial Guinea", "country": "Equatorial Guinea", "iso": "GQ", "lon": 9.768231377937187, "lat": 1.860069534049234, "tbd": false}, {"id": "malabo-equatorial-guinea", "name": "Malabo, Equatorial Guinea", "country": "Equatorial Guinea", "iso": "GQ", "lon": 8.783368794372972, "lat": 3.749792920040749, "tbd": false}], "raw_status": "in service", "dash_status": "operating", "map_url": "https://www.submarinecablemap.com/submarine-cable/ceiba-2"}}, {"type": "Feature", "geometry": {"type": "MultiLineString", "coordinates": [[[43.489203427780126, -11.92311506302003], [44.02904304535267, -11.808811027678104], [44.40004278253289, -12.166271132902045], [44.02904304535267, -12.01979553436257], [43.73969325033078, -12.287868671415305], [43.547493386487076, -12.045379517998398], [43.489203427780126, -11.92311506302003]]]}, "properties": {"source": "TeleGeography", "layer": "cables", "cable_id": "comoros-domestic-cable-system", "name": "Comoros Domestic Cable System", "sector": "ict", "rfs_year": 2010, "rfs": "2010", "is_planned": false, "length_km": null, "owners": "Comores Telecom", "suppliers": "ASN", "url": null, "notes": null, "countries": ["Comoros"], "landing_total": 3, "landing_points": [{"id": "chindini-comoros", "name": "Chindini, Comoros", "country": "Comoros", "iso": "KM", "lon": 43.48910592725337, "lat": -11.923498177297583, "tbd": false}, {"id": "fomboni-moheli-comoros", "name": "Fomboni Moheli, Comoros", "country": "Comoros", "iso": "KM", "lon": 43.73959403105522, "lat": -12.288236282174532, "tbd": false}, {"id": "mutsamudu-comoros", "name": "Mutsamudu, Comoros", "country": "Comoros", "iso": "KM", "lon": 44.400042781936996, "lat": -12.16665664973713, "tbd": false}], "raw_status": "in service", "dash_status": "operating", "map_url": "https://www.submarinecablemap.com/submarine-cable/comoros-domestic-cable-system"}}, {"type": "Feature", "geometry": {"type": "MultiLineString", "coordinates": [[[34.89689859999966, 29.49247829999958], [35.005095000000225, 29.581029499999897]]]}, "properties": {"source": "TeleGeography", "layer": "cables", "cable_id": "coral-bridge", "name": "Coral Bridge", "sector": "ict", "rfs_year": 2025, "rfs": "2025 August", "is_planned": false, "length_km": null, "owners": "NaiTel, Telecom Egypt", "suppliers": null, "url": null, "notes": null, "countries": ["Egypt", "Jordan"], "landing_total": 2, "landing_points": [{"id": "taba-egypt", "name": "Taba, Egypt", "country": "Egypt", "iso": "EG", "lon": 34.89487373423804, "lat": 29.492578054639665, "tbd": false}], "raw_status": "in service", "dash_status": "operating", "map_url": "https://www.submarinecablemap.com/submarine-cable/coral-bridge"}}, {"type": "Feature", "geometry": {"type": "MultiLineString", "coordinates": [[[39.700146111983855, -4.050300939496507], [42.22020300218812, -3.01236914670285], [44.91427872330646, -0.786868249870226], [46.8367502330365, 1.665004650489933], [53.260583380047024, 9.719551502406592], [54.52122701824514, 12.571397298876226], [53.646667929443154, 13.296749576590368], [54.05940130585188, 16.535252410268676], [54.14808587692784, 17.09582718672565]]]}, "properties": {"source": "TeleGeography", "layer": "cables", "cable_id": "daraja", "name": "Daraja", "sector": "ict", "rfs_year": 2026, "rfs": "2026", "is_planned": true, "length_km": 4108.0, "owners": "Meta", "suppliers": "ASN", "url": null, "notes": null, "countries": ["Kenya", "Oman"], "landing_total": 2, "landing_points": [{"id": "nyali-kenya", "name": "Nyali, Kenya", "country": "Kenya", "iso": "KE", "lon": 39.70004611145872, "lat": -4.050503576490907, "tbd": false}], "raw_status": "planned", "dash_status": "under_construction", "map_url": "https://www.submarinecablemap.com/submarine-cable/daraja"}}, {"type": "Feature", "geometry": {"type": "MultiLineString", "coordinates": [[[11.090886379052035, 36.84993699396254], [11.4273661406866, 36.93929548035904], [12.173015612461494, 37.45757668483838], [12.591375316091606, 37.65058617278613]]]}, "properties": {"source": "TeleGeography", "layer": "cables", "cable_id": "didon", "name": "Didon", "sector": "ict", "rfs_year": 2014, "rfs": "2014 May", "is_planned": false, "length_km": 170.0, "owners": "Ooredoo Tunisie, Orange Tunisie", "suppliers": "ASN", "url": null, "notes": null, "countries": ["Italy", "Tunisia"], "landing_total": 2, "landing_points": [{"id": "kelibia-tunisia", "name": "Kelibia, Tunisia", "country": "Tunisia", "iso": "TN", "lon": 11.089910129147581, "lat": 36.8493105782478, "tbd": false}], "raw_status": "in service", "dash_status": "operating", "map_url": "https://www.submarinecablemap.com/submarine-cable/didon"}}, {"type": "Feature", "geometry": {"type": "MultiLineString", "coordinates": [[[39.700143767639595, -4.050296575426323], [39.999997070845666, -5.506103863356715], [41.17504506655567, -9.326623361059807], [42.07504442898764, -14.80743804437604], [42.07504442898764, -20.51958710633204], [40.971261031231286, -23.12506902069823], [35.223462368650665, -26.361156827463727], [33.30005064527564, -28.51533365786017], [31.757961738301827, -28.950559666538012]], [[32.58062115552212, -25.968268155407962], [33.79140784557965, -26.192699081406893], [35.223462368650665, -26.361156827463727]], [[43.66314330455965, -23.354724804059778], [42.72697695458166, -23.42087339119824], [40.971261031231286, -23.12506902069823]], [[46.315441425050686, -15.713729798684179], [45.04301107645226, -15.039497695402932], [42.025949814008925, -14.511535911566813]], [[40.68539697592696, -14.565582936090415], [41.5379072360397, -14.45669497006816], [42.07504442898764, -14.80743804437604]], [[40.174850462603004, -10.25488665702017], [41.28961680273296, -10.030240541416509]], [[39.269676416932725, -6.823132108349236], [39.63257107969674, -6.306132261225844], [40.12927201041025, -5.927942387053361]], [[34.833447996502606, -19.82010899999981], [42.025949814008925, -19.82010899999981]], [[44.55004267627159, 11.349864561231485], [43.65004331383962, 11.510285103755812], [43.14799366949638, 11.594869371447825]], [[44.55004267627159, 11.349864561231485], [45.450042038703735, 11.294709319565477], [48.60003980781179, 12.065895273570327], [52.65003693815965, 13.054150695298627], [54.00003598419185, 13.3827080361257], [55.1250351848477, 12.615395567393394], [54.45003566302377, 9.52441134501949], [52.65003693875573, 5.510071711803246], [49.50003916964768, 1.468426767331968], [45.67504187931159, -1.456253566768442], [42.30004427019158, -3.70382647066824], [39.672896131288006, -4.052924364763054]], [[49.187929390749275, 11.275556936623216], [48.82503964782375, 11.735650161405832], [48.60003980781179, 12.065895273570327]], [[45.344182113695986, 2.041205223228781], [46.80004108235159, 2.03066189047467], [49.50003916964768, 1.468426767331968]]]}, "properties": {"source": "TeleGeography", "layer": "cables", "cable_id": "djibouti-africa-regional-express-1-dare-1", "name": "Djibouti Africa Regional Express 1 (DARE 1)", "sector": "ict", "rfs_year": 2021, "rfs": "2021 February", "is_planned": false, "length_km": 4854.0, "owners": "Djibouti Telecom, Hormuud Telecom Somalia, Somtel International, Telkom Kenya", "suppliers": "SubCom", "url": null, "notes": null, "countries": ["Djibouti", "Kenya", "Madagascar", "Mozambique", "Somalia", "South Africa", "Tanzania"], "landing_total": 12, "landing_points": [{"id": "djibouti-city-djibouti", "name": "Djibouti City, Djibouti", "country": "Djibouti", "iso": "DJ", "lon": 43.14799288765091, "lat": 11.594678044710776, "tbd": false}, {"id": "mombasa-kenya", "name": "Mombasa, Kenya", "country": "Kenya", "iso": "KE", "lon": 39.67280003701128, "lat": -4.053206761989876, "tbd": false}, {"id": "mahajanga-madagascar", "name": "Mahajanga, Madagascar", "country": "Madagascar", "iso": "MG", "lon": 46.31552100000039, "lat": -15.713720000000299, "tbd": false}, {"id": "toliara-madagascar", "name": "Toliara, Madagascar", "country": "Madagascar", "iso": "MG", "lon": 43.663129241473605, "lat": -23.354761383307334, "tbd": false}, {"id": "beira-mozambique", "name": "Beira, Mozambique", "country": "Mozambique", "iso": "MZ", "lon": 34.851010000000386, "lat": -19.82010899999981, "tbd": false}, {"id": "maputo-mozambique", "name": "Maputo, Mozambique", "country": "Mozambique", "iso": "MZ", "lon": 32.58061756117876, "lat": -25.968533089796413, "tbd": false}, {"id": "nacala-mozambique", "name": "Nacala, Mozambique", "country": "Mozambique", "iso": "MZ", "lon": 40.685431, "lat": -14.565605999999761, "tbd": false}, {"id": "bosaso-somalia", "name": "Bosaso, Somalia", "country": "Somalia", "iso": "SO", "lon": 49.187930015152745, "lat": 11.275567682156476, "tbd": false}, {"id": "mogadishu-somalia", "name": "Mogadishu, Somalia", "country": "Somalia", "iso": "SO", "lon": 45.344182738099455, "lat": 2.041189900937192, "tbd": false}, {"id": "mtunzini-south-africa", "name": "Mtunzini, South Africa", "country": "South Africa", "iso": "ZA", "lon": 31.75786423777489, "lat": -28.950640880887153, "tbd": false}, {"id": "dar-es-salaam-tanzania", "name": "Dar Es Salaam, Tanzania", "country": "Tanzania", "iso": "TZ", "lon": 39.26967532258757, "lat": -6.823229228025631, "tbd": false}, {"id": "mtwara-tanzania", "name": "Mtwara, Tanzania", "country": "Tanzania", "iso": "TZ", "lon": 40.180118999999635, "lat": -10.260170000000324, "tbd": false}], "raw_status": "in service", "dash_status": "operating", "map_url": "https://www.submarinecablemap.com/submarine-cable/djibouti-africa-regional-express-1-dare-1"}}, {"type": "Feature", "geometry": {"type": "MultiLineString", "coordinates": [[[19.376194000000407, 40.78671299999985], [19.13753248864648, 40.654656544939996], [19.07081072540277, 40.38732029077508], [18.843810885615575, 40.04369219283004], [19.070260725792245, 39.48474996079946], [19.57506036759165, 37.67887792909206], [22.049996747577204, 35.02384407226618], [25.402196026156034, 34.23788494731137], [25.73091538232206, 34.055455005068836], [28.28078582696705, 32.39269578860082], [29.220633745914697, 31.544507110396093], [29.67235321517045, 31.047641997876443]], [[18.843810885615575, 40.04369219283004], [18.59820559145064, 40.3515155000001], [18.405157, 40.40923169292791], [18.175016100000146, 40.3515155000001]]]}, "properties": {"source": "TeleGeography", "layer": "cables", "cable_id": "eagle", "name": "EAGLE", "sector": "ict", "rfs_year": 2028, "rfs": "2028 Q4", "is_planned": true, "length_km": 1900.0, "owners": "4iG Group, Telecom Egypt", "suppliers": null, "url": null, "notes": null, "countries": ["Albania", "Egypt", "Italy"], "landing_total": 3, "landing_points": [{"id": "sidi-kerir-egypt", "name": "Sidi Kerir, Egypt", "country": "Egypt", "iso": "EG", "lon": 29.672355999999517, "lat": 31.047639999999845, "tbd": false}], "raw_status": "planned", "dash_status": "announced", "map_url": "https://www.submarinecablemap.com/submarine-cable/eagle"}}, {"type": "Feature", "geometry": {"type": "MultiLineString", "coordinates": [[[43.16164365982675, 11.573660387694234], [43.65004331383962, 11.56544739308108], [44.55004267627159, 11.460143029456674]], [[37.21967786917097, 19.61556659454616], [37.80004745803156, 19.529070924350908], [39.150046502275686, 18.251816319028222], [40.16254578501358, 16.534196198259725], [41.62504474896373, 14.801154224791581], [42.13129439033177, 13.92930384327183], [42.806293912155695, 13.054150695298627], [43.1297311836258, 12.834868817846521], [43.21410612385384, 12.615395567393394], [43.453168453307654, 12.395734000022975], [44.55004267627159, 11.460143029456674], [45.450042038703735, 11.405009147532946], [48.60003980781179, 12.175887185507976], [52.65003693815965, 13.163718917913586], [54.00003598419185, 13.492128176464083], [55.575034866063774, 12.615395567393394], [55.35003502545574, 9.52441134501949], [54.45003566361985, 5.510071711803246], [51.30003789451161, 1.468426767331968], [46.12504156052766, -1.906058394384765], [42.30004427019158, -4.152767748013638], [40.95004522654354, -5.497950688314882], [40.500045545327644, -6.169450529574503], [39.82504602290763, -6.523516459651954], [39.269676416932725, -6.823132108349236]], [[40.500045545327644, -6.169450529574503], [41.62504474836765, -9.29042430103552], [42.07504442958354, -11.943944931746815], [42.525044110203716, -14.861883917661954], [42.52504411079961, -15.224032284647373], [42.52504411079961, -20.574419057276128], [41.40004490775961, -23.49392244589784], [35.55004905195155, -26.752713396100123], [33.750050327087614, -28.54634921047574], [32.850050964655466, -28.940898806450146], [31.757961738301827, -28.950559666538012]], [[39.672896131288006, -4.052924364763054], [42.30004427019158, -4.152767748013638]], [[32.58062115552212, -25.968268155407962], [33.750050327087614, -26.450941899317534], [35.55004905195155, -26.752713396100123]], [[43.66314330455965, -23.354724804059778], [42.75004395140765, -23.59705596407509], [41.40004490775961, -23.49392244589784]], [[43.24330360197787, -11.700589282272533], [42.75004395140765, -11.943944931746815], [42.07504442958354, -11.943944931746815]], [[51.30003789451161, 1.468426767331968], [46.80004108235159, 2.255504211923801], [45.344182113695986, 2.041205223228781]]]}, "properties": {"source": "TeleGeography", "layer": "cables", "cable_id": "eastern-africa-submarine-system-eassy", "name": "Eastern Africa Submarine System (EASSy)", "sector": "ict", "rfs_year": 2010, "rfs": "2010 July", "is_planned": false, "length_km": 10500.0, "owners": "BT, Bayobab, Bharti Airtel, Botswana Fibre Networks, Comores Telecom, Djibouti Telecom, Liquid Intelligent Technologies, Mauritius Telecom, Orange, Sudatel, Tanzania Telecommunication Corporation, Telkom Kenya, Telkom South Africa, Telma (Telecom Malagasy), Vodacom DRC, WIOCC, Zambia Telecom, center3, e&", "suppliers": "ASN", "url": null, "notes": null, "countries": ["Comoros", "Djibouti", "Kenya", "Madagascar", "Mozambique", "Somalia", "South Africa", "Sudan", "Tanzania"], "landing_total": 9, "landing_points": [{"id": "moroni-comoros", "name": "Moroni, Comoros", "country": "Comoros", "iso": "KM", "lon": 43.24340297631166, "lat": -11.700694108521688, "tbd": false}, {"id": "haramous-djibouti", "name": "Haramous, Djibouti", "country": "Djibouti", "iso": "DJ", "lon": 43.16166943911836, "lat": 11.57367892559012, "tbd": false}, {"id": "mombasa-kenya", "name": "Mombasa, Kenya", "country": "Kenya", "iso": "KE", "lon": 39.67280003701128, "lat": -4.053206761989876, "tbd": false}, {"id": "toliara-madagascar", "name": "Toliara, Madagascar", "country": "Madagascar", "iso": "MG", "lon": 43.663129241473605, "lat": -23.354761383307334, "tbd": false}, {"id": "maputo-mozambique", "name": "Maputo, Mozambique", "country": "Mozambique", "iso": "MZ", "lon": 32.58061756117876, "lat": -25.968533089796413, "tbd": false}, {"id": "mogadishu-somalia", "name": "Mogadishu, Somalia", "country": "Somalia", "iso": "SO", "lon": 45.344182738099455, "lat": 2.041189900937192, "tbd": false}, {"id": "mtunzini-south-africa", "name": "Mtunzini, South Africa", "country": "South Africa", "iso": "ZA", "lon": 31.75786423777489, "lat": -28.950640880887153, "tbd": false}, {"id": "port-sudan-sudan", "name": "Port Sudan, Sudan", "country": "Sudan", "iso": "SD", "lon": 37.219676774825814, "lat": 19.61556365090266, "tbd": false}, {"id": "dar-es-salaam-tanzania", "name": "Dar Es Salaam, Tanzania", "country": "Tanzania", "iso": "TZ", "lon": 39.26967532258757, "lat": -6.823229228025631, "tbd": false}], "raw_status": "in service", "dash_status": "operating", "map_url": "https://www.submarinecablemap.com/submarine-cable/eastern-africa-submarine-system-eassy"}}, {"type": "Feature", "geometry": {"type": "MultiLineString", "coordinates": [[[-48.510443, -1.458588999999789], [-47.72118102102372, 1.346661870689509], [-46.1143532386776, 3.761243135081089]], [[-44.29120298210234, -2.540113163080056], [-43.73622290650543, 0.43081566807511], [-42.9060267343742, 1.869907696883627]], [[-37.19847081407336, -1.832548254374512], [-37.60609009806106, -1.257935328154825], [-46.79989261057708, 4.164912849976942], [-51.52322748161733, 5.23533236960813], [-52.31345310000006, 4.922419999999891]], [[-55.17385100000029, 5.82403], [-54.79263592297266, 6.280526392260193], [-53.932895321082995, 6.280526392260193], [-52.2589707256569, 5.77285372621629], [-51.52322748161733, 5.23533236960813]], [[-16.08741436818081, 32.43331330641721], [-16.64991396910482, 32.52821504536491], [-16.908898160637996, 32.647276965637694]], [[-23.521209101414858, 14.923035560171673], [-23.849908868560828, 14.801154224791581], [-24.074908709168866, 14.801154224791581]], [[-38.542964866112136, -3.718736532579084], [-36.44989994260901, -0.781386636225587], [-35.09990089896096, 0.568578852526193], [-31.04990376801693, 3.715978119298069], [-27.85950075469042, 7.716632622882817], [-25.649907593424945, 11.294709319565477], [-24.2999085497769, 14.365653759228442], [-24.074908709168866, 14.801154224791581], [-23.399909187344846, 16.10232559580297], [-21.59991046248082, 19.95262290516439], [-19.59991187929863, 22.884654113882444], [-18.449912693968844, 24.94136317175375], [-17.662413251840803, 27.76358852605777], [-17.47038457928175, 28.275606244082983], [-17.0999136503208, 28.95155473219332], [-17.19854858529393, 29.690264251007914], [-16.64991396970081, 31.670513047087127], [-16.08741436818081, 32.43331330641721], [-13.72491604179678, 33.93964008831966], [-11.47491763512078, 36.51238821239364], [-9.449919069648717, 37.67887792909206], [-9.112419308736753, 37.85358171958824], [-8.869597215129223, 37.95721527519206]], [[-13.72491604179678, 33.93964008831966], [-12.374916998148738, 33.93964008831966], [-9.899918750864702, 33.93964008831966], [-7.631920358132023, 33.60539511325584]], [[-20.430336961483764, 21.674407102148695], [-17.035703999999548, 20.947172000000176]], [[-17.79712138395127, 27.28574753749249], [-16.199914288484827, 27.12304234123925], [-15.70906492030405, 27.36651986187134], [-15.596564715903398, 27.957733682885266]]]}, "properties": {"source": "TeleGeography", "layer": "cables", "cable_id": "ellalink", "name": "EllaLink", "sector": "ict", "rfs_year": 2021, "rfs": "2021 June", "is_planned": false, "length_km": 6200.0, "owners": "EllaLink", "suppliers": "ASN", "url": "https://www.ella.link/", "notes": null, "countries": ["Brazil", "Cape Verde", "French Guiana", "Mauritania", "Morocco", "Portugal", "Spain", "Suriname"], "landing_total": 11, "landing_points": [{"id": "praia-cape-verde", "name": "Praia, Cape Verde", "country": "Cape Verde", "iso": "CV", "lon": -23.521246992608987, "lat": 14.923010648471926, "tbd": false}, {"id": "nouadhibou-mauritania", "name": "Nouadhibou, Mauritania", "country": "Mauritania", "iso": "MR", "lon": -17.035703999999548, "lat": 20.947172000000176, "tbd": false}, {"id": "casablanca-morocco", "name": "Casablanca, Morocco", "country": "Morocco", "iso": "MA", "lon": -7.631939228454702, "lat": 33.60538822284505, "tbd": false}], "raw_status": "in service", "dash_status": "operating", "map_url": "https://www.submarinecablemap.com/submarine-cable/ellalink"}}, {"type": "Feature", "geometry": {"type": "MultiLineString", "coordinates": [[[1.575073120143199, 0.793562652607196], [0.225074076495339, -0.093411304877754], [-3.599923213840749, -1.681168935904995], [-10.799918113296759, -1.681168935904995], [-14.849915244240792, 2.367912558705407], [-19.34991205640081, 8.635699417327467], [-20.69991110004885, 11.735650161405832], [-20.69991110004885, 19.95262290516439], [-19.849911702196447, 22.884654113882444], [-19.124912215792865, 27.76358852605777], [-17.999913013348852, 30.255702942039875], [-17.0999136503208, 31.670513047087127], [-16.312414208788844, 32.43331330641721], [-13.949915881808826, 33.93964008831966], [-11.699917475728817, 36.51238821239364], [-10.349918432080775, 38.03417390064187], [-9.562418989952736, 38.29952060596925], [-9.102749315587026, 38.4430794831419]], [[18.445861168718828, -33.72721819637743], [17.55006180331148, -33.74264465652956], [16.65006244087933, -33.55534420877606], [15.525063237839326, -32.61276000573574], [13.500064672367355, -30.30995334464681], [9.000067860207336, -23.49392244589784], [7.650068816559295, -18.026426383713453], [7.650068815963395, -13.99027116703797], [8.325068338383225, -10.620064860363238], [7.650068816559295, -6.616650693475355], [7.200069135343221, -4.825692499217419], [4.050071366831244, -1.231315750217412], [2.25007264196731, 1.580886840914131]], [[9.000067860207336, -23.49392244589784], [13.05006499115128, -22.665969967794794], [14.533463940297649, -22.68542973223072]], [[1.575073120143199, 0.793562652607196], [2.25007264196731, 1.580886840914131], [3.600071685615352, 4.164912849976942], [3.423511810692114, 6.439066911484626]], [[7.650068815963395, -13.99027116703797], [-3.599923214436649, -15.29638776062193], [-5.711521717964474, -15.918564131427317]], [[1.575073120143199, 0.793562652607196], [1.687573039851407, 3.82823430332105], [1.575073120143199, 5.061986954416114], [1.227803366152544, 6.126307297218732]]]}, "properties": {"source": "TeleGeography", "layer": "cables", "cable_id": "equiano", "name": "Equiano", "sector": "ict", "rfs_year": 2023, "rfs": "2023 February", "is_planned": false, "length_km": 15000.0, "owners": "Google", "suppliers": "ASN", "url": "https://cloud.google.com", "notes": null, "countries": ["Namibia", "Nigeria", "Portugal", "Saint Helena, Ascension and Tristan da Cunha", "South Africa", "Togo"], "landing_total": 6, "landing_points": [{"id": "swakopmund-namibia", "name": "Swakopmund, Namibia", "country": "Namibia", "iso": "NA", "lon": 14.528091287257743, "lat": -22.678326281671723, "tbd": false}, {"id": "lagos-nigeria", "name": "Lagos, Nigeria", "country": "Nigeria", "iso": "NG", "lon": 3.423216341555379, "lat": 6.438874849613729, "tbd": false}, {"id": "ruperts-bay-saint-helena-ascension-and-tristan-da-cunha", "name": "Rupert's Bay, Saint Helena, Ascension and Tristan da Cunha", "country": "Saint Helena, Ascension and Tristan da Cunha", "iso": "SH", "lon": -5.711485529379086, "lat": -15.918594542915663, "tbd": false}, {"id": "melkbosstrand-south-africa", "name": "Melkbosstrand, South Africa", "country": "South Africa", "iso": "ZA", "lon": 18.44576429319144, "lat": -33.72721429783116, "tbd": false}, {"id": "lome-togo", "name": "Lome, Togo", "country": "Togo", "iso": "TG", "lon": 1.227807740553492, "lat": 6.126007437636297, "tbd": false}], "raw_status": "in service", "dash_status": "operating", "map_url": "https://www.submarinecablemap.com/submarine-cable/equiano"}}, {"type": "Feature", "geometry": {"type": "MultiLineString", "coordinates": [[[-5.391811944449903, 35.565918934421326], [-5.174922098096737, 35.78566189952622], [-5.174922098096737, 36.24065523321488], [-5.145872118676008, 36.42741977174601]]]}, "properties": {"source": "TeleGeography", "layer": "cables", "cable_id": "est-tet", "name": "Est-Tet", "sector": "ict", "rfs_year": 1994, "rfs": "1994 July", "is_planned": false, "length_km": 113.0, "owners": "Maroc Telecom, Telxius", "suppliers": "STC Submarine Systems", "url": null, "notes": null, "countries": ["Morocco", "Spain"], "landing_total": 2, "landing_points": [{"id": "ttouan-morocco", "name": "T\u00e9touan, Morocco", "country": "Morocco", "iso": "MA", "lon": -5.391816476292676, "lat": 35.56592071383522, "tbd": false}], "raw_status": "in service", "dash_status": "operating", "map_url": "https://www.submarinecablemap.com/submarine-cable/est-tet"}}, {"type": "Feature", "geometry": {"type": "MultiLineString", "coordinates": [[[56.33372432860119, 25.121690004958644], [56.92503390971164, 24.660522249648846], [57.88604869707389, 23.67872371194431], [58.162533033055745, 23.968510996734643], [58.72503263457575, 24.32780311165181], [59.85003183761575, 24.019900203433572], [62.3250300843038, 22.469443964829516], [62.3250300843038, 19.529070924350908]], [[38.250047139247634, 22.05298561667754], [39.18275647850768, 21.481533475502996]], [[44.55004267627159, 12.065895273570327], [43.65004331383962, 11.818224495851856], [43.16164365982675, 11.573660387694234]], [[7.42672897477544, 43.7382556879356], [7.31256905564733, 43.401144973153954], [7.425068975951258, 41.74435878948223], [7.969108590548607, 39.42351982330401], [8.325068338383225, 38.651811712711336], [8.437568258687335, 38.38775473578444], [9.000067859611436, 38.03417390064187]], [[14.400064034799321, 33.98629373718467], [13.500064672367355, 33.09551711711581], [13.187364893886881, 32.87762290319534]], [[-11.249917794512742, 37.94551049545967], [-10.349918432080775, 37.94551049545967], [-9.337419149344699, 38.122730108392204], [-9.102749315587026, 38.4430794831419]], [[32.65318110412008, 29.113614162980063], [32.17505144283154, 29.295435552938983], [31.72505176161546, 29.4915580274035], [31.050052239791533, 29.73606949729215], [30.375052717967602, 30.101720899554778], [29.98130299690349, 30.5144959597591], [29.70093319552029, 31.072270031660306], [27.900054471279375, 32.052708023486204], [25.200056383983473, 32.85958149046064], [22.050058614875596, 33.59673284538102], [19.350060528175415, 33.565491482352044], [16.65006244087933, 33.189714664600466], [14.400064034799321, 33.98629373718467], [12.31881550918157, 35.419780517080355], [12.037565708415386, 35.78566189952622], [11.925065788111276, 36.24065523321488], [11.925065786919474, 37.23235432155614], [10.91256650537538, 37.67887792909206], [10.348617229769278, 38.03417390064187], [9.000067859611436, 38.03417390064187], [5.400070410479286, 38.122730108392204], [2.25007264196731, 37.76786242517874], [-2.249924170192707, 36.05897312258681], [-4.499922576272716, 35.96797434759339], [-5.624921779312721, 35.92243557734424], [-6.299921301136742, 35.876870570092834], [-8.999919388432733, 36.05897312258681], [-9.899918750864702, 36.42191605012598], [-11.249917794512742, 37.94551049545967], [-13.499916200592752, 39.6983233549332], [-13.499916200592752, 44.05151922873524], [-9.449919069648717, 48.70423463096067], [-7.649920344784692, 49.58728674004685], [-6.074881460557064, 50.31116725161073], [-4.544402544762735, 50.82820142743812]], [[32.65318110412008, 29.113614162980063], [33.455063036063365, 28.161052262220792], [34.36879988875958, 27.364667993860262], [35.26879925119155, 26.562513149236715], [36.000048733167624, 25.75470426341523], [37.01254801590261, 24.12261698700344], [38.250047139247634, 22.05298561667754], [39.037546581375494, 20.375041253465433], [40.387545625023535, 18.251816319028222], [41.4000449077607, 16.534196198259725], [42.30004427019158, 14.801154224791581], [42.806293911559614, 13.92930384327183], [43.14379367247158, 13.054150695298627], [43.28441857285158, 12.834868817846521], [43.368793513079616, 12.615395567393394], [43.76254323414373, 12.395734000022975], [44.55004267627159, 12.065895273570327], [45.450042038703735, 12.285833556268383], [48.60003980721571, 13.054150695298627], [55.35003502545574, 15.452760959322058], [58.95003247518379, 17.180187287481317], [62.3250300843038, 19.529070924350908], [66.60002705585578, 19.740987365524937], [70.20002450558383, 19.42300815558179], [72.87590260996693, 19.07607425728523]], [[-5.624921779312721, 35.92243557734424], [-5.34758197578279, 36.15601951413446]], [[29.70093319552029, 31.072270031660306], [29.98130299690349, 30.56294325920113], [30.375052717967602, 30.199000717300507], [31.050052239791533, 29.833707764444064], [31.72505176161546, 29.589433775533966], [32.17505144283154, 29.344436236246633], [32.65318110412008, 29.113614162980063]]]}, "properties": {"source": "TeleGeography", "layer": "cables", "cable_id": "europe-india-gateway-eig", "name": "Europe India Gateway (EIG)", "sector": "ict", "rfs_year": 2011, "rfs": "2011 February", "is_planned": false, "length_km": 15000.0, "owners": "AT&T, Altice Portugal, BT, Bayobab, Bharat Sanchar Nigam Ltd. (BSNL), Bharti Airtel, Djibouti Telecom, Gibtelecom, Kalaam Telecom, Libya International Telecommunications Company, Telecom Egypt, Telkom South Africa, Verizon, Vodafone, Zain Omantel International, center3, du", "suppliers": "ASN, SubCom", "url": null, "notes": null, "countries": ["Djibouti", "Egypt", "Gibraltar", "India", "Libya", "Monaco", "Oman", "Portugal", "Saudi Arabia", "United Arab Emirates", "United Kingdom"], "landing_total": 12, "landing_points": [{"id": "haramous-djibouti", "name": "Haramous, Djibouti", "country": "Djibouti", "iso": "DJ", "lon": 43.16166943911836, "lat": 11.57367892559012, "tbd": false}, {"id": "abu-talat-egypt", "name": "Abu Talat, Egypt", "country": "Egypt", "iso": "EG", "lon": 29.702494600068096, "lat": 31.071848731738037, "tbd": false}, {"id": "zafarana-egypt", "name": "Zafarana, Egypt", "country": "Egypt", "iso": "EG", "lon": 32.649855793379736, "lat": 29.116686929125173, "tbd": false}, {"id": "tripoli-libya", "name": "Tripoli, Libya", "country": "Libya", "iso": "LY", "lon": 13.187271924606817, "lat": 32.877298517745, "tbd": false}], "raw_status": "in service", "dash_status": "operating", "map_url": "https://www.submarinecablemap.com/submarine-cable/europe-india-gateway-eig"}}, {"type": "Feature", "geometry": {"type": "MultiLineString", "coordinates": [[[39.18275647850768, 21.481533475502996], [38.70004682046353, 20.375041253465433], [37.58923757400337, 19.81323778521068], [37.21967786917097, 19.61556659454616]], [[72.87590260996693, 19.07607425728523], [70.20002450558383, 19.740987365524937], [66.60002705585578, 20.375041253465433], [63.675029127951845, 22.469443964829516], [59.85003265596724, 24.634955698183607], [58.50003279396771, 23.968510996734643], [58.1762030233719, 23.68487753168473], [57.88128323229574, 24.12261698700344], [57.37503359092771, 25.348717422116714], [57.15003375031967, 26.1593079707739], [56.98128386986378, 26.562513149236715], [56.74300403866356, 26.97318161868908], [56.27415437080105, 27.18725294593831], [56.2500343878877, 26.813799487940788], [55.80003470667163, 26.411476060868516], [55.35003502545574, 26.36108632539156], [53.55003630059162, 26.36108632539156], [52.875036778767694, 26.562513149236715], [52.20003725694376, 26.964304734562898], [51.525037735119646, 27.364667993860262], [50.175038691471606, 27.962503359972466], [49.16253940873571, 28.65581241773305], [48.60003980721571, 29.1482487910328], [48.4875398869116, 29.246454972180413], [47.974840250113054, 29.37410420420039], [48.60003980721571, 28.853067255226264], [49.16253940873571, 28.458185766004554], [50.175038691471606, 26.964304734562898], [50.175038691471606, 26.461843796188983], [50.214198663730556, 26.28537535931817], [50.34378857192768, 26.461843796188983], [50.51253845238375, 26.461843796188983], [50.57601840741415, 26.229494838391265], [51.187537974207686, 26.36108632539156], [51.637537655423756, 26.260240971577822], [51.75003757572769, 26.05828756029904], [51.519277739200085, 25.294608758024626], [52.20003725694376, 25.75470426341523], [53.55003630059162, 25.855985466072205], [55.1250351848477, 25.855985466072205], [55.1250351848477, 25.55188275942587], [55.30853505485483, 25.269353998130182], [55.237585105116516, 25.55188275942587], [55.35003502545574, 25.75470426341523], [55.80003470667163, 26.10880867686235], [56.24681439016876, 26.181305362781977], [56.362534308191634, 26.461843796188983], [56.58753414879967, 26.461843796188983], [56.756284029255745, 26.1593079707739], [57.26253367062378, 25.348717422116714], [57.825033272143784, 24.12261698700344], [58.1762030233719, 23.68487753168473], [58.50003279396771, 23.81422051502533], [58.95003247518379, 23.65974644119216], [59.85003183761575, 22.884654113882444], [60.07503167703199, 22.469443964829516], [59.85003183761575, 19.104405475930452], [58.95003247518379, 18.038005439608753], [55.35003502545574, 16.318380026359527], [52.65003693815965, 15.23578178303578], [48.60003980721571, 13.492128176464083], [45.450042038703735, 12.72515592356304], [44.55004267627159, 12.230866087669199], [43.67816829391569, 12.395734000022975], [43.3266060429656, 12.615395567393394], [43.24223110273756, 12.834868817846521], [43.05941873224354, 13.054150695298627], [42.637544031103545, 13.92930384327183], [42.1312943897355, 14.801154224791581], [41.062545146848734, 16.534196198259725], [40.05004586411157, 18.251816319028222], [38.70004682046353, 20.375041253465433], [37.91254737833549, 22.05298561667754], [36.67504825499064, 24.12261698700344], [35.66254897225548, 25.75470426341523], [35.01567443050744, 26.562513149236715], [34.200050008303506, 27.364667993860262], [33.497250506175384, 28.161052262220792], [32.99067586503547, 28.95155473219332], [32.70942606427547, 29.344566989489813], [32.54067268382206, 29.63833609362628], [32.54068118381597, 29.974234637029465]], [[76.97022970950695, 8.798160747261367], [76.50002004260797, 8.190543417795496], [75.54513271613803, 6.628746603597807], [74.25002163652778, 5.398081130463647], [73.5000221678345, 4.16666819886197]], [[75.54513271613803, 6.628746603597807], [79.20001812990387, 6.628746603597807], [79.87208765380376, 6.927036656836354]], [[52.182457269397545, 16.213003862431094], [52.65003693815965, 15.669513225155248], [52.65003693815965, 15.23578178303578]], [[60.627371286941326, 25.258664579046147], [59.85003265596724, 24.634955698183607]], [[48.5317798555716, 29.92363278689715], [48.60003980721571, 29.540507745394493], [48.4875398869116, 29.246454972180413]], [[48.5317798555716, 29.92363278689715], [48.71253972751964, 29.540507745394493], [48.60003980721571, 29.1482487910328]], [[42.95452380595619, 14.797809010241023], [42.75004395140765, 14.692360031374392], [42.1312943897355, 14.801154224791581]]]}, "properties": {"source": "TeleGeography", "layer": "cables", "cable_id": "falcon", "name": "FALCON", "sector": "ict", "rfs_year": 2006, "rfs": "2006 September", "is_planned": false, "length_km": 10300.0, "owners": "FLAG", "suppliers": "ASN", "url": "https://flagtel.com/", "notes": null, "countries": ["Bahrain", "Egypt", "India", "Iran", "Iraq", "Kuwait", "Maldives", "Oman", "Qatar", "Saudi Arabia", "Sri Lanka", "Sudan", "United Arab Emirates", "Yemen"], "landing_total": 19, "landing_points": [{"id": "suez-egypt", "name": "Suez, Egypt", "country": "Egypt", "iso": "EG", "lon": 32.53012931569517, "lat": 29.9722883988634, "tbd": false}, {"id": "port-sudan-sudan", "name": "Port Sudan, Sudan", "country": "Sudan", "iso": "SD", "lon": 37.219676774825814, "lat": 19.61556365090266, "tbd": false}], "raw_status": "in service", "dash_status": "operating", "map_url": "https://www.submarinecablemap.com/submarine-cable/falcon"}}, {"type": "Feature", "geometry": {"type": "MultiLineString", "coordinates": [[[39.18783647490891, 21.48407381384701], [37.80004745803156, 22.05298561667754]], [[35.005095000000225, 29.581033231032787], [34.71137964666887, 29.08904402302273], [34.51762978332711, 28.313851747133643], [34.46137982257925, 28.115586087218034], [34.44732233253752, 27.991483447904724], [34.44732233253752, 27.916953178205596], [34.76254960982351, 26.964304734562898], [35.55004905195155, 25.75470426341523]], [[72.87590260996693, 19.07607425728523], [72.67502275227187, 16.965102599435927], [73.74513399127409, 13.492128176464083], [75.09513303492214, 9.52441134501949], [77.29024347696435, 6.852191098754328], [78.69513048465001, 5.061986954416114], [81.00001685476798, 4.389285926050993], [85.500013666928, 5.510071711803246], [90.00001047908802, 6.405200795356032], [92.70000856638391, 6.405200795356032], [94.27500745064, 6.628746603597807], [95.40000665368001, 6.628746603597807], [97.42500521915215, 6.908035999527216], [99.00000410340806, 6.852191098754328], [99.67500362523216, 6.740481724921185], [100.06611334816643, 6.613518860854109]], [[100.40982310408316, 5.368393581488473], [99.67500362523216, 5.510071711803246], [97.42500521915215, 6.908035999527216]], [[100.06611334816643, 6.613518860854109], [100.29385318683336, 6.908035999527216], [100.5951029728293, 7.198818071264419]], [[56.33372432860119, 25.121690004958644], [56.92503390971164, 24.83931282559271], [58.50003279396771, 24.353428099494565], [59.85003183761575, 23.71125814248539], [61.65003056247987, 22.469443964829516], [61.65003056247987, 18.251816319028222]], [[32.52993119143143, 29.972545436050364], [32.48440122368525, 29.63833609362628], [32.653276104052736, 29.344566989489813], [32.65318110412008, 29.113614162980063], [33.412950565897326, 28.161052262220792], [34.14380004815155, 27.364667993860262], [34.931299490279585, 26.562513149236715], [35.55004905195155, 25.75470426341523], [36.56254833468653, 24.12261698700344], [37.80004745803156, 22.05298561667754], [38.5875469001596, 20.375041253465433], [39.93754594380764, 18.251816319028222], [40.950045226544624, 16.534196198259725], [42.07504442958354, 14.801154224791581], [42.58129407095158, 13.92930384327183], [43.03129375216765, 13.054150695298627], [43.22816861269962, 12.834868817846521], [43.31254355292765, 12.615395567393394], [43.65004331383962, 12.395734000022975], [44.55004267627159, 11.900822861999712], [45.450042038703735, 11.955858207114732], [48.60003980721571, 12.72515592356304], [55.35003502545574, 14.801154224791581], [58.95003247518379, 16.534196198259725], [61.65003056247987, 18.251816319028222], [66.60002705585578, 19.104405475930452], [70.20002450558383, 19.104405475930452], [72.87590260996693, 19.07607425728523]]]}, "properties": {"source": "TeleGeography", "layer": "cables", "cable_id": "fea", "name": "FEA", "sector": "ict", "rfs_year": 1997, "rfs": "1997 November", "is_planned": false, "length_km": null, "owners": "FLAG", "suppliers": "SubCom", "url": "https://flagtel.com/", "notes": null, "countries": ["Egypt", "India", "Jordan", "Malaysia", "Saudi Arabia", "Thailand", "United Arab Emirates"], "landing_total": 8, "landing_points": [{"id": "suez-egypt", "name": "Suez, Egypt", "country": "Egypt", "iso": "EG", "lon": 32.53012931569517, "lat": 29.9722883988634, "tbd": false}], "raw_status": "in service", "dash_status": "operating", "map_url": "https://www.submarinecablemap.com/submarine-cable/fea"}}, {"type": "Feature", "geometry": {"type": "MultiLineString", "coordinates": [[[43.24330360197787, -11.700589282272533], [43.14379367247158, -11.943944931746815], [43.31254355292765, -12.163983680780412], [43.53754339353551, -12.163983680780412], [43.87504315444765, -12.163983680780412], [44.55004267627159, -12.60351210497128], [45.00004235748766, -12.82299562562977], [45.16576224009028, -12.817096445533013]]]}, "properties": {"source": "TeleGeography", "layer": "cables", "cable_id": "fly-lion3", "name": "FLY-LION3", "sector": "ict", "rfs_year": 2019, "rfs": "2019 October", "is_planned": false, "length_km": 400.0, "owners": "Comoros Cables, Orange, Soci\u00e9t\u00e9 R\u00e9unionnaise du Radiot\u00e9l\u00e9phone", "suppliers": "ASN", "url": null, "notes": null, "countries": ["Comoros", "Mayotte"], "landing_total": 2, "landing_points": [{"id": "moroni-comoros", "name": "Moroni, Comoros", "country": "Comoros", "iso": "KM", "lon": 43.24340297631166, "lat": -11.700694108521688, "tbd": false}, {"id": "kaweni-mayotte", "name": "Kaweni, Mayotte", "country": "Mayotte", "iso": "YT", "lon": 45.16586255192312, "lat": -12.817103777696085, "tbd": false}], "raw_status": "in service", "dash_status": "operating", "map_url": "https://www.submarinecablemap.com/submarine-cable/fly-lion3"}}, {"type": "Feature", "geometry": {"type": "MultiLineString", "coordinates": [[[-4.544402544762735, 50.82820142743812], [-6.074881460557064, 50.38295743994838], [-7.649920344784692, 49.73293362369082], [-9.899918750864702, 48.70423463096067], [-14.399915563024809, 44.05151922873524], [-14.399915563024809, 39.6983233549332], [-13.499916200592752, 35.78566189952622], [-12.82491667876882, 33.189714664600466], [-12.599916838160784, 30.126049846722832], [-13.24783202918155, 28.161052262220792], [-14.624915403632755, 26.964304734562898], [-17.549913331536874, 22.884654113882444], [-18.899912375184826, 19.95262290516439], [-18.899912375184826, 14.801154224791581], [-18.899912375184826, 11.735650161405832], [-17.549913331536874, 8.635699417327467], [-13.049916519376767, 4.164912849976942], [-10.799918113296759, 1.918228780215599], [-3.599923213840749, 1.918228780215599], [-0.449925445328682, 2.156121468705662], [1.575073120143199, 3.266814816815666], [2.25007264196731, 3.379125568249918], [2.700072323183203, 4.164912849976942], [3.423511810692114, 6.439066911484626]], [[-0.204315619320974, 5.558285889905858], [-0.449925445328682, 3.279837005484997], [-0.449925445328682, 2.156121468705662]]]}, "properties": {"source": "TeleGeography", "layer": "cables", "cable_id": "glo-1", "name": "Glo-1", "sector": "ict", "rfs_year": 2010, "rfs": "2010 October", "is_planned": false, "length_km": 9800.0, "owners": "Globacom Limited", "suppliers": "ASN", "url": "https://www.gloworld.com", "notes": null, "countries": ["Ghana", "Nigeria", "United Kingdom"], "landing_total": 3, "landing_points": [{"id": "accra-ghana", "name": "Accra, Ghana", "country": "Ghana", "iso": "GH", "lon": -0.201097497196668, "lat": 5.558283401661053, "tbd": false}, {"id": "lagos-nigeria", "name": "Lagos, Nigeria", "country": "Nigeria", "iso": "NG", "lon": 3.423216341555379, "lat": 6.438874849613729, "tbd": false}], "raw_status": "in service", "dash_status": "operating", "map_url": "https://www.submarinecablemap.com/submarine-cable/glo-1"}}, {"type": "Feature", "geometry": {"type": "MultiLineString", "coordinates": [[[54.14808587692784, 17.09582718672565], [53.923864160172634, 16.534196198259725], [52.65003693815965, 15.56116563526334], [48.60003980721571, 13.601498202276586], [45.450042038703735, 12.834868817846521], [45.12334227014084, 10.815963534652534], [45.01088234980864, 10.43511874899288]], [[49.187929390749275, 11.275556936623216], [48.60003980721571, 13.601498202276586]]]}, "properties": {"source": "TeleGeography", "layer": "cables", "cable_id": "gulf2africa-g2a", "name": "Gulf2Africa (G2A)", "sector": "ict", "rfs_year": 2017, "rfs": "2017 December", "is_planned": false, "length_km": 1500.0, "owners": "Golis Telecommunications, Telesom, Zain Omantel International", "suppliers": "HMN Tech", "url": null, "notes": null, "countries": ["Oman", "Somalia"], "landing_total": 3, "landing_points": [{"id": "berbera-somalia", "name": "Berbera, Somalia", "country": "Somalia", "iso": "SO", "lon": 45.01088219296272, "lat": 10.43511582934602, "tbd": false}, {"id": "bosaso-somalia", "name": "Bosaso, Somalia", "country": "Somalia", "iso": "SO", "lon": 49.187930015152745, "lat": 11.275567682156476, "tbd": false}], "raw_status": "in service", "dash_status": "operating", "map_url": "https://www.submarinecablemap.com/submarine-cable/gulf2africa-g2a"}}, {"type": "Feature", "geometry": {"type": "MultiLineString", "coordinates": [[[11.090886379052035, 36.84993699396254], [11.4273661406866, 36.84931057824871], [12.173015612461494, 37.368220507849735], [12.591375316091606, 37.65058617278613]]]}, "properties": {"source": "TeleGeography", "layer": "cables", "cable_id": "hannibal-system", "name": "HANNIBAL System", "sector": "ict", "rfs_year": 2009, "rfs": "2009 October", "is_planned": false, "length_km": 178.0, "owners": "Tunisia Telecom", "suppliers": "HMN Tech", "url": "http://www.tunisietelecom.tn", "notes": null, "countries": ["Italy", "Tunisia"], "landing_total": 2, "landing_points": [{"id": "kelibia-tunisia", "name": "Kelibia, Tunisia", "country": "Tunisia", "iso": "TN", "lon": 11.089910129147581, "lat": 36.8493105782478, "tbd": false}], "raw_status": "in service", "dash_status": "operating", "map_url": "https://www.submarinecablemap.com/submarine-cable/hannibal-system"}}, {"type": "Feature", "geometry": {"type": "MultiLineString", "coordinates": [[[5.372530429989069, 43.29362778902908], [5.850070091695361, 41.74435878948223], [6.975069294735365, 38.651811712711336], [7.650068816559295, 37.94551049545967], [9.000067859611436, 37.67887792909206], [10.348617229769278, 37.67887792909206], [10.91256650537538, 37.32187222983504], [11.475066105703581, 37.23235432155614], [12.262565549023423, 36.24065523321488], [12.600065309935387, 35.78566189952622], [13.162564911457572, 35.419780517080355], [14.400064034799321, 34.683017659857974], [16.65006244087933, 34.12610104005753], [19.350060528175415, 34.49779087043369], [22.050058614875596, 34.29666313310539], [25.200056383983473, 33.565491482352044], [28.66495596458733, 32.243210016262736], [29.8935130590948, 31.191465077638455]], [[32.466651236259686, 34.76657169708598], [31.500051920411707, 34.157137999942634], [29.645663234673997, 32.841864074406956], [28.68266219511189, 32.22813703671877]]]}, "properties": {"source": "TeleGeography", "layer": "cables", "cable_id": "hawk", "name": "Hawk", "sector": "ict", "rfs_year": 2011, "rfs": "2011", "is_planned": false, "length_km": 3400.0, "owners": "FLAG", "suppliers": "Fujitsu", "url": "https://flagtel.com/", "notes": null, "countries": ["Cyprus", "Egypt", "France"], "landing_total": 3, "landing_points": [{"id": "alexandria-egypt", "name": "Alexandria, Egypt", "country": "Egypt", "iso": "EG", "lon": 29.889799154879793, "lat": 31.191886381300385, "tbd": false}], "raw_status": "in service", "dash_status": "operating", "map_url": "https://www.submarinecablemap.com/submarine-cable/hawk"}}, {"type": "Feature", "geometry": {"type": "MultiLineString", "coordinates": [[[38.137547218943524, 22.05298561667754], [39.18275647850768, 21.481533475502996]], [[67.02854675228855, 24.889731701235817], [66.48752713555186, 23.298598065875897], [66.15002737463989, 20.375041253465433], [66.60002705585578, 19.529070924350908]], [[32.52993119143143, 29.972545436050364], [32.56877616391329, 29.63833609362628], [32.73755104435154, 29.344566989489813], [33.01880084511154, 28.95155473219332], [33.511262996247716, 28.161052262220792], [34.312549928607616, 27.364667993860262], [35.184424310963514, 26.562513149236715], [35.887548812863514, 25.75470426341523], [36.900048095598684, 24.12261698700344], [38.137547218943524, 22.05298561667754], [38.92504666107156, 20.375041253465433], [40.2750457047196, 18.251816319028222], [41.28754498745659, 16.534196198259725], [42.24379431003961, 14.801154224791581], [42.75004395140765, 13.92930384327183], [43.11566869239569, 13.054150695298627], [43.270356082813635, 12.834868817846521], [43.35473102304167, 12.615395567393394], [43.734418254067656, 12.395734000022975], [44.55004267627159, 12.010882360458767], [45.450042038703735, 12.175887185507976], [48.60003980721571, 12.944533868662969], [55.35003502545574, 15.23578178303578], [58.95003247518379, 16.965102599435927], [62.10003024369576, 19.104405475930452], [66.60002705585578, 19.529070924350908], [70.20002450558383, 19.316876111628712], [72.87590260996693, 19.07607425728523]], [[5.372530429989069, 43.29362778902908], [5.962570011999289, 41.74435878948223], [7.200069135343221, 38.651811712711336], [7.875068657167333, 37.94551049545967], [9.000067859611436, 37.76786242517874], [10.348617229769278, 37.76786242517874], [10.91256650537538, 37.411283634923244], [11.58756602600751, 37.23235432155614], [12.703817920304136, 35.893519314921924], [14.437792044692554, 34.87439333360583], [16.65006244028343, 34.35479262780249], [19.265309401660918, 34.74032582202073], [22.050058614875596, 34.516395933671596], [25.28984215557834, 33.80029687462985], [28.800053833711523, 32.41438660250263], [29.8935130590948, 31.191465077638455], [30.825052399183495, 31.118343723670264], [31.387552000703497, 30.99783535602406], [31.9500516022235, 30.780635088989538], [32.287551363135464, 30.41752891425909], [32.52993119143143, 29.972545436050364]], [[15.06744356202158, 37.51344748573393], [15.750063078447363, 37.411283634923244], [16.2563127198154, 36.87321951208928], [16.425062600271474, 35.78566189952622], [16.65006244028343, 34.35479262780249]], [[35.859228832925915, 34.43974246013246], [35.55004905195155, 34.405022750715936], [32.40005128343957, 33.28381101905092], [30.57465671568515, 32.55671109167817], [28.800053833711523, 32.41438660250263]], [[56.33372432860119, 25.121690004958644], [56.92503390971164, 24.864833316508726], [58.50003279396771, 24.507068968791266], [59.85003183761575, 23.91710129093604], [62.10003024369576, 22.469443964829516], [62.10003024369576, 19.104405475930452]], [[32.52993119143143, 29.972545436050364], [32.287551363135464, 30.466024503890644], [31.9500516022235, 30.877238883975348], [31.387552000703497, 31.094220011720186], [30.825052399183495, 31.19054975154414], [29.8935130590948, 31.191465077638455]]]}, "properties": {"source": "TeleGeography", "layer": "cables", "cable_id": "imewe", "name": "IMEWE", "sector": "ict", "rfs_year": 2010, "rfs": "2010 December", "is_planned": false, "length_km": 12091.0, "owners": "Bharti Airtel, Ogero, Orange, Pakistan Telecommunications Company Ltd., Sparkle, Tata Communications, Telecom Egypt, center3, e&", "suppliers": "ASN, NEC", "url": "https://imewecable.com/", "notes": null, "countries": ["Egypt", "France", "India", "Italy", "Lebanon", "Pakistan", "Saudi Arabia", "United Arab Emirates"], "landing_total": 9, "landing_points": [{"id": "alexandria-egypt", "name": "Alexandria, Egypt", "country": "Egypt", "iso": "EG", "lon": 29.889799154879793, "lat": 31.191886381300385, "tbd": false}, {"id": "suez-egypt", "name": "Suez, Egypt", "country": "Egypt", "iso": "EG", "lon": 32.53012931569517, "lat": 29.9722883988634, "tbd": false}], "raw_status": "in service", "dash_status": "operating", "map_url": "https://www.submarinecablemap.com/submarine-cable/imewe"}}, {"type": "Feature", "geometry": {"type": "MultiLineString", "coordinates": [[[8.48375822596588, 44.30574823054251], [8.662568098699472, 44.21300917863173], [9.225067700219473, 44.05151922873524], [9.562567461131438, 43.401144973153954], [9.675067381435365, 43.073310783003215], [9.900067221447502, 42.41235450073586], [10.462566823563405, 41.52013202089327], [11.475066106299483, 39.6983233549332], [11.700065947503239, 37.85673997565852], [12.26256554783162, 37.23235432155614], [13.082092624606803, 36.025097835273904], [14.492544437439456, 35.24657290391401], [16.516715589108777, 34.74883374222028], [19.24898112158607, 35.09735393311572], [22.050058614875596, 34.89090355336368], [23.518709918219088, 34.56509456203117], [25.289696105851924, 34.1568536124284], [27.900054471279375, 32.52821504536491], [29.67235321517045, 31.047641997876443]], [[29.67235321517045, 31.047641997876443], [29.98130299690349, 30.80481662242606], [30.375052717967602, 30.683955675438124], [31.050052239791533, 30.320465424761444], [31.72505176161546, 30.07738596207985], [32.17505144283154, 29.540203242583157], [32.65318110412008, 29.113614162980063]], [[29.67235321517045, 31.047641997876443], [29.98130299690349, 30.853118511880677], [30.375052717967602, 30.780656567294763], [31.050052239791533, 30.41752891425909], [31.72505176161546, 30.174689758498985], [32.17505144283154, 29.58908594077863], [32.65318110412008, 29.113614162980063]], [[32.65318110412008, 29.113614162980063], [33.0750508052635, 28.95155473219332], [33.53928797639455, 28.161052262220792], [34.537549769215474, 27.364667993860262], [35.521924071875475, 26.562513149236715], [36.33754849407959, 25.75470426341523], [37.35004777681367, 24.12261698700344], [38.5875469001596, 22.05298561667754], [39.03754658077959, 20.936468000149056], [39.37504634228764, 20.375041253465433], [41.737544668671575, 16.534196198259725], [42.46879415064765, 14.801154224791581], [42.975043792015505, 13.92930384327183], [43.22816861269962, 13.054150695298627], [43.3266060429656, 12.834868817846521], [43.41098098319364, 12.615395567393394], [43.87504315444765, 12.395734000022975], [44.55004267627159, 11.570378484364811], [45.450042038703735, 11.515266158038768], [48.60003980781179, 12.285833556268383], [52.65003693815965, 13.273238157547594], [54.00003598419185, 13.601498202276586], [55.35003502426394, 13.710817738179635], [58.950032474587886, 15.452760959322058], [60.97503103946396, 16.534196198259725], [66.60002705585578, 18.678647022154717], [70.20002450558383, 18.891661584303154], [72.87590151562159, 19.066189490208128]], [[54.00003598419185, 13.601498202276586], [54.11253590151572, 14.5835116451186], [54.173383948448546, 16.54803642952232], [54.14808587692784, 17.09582718672565]], [[44.55004267627159, 11.570378484364811], [43.65004331383962, 11.620598816364184], [43.14799366949638, 11.594869371447825]], [[37.34051417738748, 24.138084599448355], [37.80004745803156, 24.12261698700344], [38.10697724059967, 24.070648010417838]], [[35.521924071875475, 26.562513149236715], [35.21254929044368, 27.497802509202188], [35.223149282934465, 28.050969101148137]], [[24.9202225972494, 34.242187316462925], [24.90279096897315, 34.76016729562049], [24.7684, 35.07162999999965]], [[39.03754658077959, 20.936468000149056], [39.18275647850768, 21.481533475502996]], [[8.662568098699472, 44.21300917863173], [8.325068338383225, 43.8084564391072], [7.875068657167333, 43.564400497117596], [7.200069135343221, 43.237448352440914], [6.412569692619463, 42.908732427720366], [5.962570011403388, 42.908732427720366], [5.363546998256861, 43.286507748630704]]]}, "properties": {"source": "TeleGeography", "layer": "cables", "cable_id": "india-europe-xpress-iex", "name": "India Europe Xpress (IEX)", "sector": "ict", "rfs_year": 2026, "rfs": "2026 Q3", "is_planned": true, "length_km": 9775.0, "owners": "China Mobile, Reliance Jio Infocomm", "suppliers": "SubCom", "url": null, "notes": "The cable has other owners besides Reliance Jio and China Mobile who have yet to be disclosed.", "countries": ["Djibouti", "Egypt", "France", "Greece", "India", "Italy", "Oman", "Saudi Arabia"], "landing_total": 11, "landing_points": [{"id": "djibouti-city-djibouti", "name": "Djibouti City, Djibouti", "country": "Djibouti", "iso": "DJ", "lon": 43.14799288765091, "lat": 11.594678044710776, "tbd": false}, {"id": "sidi-kerir-egypt", "name": "Sidi Kerir, Egypt", "country": "Egypt", "iso": "EG", "lon": 29.672355999999517, "lat": 31.047639999999845, "tbd": false}, {"id": "zafarana-egypt", "name": "Zafarana, Egypt", "country": "Egypt", "iso": "EG", "lon": 32.649855793379736, "lat": 29.116686929125173, "tbd": false}], "raw_status": "planned", "dash_status": "under_construction", "map_url": "https://www.submarinecablemap.com/submarine-cable/india-europe-xpress-iex"}}, {"type": "Feature", "geometry": {"type": "MultiLineString", "coordinates": [[[12.591375316091606, 37.65058617278613], [12.543815349783424, 37.23235432155614], [12.600065309935387, 36.87321951208928], [12.825065150547426, 35.419780517080355], [13.162564911455389, 33.189714664600466], [13.187364893886881, 32.87762290319534]]]}, "properties": {"source": "TeleGeography", "layer": "cables", "cable_id": "italy-libya", "name": "Italy-Libya", "sector": "ict", "rfs_year": 1998, "rfs": "1998", "is_planned": false, "length_km": 570.0, "owners": "Libya International Telecommunications Company, Sparkle", "suppliers": "ASN", "url": null, "notes": null, "countries": ["Italy", "Libya"], "landing_total": 2, "landing_points": [{"id": "tripoli-libya", "name": "Tripoli, Libya", "country": "Libya", "iso": "LY", "lon": 13.187271924606817, "lat": 32.877298517745, "tbd": false}], "raw_status": "in service", "dash_status": "operating", "map_url": "https://www.submarinecablemap.com/submarine-cable/italy-libya"}}, {"type": "Feature", "geometry": {"type": "MultiLineString", "coordinates": [[[30.48106013999982, 1.439963724999737], [30.66358884999985, 1.115023672000301]]]}, "properties": {"source": "TeleGeography", "layer": "cables", "cable_id": "lake-albert-1", "name": "Lake Albert 1", "sector": "ict", "rfs_year": 2019, "rfs": "2019", "is_planned": false, "length_km": 51.0, "owners": "Bandwidth and Cloud Services (BCS)", "suppliers": null, "url": "https://www.bcs-ea.com/", "notes": null, "countries": ["Congo, Dem. Rep.", "Uganda"], "landing_total": 2, "landing_points": [{"id": "tchoima-congo-dem-rep-", "name": "Tchoima, Congo, Dem. Rep.", "country": "Congo, Dem. Rep.", "iso": "CD", "lon": 30.48106013999982, "lat": 1.439963724999737, "tbd": false}, {"id": "nkusi-uganda", "name": "Nkusi, Uganda", "country": "Uganda", "iso": "UG", "lon": 30.66358884999985, "lat": 1.115023672000301, "tbd": false}], "raw_status": "in service", "dash_status": "operating", "map_url": "https://www.submarinecablemap.com/submarine-cable/lake-albert-1"}}, {"type": "Feature", "geometry": {"type": "MultiLineString", "coordinates": [[[30.438399210000323, 1.39338882199983], [30.648445049999875, 1.101604128999433]]]}, "properties": {"source": "TeleGeography", "layer": "cables", "cable_id": "lake-albert-2", "name": "Lake Albert 2", "sector": "ict", "rfs_year": 2020, "rfs": "2020", "is_planned": false, "length_km": 44.0, "owners": "Bandwidth and Cloud Services (BCS)", "suppliers": null, "url": "https://www.bcs-ea.com/", "notes": null, "countries": ["Congo, Dem. Rep.", "Uganda"], "landing_total": 2, "landing_points": [{"id": "kasenyi-congo-dem-rep-", "name": "Kasenyi, Congo, Dem. Rep.", "country": "Congo, Dem. Rep.", "iso": "CD", "lon": 30.438399210000323, "lat": 1.39338882199983, "tbd": false}, {"id": "mpeefu-uganda", "name": "Mpeefu, Uganda", "country": "Uganda", "iso": "UG", "lon": 30.648445049999875, "lat": 1.101604128999433, "tbd": false}], "raw_status": "in service", "dash_status": "operating", "map_url": "https://www.submarinecablemap.com/submarine-cable/lake-albert-2"}}, {"type": "Feature", "geometry": {"type": "MultiLineString", "coordinates": [[[29.149937199999965, -3.377679800000496], [29.225053532041734, -3.628980032547918], [29.281303492193878, -3.965738331112359], [29.337553452345844, -4.526691650331427], [29.337553452345844, -4.975144051242498], [29.45005337264977, -5.647241633339604], [29.337553452345844, -5.871105633944185], [29.203626000000206, -5.913414799999944]]]}, "properties": {"source": "TeleGeography", "layer": "cables", "cable_id": "lake-tanganyika", "name": "Lake Tanganyika", "sector": "ict", "rfs_year": 2025, "rfs": "2025 Q1", "is_planned": false, "length_km": 370.0, "owners": "Bandwidth and Cloud Services (BCS)", "suppliers": null, "url": "https://www.bcs-ea.com/", "notes": null, "countries": ["Congo, Dem. Rep."], "landing_total": 2, "landing_points": [{"id": "kalemie-congo-dem-rep-", "name": "Kalemie, Congo, Dem. Rep.", "country": "Congo, Dem. Rep.", "iso": "CD", "lon": 29.203626000000206, "lat": -5.913414799999944, "tbd": false}, {"id": "uvira-congo-dem-rep-", "name": "Uvira, Congo, Dem. Rep.", "country": "Congo, Dem. Rep.", "iso": "CD", "lon": 29.149937199999965, "lat": -3.377679800000496, "tbd": false}], "raw_status": "in service", "dash_status": "operating", "map_url": "https://www.submarinecablemap.com/submarine-cable/lake-tanganyika"}}, {"type": "Feature", "geometry": {"type": "MultiLineString", "coordinates": [[[12.083365675970331, 32.933546411839394], [12.37506546932735, 33.001218522654476], [12.529855359672913, 32.77488568686176], [12.642240573027069, 32.96372252942492], [13.05006499115128, 33.001218522654476], [13.187364893886881, 32.87762290319534], [13.500064672367355, 33.001218522654476], [14.175064194191284, 32.8123187832876], [14.264514130824159, 32.6499893709631], [14.400064034799321, 32.8123187832876], [14.850063716015397, 32.8123187832876], [15.075063556623434, 32.62301664000789], [15.09498354251198, 32.37460980808494], [15.30006339723147, 32.33831157801293], [16.425062600271474, 31.478822672736147], [16.588442484531583, 31.20558735149696], [16.875062281487367, 31.286738814391754], [17.55006180331148, 31.286738814391754], [18.22506132513541, 30.901396088515508], [18.411971192726792, 30.586989976235927], [18.675061006351484, 30.708139993541643], [19.350060528175415, 30.708139993541643], [19.57652036774916, 30.378447643853725], [19.57506036878345, 30.708139993541643], [19.80006020939149, 31.86180860227073], [20.066760020458908, 32.116913544436095], [20.025060049999343, 32.43331330641721], [20.250059890607382, 32.7177179367584], [20.700059571823456, 32.8123187832876], [20.94995939479222, 32.71697755177159], [21.15005925303935, 33.001218522654476], [21.600058934255422, 33.001218522654476], [21.74175883387393, 32.88214108067166], [22.050058615471496, 33.001218522654476], [22.50005829668739, 33.001218522654476], [22.639118198176227, 32.76363502668908], [22.950057977903466, 32.8123187832876], [23.850057340335432, 32.43331330641721], [23.960407262162704, 32.07985133144836]]]}, "properties": {"source": "TeleGeography", "layer": "cables", "cable_id": "lfon-libyan-fiber-optic-network", "name": "LFON (Libyan Fiber Optic Network)", "sector": "ict", "rfs_year": 1999, "rfs": "1999", "is_planned": false, "length_km": 1639.0, "owners": "Libyan Post, Telecommunications and Information Technology Company (LPTIC Holding)", "suppliers": "ASN", "url": null, "notes": null, "countries": ["Libya"], "landing_total": 13, "landing_points": [{"id": "al-bayda-libya", "name": "Al Bayda, Libya", "country": "Libya", "iso": "LY", "lon": 21.74166039584776, "lat": 32.88172722141822, "tbd": false}, {"id": "al-khums-libya", "name": "Al Khums, Libya", "country": "Libya", "iso": "LY", "lon": 14.26441959904531, "lat": 32.64966152384897, "tbd": false}, {"id": "benghazi-libya", "name": "Benghazi, Libya", "country": "Libya", "iso": "LY", "lon": 20.066759238613432, "lat": 32.11658375707056, "tbd": false}, {"id": "brega-libya", "name": "Brega, Libya", "country": "Libya", "iso": "LY", "lon": 19.576525210899817, "lat": 30.378108493012235, "tbd": false}, {"id": "derna-libya", "name": "Derna, Libya", "country": "Libya", "iso": "LY", "lon": 22.639218353759222, "lat": 32.76355277517541, "tbd": false}, {"id": "misuratah-libya", "name": "Misuratah, Libya", "country": "Libya", "iso": "LY", "lon": 15.094790104552972, "lat": 32.37427884369104, "tbd": false}, {"id": "ras-lanuf-libya", "name": "Ras Lanuf, Libya", "country": "Libya", "iso": "LY", "lon": 18.41187759844718, "lat": 30.586737502695293, "tbd": false}, {"id": "sirte-libya", "name": "Sirte, Libya", "country": "Libya", "iso": "LY", "lon": 16.588343734005548, "lat": 31.205251640496304, "tbd": false}, {"id": "tobruk-libya", "name": "Tobruk, Libya", "country": "Libya", "iso": "LY", "lon": 23.960311167883617, "lat": 32.079604155442446, "tbd": false}, {"id": "tolmeta-libya", "name": "Tolmeta, Libya", "country": "Libya", "iso": "LY", "lon": 20.949961737944495, "lat": 32.71673198238239, "tbd": false}, {"id": "tripoli-libya", "name": "Tripoli, Libya", "country": "Libya", "iso": "LY", "lon": 13.187271924606817, "lat": 32.877298517745, "tbd": false}, {"id": "zawia-libya", "name": "Zawia, Libya", "country": "Libya", "iso": "LY", "lon": 12.529752859149395, "lat": 32.774720416295295, "tbd": false}, {"id": "zuwara-libya", "name": "Zuwara, Libya", "country": "Libya", "iso": "LY", "lon": 12.083366456623823, "lat": 32.93337907602355, "tbd": false}], "raw_status": "in service", "dash_status": "operating", "map_url": "https://www.submarinecablemap.com/submarine-cable/lfon-libyan-fiber-optic-network"}}, {"type": "Feature", "geometry": {"type": "MultiLineString", "coordinates": [[[8.781608014966428, -0.720651899991483], [8.775049269612806, -0.331409329660265], [9.020377845819665, 0.265947444189533], [9.454267538448212, 0.394465191855477]]]}, "properties": {"source": "TeleGeography", "layer": "cables", "cable_id": "libreville-port-gentil-cable", "name": "Libreville-Port Gentil Cable", "sector": "ict", "rfs_year": 2012, "rfs": "2012 April", "is_planned": false, "length_km": 198.0, "owners": "Republic of Gabon", "suppliers": null, "url": null, "notes": null, "countries": ["Gabon"], "landing_total": 2, "landing_points": [{"id": "libreville-gabon", "name": "Libreville, Gabon", "country": "Gabon", "iso": "GA", "lon": 9.454364412783434, "lat": 0.394268790397072, "tbd": false}, {"id": "port-gentil-gabon", "name": "Port Gentil, Gabon", "country": "Gabon", "iso": "GA", "lon": 8.781610983118252, "lat": -0.721040306475029, "tbd": false}], "raw_status": "in service", "dash_status": "operating", "map_url": "https://www.submarinecablemap.com/submarine-cable/libreville-port-gentil-cable"}}, {"type": "Feature", "geometry": {"type": "MultiLineString", "coordinates": [[[39.700146111983855, -4.050300939496507], [42.30004427019158, -5.049857167366764], [43.20004363262354, -5.721872747834119], [45.450042038703735, -11.943944931746815], [47.25004076356767, -11.943944931746815], [48.60003980721571, -11.503333845984299], [49.50003916964768, -11.503333845984299], [50.40003853207964, -12.383840433185572], [51.75003757572769, -17.168553094226155], [52.20003725694376, -18.880139975101173]], [[45.450042038703735, -11.943944931746815], [45.16576224009028, -12.817096445533013]]]}, "properties": {"source": "TeleGeography", "layer": "cables", "cable_id": "lower-indian-ocean-network-2-lion2", "name": "Lower Indian Ocean Network 2 (LION2)", "sector": "ict", "rfs_year": 2012, "rfs": "2012 April", "is_planned": false, "length_km": 2700.0, "owners": "Emtel, Mauritius Telecom, Orange, Orange Madagascar, Soci\u00e9t\u00e9 R\u00e9unionnaise du Radiot\u00e9l\u00e9phone, Telkom Kenya", "suppliers": "ASN", "url": "https://lion-submarinesystem.com", "notes": null, "countries": ["Kenya", "Mayotte"], "landing_total": 2, "landing_points": [{"id": "nyali-kenya", "name": "Nyali, Kenya", "country": "Kenya", "iso": "KE", "lon": 39.70004611145872, "lat": -4.050503576490907, "tbd": false}, {"id": "kaweni-mayotte", "name": "Kaweni, Mayotte", "country": "Mayotte", "iso": "YT", "lon": 45.16586255192312, "lat": -12.817103777696085, "tbd": false}], "raw_status": "in service", "dash_status": "operating", "map_url": "https://www.submarinecablemap.com/submarine-cable/lower-indian-ocean-network-2-lion2"}}, {"type": "Feature", "geometry": {"type": "MultiLineString", "coordinates": [[[57.51009349525022, -20.077536205633212], [56.70003406910378, -20.152543786018732], [55.80003470667163, -20.46905848545731], [55.575034866063774, -20.574419057276128], [55.54778488536792, -20.89726651520503], [55.35003502545574, -20.574419057276128], [52.20003725694376, -18.880139975101173], [49.40023924034702, -18.146086570227464]]]}, "properties": {"source": "TeleGeography", "layer": "cables", "cable_id": "lower-indian-ocean-network-lion", "name": "Lower Indian Ocean Network (LION)", "sector": "ict", "rfs_year": 2009, "rfs": "2009 November", "is_planned": false, "length_km": 1060.0, "owners": "Mauritius Telecom, Orange, Orange Madagascar", "suppliers": "ASN", "url": "https://lion-submarinesystem.com", "notes": null, "countries": ["Madagascar", "Mauritius", "R\u00e9union"], "landing_total": 3, "landing_points": [{"id": "toamasina-madagascar", "name": "Toamasina, Madagascar", "country": "Madagascar", "iso": "MG", "lon": 49.4003322084351, "lat": -18.146178330153365, "tbd": false}, {"id": "terre-rouge-mauritius", "name": "Terre Rouge, Mauritius", "country": "Mauritius", "iso": "MU", "lon": 57.510092088405194, "lat": -20.077808728343975, "tbd": false}, {"id": "sainte-marie-runion", "name": "Sainte Marie, R\u00e9union", "country": "R\u00e9union", "iso": "RE", "lon": 55.5499372269983, "lat": -20.89737367686448, "tbd": false}], "raw_status": "in service", "dash_status": "operating", "map_url": "https://www.submarinecablemap.com/submarine-cable/lower-indian-ocean-network-lion"}}, {"type": "Feature", "geometry": {"type": "MultiLineString", "coordinates": [[[-9.107439312264662, 38.642658330346336], [-9.449919069648717, 38.21117903702318], [-9.787418830560773, 37.23235432155614], [-10.124918591472738, 35.78566189952622], [-10.574918272688812, 33.93964008831966], [-13.949915881808826, 29.73606949729215], [-14.399915563024809, 28.95155473219332], [-14.624915403632755, 28.161052262220792], [-15.074915084848831, 26.964304734562898], [-18.449912693968844, 22.884654113882444], [-19.799911737616885, 19.95262290516439], [-19.804120576691208, 15.23578178303578], [-19.799911737616885, 11.735650161405832], [-18.449912693968844, 8.635699417327467], [-13.949915881808826, 3.266814816815666], [-10.799918113296759, 0.118588418888312], [-3.599923213840749, 0.118588418888312], [7.4235887302e-05, 0.806604849908682], [1.575073120143199, 1.918228780215599], [2.25007264196731, 2.480311786858737], [3.150072004399278, 4.164912849976942], [3.423511810692114, 6.439066911484626]], [[-0.204315619320974, 5.558285889905858], [7.4235887302e-05, 3.279837005484997], [7.4235887302e-05, 0.806604849908682]], [[-19.803965545293075, 15.23578178303578], [-18.449912693968844, 15.23578178303578], [-17.445713405352947, 14.686594841994992]], [[-3.599923213840749, 0.118588418888312], [-3.924922983607823, 1.468426767331968], [-4.049922895056732, 2.367912558705407], [-4.049922895056732, 3.266814816815666], [-4.026242911831877, 5.323508791824841]]]}, "properties": {"source": "TeleGeography", "layer": "cables", "cable_id": "mainone", "name": "MainOne", "sector": "ict", "rfs_year": 2010, "rfs": "2010 July", "is_planned": false, "length_km": 7000.0, "owners": "MainOne - An Equinix Company", "suppliers": "SubCom", "url": "https://www.mainone.net/", "notes": null, "countries": ["C\u00f4te d'Ivoire", "Ghana", "Nigeria", "Portugal", "Senegal"], "landing_total": 5, "landing_points": [{"id": "abidjan-cte-divoire", "name": "Abidjan, C\u00f4te d'Ivoire", "country": "C\u00f4te d'Ivoire", "iso": "CI", "lon": -4.026241271803983, "lat": 5.323518612555771, "tbd": false}, {"id": "accra-ghana", "name": "Accra, Ghana", "country": "Ghana", "iso": "GH", "lon": -0.201097497196668, "lat": 5.558283401661053, "tbd": false}, {"id": "lagos-nigeria", "name": "Lagos, Nigeria", "country": "Nigeria", "iso": "NG", "lon": 3.423216341555379, "lat": 6.438874849613729, "tbd": false}, {"id": "dakar-senegal", "name": "Dakar, Senegal", "country": "Senegal", "iso": "SN", "lon": -17.451915354680473, "lat": 14.686597713745336, "tbd": false}], "raw_status": "in service", "dash_status": "operating", "map_url": "https://www.submarinecablemap.com/submarine-cable/mainone"}}, {"type": "Feature", "geometry": {"type": "MultiLineString", "coordinates": [[[-7.631920358132023, 33.60539511325584], [-8.999919389028726, 33.31515395812905], [-12.1499171569448, 30.126049846722832], [-13.022832188573513, 28.161052262220792], [-14.399915563024809, 26.964304734562898], [-16.199914288484827, 23.848523186487938], [-16.64991396910482, 22.884654113882444], [-17.99991301275286, 19.95262290516439], [-17.999913013348852, 16.534196198259725], [-17.99991301275286, 11.735650161405832], [-16.64991396910482, 8.635699417327467], [-15.299914926648759, 7.744889052551447], [-14.399915564216792, 6.852191098754328], [-12.1499171569448, 5.061986954416114], [-10.799918113296759, 3.715978119298069], [-6.299921301732732, 3.715978119298069], [-3.712423134144677, 3.266814816815666], [-0.899925126544665, 3.279837005484997], [1.350073278939443, 4.164912849976942], [2.25007264196731, 4.0527020972683], [5.400070410479286, 1.918228780215599], [7.200069135343221, 0.793562652607196], [8.550068178991262, 0.568578852526193], [9.454267538448212, 0.394465191855477]], [[2.25007264196731, 4.0527020972683], [2.25007264196731, 5.061986954416114], [2.440112507341202, 6.356673335458259]], [[1.350073278939443, 4.164912849976942], [1.350073279535343, 5.061986954416114], [1.227803366152544, 6.126307297218732]], [[-3.712423134144677, 3.266814816815666], [-4.026242911831877, 5.323508791824841]], [[-16.199914288484827, 23.848523186487938], [-16.08741436818081, 23.745587983103654], [-15.934424476560302, 23.72108197755363]]]}, "properties": {"source": "TeleGeography", "layer": "cables", "cable_id": "maroc-telecom-west-africa", "name": "Maroc Telecom West Africa", "sector": "ict", "rfs_year": 2021, "rfs": "2021 July", "is_planned": false, "length_km": 8600.0, "owners": "Maroc Telecom", "suppliers": "ASN", "url": "http://www.iam.ma", "notes": null, "countries": ["Benin", "C\u00f4te d'Ivoire", "Gabon", "Morocco", "Togo"], "landing_total": 6, "landing_points": [{"id": "cotonou-benin", "name": "Cotonou, Benin", "country": "Benin", "iso": "BJ", "lon": 2.43991625688431, "lat": 6.356578143137007, "tbd": false}, {"id": "abidjan-cte-divoire", "name": "Abidjan, C\u00f4te d'Ivoire", "country": "C\u00f4te d'Ivoire", "iso": "CI", "lon": -4.026241271803983, "lat": 5.323518612555771, "tbd": false}, {"id": "libreville-gabon", "name": "Libreville, Gabon", "country": "Gabon", "iso": "GA", "lon": 9.454364412783434, "lat": 0.394268790397072, "tbd": false}, {"id": "casablanca-morocco", "name": "Casablanca, Morocco", "country": "Morocco", "iso": "MA", "lon": -7.631939228454702, "lat": 33.60538822284505, "tbd": false}, {"id": "dakhla-morocco", "name": "Dakhla, Morocco", "country": "Morocco", "iso": "MA", "lon": -15.934426000000126, "lat": 23.721081, "tbd": false}, {"id": "lome-togo", "name": "Lome, Togo", "country": "Togo", "iso": "TG", "lon": 1.227807740553492, "lat": 6.126007437636297, "tbd": false}], "raw_status": "in service", "dash_status": "operating", "map_url": "https://www.submarinecablemap.com/submarine-cable/maroc-telecom-west-africa"}}, {"type": "Feature", "geometry": {"type": "MultiLineString", "coordinates": [[[57.485483512684034, -20.473995660946287], [57.712533351839674, -20.679706953509093], [58.050033112751635, -20.679706953509093], [59.40003215639986, -20.574419057276128], [61.65003056247987, -20.152543786018732], [62.775029765519875, -19.683016915799705], [63.33752936703988, -19.570614456630153], [63.44822928861902, -19.674355986985844]]]}, "properties": {"source": "TeleGeography", "layer": "cables", "cable_id": "mauritius-and-rodrigues-submarine-cable-system-mars", "name": "Mauritius and Rodrigues Submarine Cable System (MARS)", "sector": "ict", "rfs_year": 2019, "rfs": "2019 February", "is_planned": false, "length_km": 677.0, "owners": "Mauritius Telecom", "suppliers": "HMN Tech", "url": "https://www.myt.mu/mars", "notes": null, "countries": ["Mauritius"], "landing_total": 2, "landing_points": [{"id": "baie-jacotet-mauritius", "name": "Baie Jacotet, Mauritius", "country": "Mauritius", "iso": "MU", "lon": 57.48538507465786, "lat": -20.473998881300506, "tbd": false}, {"id": "grand-baie-rodrigues-mauritius", "name": "Grand Baie (Rodrigues), Mauritius", "country": "Mauritius", "iso": "MU", "lon": 63.44823384600894, "lat": -19.674345590458458, "tbd": false}], "raw_status": "in service", "dash_status": "operating", "map_url": "https://www.submarinecablemap.com/submarine-cable/mauritius-and-rodrigues-submarine-cable-system-mars"}}, {"type": "Feature", "geometry": {"type": "MultiLineString", "coordinates": [[[6.300069772911254, 38.651811712711336], [5.400070410479286, 38.21117903702318], [3.150072004399278, 37.05299936423364], [3.035712085413061, 36.76212778211003], [2.812572243487313, 37.05299936423364], [1.800072960751236, 37.05299936423364], [7.4235887302e-05, 36.33133835588799], [-0.642015309250446, 35.701641134808355]], [[7.755438741914387, 36.90282046530194], [7.650068816559295, 37.23235432155614], [6.300069772911254, 38.651811712711336], [5.512570330783214, 41.74435878948223], [5.372530429989069, 43.29362778902908]]]}, "properties": {"source": "TeleGeography", "layer": "cables", "cable_id": "med-cable-network", "name": "Med Cable Network", "sector": "ict", "rfs_year": 2005, "rfs": "2005 October", "is_planned": false, "length_km": 1300.0, "owners": "Orascom Telecom Holding", "suppliers": "ASN", "url": null, "notes": null, "countries": ["Algeria", "France"], "landing_total": 4, "landing_points": [{"id": "algiers-algeria", "name": "Algiers, Algeria", "country": "Algeria", "iso": "DZ", "lon": 3.031810368831078, "lat": 36.76533572626506, "tbd": false}, {"id": "annaba-algeria", "name": "Annaba, Algeria", "country": "Algeria", "iso": "DZ", "lon": 7.755439835067562, "lat": 36.902343529231146, "tbd": false}, {"id": "oran-algeria", "name": "Oran, Algeria", "country": "Algeria", "iso": "DZ", "lon": -0.641966325506066, "lat": 35.701644687598005, "tbd": false}], "raw_status": "in service", "dash_status": "operating", "map_url": "https://www.submarinecablemap.com/submarine-cable/med-cable-network"}}, {"type": "Feature", "geometry": {"type": "MultiLineString", "coordinates": [[[-2.249924170192707, 35.876870570092834], [2.25007264196731, 37.411283634923244], [4.725070888059456, 38.651811712711336]], [[-2.249924170192707, 35.876870570092834], [-2.474924011396645, 35.450334489671505], [-2.933034999999599, 35.170020000000214]], [[6.075069932303216, 38.651811712711336], [5.400070410479286, 41.74435878948223], [5.372530429989069, 43.29362778902908]], [[4.725070888059456, 38.651811712711336], [6.075069932303216, 38.651811712711336]], [[6.075069932303216, 38.651811712711336], [8.057436949028947, 38.22048320665041], [9.000067859611436, 37.94551049545967], [9.583828707778796, 37.56799715393033], [9.867357245811593, 37.276816253475154]], [[9.000067859611436, 37.94551049545967], [10.348617229769278, 37.94551049545967], [10.91256650537538, 37.589786573603064], [11.812565866615547, 37.23235432155614], [12.946265012802193, 35.87231864098554], [14.47077136061674, 34.99040862562433], [16.5602576693071, 34.484997549332334], [19.24898112158607, 34.860996398864586], [22.050058614875596, 34.63291490532071], [23.64128846164546, 34.305351542954675], [25.252400096306765, 33.894592669629816], [27.000055108251505, 33.87739543625145], [31.050052239791533, 32.90681902852468], [31.9500516016276, 31.798087367585257], [32.28755136253957, 31.510798430049064], [32.28445136473581, 31.25927814644905]], [[-9.33155915349599, 38.690161972355526], [-9.449919069648717, 38.122730108392204], [-9.674918909064772, 37.23235432155614], [-9.562418989356745, 36.69301553274438], [-8.999919388432733, 36.33133835588799], [-5.843848196000099, 36.13475690999979], [-5.565736128994312, 36.28964443924729], [-5.250523729785807, 36.37610614625084], [-4.499922576272716, 35.78566189952622], [-2.249924170192707, 35.876870570092834]], [[-4.499922576272716, 35.78566189952622], [-4.724922416880753, 35.602930322906126], [-5.391811944449903, 35.565918934421326]], [[5.372530429989069, 43.29362778902908], [5.062570649567322, 41.74435878948223], [4.950070728667312, 41.1823303464796], [4.837570808959284, 40.04369219283004], [4.725070888059456, 38.651811712711336]], [[4.950070728667312, 41.1823303464796], [2.700072322587302, 41.1823303464796], [2.168725042748786, 41.38560270176812]], [[2.25007264196731, 37.411283634923244], [2.812572243487313, 37.23235432155614], [3.035712085413061, 36.76212778211003]], [[8.10006849777537, 38.21117903702318], [6.975069294139464, 37.44106375352233], [6.557241714000397, 37.00295935602444]], [[11.812565866615547, 37.23235432155614], [12.060515691561484, 37.546826221282146], [12.591375316091606, 37.65058617278613]], [[22.50654831394805, 34.53907554907902], [22.713297877407687, 35.39334285607203], [23.903670583009415, 36.290409440352754], [23.903670583009415, 37.09588010976437], [23.73052617441654, 37.97446102487642]], [[31.050052239791533, 32.90681902852468], [31.610642393614338, 33.937310785298685], [32.46668800000052, 34.76662920076821]], [[14.47077136061674, 34.99040862562433], [15.28032546762509, 33.68969836184677], [15.088930733703902, 32.37254680331547]], [[20.060997550718024, 32.114846773024304], [19.54833292295356, 32.37254680331547], [19.270752161685323, 32.80214707225284], [19.24898112158607, 34.860996398864586]], [[14.350100000000367, 35.95239999999964], [13.589266586762104, 35.50152744443852]], [[32.047198751652715, 34.36126232841875], [34.200050008303506, 34.36126232841875], [35.89779880560243, 34.89170328553848]]]}, "properties": {"source": "TeleGeography", "layer": "cables", "cable_id": "medusa-submarine-cable-system", "name": "Medusa Submarine Cable System", "sector": "ict", "rfs_year": 2026, "rfs": "2026", "is_planned": false, "length_km": 8760.0, "owners": "AFRIX Telecom", "suppliers": "ASN", "url": "https://medusascs.com/", "notes": "Orange Tunisie owns the Tunisia branch.", "countries": ["Algeria", "Cyprus", "Egypt", "France", "Greece", "Italy", "Libya", "Malta", "Morocco", "Portugal", "Spain", "Syria", "Tunisia"], "landing_total": 18, "landing_points": [{"id": "algiers-algeria", "name": "Algiers, Algeria", "country": "Algeria", "iso": "DZ", "lon": 3.031810368831078, "lat": 36.76533572626506, "tbd": false}, {"id": "collo-algeria", "name": "Collo, Algeria", "country": "Algeria", "iso": "DZ", "lon": 6.557241714400392, "lat": 37.00296280298153, "tbd": false}, {"id": "port-said-egypt", "name": "Port Said, Egypt", "country": "Egypt", "iso": "EG", "lon": 32.28445799999981, "lat": 31.259279, "tbd": false}, {"id": "benghazi-libya", "name": "Benghazi, Libya", "country": "Libya", "iso": "LY", "lon": 20.066759238613432, "lat": 32.11658375707056, "tbd": false}, {"id": "misuratah-libya", "name": "Misuratah, Libya", "country": "Libya", "iso": "LY", "lon": 15.094790104552972, "lat": 32.37427884369104, "tbd": false}, {"id": "nador-morocco", "name": "Nador, Morocco", "country": "Morocco", "iso": "MA", "lon": -2.933034999999599, "lat": 35.170020000000214, "tbd": false}, {"id": "ttouan-morocco", "name": "T\u00e9touan, Morocco", "country": "Morocco", "iso": "MA", "lon": -5.391816476292676, "lat": 35.56592071383522, "tbd": false}, {"id": "bizerte-tunisia", "name": "Bizerte, Tunisia", "country": "Tunisia", "iso": "TN", "lon": 9.867352401468954, "lat": 37.276349513656555, "tbd": false}], "raw_status": "in service", "dash_status": "operating", "map_url": "https://www.submarinecablemap.com/submarine-cable/medusa-submarine-cable-system"}}, {"type": "Feature", "geometry": {"type": "MultiLineString", "coordinates": [[[30.901552344990282, -30.021618287456878], [32.40005128343957, -29.920697111268968], [38.70004682046353, -27.553513996438145], [45.00004235748766, -26.350174904573713], [47.700040444783745, -25.540896076259312], [49.0500394884316, -24.72611802920699], [51.75003757572769, -23.08058350574764], [53.98195422020508, -20.534433992427076], [54.90003534423966, -20.152543786018732], [55.80003470667163, -20.152543786018732], [56.70003406910378, -20.046895587328667], [57.495133505847896, -20.122124416034133]], [[46.98534095108351, -25.022510261484957], [47.25004076356767, -25.33771218660113], [47.700040444783745, -25.540896076259312]], [[54.439618916735064, -20.34417917313043], [55.1548690055623, -20.63124507182932], [55.303235058609346, -20.944427907259005]]]}, "properties": {"source": "TeleGeography", "layer": "cables", "cable_id": "meltingpot-indianoceanic-submarine-system-metiss", "name": "Meltingpot Indianoceanic Submarine System (METISS)", "sector": "ict", "rfs_year": 2021, "rfs": "2021 March", "is_planned": false, "length_km": 3200.0, "owners": "***Canal+ Telecom***, CEB Fibernet, Emtel, SFR, Telma (Telecom Malagasy), Zeop (incl. Reunicable)", "suppliers": "ASN", "url": null, "notes": null, "countries": ["Madagascar", "Mauritius", "R\u00e9union", "South Africa"], "landing_total": 4, "landing_points": [{"id": "fort-dauphin-madagascar", "name": "Fort Dauphin, Madagascar", "country": "Madagascar", "iso": "MG", "lon": 46.98537557369402, "lat": -25.022532459682907, "tbd": false}, {"id": "baie-du-tombeau-mauritius", "name": "Baie du Tombeau, Mauritius", "country": "Mauritius", "iso": "MU", "lon": 57.49512645132687, "lat": -20.122119652452948, "tbd": false}, {"id": "le-port-runion", "name": "Le Port, R\u00e9union", "country": "R\u00e9union", "iso": "RE", "lon": 55.30328230092486, "lat": -20.944389515009206, "tbd": false}, {"id": "umbogintwini-south-africa", "name": "Umbogintwini, South Africa", "country": "South Africa", "iso": "ZA", "lon": 30.901573844940014, "lat": -30.021650031238458, "tbd": false}], "raw_status": "in service", "dash_status": "operating", "map_url": "https://www.submarinecablemap.com/submarine-cable/meltingpot-indianoceanic-submarine-system-metiss"}}, {"type": "Feature", "geometry": {"type": "MultiLineString", "coordinates": [[[37.68754753772763, 22.05298561667754], [39.18275647850768, 21.481533475502996]], [[12.591375316091606, 37.65058617278613], [12.173015612461494, 37.27875778048947], [12.037565708415386, 36.87321951208928], [12.150065628719313, 35.78566189952622], [12.487565389636371, 35.419780517080355], [14.400064034799321, 34.12610104005753], [16.65006244087933, 33.37780603565933], [19.350060528175415, 33.75276987113061], [22.050058614875596, 33.73717891339029], [25.200056383983473, 33.001218522654476], [27.900054471279375, 32.148008778540614], [29.70093319552029, 31.072270031660306]], [[29.70093319552029, 31.072270031660306], [29.98130299690349, 30.65976529855482], [30.375052717967602, 30.393272076386282], [31.050052239791533, 30.02869812787728], [31.72505176161546, 29.784900534878602], [32.17505144283154, 29.4423669335806], [32.65318110412008, 29.113614162980063]], [[29.70093319552029, 31.072270031660306], [29.98130299690349, 30.61136637963382], [30.375052717967602, 30.296184504419557], [31.050052239791533, 29.93125070442692], [31.72505176161546, 29.687214675556923], [32.17505144283154, 29.393413371278484], [32.65318110412008, 29.113614162980063]], [[32.65318110412008, 29.113614162980063], [33.42698805595291, 28.161052262220792], [34.031300127847615, 27.364667993860262], [34.84692455005155, 26.562513149236715], [35.43754913164762, 25.75470426341523], [36.45004841438352, 24.12261698700344], [37.68754753772763, 22.05298561667754], [38.47504697985549, 20.375041253465433], [39.82504602350353, 18.251816319028222], [40.83754530624179, 16.534196198259725], [41.96254450927961, 14.801154224791581], [42.46879415064765, 13.92930384327183], [42.975043792015505, 13.054150695298627], [43.20004363262354, 12.834868817846521], [43.28441857285158, 12.615395567393394], [43.59379335368765, 12.395734000022975], [44.55004267627159, 12.175887185507976], [45.450042038703735, 12.615395567393394], [48.60003980721571, 13.3827080361257], [55.35003502545574, 16.10232559580297], [58.95003247518379, 17.82393441253792], [60.075031678223795, 19.104405475930452], [60.187531597931816, 22.469443964829516], [59.85003183761575, 22.988259503893058], [58.50003279396771, 24.12261698700344]], [[58.50003279396771, 24.12261698700344], [58.331282913511636, 23.91710129093513], [58.1762030233719, 23.68487753168473]]]}, "properties": {"source": "TeleGeography", "layer": "cables", "cable_id": "middle-east-north-africa-mena-cable-systemgulf-bridge-international", "name": "Middle East North Africa (MENA) Cable System/Gulf Bridge International", "sector": "ict", "rfs_year": 2014, "rfs": "2014 December", "is_planned": false, "length_km": 8000.0, "owners": "Gulf Bridge International, Telecom Egypt", "suppliers": "ASN", "url": "https://www.te.eg/wps/portal/te/Business/Wholesale/", "notes": "Telecom Egypt owns five fiber pairs on the cable. Gulf Bridge International owns one fiber pair across the MENA cable that connects to the company\u2019s Gulf ring system. TE owns one fiber pair on the Gulf Bridge cable from Oman to India.", "countries": ["Egypt", "Italy", "Oman", "Saudi Arabia"], "landing_total": 5, "landing_points": [{"id": "abu-talat-egypt", "name": "Abu Talat, Egypt", "country": "Egypt", "iso": "EG", "lon": 29.702494600068096, "lat": 31.071848731738037, "tbd": false}, {"id": "zafarana-egypt", "name": "Zafarana, Egypt", "country": "Egypt", "iso": "EG", "lon": 32.649855793379736, "lat": 29.116686929125173, "tbd": false}], "raw_status": "in service", "dash_status": "operating", "map_url": "https://www.submarinecablemap.com/submarine-cable/middle-east-north-africa-mena-cable-systemgulf-bridge-international"}}, {"type": "Feature", "geometry": {"type": "MultiLineString", "coordinates": [[[34.33400486710986, 27.911373381384173], [35.11065407969618, 27.363437709354482], [35.696548947573824, 27.354010300438862]]]}, "properties": {"source": "TeleGeography", "layer": "cables", "cable_id": "mobily-red-sea-cable-mrsc", "name": "Mobily Red Sea Cable (MRSC)", "sector": "ict", "rfs_year": 2027, "rfs": "2027", "is_planned": true, "length_km": null, "owners": "Mobily", "suppliers": null, "url": "http://www.mobily.com.sa/", "notes": null, "countries": ["Egypt", "Saudi Arabia"], "landing_total": 2, "landing_points": [{"id": "sharm-el-sheikh-egypt", "name": "Sharm el-Sheikh, Egypt", "country": "Egypt", "iso": "EG", "lon": 34.329721999999784, "lat": 27.912221999999666, "tbd": false}], "raw_status": "planned", "dash_status": "under_construction", "map_url": "https://www.submarinecablemap.com/submarine-cable/mobily-red-sea-cable-mrsc"}}, {"type": "Feature", "geometry": {"type": "MultiLineString", "coordinates": [[[3.423511810692114, 6.439066911484626], [4.050071366831244, 4.164912849976942], [5.400070410479286, 3.042156042425856], [6.300069772911254, 2.817450442654169], [8.10006849777537, 2.705081160335761], [9.000067860207336, 2.817450442654169], [9.91022721544214, 2.933124533518602]]]}, "properties": {"source": "TeleGeography", "layer": "cables", "cable_id": "nigeria-cameroon-submarine-cable-system-ncscs", "name": "Nigeria Cameroon Submarine Cable System (NCSCS)", "sector": "ict", "rfs_year": 2015, "rfs": "2015 December", "is_planned": false, "length_km": 1100.0, "owners": "Camtel", "suppliers": "HMN Tech", "url": null, "notes": null, "countries": ["Cameroon", "Nigeria"], "landing_total": 2, "landing_points": [{"id": "kribi-cameroon", "name": "Kribi, Cameroon", "country": "Cameroon", "iso": "CM", "lon": 9.910418777210333, "lat": 2.932917598068574, "tbd": false}, {"id": "lagos-nigeria", "name": "Lagos, Nigeria", "country": "Nigeria", "iso": "NG", "lon": 3.423216341555379, "lat": 6.438874849613729, "tbd": false}], "raw_status": "in service", "dash_status": "operating", "map_url": "https://www.submarinecablemap.com/submarine-cable/nigeria-cameroon-submarine-cable-system-ncscs"}}, {"type": "Feature", "geometry": {"type": "MultiLineString", "coordinates": [[[-0.376975497007027, 39.459646713436726], [0.450073917103194, 39.17701458492114], [0.900073598319269, 38.651811712711336], [0.675073757711232, 37.589786573603064], [7.4235887302e-05, 36.51238821239364], [-0.642015309250446, 35.701641134808355]], [[0.675073757711232, 37.589786573603064], [2.812572243487313, 37.14273000200076], [3.035712085413061, 36.76212778211003]]]}, "properties": {"source": "TeleGeography", "layer": "cables", "cable_id": "oran-valencia-orval", "name": "Oran-Valencia (ORVAL)", "sector": "ict", "rfs_year": 2020, "rfs": "2020 December", "is_planned": false, "length_km": 770.0, "owners": "Algerie Telecom", "suppliers": "ASN", "url": "https://www.algerietelecom.dz/", "notes": null, "countries": ["Algeria", "Spain"], "landing_total": 3, "landing_points": [{"id": "algiers-algeria", "name": "Algiers, Algeria", "country": "Algeria", "iso": "DZ", "lon": 3.031810368831078, "lat": 36.76533572626506, "tbd": false}, {"id": "oran-algeria", "name": "Oran, Algeria", "country": "Algeria", "iso": "DZ", "lon": -0.641966325506066, "lat": 35.701644687598005, "tbd": false}], "raw_status": "in service", "dash_status": "operating", "map_url": "https://www.submarinecablemap.com/submarine-cable/oran-valencia-orval"}}, {"type": "Feature", "geometry": {"type": "MultiLineString", "coordinates": [[[-15.417372599999679, 27.994844240009535], [-14.470919920303668, 27.661377989173356], [-13.577320177102004, 28.38853301873347]], [[-13.547572416832688, 28.959501465241424], [-13.577320177102004, 28.38853301873347], [-13.862220631432923, 28.496470563064396]], [[-15.439709999999666, 28.128696187104918], [-13.931985677857744, 28.811610908811506]], [[-13.82731596925565, 28.863419398977502], [-13.931985677857744, 28.811610908811506], [-13.862208425006578, 28.715982337200522]], [[-13.713235817901216, 28.278250826846115], [-12.92587192206816, 27.931099113147745]], [[-14.048144758926515, 28.006017860279158], [-14.209126670000469, 28.149917514296433]]]}, "properties": {"source": "TeleGeography", "layer": "cables", "cable_id": "orient-island-ring", "name": "Orient Island Ring", "sector": "ict", "rfs_year": 2028, "rfs": "2028 Q1", "is_planned": true, "length_km": 553.0, "owners": "Canalink", "suppliers": null, "url": null, "notes": null, "countries": ["Morocco", "Spain"], "landing_total": 8, "landing_points": [{"id": "tarfaya-morocco", "name": "Tarfaya, Morocco", "country": "Morocco", "iso": "MA", "lon": -12.92587192206816, "lat": 27.939259754954893, "tbd": false}], "raw_status": "planned", "dash_status": "announced", "map_url": "https://www.submarinecablemap.com/submarine-cable/orient-island-ring"}}, {"type": "Feature", "geometry": {"type": "MultiLineString", "coordinates": [[[9.450067540827328, 37.50058844605323], [9.675067381435365, 37.35168786972502], [9.867357245811593, 37.276816253475154]], [[55.35003502545574, 14.147583506948735], [48.60003980781179, 12.395734000022975], [45.450042038703735, 11.625479959569855], [44.55004267627159, 11.680570534838436]], [[67.02854675228855, 24.889731701235817], [65.25002801220774, 22.884654113882444], [64.35002864977577, 20.375041253465433], [60.97503104065576, 16.965102599435927], [58.95003247279982, 14.801154224791581], [57.00003385598526, 13.248904801212989], [55.35003502545574, 14.147583506948735]], [[58.000033147576175, 12.273619553801206], [57.00003385598526, 11.294709319565477], [54.90003534423966, 9.52441134501949], [53.55003630118789, 5.510071711803246], [50.40003853207964, 1.468426767331968], [45.90004171991963, -1.681168935904995], [42.30004427019158, -3.92832730414264], [39.672896131288006, -4.052924364763054]], [[29.70093319552029, 31.072270031660306], [27.900054471279375, 31.86180860227073], [25.200056383983473, 32.575628370353215], [22.050058614875596, 33.31515395812905], [19.350060528175415, 33.189714664600466], [16.65006244087933, 32.8123187832876], [14.400064034799321, 33.70598849685854], [11.981315748271243, 35.419780517080355], [11.812565867807347, 35.78566189952622], [11.250066265095544, 37.23235432155614], [10.348617229769278, 37.50058844605323], [9.450067540827328, 37.50058844605323], [9.000067859611436, 37.50058844605323], [7.200069135343221, 37.94551049545967], [6.525069613519291, 38.651811712711336], [5.625070251087323, 41.74435878948223], [5.372530429989069, 43.29362778902908]], [[44.55004267627159, 11.680570534838436], [43.24223110273756, 12.615395567393394], [43.15785616250971, 12.834868817846521], [42.86254387230766, 13.054150695298627], [42.24379431063569, 13.92930384327183], [41.737544669267656, 14.801154224791581], [40.38754562562161, 16.534196198259725], [39.37504634288372, 18.251816319028222], [38.02504729923568, 20.375041253465433], [37.237547857107636, 22.05298561667754], [36.00004873376353, 24.12261698700344], [34.98754945102763, 25.75470426341523], [34.50942478913958, 26.562513149236715], [33.862550247391546, 27.364667993860262], [33.37083809573128, 28.161052262220792], [32.65318110412008, 29.113614162980063], [31.72505176161546, 29.09911045097482], [31.050052239791533, 29.344566989489813], [30.375052717967602, 29.711645057947855], [29.98130299690349, 30.223089656566962], [29.70093319552029, 31.072270031660306]], [[50.40003853207964, 1.468426767331968], [52.20003725694376, -2.130918480960333], [54.00003598180769, -3.92832730414264], [55.44505495814286, -4.617611322442136]], [[27.900054471279375, 31.86180860227073], [31.500051920411707, 34.25018044028598], [32.466651236259686, 34.76657169708598]], [[11.981315748271243, 35.419780517080355], [13.668814552823427, 35.69434844652369], [14.350104069595588, 35.95240101739213]], [[73.07152247079179, 6.622458884185137], [73.11252244174707, 6.790133539110704], [73.22502236205099, 7.013502779332166]], [[57.00003385598526, 13.248904801212989], [58.000033147576175, 12.273619553801206], [63.00002960553183, 11.735650161405832], [67.00002677189639, 10.85308969074528], [71.3195757241684, 9.11818824277241], [73.22502236205099, 7.013502779332166], [73.59708669534523, 6.355510376771536], [74.25002163593187, 5.659359572411489], [78.3000187674719, 3.042156042425856], [79.65001781052403, 2.51777609524721], [81.00001685476798, 2.143087178471855], [85.500013666928, -0.781332308789108], [90.00001047908802, 0.118642751260435], [92.70000856638391, 3.940475772228814], [94.27500745064, 4.937462677928599], [95.45328225426326, 5.909674833582863], [97.42500521915215, 5.286069860821008], [97.65000505976, 5.286069860821008], [98.21250466128001, 4.613591578862773], [99.7875035455361, 3.266814816815666], [101.25000250948806, 1.974446286104158], [102.15000187192003, 1.74956539407541], [102.68279723997186, 1.502034277710852], [103.34065102845322, 1.159233669139442], [103.6462108113958, 1.338645835654649]], [[37.237547857107636, 22.05298561667754], [39.18275647850768, 21.481533475502996]], [[32.65318110412008, 29.113614162980063], [31.72505176161546, 29.197363639715668], [31.050052239791533, 29.442584645837396], [30.375052717967602, 29.809307127152845], [29.98130299690349, 30.32033594247502], [29.70093319552029, 31.072270031660306]], [[45.450042038703735, 11.625479959569855], [45.33754211780372, 11.073982781226615], [45.01088234980864, 10.43511874899288]], [[65.25002801220774, 22.884654113882444], [63.22180684167684, 23.91710129093513], [60.00000731671387, 24.85391243144087], [58.71855992030421, 25.0514826710929], [56.33993432360578, 25.0514826710929]]]}, "properties": {"source": "TeleGeography", "layer": "cables", "cable_id": "peace-cable", "name": "PEACE Cable", "sector": "ict", "rfs_year": 2022, "rfs": "2022 March", "is_planned": false, "length_km": 25000.0, "owners": "Peace Cable International Network Co. Ltd.", "suppliers": "HMN Tech", "url": "http://www.peacecable.net", "notes": "Cyta owns the branch to Cyprus which they market as Arsinoe. GO owns the branch to Malta which they market as LaValette. Ooredoo Tunisia owns the Tunisian branch which they market as IFRIQYA. Zain owns the branch to Jeddah which they market as J2M (Jeddah to Marseille). du owns a branch to the UAE that will be completed in 2026.", "countries": ["Cyprus", "Egypt", "France", "Kenya", "Maldives", "Malta", "Pakistan", "Saudi Arabia", "Seychelles", "Singapore", "Somalia", "Tunisia", "United Arab Emirates"], "landing_total": 14, "landing_points": [{"id": "abu-talat-egypt", "name": "Abu Talat, Egypt", "country": "Egypt", "iso": "EG", "lon": 29.702494600068096, "lat": 31.071848731738037, "tbd": false}, {"id": "zafarana-egypt", "name": "Zafarana, Egypt", "country": "Egypt", "iso": "EG", "lon": 32.649855793379736, "lat": 29.116686929125173, "tbd": false}, {"id": "mombasa-kenya", "name": "Mombasa, Kenya", "country": "Kenya", "iso": "KE", "lon": 39.67280003701128, "lat": -4.053206761989876, "tbd": false}, {"id": "victoria-seychelles", "name": "Victoria, Seychelles", "country": "Seychelles", "iso": "SC", "lon": 55.445054488797076, "lat": -4.617612256899657, "tbd": false}, {"id": "berbera-somalia", "name": "Berbera, Somalia", "country": "Somalia", "iso": "SO", "lon": 45.01088219296272, "lat": 10.43511582934602, "tbd": false}, {"id": "bizerte-tunisia", "name": "Bizerte, Tunisia", "country": "Tunisia", "iso": "TN", "lon": 9.867352401468954, "lat": 37.276349513656555, "tbd": false}], "raw_status": "in service", "dash_status": "operating", "map_url": "https://www.submarinecablemap.com/submarine-cable/peace-cable"}}, {"type": "Feature", "geometry": {"type": "MultiLineString", "coordinates": [[[-78.88266988343256, 33.69355790837514], [-74.2367384090291, 31.895737453957153], [-56.93747717996609, 23.619667749347347], [-52.10709095043794, 16.57776764106849], [-38.292979177102396, 1.433940786388127], [-37.82901999752645, -1.243529466953686], [-38.54877540946694, -3.720856079754825], [-35.947227022705135, -3.059997375917503], [-34.024755512974004, -3.469028991515528], [-31.65109171014376, -4.861397229447735], [13.886634799254555, -32.93449308708872], [16.894583419921453, -34.322821702626335], [18.043255079695783, -34.230964637690946], [18.41612564231266, -33.92084632399508], [18.171981177101898, -34.845022128572865], [18.74576413017278, -35.773488145151255], [19.623400227197045, -35.98012665125699], [23.413985104279334, -35.98012665125699], [27.97749587157728, -35.20204261409993], [38.62374269486827, -29.15403653793159], [45.29070355814658, -29.16507618637023], [47.34269069793371, -28.66595753524189], [56.973482479608386, -23.083727842143475], [62.53039521042826, -14.511535911566813], [65.57437726936688, -10.963562200511431], [74.66037634553088, -5.454560702582534], [76.26954099999939, -2.786733343456576], [76.85773463235368, 0.847399963023893], [76.05002036139189, 4.093063841323328], [75.63713069157988, 8.283573814251765], [73.9070597935403, 11.529557268608945], [73.90074005700309, 11.538453807348953], [73.89027785728716, 11.55119668203278], [73.87584899910533, 11.56762651126271], [73.85762928717041, 11.587583913641023], [73.83579452619524, 11.610909507770005], [73.81052052089265, 11.637443912251937], [73.78198307597543, 11.667027745689104], [73.75035799615642, 11.699501626683789], [73.71582108614845, 11.734706173838275], [73.67854815066434, 11.772482005754842], [73.6387149944169, 11.812669741035775], [73.59649742211894, 11.855109998283359], [73.55207123848332, 11.899643396099872], [73.50561224822283, 11.946110553087603], [73.45729625605031, 11.994352087848831], [73.40729906667858, 12.04420861898584], [73.35579648482046, 12.095520765100915], [73.30296431518876, 12.148129144796334], [73.2489783624963, 12.201874376674384], [73.19401443145593, 12.256597079337348], [73.13824832678046, 12.312137871387508], [73.08185585318269, 12.368337371427147], [73.02501281537546, 12.425036198058548], [72.9678950180716, 12.482074969883993], [72.91067826598392, 12.539294305505766], [72.85353836382525, 12.596534823526152], [72.7966511163084, 12.653637142547431], [72.74019232814621, 12.710441881171887], [72.68433780405148, 12.766789658001803], [72.62926334873704, 12.822521091639462], [72.57514476691573, 12.877476800687148], [72.52215786330034, 12.93149740374714], [72.47047844260372, 12.984423519421728], [72.42028230953868, 13.036095766313188], [72.37174526881803, 13.086354763023808], [72.32504312515462, 13.13504112815587], [72.28035168326124, 13.181995480311652], [72.23784674785075, 13.227058438093444], [72.19770412363594, 13.270070620103526], [72.16009961532964, 13.31087264494418], [72.12520902764467, 13.34930513121769], [72.09320816529387, 13.38520869752634], [72.06427283299004, 13.418423962472412], [72.03857883544602, 13.448791544658189], [72.01630197737461, 13.476152062685951], [71.99761806348866, 13.500346135157987], [71.98270289850096, 13.521214380676577], [71.97173228712435, 13.538597417844004], [71.9623279440557, 13.562270341534498], [71.9623279440557, 13.562270341534498], [71.9623279440557, 16.965102599435927], [72.87590260996693, 19.07607425728523]], [[80.23727325388181, 13.061502540930007], [81.52150148534334, 11.831105221838026], [83.03675798088666, 9.555359258837743], [83.42909910532154, 7.869634986459248], [84.12223509182334, 5.770024991079929], [90.77895616973278, -8.135430886528464], [94.72510478744105, -10.344819867074083], [123.06805345903014, -12.77887632491396], [129.87005785386256, -12.379679526898897], [130.84315500000028, -12.46750362874273], [131.6807426702204, -11.66969729826832], [131.72527388867405, -10.733304228874694], [132.75207980190007, -10.238639981123713], [138.5484135863478, -10.53440199037786], [142.13312784377766, -9.85125498416662], [144.89997158744055, -11.017428674932855], [147.26153671946165, -11.66969729826832], [153.48673308202717, -12.4774587840296], [160.98814378358247, -12.4774587840296], [170.00000263387216, -10.000034051545839], [179.99994672169302, 3.097072904518241]], [[-179.9997982511102, 3.097077087813343], [-169.96832199026696, 16.17794031173706], [-161.61408917916899, 23.0378173020752], [-147.45057458707294, 30.255702942039875], [-127.79047240201581, 33.529146127585946], [-122.38731473421552, 33.477440406239914], [-120.6195929927509, 33.45053234181001], [-118.90292030393906, 33.82651440184361], [-118.24535355799169, 34.053396879397056]], [[76.85773463235368, 0.847399963023893], [80.97374466123836, 1.869852037928076], [85.500013666928, -1.270676198168406], [87.29076711246154, -0.856753963754112]], [[87.72300880490236, -1.761851807844764], [90.09946213585373, -1.292098430153732], [92.73770385158454, 3.460265883431271], [94.3164380847574, 4.500452898358986], [95.47224819004255, 5.742729330133516], [97.42500521915215, 6.160631743962457], [99.6847692427181, 5.86388465224445], [100.40982310408316, 5.368393581488473]], [[33.490096931155925, -32.120588991728155], [31.980099654439186, -30.22719186196053], [30.88039235938437, -30.066210326831214]]]}, "properties": {"source": "TeleGeography", "layer": "cables", "cable_id": "project-waterworth", "name": "Project Waterworth", "sector": "ict", "rfs_year": null, "rfs": null, "is_planned": true, "length_km": 50000.0, "owners": "Meta", "suppliers": null, "url": "https://about.meta.com/", "notes": null, "countries": ["Australia", "Brazil", "India", "Malaysia", "South Africa", "United States"], "landing_total": 9, "landing_points": [{"id": "amanzimtoti-south-africa", "name": "Amanzimtoti, South Africa", "country": "South Africa", "iso": "ZA", "lon": 30.88039000000108, "lat": -30.057720000000288, "tbd": true}, {"id": "cape-town-south-africa", "name": "Cape Town, South Africa", "country": "South Africa", "iso": "ZA", "lon": 18.421980999999718, "lat": -33.91908600000014, "tbd": true}], "raw_status": "planned", "dash_status": "announced", "map_url": "https://www.submarinecablemap.com/submarine-cable/project-waterworth"}}, {"type": "Feature", "geometry": {"type": "MultiLineString", "coordinates": [[[72.87590260996693, 19.07607425728523], [70.20002450558383, 19.635064099942493], [66.60002705585578, 20.163975031975873], [62.775029765519875, 20.375041253465433], [58.95003247518379, 17.609605913224996], [55.35003502545574, 15.886035719079029], [48.60003980721571, 13.273238157547594], [45.450042038703735, 12.505588131780646], [44.55004267627159, 12.285833556268383], [43.881959133154325, 12.458770746871922], [43.42504347323158, 12.615395567393394], [43.340668533003544, 12.834868817846521], [43.256293592775506, 13.054150695298627], [43.03129375216765, 13.92930384327183], [42.52504411079961, 14.801154224791581], [41.8500445889755, 16.534196198259725], [39.487546262591565, 20.375041253465433], [39.1500465010837, 20.936468000149056], [38.70004682046353, 22.05298561667754], [37.46254769711778, 24.12261698700344], [36.45004841438352, 25.75470426341523], [35.696548947573824, 27.354010300438862]], [[35.696548947573824, 27.354010300438862], [35.80902892030377, 28.11423835582824], [35.386279636121465, 29.113614162980063], [35.005095000000225, 29.581033231032787], [35.522363857840276, 29.189902084804793], [35.993890400705276, 28.15020742874113], [35.696548947573824, 27.354010300438862]], [[44.55004267627159, 12.285833556268383], [43.63637028333588, 11.94650543254203], [43.14799366949638, 11.594869371447825]], [[55.35003502545574, 15.886035719079029], [54.78753542333983, 16.534196198259725], [54.14808587692784, 17.09582718672565]], [[62.775029765519875, 20.375041253465433], [62.775029765519875, 22.469443964829516], [59.85003183761575, 24.225251377403733], [58.50003279396771, 23.89138876125301], [57.88605322832058, 23.67872342575357]]]}, "properties": {"source": "TeleGeography", "layer": "cables", "cable_id": "raman", "name": "Raman", "sector": "ict", "rfs_year": 2026, "rfs": "2026", "is_planned": true, "length_km": 7376.0, "owners": "Google, Sparkle, Zain Omantel International", "suppliers": "ASN", "url": null, "notes": null, "countries": ["Djibouti", "India", "Jordan", "Oman", "Saudi Arabia"], "landing_total": 6, "landing_points": [{"id": "djibouti-city-djibouti", "name": "Djibouti City, Djibouti", "country": "Djibouti", "iso": "DJ", "lon": 43.14799288765091, "lat": 11.594678044710776, "tbd": false}], "raw_status": "planned", "dash_status": "under_construction", "map_url": "https://www.submarinecablemap.com/submarine-cable/raman"}}, {"type": "Feature", "geometry": {"type": "MultiLineString", "coordinates": [[[33.08276564295245, 28.365936333863583], [32.85009096581918, 28.95155473219332], [32.65318110412008, 29.113614162980063], [32.597126143829826, 29.344566989489813], [32.42805126360424, 29.63833609362628], [32.52993119143143, 29.972545436050364], [32.40005128284368, 30.174689758498985], [32.28755136253957, 30.3690092136078], [32.28755136253957, 30.5144959597591], [32.2313014023876, 30.837020582397155], [32.28445136473581, 31.25927814644905]]]}, "properties": {"source": "TeleGeography", "layer": "cables", "cable_id": "red2med", "name": "Red2Med", "sector": "ict", "rfs_year": 2023, "rfs": "2023 Q1", "is_planned": false, "length_km": 420.0, "owners": "Telecom Egypt", "suppliers": "ASN", "url": "https://www.te.eg/interactivemap/#/the-digital-hub", "notes": null, "countries": ["Egypt"], "landing_total": 4, "landing_points": [{"id": "port-said-egypt", "name": "Port Said, Egypt", "country": "Egypt", "iso": "EG", "lon": 32.28445799999981, "lat": 31.259279, "tbd": false}, {"id": "ras-ghareb-egypt", "name": "Ras Ghareb, Egypt", "country": "Egypt", "iso": "EG", "lon": 33.082788999999806, "lat": 28.36590799999975, "tbd": false}, {"id": "suez-egypt", "name": "Suez, Egypt", "country": "Egypt", "iso": "EG", "lon": 32.53012931569517, "lat": 29.9722883988634, "tbd": false}, {"id": "zafarana-egypt", "name": "Zafarana, Egypt", "country": "Egypt", "iso": "EG", "lon": 32.649855793379736, "lat": 29.116686929125173, "tbd": false}], "raw_status": "in service", "dash_status": "operating", "map_url": "https://www.submarinecablemap.com/submarine-cable/red2med"}}, {"type": "Feature", "geometry": {"type": "MultiLineString", "coordinates": [[[55.33647030000018, -21.045262300000438], [54.95892964466648, -20.824682350205684], [53.90885639337331, -20.839909118415903], [51.80621090026917, -23.18985662156474], [47.700040444783745, -25.74212709449577], [44.98915396913622, -26.78539478930014], [38.6741916502968, -27.91659434139477], [33.78107002428003, -29.074394963309043], [32.89292207694332, -29.13953294145049], [31.757961738301827, -28.950559666538012]]]}, "properties": {"source": "TeleGeography", "layer": "cables", "cable_id": "reunion", "name": "ReuNION", "sector": "ict", "rfs_year": 2028, "rfs": "2028", "is_planned": true, "length_km": null, "owners": "Free Reunion (Telco OI), La R\u00e9union Connect\u00e9e, Orange, Zeop (incl. Reunicable)", "suppliers": "ASN", "url": null, "notes": null, "countries": ["R\u00e9union", "South Africa"], "landing_total": 2, "landing_points": [{"id": "saint-paul-runion", "name": "Saint Paul, R\u00e9union", "country": "R\u00e9union", "iso": "RE", "lon": 55.27913663758484, "lat": -21.000248532786777, "tbd": true}, {"id": "mtunzini-south-africa", "name": "Mtunzini, South Africa", "country": "South Africa", "iso": "ZA", "lon": 31.75786423777489, "lat": -28.950640880887153, "tbd": true}], "raw_status": "planned", "dash_status": "announced", "map_url": "https://www.submarinecablemap.com/submarine-cable/reunion"}}, {"type": "Feature", "geometry": {"type": "MultiLineString", "coordinates": [[[18.445861168718828, -33.72721819637743], [18.00006148452737, -34.11602012163193], [17.775061643919337, -34.85783936223576], [18.450061165743445, -36.3215277599179], [19.80006020939149, -37.401610748143824], [23.40005765911936, -37.401610748143824], [26.10005574641544, -36.3215277599179], [33.30005064587154, -30.30995334464681], [38.70004682046353, -28.743810281149894], [41.40004490775961, -28.743810281149894], [45.450041666655096, -28.743810607354384], [47.25004076356767, -27.95174728521976], [52.65003693815965, -23.08058350574764], [54.00003598180769, -20.995131543025785], [54.45003566302377, -20.574419057276128], [54.90003534423966, -20.36362554441106], [55.80003470667163, -20.36362554441106], [56.70003406910378, -20.574419057276128], [57.15003375031967, -20.574419057276128], [57.485483512684034, -20.473995660946287], [57.60003343153574, -20.679706953509093], [57.825033272143784, -20.995131543025785]], [[54.45003566302377, -20.574419057276128], [55.08647047710236, -20.72799460327698], [55.27923507561119, -21.000051587769306], [55.35003502545574, -20.784921868991052], [55.80003470667163, -20.574419057276128], [56.70003406910378, -20.784921868991052], [57.15003375031967, -20.995131543025785], [57.825033272143784, -20.995131543025785], [58.275032953359855, -20.574419057276128], [60.30003151883183, -18.880139975101173], [63.00002960612773, -14.571726491332546], [65.70002769342382, -11.943944931746815], [72.90002259287992, -8.401139048122838], [75.15002099895992, -6.616650693475355], [76.95001972382386, -3.029995968008661], [77.40001940503993, 0.568578852526193], [81.00001685476798, 1.468426767331968], [85.500013666928, -1.68111462680301], [90.00001047908802, -0.781332308789108], [92.70000856638391, 3.715978119298069], [94.27500745064, 4.713260444333049], [95.45328225426326, 5.818423043687448], [97.42500521915215, 5.733989114150127], [99.67500362523216, 5.398081130463647], [100.40982310408316, 5.368393581488473]], [[76.2695502058749, 9.93838642489319], [76.05002036139189, 9.52441134501949], [76.50002004260797, 4.164912849976942], [77.40001940503993, 0.568578852526193]], [[31.757961738301827, -28.950559666538012], [32.62505112404761, -29.52991296614913], [33.30005064587154, -30.30995334464681]]]}, "properties": {"source": "TeleGeography", "layer": "cables", "cable_id": "safe", "name": "SAFE", "sector": "ict", "rfs_year": 2002, "rfs": "2002 April", "is_planned": false, "length_km": 13500.0, "owners": "AT&T, Angola Telecom, BICS, Camtel, China Telecom, Chunghwa Telecom, Cogent, Ghana Telecommunications Company, KPN, Liquid Intelligent Technologies, Maroc Telecom, Mauritius Telecom, NATCOM (Nigeria), OPT, Orange, Orange Cote d\u2019Ivoire, PCCW, Singtel, Sonatel, Sparkle, Tata Communications, Telecom Namibia, Telefonica, Telekom Malaysia, Telkom South Africa, Telstra, Verizon, Vodafone", "suppliers": "SubCom", "url": null, "notes": null, "countries": ["India", "Malaysia", "Mauritius", "R\u00e9union", "South Africa"], "landing_total": 6, "landing_points": [{"id": "baie-jacotet-mauritius", "name": "Baie Jacotet, Mauritius", "country": "Mauritius", "iso": "MU", "lon": 57.48538507465786, "lat": -20.473998881300506, "tbd": false}, {"id": "saint-paul-runion", "name": "Saint Paul, R\u00e9union", "country": "R\u00e9union", "iso": "RE", "lon": 55.27913663758484, "lat": -21.000248532786777, "tbd": false}, {"id": "melkbosstrand-south-africa", "name": "Melkbosstrand, South Africa", "country": "South Africa", "iso": "ZA", "lon": 18.44576429319144, "lat": -33.72721429783116, "tbd": false}, {"id": "mtunzini-south-africa", "name": "Mtunzini, South Africa", "country": "South Africa", "iso": "ZA", "lon": 31.75786423777489, "lat": -28.950640880887153, "tbd": false}], "raw_status": "in service", "dash_status": "operating", "map_url": "https://www.submarinecablemap.com/submarine-cable/safe"}}, {"type": "Feature", "geometry": {"type": "MultiLineString", "coordinates": [[[-9.102749315587026, 38.4430794831419], [-9.22491922904077, 38.122730108392204], [-9.562418989952736, 37.23235432155614], [-9.899918750864702, 35.78566189952622], [-10.349918432080775, 33.93964008831966], [-12.82491667876882, 30.126049846722832], [-13.472831869789587, 28.161052262220792], [-14.849915244240792, 26.964304734562898], [-17.99991301275286, 22.884654113882444], [-19.34991205640081, 19.95262290516439], [-19.34991205640081, 15.018578573757472], [-19.34991205640081, 11.735650161405832], [-17.99991301275286, 8.635699417327467], [-13.499916200592752, 3.715978119298069], [-10.799918113296759, 1.018534216615524], [-3.599923213840749, 1.018534216615524], [-0.224925604720645, 1.481465914707545], [1.575073120143199, 2.592701464601932], [2.25007264196731, 2.929808880350098], [2.92507216379124, 4.164912849976942], [3.423511810692114, 6.439066911484626]], [[2.92507216379124, 4.164912849976942], [5.400070410479286, 2.817450442654169], [6.300069772911254, 2.592701464601932], [7.425068975951258, 1.468426767331968], [7.650068816559295, 0.34358628488916], [8.10006849777537, -4.825692499217419], [8.550068178991262, -6.616650693475355], [9.675067382031267, -10.620064860363238], [9.450067541423229, -18.026426383713453], [10.80006658507127, -23.49392244589784], [14.400064034799321, -30.30995334464681], [15.9750629190554, -32.61276000573574], [17.55006180331148, -33.64904537742418], [18.445861168718828, -33.72721819637743]], [[-17.445713405352947, 14.686594841994992], [-18.449912693968844, 15.018578573757472], [-19.34991205640081, 15.018578573757472]], [[-4.026242911831877, 5.323508791824841], [-3.937422974752714, 3.266814816815666], [-3.824923054448695, 2.367912558705407], [-3.699923142999785, 1.468426767331968], [-3.599923213840749, 1.018534216615524]], [[-0.204315619320974, 5.558285889905858], [-0.224925604720645, 3.279837005484997], [-0.224925604720645, 1.481465914707545]], [[9.706417359822684, 4.047345511205705], [9.225067700815375, 3.266814816815666], [8.10006849777537, 2.817450442654169], [6.300069772911254, 2.592701464601932]], [[13.372424762788773, -8.776668856663386], [12.600065309935387, -9.014619375760487], [11.700065947503239, -9.512401827330285], [9.675067382031267, -10.620064860363238]], [[-14.849915244240792, 26.964304734562898], [-15.862464526941396, 27.807911809695806], [-15.862464526941396, 27.94275199342137], [-15.699964642057815, 27.99976141196043]], [[2.25007264196731, 2.929808880350098], [2.025072801359273, 3.82823430332105], [2.025072801359273, 5.061986954416114], [2.440112507341202, 6.356673335458259]], [[7.650068816559295, 0.34358628488916], [8.550068178991262, 0.34358628488916], [9.454267538448212, 0.394465191855477]], [[-10.349918432080775, 33.93964008831966], [-8.54991970721675, 35.419780517080355], [-7.199920663568708, 36.33133835588799], [-6.42888120978034, 36.73129423644183]]]}, "properties": {"source": "TeleGeography", "layer": "cables", "cable_id": "sat-3wasc", "name": "SAT-3/WASC", "sector": "ict", "rfs_year": 2002, "rfs": "2002 April", "is_planned": false, "length_km": 14350.0, "owners": "AT&T, Altice Portugal, Angola Telecom, BICS, BT, Camtel, China Telecom, Chunghwa Telecom, Cogent, Cyta, Deutsche Telekom, Ghana Telecommunications Company, KPN, KT, Liquid Intelligent Technologies, Maroc Telecom, Mauritius Telecom, NATCOM (Nigeria), OPT, Orange, Orange Cote d\u2019Ivoire, PCCW, SBIN (La Soci\u00e9t\u00e9 B\u00e9ninoise d\u2019Infrastructures Num\u00e9riques), Singtel, Sparkle, Tata Communications, Telecom Namibia, Telekom Malaysia, Telkom South Africa, Telstra, Telxius, Verizon, Vodafone", "suppliers": "ASN", "url": null, "notes": null, "countries": ["Angola", "Benin", "Cameroon", "C\u00f4te d'Ivoire", "Gabon", "Ghana", "Nigeria", "Portugal", "Senegal", "South Africa", "Spain"], "landing_total": 12, "landing_points": [{"id": "cacuaco-angola", "name": "Cacuaco, Angola", "country": "Angola", "iso": "AO", "lon": 13.372330387259586, "lat": -8.776676133719656, "tbd": false}, {"id": "cotonou-benin", "name": "Cotonou, Benin", "country": "Benin", "iso": "BJ", "lon": 2.43991625688431, "lat": 6.356578143137007, "tbd": false}, {"id": "douala-cameroon", "name": "Douala, Cameroon", "country": "Cameroon", "iso": "CM", "lon": 9.70631735929773, "lat": 4.047149594894643, "tbd": false}, {"id": "abidjan-cte-divoire", "name": "Abidjan, C\u00f4te d'Ivoire", "country": "C\u00f4te d'Ivoire", "iso": "CI", "lon": -4.026241271803983, "lat": 5.323518612555771, "tbd": false}, {"id": "libreville-gabon", "name": "Libreville, Gabon", "country": "Gabon", "iso": "GA", "lon": 9.454364412783434, "lat": 0.394268790397072, "tbd": false}, {"id": "accra-ghana", "name": "Accra, Ghana", "country": "Ghana", "iso": "GH", "lon": -0.201097497196668, "lat": 5.558283401661053, "tbd": false}, {"id": "lagos-nigeria", "name": "Lagos, Nigeria", "country": "Nigeria", "iso": "NG", "lon": 3.423216341555379, "lat": 6.438874849613729, "tbd": false}, {"id": "dakar-senegal", "name": "Dakar, Senegal", "country": "Senegal", "iso": "SN", "lon": -17.451915354680473, "lat": 14.686597713745336, "tbd": false}, {"id": "melkbosstrand-south-africa", "name": "Melkbosstrand, South Africa", "country": "South Africa", "iso": "ZA", "lon": 18.44576429319144, "lat": -33.72721429783116, "tbd": false}], "raw_status": "in service", "dash_status": "operating", "map_url": "https://www.submarinecablemap.com/submarine-cable/sat-3wasc"}}, {"type": "Feature", "geometry": {"type": "MultiLineString", "coordinates": [[[37.21967786917097, 19.61556659454616], [37.58923757400337, 20.13043586514086], [38.10004724550894, 20.656013867895815], [39.18275647850768, 21.481533475502996]]]}, "properties": {"source": "TeleGeography", "layer": "cables", "cable_id": "saudi-arabia-sudan-1-sas-1", "name": "Saudi Arabia-Sudan-1 (SAS-1)", "sector": "ict", "rfs_year": 2003, "rfs": "2003 April", "is_planned": false, "length_km": 333.0, "owners": "Sudatel, The Arab Investment Company, center3", "suppliers": "ASN", "url": null, "notes": null, "countries": ["Saudi Arabia", "Sudan"], "landing_total": 2, "landing_points": [{"id": "port-sudan-sudan", "name": "Port Sudan, Sudan", "country": "Sudan", "iso": "SD", "lon": 37.219676774825814, "lat": 19.61556365090266, "tbd": false}], "raw_status": "in service", "dash_status": "operating", "map_url": "https://www.submarinecablemap.com/submarine-cable/saudi-arabia-sudan-1-sas-1"}}, {"type": "Feature", "geometry": {"type": "MultiLineString", "coordinates": [[[37.21967786917097, 19.61556659454616], [37.58923757400337, 20.236025167233485], [38.10004724550894, 20.796306105108872], [39.18275647850768, 21.481533475502996]]]}, "properties": {"source": "TeleGeography", "layer": "cables", "cable_id": "saudi-arabia-sudan-2-sas-2", "name": "Saudi Arabia-Sudan-2 (SAS-2)", "sector": "ict", "rfs_year": 2011, "rfs": "2011 July", "is_planned": false, "length_km": 330.0, "owners": "Sudatel, center3", "suppliers": null, "url": null, "notes": null, "countries": ["Saudi Arabia", "Sudan"], "landing_total": 2, "landing_points": [{"id": "port-sudan-sudan", "name": "Port Sudan, Sudan", "country": "Sudan", "iso": "SD", "lon": 37.219676774825814, "lat": 19.61556365090266, "tbd": false}], "raw_status": "in service", "dash_status": "operating", "map_url": "https://www.submarinecablemap.com/submarine-cable/saudi-arabia-sudan-2-sas-2"}}, {"type": "Feature", "geometry": {"type": "MultiLineString", "coordinates": [[[38.057480598067585, 22.066172634374052], [39.21518977793548, 21.494773132194442]], [[43.180426968924365, 11.608807305452311], [43.68247661326779, 11.804597919620866], [44.58247597569975, 11.9697778362716]], [[31.790395037729812, -28.938108319513333], [32.88248426408364, -29.026862190178257], [33.7824836265156, -28.731334165606242], [35.807482191987575, -26.940767064044092], [41.65747804779581, -23.68707917734726], [42.78247725083582, -20.561097385973355], [42.78247725083582, -15.210302528564313], [42.78247725023955, -14.84813082933909], [42.33247756961974, -11.930023974236281], [41.88247788840367, -9.276382018590148], [40.64497876505974, -6.155304105140356]], [[55.3824683248839, 15.032320749690347], [55.832468006099795, 12.629280326722103], [55.832468006099795, 9.538443559786772], [55.382468325479806, 5.524234439321599], [52.232470556371744, 1.482650691528387], [46.382474700563684, -2.116699612616721], [42.33247756961974, -4.362957099929003], [40.9824785259717, -5.707714823439762], [40.64497876505974, -6.155304105140356], [39.857479322335614, -6.565263959445051], [39.30210971636071, -6.809004030362613]], [[42.33247756961974, -4.362957099929003], [39.70532943071599, -4.038731181161849]], [[32.6130544549501, -25.955475388503118], [33.7824836265156, -26.53889211948715], [35.807482191987575, -26.940767064044092]], [[72.90833590939474, 19.08952099458581], [70.232457805012, 19.224110884087814], [66.63246035528395, 19.330303180397426], [61.90746370251589, 18.692125701453875], [58.98246577461195, 16.763395784717346], [55.3824683248839, 15.032320749690347], [48.632473106643694, 12.848741565417857], [45.48247533813172, 12.07980921311095], [44.58247597569975, 11.9697778362716], [43.73872657341975, 12.409630577439529], [43.37310183243171, 12.629280326722103], [43.28872689220368, 12.848741565417857], [43.119977011747785, 13.068011238315085], [42.726227290683674, 13.94311365796037], [42.219977649315815, 14.81491029925734], [41.20747836658065, 16.54783600485381], [40.19497908384366, 18.26532858133193], [38.8449800401958, 20.38837908615011], [38.057480598067585, 22.066172634374052], [36.81998147472256, 24.13560242446459], [35.807482191987575, 25.767518777408142], [35.13248267016364, 26.575239208943042], [34.288733267883636, 27.3773037156237], [33.47345884543558, 28.1735958463088], [32.64989110585475, 29.116661999999696]]]}, "properties": {"source": "TeleGeography", "layer": "cables", "cable_id": "seacomtata-tgn-eurasia", "name": "SEACOM/Tata TGN-Eurasia", "sector": "ict", "rfs_year": 2009, "rfs": "2009 July", "is_planned": false, "length_km": 15000.0, "owners": "SEACOM, Tata Communications", "suppliers": "SubCom", "url": "http://www.seacom.mu", "notes": "SEACOM owns the entire East African portion of the system and two fiber pairs between Egypt and India. Tata Communications owns two fiber pairs from Egypt to India and the branch to Jeddah, which the company refers to as TGN-Eurasia. Both SEACOM and Tata Communications own fiber pairs on TE North for connectivity across Egypt to Europe.", "countries": ["Djibouti", "Egypt", "India", "Kenya", "Mozambique", "Saudi Arabia", "South Africa", "Tanzania"], "landing_total": 8, "landing_points": [{"id": "djibouti-city-djibouti", "name": "Djibouti City, Djibouti", "country": "Djibouti", "iso": "DJ", "lon": 43.14799288765091, "lat": 11.594678044710776, "tbd": false}, {"id": "zafarana-egypt", "name": "Zafarana, Egypt", "country": "Egypt", "iso": "EG", "lon": 32.649855793379736, "lat": 29.116686929125173, "tbd": false}, {"id": "mombasa-kenya", "name": "Mombasa, Kenya", "country": "Kenya", "iso": "KE", "lon": 39.67280003701128, "lat": -4.053206761989876, "tbd": false}, {"id": "maputo-mozambique", "name": "Maputo, Mozambique", "country": "Mozambique", "iso": "MZ", "lon": 32.58061756117876, "lat": -25.968533089796413, "tbd": false}, {"id": "mtunzini-south-africa", "name": "Mtunzini, South Africa", "country": "South Africa", "iso": "ZA", "lon": 31.75786423777489, "lat": -28.950640880887153, "tbd": false}, {"id": "dar-es-salaam-tanzania", "name": "Dar Es Salaam, Tanzania", "country": "Tanzania", "iso": "TZ", "lon": 39.26967532258757, "lat": -6.823229228025631, "tbd": false}], "raw_status": "in service", "dash_status": "operating", "map_url": "https://www.submarinecablemap.com/submarine-cable/seacomtata-tgn-eurasia"}}, {"type": "Feature", "geometry": {"type": "MultiLineString", "coordinates": [[[101.25000250948806, 2.480311786858737], [101.70000219070414, 2.367912558705407], [102.220901821694, 2.273260323566543]], [[66.60002705585578, 19.95262290516439], [66.37502721524774, 20.375041253465433], [66.60002705585578, 23.298598065875897], [67.02854675228855, 24.889731701235817]], [[91.99482906593992, 21.42927456664916], [91.80000920395213, 19.95262290516439], [88.20001175422391, 13.492079936238724]], [[79.87208765380376, 6.927036656836354], [79.4250179705119, 5.957818681088533], [78.46194979910258, 4.807252410277582]], [[103.64609081207688, 1.338585852071497], [103.50000091556807, 1.229280895999666], [103.34065102845322, 1.299701188578927], [102.68279723997186, 1.698782263242901], [102.15000187192003, 2.03066189047467], [101.25000250948806, 2.480311786858737], [100.46250306736002, 3.266814816815666], [99.7875035455361, 4.613591578862773], [99.00000410340806, 5.286069860821008], [97.42500521915215, 6.405200795356032], [95.1507392515425, 8.766244922756538], [93.14492825119876, 9.52441134501949], [91.80000920395213, 10.41081650540272], [90.00001047908802, 12.395734000022975], [88.20001175422391, 13.492079936238724], [83.70001494206389, 13.929255692764443], [81.45001653598388, 13.273238157547594], [80.24298739105474, 13.06385310188338], [81.45001653598388, 11.073982781226615], [82.1250160560201, 9.52441134501949], [82.575015737236, 7.744852765542954], [82.35001589841602, 5.51002310933014], [81.00001685476798, 4.613591578862773], [78.69513048465001, 4.613591578862773], [76.39024411453221, 6.852191098754328], [74.19513367248999, 9.52441134501949], [72.84513462884213, 13.492128176464083], [72.2250230710558, 16.965102599435927], [72.87590260996693, 19.07607425728523]], [[7.755438741914387, 36.90282046530194], [7.875068657167333, 37.23235432155614], [7.987568577471261, 37.94551049545967], [8.10006849777537, 38.38775473578444]], [[9.867357245811593, 37.276816253475154], [9.675067382031267, 37.589786573603064], [9.000067859611436, 38.38775473578444]], [[13.358654772543574, 38.11612161658339], [13.05006499115128, 38.38775473578444], [12.600065309935387, 38.51986519151931], [12.150065628719313, 38.38775473578444], [10.348617229769278, 38.38775473578444], [9.000067859611436, 38.38775473578444], [8.10006849777537, 38.38775473578444], [7.650068816559295, 38.651811712711336], [6.187569852607326, 41.74435878948223], [5.372530429989069, 43.29362778902908]], [[39.18275647850768, 21.481533475502996], [39.26254642198353, 20.375041253465433], [40.61254546563157, 18.251816319028222], [41.62504474836765, 16.534196198259725], [42.4125441904955, 14.801154224791581], [42.918793831863546, 13.92930384327183], [43.20004363262354, 13.054150695298627], [43.31254355292765, 12.834868817846521], [43.39691849315569, 12.615395567393394], [43.81879319429551, 12.395734000022975], [44.55004267627159, 12.120896898039394], [45.450042038703735, 12.395734000022975], [48.60003980721571, 13.163718917913586], [55.35003502545574, 15.669513225155248], [58.95003247518379, 17.395022634700517], [62.55002992491184, 19.95262290516439], [66.60002705585578, 19.95262290516439], [70.20002450558383, 19.529070924350908], [72.87590260996693, 19.07607425728523]], [[62.55002992491184, 19.95262290516439], [62.55002992491184, 22.469443964829516], [59.85003183761575, 24.12261698700435], [58.50003279396771, 24.583819112323365], [56.92503390971164, 24.89034854048814], [56.33372432860119, 25.121690004958644]], [[100.06611334816643, 6.613518860854109], [100.0579133539753, 6.354447103901104], [99.99248340032653, 6.205536229871337], [99.67350362629472, 5.956366566270154], [99.00000410340806, 5.845915088460266], [97.42500521915215, 6.405200795356032]], [[29.8935130590948, 31.191465077638455], [30.825052399183495, 30.901396088515508], [31.387552000703497, 30.708097004575936], [31.9500516022235, 30.49024170709155], [32.287551363135464, 30.271897570624173], [32.52993119143143, 29.972545436050364]], [[12.150065628719313, 38.38775473578444], [12.262565549023423, 38.21117903702318], [12.262565549023423, 36.87321951208928], [12.273600696860054, 36.389404427280255], [12.642252779453505, 35.84291709297635], [14.415591366954907, 34.776285033076995], [16.624110734755995, 34.25341409729844], [19.279602673945632, 34.61921094546477], [22.049976930010512, 34.39634721320805], [25.238146034548574, 33.683386224796195], [28.649657890488538, 32.36444613424394], [29.8935130590948, 31.191465077638455], [30.825052399183495, 30.828970604876503], [31.387552000703497, 30.61132334760356], [31.9500516022235, 30.393250512072004], [32.287551363135464, 30.223305674181642], [32.54282118230001, 29.95909144105574], [32.59687614400701, 29.63833609362628], [32.76567602442743, 29.344566989489813], [33.04692582518743, 28.95155473219332], [33.52527548632113, 28.161052262220792], [34.48129980906351, 27.364667993860262], [35.43754913164762, 26.562513149236715], [36.22504857377548, 25.75470426341523], [37.237547856509735, 24.12261698700344], [38.47504697985549, 22.05298561667754], [39.18275647850768, 21.481533475502996]]]}, "properties": {"source": "TeleGeography", "layer": "cables", "cable_id": "seamewe-4", "name": "SeaMeWe-4", "sector": "ict", "rfs_year": 2005, "rfs": "2005 December", "is_planned": false, "length_km": 20000.0, "owners": "Algerie Telecom, Bangladesh Submarine Cable Company Limited (BSCCL), Bharti Airtel, National Telecom, Orange, Pakistan Telecommunications Company Ltd., Singtel, Sparkle, Sri Lanka Telecom, Tata Communications, Telecom Egypt, Telekom Malaysia, Tunisia Telecom, Verizon, center3, e&", "suppliers": "ASN, Fujitsu", "url": "https://www.seamewe4.net/", "notes": null, "countries": ["Algeria", "Bangladesh", "Egypt", "France", "India", "Italy", "Malaysia", "Pakistan", "Saudi Arabia", "Singapore", "Sri Lanka", "Thailand", "Tunisia", "United Arab Emirates"], "landing_total": 16, "landing_points": [{"id": "annaba-algeria", "name": "Annaba, Algeria", "country": "Algeria", "iso": "DZ", "lon": 7.755439835067562, "lat": 36.902343529231146, "tbd": false}, {"id": "alexandria-egypt", "name": "Alexandria, Egypt", "country": "Egypt", "iso": "EG", "lon": 29.889799154879793, "lat": 31.191886381300385, "tbd": false}, {"id": "suez-egypt", "name": "Suez, Egypt", "country": "Egypt", "iso": "EG", "lon": 32.53012931569517, "lat": 29.9722883988634, "tbd": false}, {"id": "bizerte-tunisia", "name": "Bizerte, Tunisia", "country": "Tunisia", "iso": "TN", "lon": 9.867352401468954, "lat": 37.276349513656555, "tbd": false}], "raw_status": "in service", "dash_status": "operating", "map_url": "https://www.submarinecablemap.com/submarine-cable/seamewe-4"}}, {"type": "Feature", "geometry": {"type": "MultiLineString", "coordinates": [[[42.95452380595619, 14.797809010241023], [42.75004395140765, 14.746763925028056], [42.35629423034354, 14.801154224791581]], [[59.366662179443516, 22.700003992423866], [59.51253207610789, 22.884654113882444], [59.85003183761575, 24.430271928050523]], [[43.16164365982675, 11.573660387694234], [43.65004331383962, 11.70798932055409], [44.55004267627159, 11.735650161405832]], [[80.53985718074962, 5.940820740520149], [81.00001685476798, 5.510071711803246], [82.80001557963192, 5.510071711803246], [85.500013666928, 6.405200795356032], [90.00001047908802, 7.29876275445952], [92.70000856638391, 6.852191098754328], [94.27500745064, 6.852191098754328], [95.40000665368001, 6.740481724921185], [97.42500521915215, 6.237476972533139], [98.77500426280001, 5.286069860821008], [99.56250370492806, 4.613591578862773], [100.3500031470561, 3.266814816815666], [101.25000250948806, 2.367912558705407], [102.15000187192003, 1.974446286104158], [102.68279723997186, 1.670619462234952], [103.34065102845322, 1.271608282704793], [103.50000091556807, 1.215271594284278], [103.64609081207688, 1.338585852071497]], [[5.930340034831254, 43.125291587014985], [6.300069772911254, 42.743713464436695], [6.525069613519291, 41.74435878948223], [8.10006849777537, 38.651811712711336], [8.325068338383225, 38.38775473578444], [9.000067859611436, 38.21117903702318], [10.348617229769278, 38.21117903702318], [10.91256650537538, 37.85673997565852], [12.150065627527512, 37.23235432155614], [12.150065628719313, 36.24065523321488], [12.487565389631278, 35.78566189952622], [12.99381503100241, 35.419780517080355], [14.400064034799321, 34.54413627297858], [16.65006244087933, 33.93964008831966], [19.350060528175415, 34.31215165223547], [22.050058614875596, 34.157137999942634], [25.200056383983473, 33.42476549736121], [27.900054471279375, 32.43331330641721], [29.70093319552029, 31.072270031660306], [29.98130299690349, 30.466024503890644], [30.375052717967602, 30.00434523699696], [31.050052239791533, 29.63833609362628], [31.72505176161546, 29.393587625053524], [32.17505144283154, 29.246411345890234], [32.65318110412008, 29.113614162980063], [33.46910052611805, 28.161052262220792], [34.42504984891155, 27.364667993860262], [35.35317419141958, 26.562513149236715], [36.11254865347155, 25.75470426341523], [37.12504793620581, 24.12261698700344], [38.36254705955156, 22.05298561667754], [39.1500465016796, 20.375041253465433], [40.500045545327644, 18.251816319028222], [41.51254482806354, 16.534196198259725], [42.35629423034354, 14.801154224791581], [42.86254387171158, 13.92930384327183], [43.17191865254765, 13.054150695298627], [43.29848106288953, 12.834868817846521], [43.38285600311756, 12.615395567393394], [43.53754339353551, 12.395734000022975], [44.55004267627159, 11.735650161405832], [45.450042038703735, 11.735650161405832], [48.60003980781179, 12.505588131780646], [55.35003502545574, 14.365653759228442], [58.95003247518379, 15.886035719079029], [60.975031038271794, 15.994209911785974], [65.75491565746178, 16.88633703423319], [70.65002418679991, 13.41205503289061], [72.10979915852461, 9.280734132427842], [74.30490960056683, 6.606897166243519], [76.95001972382386, 5.510071711803246], [79.65001781111994, 5.510071711803246], [80.53985718074962, 5.940820740520149]], [[29.70093319552029, 31.072270031660306], [29.98130299690349, 30.41748579633928], [30.375052717967602, 29.906873916731318], [31.050052239791533, 29.540507745394493], [31.72505176161546, 29.295522763665502], [32.17505144283154, 29.197363639715668], [32.65318110412008, 29.113614162980063]], [[65.75491565746178, 16.88633703423319], [63.45836261477361, 20.88077116880577], [63.22502944673577, 22.469443964829516], [59.85003183761575, 24.430271928050523], [58.50003279396771, 24.73717827217609], [56.92503390971164, 24.94136317175375], [56.33372432860119, 25.121690004958644]], [[67.02854675228855, 24.889731701235817], [65.25002801161183, 24.054148269801107], [63.22502944673577, 22.469443964829516]], [[90.11661039648769, 21.820818029820398], [90.90000984151999, 20.375041253465433], [91.80000920395213, 17.82393441253792], [91.80000920395213, 14.801154224791581], [90.4500101603039, 9.52441134501949], [90.22501031969605, 7.967776882259704], [90.00001047908802, 7.29876275445952]], [[102.220901821694, 2.273260323566543], [102.15000187192003, 1.974446286104158]], [[94.39121736831608, 16.85803225570866], [93.60000792881607, 16.965102599435927], [91.80000920395213, 17.82393441253792]], [[16.65006244087933, 33.93964008831966], [16.425050392653056, 34.649035185051616], [16.260905867940522, 35.801066734347735], [16.08756283935933, 36.87321951208928], [15.750063078447363, 37.32187222983504], [15.06744356202158, 37.51344748573393]], [[27.900054471279375, 32.43331330641721], [28.800053833711523, 34.31215165223547], [28.575053993103488, 36.1498667868178], [28.462554072799378, 36.51238821239364], [28.253574220842975, 36.85525019317097]], [[99.56250370492806, 4.613591578862773], [98.67598433294692, 3.752031394331533]], [[101.25000250948806, 2.367912558705407], [101.36255242975687, 2.143087178471855], [101.44766236946417, 1.665522797277061]], [[38.10697724059967, 24.070648010417838], [37.80004745803156, 24.01990020343248], [37.34051417738748, 24.03538146018735], [37.12504793620581, 24.12261698700344]]]}, "properties": {"source": "TeleGeography", "layer": "cables", "cable_id": "seamewe-5", "name": "SeaMeWe-5", "sector": "ict", "rfs_year": 2016, "rfs": "2016 December", "is_planned": false, "length_km": 20000.0, "owners": "Bangladesh Submarine Cable Company Limited (BSCCL), China Mobile, China Telecom, China Unicom, Djibouti Telecom, Myanmar Post and Telecommunication (MPT), Ooredoo, Orange, Singtel, Sparkle, Sri Lanka Telecom, TeleYemen, Telecom Egypt, Telekom Malaysia, Telkom Indonesia, Transworld, center3, du", "suppliers": "ASN, NEC", "url": null, "notes": "Yemen landing has not yet been activated.", "countries": ["Bangladesh", "Djibouti", "Egypt", "France", "Indonesia", "Italy", "Malaysia", "Myanmar", "Oman", "Pakistan", "Saudi Arabia", "Singapore", "Sri Lanka", "Turkey", "United Arab Emirates", "Yemen"], "landing_total": 18, "landing_points": [{"id": "haramous-djibouti", "name": "Haramous, Djibouti", "country": "Djibouti", "iso": "DJ", "lon": 43.16166943911836, "lat": 11.57367892559012, "tbd": false}, {"id": "abu-talat-egypt", "name": "Abu Talat, Egypt", "country": "Egypt", "iso": "EG", "lon": 29.702494600068096, "lat": 31.071848731738037, "tbd": false}, {"id": "zafarana-egypt", "name": "Zafarana, Egypt", "country": "Egypt", "iso": "EG", "lon": 32.649855793379736, "lat": 29.116686929125173, "tbd": false}], "raw_status": "in service", "dash_status": "operating", "map_url": "https://www.submarinecablemap.com/submarine-cable/seamewe-5"}}, {"type": "Feature", "geometry": {"type": "MultiLineString", "coordinates": [[[35.88754881405568, 24.12261698700344], [36.90004809500369, 24.361968609765935], [37.80004745803156, 24.32780311165181], [38.10697724059967, 24.070648010417838]], [[5.372530429989069, 43.29362778902908], [5.287570490175359, 41.74435878948223], [5.850070091695361, 38.651811712711336], [6.750069455319493, 37.94551049545967], [9.000067860207336, 37.411283634923244], [10.34861723036536, 37.411283634923244], [11.137566345387336, 37.23235432155614], [11.812565868412525, 35.419780517080355], [14.400064035395404, 33.565491482352044], [16.650062441475413, 32.62301664000789], [19.350060528771497, 33.001218522654476], [22.050058614875596, 33.174022096718055], [25.200056384579554, 32.43331330641721], [27.900054471875638, 31.766210259727007], [31.050052239195633, 31.798087367585257], [32.06255152193171, 31.510798430049064], [32.28445136473581, 31.25927814644905]], [[32.28445136473581, 31.25927814644905], [32.06255152193171, 30.837020582397155], [32.06255152193171, 30.07738596207985], [32.23124640063861, 29.63833609362628], [32.40005128284368, 29.082725788288755], [33.08276564295245, 28.365936333863583]], [[32.28445136473581, 31.25927814644905], [32.006301561779566, 30.837020582397155], [31.9500516016276, 30.07738596207985], [32.17500143988696, 29.63833609362628], [32.28755136253957, 29.082725788288755], [33.08276564295245, 28.365936333863583]], [[33.08276564295245, 28.365936333863583], [33.35680060388853, 28.161052262220792], [33.80630028723958, 27.364667993860262], [34.42504984950763, 26.562513149236715], [34.87504953131979, 25.75470426341523], [35.88754881405568, 24.12261698700344], [37.12504793739979, 22.05298561667754], [37.91254737952765, 20.375041253465433], [39.26254642257961, 18.251816319028222], [40.27504570531769, 16.534196198259725], [41.68129470911569, 14.801154224791581], [42.18754435048373, 13.92930384327183], [42.83441889223159, 13.054150695298627], [43.14379367306766, 12.834868817846521], [43.2281686132957, 12.615395567393394], [43.50941841345962, 12.395734000022975], [44.55004267627159, 11.018774999640526], [45.450042037511935, 10.963556857789316], [48.60003980661981, 11.735650161405832], [52.65003693696785, 12.72515592356304], [54.00003598299986, 13.054150695298627], [55.35003502307177, 13.273238157547594], [58.9500324733959, 15.018578573757472], [60.30003151883183, 15.669513225155248], [65.75491565746178, 16.45525448044254], [70.2549124696218, 13.25182881322956], [71.71468744134651, 9.199470523025733], [73.90979788338855, 6.525105259563287], [74.70002131714794, 5.659359572411489], [78.3000187674719, 3.491423322320592], [79.65001781052403, 2.967259208499635], [81.00001685476798, 2.592701464601932], [85.500013666928, 1.018588540518982], [90.00001047908802, 1.91828308225627], [92.70000856638391, 4.389285926050993], [94.27500745064, 5.385636447723476], [95.42107397406397, 6.138771009008069], [97.42500521915215, 5.510071711803246], [97.87500490036805, 5.286069860821008], [98.66250434249609, 4.613591578862773], [99.90000346584002, 3.266814816815666], [101.25000250948806, 2.03066189047467], [102.15000187192003, 1.524657538529121], [102.68279723997186, 1.41768673166663], [103.34065102845322, 1.074949758433191], [103.50000091556807, 1.144999057563372], [103.64609081207688, 1.338585852071497]], [[44.55004267627159, 11.018774999640526], [43.65004331383962, 11.399928123027385], [43.14799366949638, 11.594869371447825]], [[79.65001781052403, 2.967259208499635], [79.87501765113208, 3.191933974144809], [80.550017172956, 5.435413643888211], [80.53985718074962, 5.940820740520149]], [[101.25000250948806, 2.03066189047467], [101.4750023495002, 2.592701464601932], [101.44360237174425, 2.751228763607222]], [[90.00001047908802, 1.91828308225627], [90.90000984092408, 5.061986954416114], [91.35000952273606, 9.52441134501949], [92.70000856638391, 14.801154224791581], [92.70000856578802, 17.82393441253792], [92.02500904336819, 19.95262290516439], [91.99482906593992, 21.42927456664916]], [[74.70002131714794, 5.659359572411489], [74.25002163652778, 4.837826391986557], [73.54027200000027, 4.211916943627916]], [[70.2549124696218, 13.25182881322956], [71.1000238680158, 16.965102599435927], [72.87590260996693, 19.07607425728523]], [[65.75491565746178, 16.45525448044254], [65.47502785162398, 20.375041253465433], [66.15002737344808, 23.298598065875897], [67.02854675228855, 24.889731701235817]], [[85.500013666928, 1.018588540518982], [83.70001494146798, 5.510071711803246], [83.02501541964405, 7.744876956882131], [82.57501573842798, 9.52441134501949], [81.45001653598388, 11.515266158038768], [80.24298739105474, 13.06385310188338]], [[51.5193877385264, 25.294536999999895], [52.20003725694376, 26.05828756029904]], [[54.419075684956134, 24.443964572625426], [54.34014573908288, 24.872582666687173]], [[60.30003151883183, 15.669513225155248], [60.30003151883183, 19.104405475930452], [60.30003151883183, 22.469443964829516], [59.85003183761575, 23.09178547692239], [58.95003247518379, 23.65974644119216], [58.61253271367574, 23.81422051502533], [57.661372759507515, 24.420846844473278], [57.15003374972377, 25.348717422116714], [56.812533989407704, 26.1593079707739], [56.58753414879967, 26.512189502051797], [56.362534308191634, 26.512189502051797], [55.80003470667163, 26.1593079707739], [55.35003502545574, 25.855985466072205], [54.34014573908288, 24.872582666687173], [52.87503677817179, 25.450342946923914], [52.20003725694376, 26.05828756029904], [51.637537655423756, 26.36108632539156], [51.187537974207686, 26.461843796188983], [50.57595273852649, 26.229438]], [[58.61253271367574, 23.81422051502533], [58.40778285872253, 23.58412999999983]]]}, "properties": {"source": "TeleGeography", "layer": "cables", "cable_id": "seamewe-6", "name": "SeaMeWe-6", "sector": "ict", "rfs_year": 2027, "rfs": "2027", "is_planned": true, "length_km": 21700.0, "owners": "Bahrain Telecommunications Company (Batelco), Bangladesh Submarine Cable Company Limited (BSCCL), Bharti Airtel, China Unicom, Dhiraagu, Djibouti Telecom, Microsoft, Mobily, Orange, PCCW, Singtel, Sri Lanka Telecom, Telecom Egypt, Telekom Malaysia, Telin, Transworld", "suppliers": "SubCom", "url": null, "notes": "SeaMeWe-6's branch into the Gulf extends to Bahrain. The landings in Bahrain, Oman, Qatar, and the United Arab Emirates along with additional fiber pairs on the trunk from Bahrain to Oman are fully owned by Batelco, which the company refers to as Al Khaleej.  Airtel has privately owned pairs extending from Singapore to Chennai and Mumbai.", "countries": ["Bahrain", "Bangladesh", "Djibouti", "Egypt", "France", "India", "Malaysia", "Maldives", "Oman", "Pakistan", "Qatar", "Saudi Arabia", "Singapore", "Sri Lanka", "United Arab Emirates"], "landing_total": 17, "landing_points": [{"id": "djibouti-city-djibouti", "name": "Djibouti City, Djibouti", "country": "Djibouti", "iso": "DJ", "lon": 43.14799288765091, "lat": 11.594678044710776, "tbd": false}, {"id": "port-said-egypt", "name": "Port Said, Egypt", "country": "Egypt", "iso": "EG", "lon": 32.28445799999981, "lat": 31.259279, "tbd": false}, {"id": "ras-ghareb-egypt", "name": "Ras Ghareb, Egypt", "country": "Egypt", "iso": "EG", "lon": 33.082788999999806, "lat": 28.36590799999975, "tbd": false}], "raw_status": "planned", "dash_status": "under_construction", "map_url": "https://www.submarinecablemap.com/submarine-cable/seamewe-6"}}, {"type": "Feature", "geometry": {"type": "MultiLineString", "coordinates": [[[-17.445713405352947, 14.686594841994992], [-18.449912693968844, 14.5835116451186], [-22.499909824912876, 14.5835116451186], [-23.521209101414858, 14.923035560171673]]]}, "properties": {"source": "TeleGeography", "layer": "cables", "cable_id": "senegal-horn-of-africa-regional-express-share-cable", "name": "Senegal Horn of Africa Regional Express (SHARE) Cable", "sector": "ict", "rfs_year": 2023, "rfs": "2023 Q3", "is_planned": false, "length_km": 720.0, "owners": "S\u00e9n\u00e9gal Num\u00e9rique SA", "suppliers": "HMN Tech", "url": "https://senegalnumeriquesa.sn/", "notes": null, "countries": ["Cape Verde", "Senegal"], "landing_total": 2, "landing_points": [{"id": "praia-cape-verde", "name": "Praia, Cape Verde", "country": "Cape Verde", "iso": "CV", "lon": -23.521246992608987, "lat": 14.923010648471926, "tbd": false}, {"id": "dakar-senegal", "name": "Dakar, Senegal", "country": "Senegal", "iso": "SN", "lon": -17.451915354680473, "lat": 14.686597713745336, "tbd": false}], "raw_status": "in service", "dash_status": "operating", "map_url": "https://www.submarinecablemap.com/submarine-cable/senegal-horn-of-africa-regional-express-share-cable"}}, {"type": "Feature", "geometry": {"type": "MultiLineString", "coordinates": [[[39.269676416932725, -6.823132108349236], [40.500045545327644, -6.840100757612254], [42.75004395140765, -6.616650693475355], [52.20003725694376, -4.825692499217419], [54.00003598180769, -4.60145376483711], [55.44505495814286, -4.617611322442136]]]}, "properties": {"source": "TeleGeography", "layer": "cables", "cable_id": "seychelles-to-east-africa-system-seas", "name": "Seychelles to East Africa System (SEAS)", "sector": "ict", "rfs_year": 2012, "rfs": "2012 August", "is_planned": false, "length_km": 1930.0, "owners": "Seychelles Cable System Ltd.", "suppliers": "ASN", "url": null, "notes": null, "countries": ["Seychelles", "Tanzania"], "landing_total": 2, "landing_points": [{"id": "victoria-seychelles", "name": "Victoria, Seychelles", "country": "Seychelles", "iso": "SC", "lon": 55.445054488797076, "lat": -4.617612256899657, "tbd": false}, {"id": "dar-es-salaam-tanzania", "name": "Dar Es Salaam, Tanzania", "country": "Tanzania", "iso": "TZ", "lon": 39.26967532258757, "lat": -6.823229228025631, "tbd": false}], "raw_status": "in service", "dash_status": "operating", "map_url": "https://www.submarinecablemap.com/submarine-cable/seychelles-to-east-africa-system-seas"}}, {"type": "Feature", "geometry": {"type": "MultiLineString", "coordinates": [[[34.89486951608693, 29.492576422604227], [34.78439867969573, 29.296805502199817], [34.51762978332711, 28.313851747133643], [34.46137982377105, 27.9516384773656], [34.33400486710986, 27.911373381384173]]]}, "properties": {"source": "TeleGeography", "layer": "cables", "cable_id": "sharm-el-sheikhtaba", "name": "Sharm El Sheikh\u2013Taba", "sector": "ict", "rfs_year": 2027, "rfs": "2027 Q4", "is_planned": true, "length_km": 200.0, "owners": "Telecom Egypt", "suppliers": null, "url": null, "notes": null, "countries": ["Egypt"], "landing_total": 2, "landing_points": [{"id": "sharm-el-sheikh-egypt", "name": "Sharm el-Sheikh, Egypt", "country": "Egypt", "iso": "EG", "lon": 34.329721999999784, "lat": 27.912221999999666, "tbd": false}, {"id": "taba-egypt", "name": "Taba, Egypt", "country": "Egypt", "iso": "EG", "lon": 34.89487373423804, "lat": 29.492578054639665, "tbd": false}], "raw_status": "planned", "dash_status": "under_construction", "map_url": "https://www.submarinecablemap.com/submarine-cable/sharm-el-sheikhtaba"}}, {"type": "Feature", "geometry": {"type": "MultiLineString", "coordinates": [[[22.639118198176227, 32.76363502668908], [22.950057977903466, 33.565491482352044], [23.1750578185115, 35.419780517080355], [23.512557579423465, 35.740018263868535], [23.737557420031504, 35.740018263868535], [24.012167225495322, 35.512042558637575]]]}, "properties": {"source": "TeleGeography", "layer": "cables", "cable_id": "silphium", "name": "Silphium", "sector": "ict", "rfs_year": 2013, "rfs": "2013 January", "is_planned": false, "length_km": 425.0, "owners": "Libya International Telecommunications Company", "suppliers": "HMN Tech", "url": "http://www.litc.ly", "notes": null, "countries": ["Greece", "Libya"], "landing_total": 2, "landing_points": [{"id": "derna-libya", "name": "Derna, Libya", "country": "Libya", "iso": "LY", "lon": 22.639218353759222, "lat": 32.76355277517541, "tbd": false}], "raw_status": "in service", "dash_status": "operating", "map_url": "https://www.submarinecablemap.com/submarine-cable/silphium"}}, {"type": "Feature", "geometry": {"type": "MultiLineString", "coordinates": [[[-38.542968459859594, -3.718735129291092], [-35.99990026139302, -2.805287932307917], [-34.199901536529, -2.580536704984131], [-29.812404616687857, -3.142332683643806], [-19.799911737616885, -6.616650693475355], [-5.399921938704683, -8.401139048122838], [7.200069135343221, -9.068306003874412], [11.700065947503239, -9.068306003874412], [12.600065309935387, -9.198513131358409], [13.201440382068753, -9.49008098880628]]]}, "properties": {"source": "TeleGeography", "layer": "cables", "cable_id": "south-atlantic-cable-system-sacs", "name": "South Atlantic Cable System (SACS)", "sector": "ict", "rfs_year": 2018, "rfs": "2018 September", "is_planned": false, "length_km": 6165.0, "owners": "Angola Cables", "suppliers": "NEC", "url": "https://www.angolacables.co.ao/", "notes": null, "countries": ["Angola", "Brazil"], "landing_total": 2, "landing_points": [{"id": "sangano-angola", "name": "Sangano, Angola", "country": "Angola", "iso": "AO", "lon": 13.201444277847978, "lat": -9.490068430331165, "tbd": false}], "raw_status": "in service", "dash_status": "operating", "map_url": "https://www.submarinecablemap.com/submarine-cable/south-atlantic-cable-system-sacs"}}, {"type": "Feature", "geometry": {"type": "MultiLineString", "coordinates": [[[-38.542968459859594, -3.718735129291092], [-35.99990026139302, -2.580536704984131], [-34.199901536529, -2.130918480960333], [-25.19990791220887, -1.906058394384765], [-10.799918113296759, -2.805287932307917], [-3.599923213840749, -2.805287932307917], [0.450073917103194, -1.081346446098796], [6.300069772911254, 1.918228780215599], [8.10006849777537, 2.480311786858737], [9.000067860207336, 2.592701464601932], [9.91022721544214, 2.933124533518602]]]}, "properties": {"source": "TeleGeography", "layer": "cables", "cable_id": "south-atlantic-inter-link-sail", "name": "South Atlantic Inter Link (SAIL)", "sector": "ict", "rfs_year": 2020, "rfs": "2020", "is_planned": false, "length_km": 5800.0, "owners": "Camtel, China Unicom", "suppliers": "HMN Tech", "url": null, "notes": null, "countries": ["Brazil", "Cameroon"], "landing_total": 2, "landing_points": [{"id": "kribi-cameroon", "name": "Kribi, Cameroon", "country": "Cameroon", "iso": "CM", "lon": 9.910418777210333, "lat": 2.932917598068574, "tbd": false}], "raw_status": "in service", "dash_status": "operating", "map_url": "https://www.submarinecablemap.com/submarine-cable/south-atlantic-inter-link-sail"}}, {"type": "Feature", "geometry": {"type": "MultiLineString", "coordinates": [[[30.88039235938437, -30.05771707645661], [32.40005128343957, -30.018154882677354], [38.70004682046353, -28.348517239947288], [45.00004235748766, -27.15383128539156], [47.700040444783745, -25.94623071841455], [52.20003725575196, -23.08058350574764], [54.675035502439826, -21.623977662097285], [55.350035024859835, -21.79817640109735], [56.02503454668376, -21.79817640109735], [56.70003406791198, -20.995131543025785], [57.15003375031967, -20.679706953509093], [57.485483512684034, -20.473995660946287]]]}, "properties": {"source": "TeleGeography", "layer": "cables", "cable_id": "t3", "name": "T3", "sector": "ict", "rfs_year": 2023, "rfs": "2023 Q4", "is_planned": false, "length_km": 3200.0, "owners": "Liquid Intelligent Technologies, Mauritius Telecom", "suppliers": "ASN", "url": null, "notes": null, "countries": ["Mauritius", "South Africa"], "landing_total": 2, "landing_points": [{"id": "baie-jacotet-mauritius", "name": "Baie Jacotet, Mauritius", "country": "Mauritius", "iso": "MU", "lon": 57.48538507465786, "lat": -20.473998881300506, "tbd": false}, {"id": "amanzimtoti-south-africa", "name": "Amanzimtoti, South Africa", "country": "South Africa", "iso": "ZA", "lon": 30.88039000000108, "lat": -30.057720000000288, "tbd": false}], "raw_status": "in service", "dash_status": "operating", "map_url": "https://www.submarinecablemap.com/submarine-cable/t3"}}, {"type": "Feature", "geometry": {"type": "MultiLineString", "coordinates": [[[34.89486951608693, 29.492576422604227], [34.95097447634171, 29.512254681383798], [35.005095000000225, 29.581033231032787]]]}, "properties": {"source": "TeleGeography", "layer": "cables", "cable_id": "taba-aqaba", "name": "Taba-Aqaba", "sector": "ict", "rfs_year": 1998, "rfs": "1998", "is_planned": false, "length_km": 13.0, "owners": "National Electric Power Company of Jordan", "suppliers": null, "url": null, "notes": null, "countries": ["Egypt", "Jordan"], "landing_total": 2, "landing_points": [{"id": "taba-egypt", "name": "Taba, Egypt", "country": "Egypt", "iso": "EG", "lon": 34.89487373423804, "lat": 29.492578054639665, "tbd": false}], "raw_status": "in service", "dash_status": "operating", "map_url": "https://www.submarinecablemap.com/submarine-cable/taba-aqaba"}}, {"type": "Feature", "geometry": {"type": "MultiLineString", "coordinates": [[[5.372530429989069, 43.29362778902908], [6.075069932303216, 41.74435878948223], [7.425068975951258, 38.651811712711336], [8.10006849777537, 37.94551049545967], [9.000067859611436, 37.85673997565852], [10.348617229769278, 37.85673997565852], [10.91256650537538, 37.50058844605323], [11.700065946311437, 37.23235432155614], [11.812565867807347, 36.24065523321488], [12.262565549023423, 35.78566189952622], [12.656315270092444, 35.419780517080355], [14.400064034799321, 34.265677526524286], [16.65006244087933, 33.565491482352044], [19.350060528175415, 33.93964008831966], [22.050058614875596, 33.87739543625145], [25.200056383983473, 33.14262853088797], [27.900054471279375, 32.243210016262736], [29.70093319552029, 31.072270031660306]], [[27.900054471279375, 32.243210016262736], [30.60005255857546, 32.43331330641721], [32.40005128343957, 33.189714664600466], [33.41255056617547, 34.49779087043369], [33.61060042587536, 34.82728147271538]], [[8.10006849777537, 37.94551049545967], [7.987568577471261, 37.23235432155614], [7.755438741914387, 36.90282046530194]]]}, "properties": {"source": "TeleGeography", "layer": "cables", "cable_id": "te-northtgn-eurasiaseacomalexandrosmedex", "name": "TE North/TGN-Eurasia/SEACOM/Alexandros/Medex", "sector": "ict", "rfs_year": 2011, "rfs": "2011 July", "is_planned": false, "length_km": 3634.0, "owners": "Algerie Telecom, Cyta, PCCW, SEACOM, Tata Communications, Telecom Egypt", "suppliers": "ASN", "url": "https://www.te.eg/wps/portal/te/Business/Wholesale/", "notes": "Telecom Egypt operates TE North, but has sold fiber pairs to several parties. Tata Communications owns one fiber pair on the cable which the company refers to as TGN-Eurasia. SEACOM owns one fiber pair. Cyta owns one fiber pair and whollly-owns the branch to Cyprus which the company refers to as Alexandros. PCCW and Algerie Telecom operate a branch to Algeria called Medex.", "countries": ["Algeria", "Cyprus", "Egypt", "France"], "landing_total": 4, "landing_points": [{"id": "annaba-algeria", "name": "Annaba, Algeria", "country": "Algeria", "iso": "DZ", "lon": 7.755439835067562, "lat": 36.902343529231146, "tbd": false}, {"id": "abu-talat-egypt", "name": "Abu Talat, Egypt", "country": "Egypt", "iso": "EG", "lon": 29.702494600068096, "lat": 31.071848731738037, "tbd": false}], "raw_status": "in service", "dash_status": "operating", "map_url": "https://www.submarinecablemap.com/submarine-cable/te-northtgn-eurasiaseacomalexandrosmedex"}}, {"type": "Feature", "geometry": {"type": "MultiLineString", "coordinates": [[[39.672896131288006, -4.052924364763054], [42.30004427019158, -4.60145376483711], [46.57504124174374, -2.35574573664619], [53.10003661937573, 1.468426767331968], [56.25003438848378, 5.510071711803246], [57.60003343153574, 9.52441134501949], [62.10003024369576, 15.669513225155248], [63.00002960612773, 20.796306105108872], [63.00002960612773, 22.469443964829516], [59.85003183761575, 24.32780311165363], [58.50003279396771, 24.660522249648846], [56.92503390971164, 24.915858493558826], [56.33372432860119, 25.121690004958644]]]}, "properties": {"source": "TeleGeography", "layer": "cables", "cable_id": "the-east-african-marine-system-teams", "name": "The East African Marine System (TEAMS)", "sector": "ict", "rfs_year": 2009, "rfs": "2009 October", "is_planned": false, "length_km": 5054.0, "owners": "TEAMS Ltd., e&", "suppliers": "ASN", "url": null, "notes": null, "countries": ["Kenya", "United Arab Emirates"], "landing_total": 2, "landing_points": [{"id": "mombasa-kenya", "name": "Mombasa, Kenya", "country": "Kenya", "iso": "KE", "lon": 39.67280003701128, "lat": -4.053206761989876, "tbd": false}], "raw_status": "in service", "dash_status": "operating", "map_url": "https://www.submarinecablemap.com/submarine-cable/the-east-african-marine-system-teams"}}, {"type": "Feature", "geometry": {"type": "MultiLineString", "coordinates": [[[23.960407262162704, 32.07985133144836], [24.300057021551506, 32.243210016262736], [24.975056543375437, 32.052708023486204], [25.087356463821255, 31.761227937714725]]]}, "properties": {"source": "TeleGeography", "layer": "cables", "cable_id": "tobrok-emasaed-cable-system", "name": "Tobrok-Emasaed Cable System", "sector": "ict", "rfs_year": 2010, "rfs": "2010 October", "is_planned": false, "length_km": 178.0, "owners": "Libya International Telecommunications Company", "suppliers": "HMN Tech", "url": null, "notes": null, "countries": ["Libya"], "landing_total": 2, "landing_points": [{"id": "el-quawef-libya", "name": "El-Quawef, Libya", "country": "Libya", "iso": "LY", "lon": 25.08736115072189, "lat": 31.760813307797136, "tbd": false}, {"id": "tobruk-libya", "name": "Tobruk, Libya", "country": "Libya", "iso": "LY", "lon": 23.960311167883617, "lat": 32.079604155442446, "tbd": false}], "raw_status": "in service", "dash_status": "operating", "map_url": "https://www.submarinecablemap.com/submarine-cable/tobrok-emasaed-cable-system"}}, {"type": "Feature", "geometry": {"type": "MultiLineString", "coordinates": [[[6.733269466028674, 0.333286471885964], [6.875069365576238, 0.118588418888312], [6.750069454127329, -0.331409329660265], [5.650070233377106, -1.231315750217412], [5.636870242728203, -1.435160298356025]]]}, "properties": {"source": "TeleGeography", "layer": "cables", "cable_id": "ultramar-ge", "name": "Ultramar GE", "sector": "ict", "rfs_year": 2023, "rfs": "2023 March", "is_planned": false, "length_km": 263.0, "owners": "GITGE (Gestor de Infraestructuras de Telecomunicaciones de Guinea Ecuatorial)", "suppliers": "ASN", "url": "https://gitge.com/en/home/", "notes": null, "countries": ["Equatorial Guinea", "Sao Tome and Principe"], "landing_total": 2, "landing_points": [{"id": "annobon-equatorial-guinea", "name": "Annobon, Equatorial Guinea", "country": "Equatorial Guinea", "iso": "GQ", "lon": 5.636850199935443, "lat": -1.435134530086755, "tbd": false}, {"id": "sao-tome-sao-tome-and-principe", "name": "Sao Tome, Sao Tome and Principe", "country": "Sao Tome and Principe", "iso": "ST", "lon": 6.733297177107941, "lat": 0.333291349734918, "tbd": false}], "raw_status": "in service", "dash_status": "operating", "map_url": "https://www.submarinecablemap.com/submarine-cable/ultramar-ge"}}, {"type": "Feature", "geometry": {"type": "MultiLineString", "coordinates": [[[115.74022000000038, -32.537020895712736], [113.84999358353615, -31.85146566557725], [89.10001111606014, -30.568602759492247], [45.450041666655096, -29.52991296614913], [38.70004682046353, -29.52991296614913], [33.30005064587154, -30.115516969775936], [32.40005128343957, -30.115516969775936], [30.88039235938437, -30.05771707645661]]]}, "properties": {"source": "TeleGeography", "layer": "cables", "cable_id": "umoja", "name": "Umoja", "sector": "ict", "rfs_year": 2028, "rfs": "2028", "is_planned": true, "length_km": null, "owners": "Google", "suppliers": "SubCom", "url": "https://cloud.google.com", "notes": null, "countries": ["Australia", "South Africa"], "landing_total": 2, "landing_points": [{"id": "amanzimtoti-south-africa", "name": "Amanzimtoti, South Africa", "country": "South Africa", "iso": "ZA", "lon": 30.88039000000108, "lat": -30.057720000000288, "tbd": true}], "raw_status": "planned", "dash_status": "announced", "map_url": "https://www.submarinecablemap.com/submarine-cable/umoja"}}, {"type": "Feature", "geometry": {"type": "MultiLineString", "coordinates": [[[12.140879999999665, -5.23096999999984], [11.700065946907337, -5.572600905016464], [11.475066106299483, -5.796494123130956], [11.475066106299483, -6.691145450676395], [11.812565867211447, -7.361072141347045], [12.37506546873145, -7.361072141347045], [12.866666670000518, -7.233333333000319]], [[12.189865599928956, -5.556576787346708], [11.925065787515376, -5.628582347656142], [11.812565867211447, -5.796494123130956], [11.812565867211447, -6.132166432128699], [12.150065628123413, -6.188091595867881], [12.352065485024923, -6.141015427762568]]]}, "properties": {"source": "TeleGeography", "layer": "cables", "cable_id": "unitel-north-submarine-cable-unsc", "name": "Unitel North Submarine Cable (UNSC)", "sector": "ict", "rfs_year": 2023, "rfs": "2023 January", "is_planned": false, "length_km": 1145.0, "owners": "Unitel (Angola)", "suppliers": "HMN Tech", "url": "http://www.unitel.ao", "notes": null, "countries": ["Angola"], "landing_total": 4, "landing_points": [{"id": "cabinda-angola", "name": "Cabinda, Angola", "country": "Angola", "iso": "AO", "lon": 12.1898399999998, "lat": -5.556549000000163, "tbd": false}, {"id": "cacongo-angola", "name": "Cacongo, Angola", "country": "Angola", "iso": "AO", "lon": 12.140879999999665, "lat": -5.23096999999984, "tbd": false}, {"id": "nzeto-angola", "name": "N'zeto, Angola", "country": "Angola", "iso": "AO", "lon": 12.866666670000518, "lat": -7.233333333000319, "tbd": false}, {"id": "soyo-angola", "name": "Soyo, Angola", "country": "Angola", "iso": "AO", "lon": 12.352114999999813, "lat": -6.141026000001154, "tbd": false}], "raw_status": "in service", "dash_status": "operating", "map_url": "https://www.submarinecablemap.com/submarine-cable/unitel-north-submarine-cable-unsc"}}, {"type": "Feature", "geometry": {"type": "MultiLineString", "coordinates": [[[-16.199914287888834, 27.76358852605777], [-15.74991460667276, 27.564309487941923], [-15.46866480591276, 27.564309487941923], [-15.299914925456777, 27.663994423747], [-15.299914925456777, 27.813351446514346], [-15.39874485544474, 27.959394261046018]], [[-23.521209101414858, 14.923035560171673], [-22.499909824912876, 15.018578573757472], [-20.24991141883287, 15.018578573757472]], [[-4.026242911831877, 5.323508791824841], [-4.162422815360751, 3.266814816815666], [-4.274922735664679, 2.367912558705407], [-4.14992282421577, 1.468426767331968], [-3.599923213840749, -0.781386636225587]], [[-0.204315619320974, 5.558285889905858], [0.225074076495339, 3.279837005484997], [0.225074076495339, 0.13163185678509]], [[-9.107439312264662, 38.642658330346336], [-9.449919069648717, 38.29952060596925], [-11.024917953904795, 36.51238821239364], [-11.924917316336764, 35.419780517080355], [-13.499916200592752, 32.052708023486204], [-14.624915403632755, 30.5144959597591], [-15.299914925456777, 28.95155473219332], [-16.199914287888834, 27.76358852605777], [-17.99991301275286, 24.94136317175375], [-18.899912375184826, 22.884654113882444], [-20.24991141883287, 19.95262290516439], [-20.24991141883287, 15.23578178303578], [-20.24991141883287, 11.735650161405832], [-18.899912375184826, 8.635699417327467], [-14.399915563024809, 2.817450442654169], [-10.799918113296759, -0.781386636225587], [-3.599923213840749, -0.781386636225587], [0.225074076495339, 0.13163185678509], [1.575073120143199, 1.35596103499925], [2.25007264196731, 2.03066189047467], [4.500071048047319, 0.118588418888312], [6.300069772911254, -1.231315750217412], [7.650068816559295, -4.825692499217419], [8.10006849777537, -6.616650693475355], [9.000067860207336, -10.620064860363238], [8.550068178991262, -18.026426383713453], [9.900067222639304, -23.49392244589784], [13.950064353583429, -30.30995334464681], [15.750063078447363, -32.61276000573574], [16.65006244087933, -33.27363077142247], [18.15553137439108, -33.348058456467676]], [[1.227803366152544, 6.126307297218732], [1.46257319924337, 5.061986954416114], [3.375071845007315, 4.164912849976942]], [[3.423511810692114, 6.439066911484626], [3.375071845007315, 4.164912849976942], [2.25007264196731, 2.03066189047467]], [[4.500071048047319, 0.118588418888312], [6.300069772911254, 1.693340822791726], [8.10006849777537, 2.367912558705407], [9.000067860207336, 3.266814816815666], [9.208657712440504, 4.014706479784149]], [[10.80006658507127, -5.945707155070644], [11.250066265691444, -5.236602021940458], [11.863635831629022, -4.77878776891936]], [[9.000067860207336, -10.620064860363238], [11.700065947503239, -9.29042430103552], [12.600065309935387, -9.29042430103552], [13.201440382068753, -9.49008098880628]], [[12.349965487108514, -5.933373731471328], [10.80006658507127, -5.945707155070644], [8.10006849777537, -6.616650693475355]], [[14.533463940297649, -22.68542973223072], [13.05006499115128, -22.873434953546333], [9.900067222639304, -23.49392244589784]]]}, "properties": {"source": "TeleGeography", "layer": "cables", "cable_id": "west-africa-cable-system-wacs", "name": "West Africa Cable System (WACS)", "sector": "ict", "rfs_year": 2012, "rfs": "2012 May", "is_planned": false, "length_km": 14530.0, "owners": "Altice Portugal, Angola Cables, Bayobab, Broadband Infraco, Camtel, Cape Verde Telecom, Congo Telecom, Liquid Intelligent Technologies, Office Congolais de Poste et T\u00e9l\u00e9communication, PCCW, Tata Communications, Telecom Namibia, Telkom South Africa, Togo Telecom, Vodacom DRC, Vodafone, Vodafone Espana, Vodafone Ghana", "suppliers": "ASN", "url": "https://wacscable.com/", "notes": "The cable provides connectivity from Portugal to the United Kingdom via dedicated fiber pairs on an existing cable.", "countries": ["Angola", "Cameroon", "Cape Verde", "Congo, Dem. Rep.", "Congo, Rep.", "C\u00f4te d'Ivoire", "Ghana", "Namibia", "Nigeria", "Portugal", "South Africa", "Spain", "Togo"], "landing_total": 13, "landing_points": [{"id": "sangano-angola", "name": "Sangano, Angola", "country": "Angola", "iso": "AO", "lon": 13.201444277847978, "lat": -9.490068430331165, "tbd": false}, {"id": "limbe-cameroon", "name": "Limbe, Cameroon", "country": "Cameroon", "iso": "CM", "lon": 9.208466149480143, "lat": 4.014515699202046, "tbd": false}, {"id": "praia-cape-verde", "name": "Praia, Cape Verde", "country": "Cape Verde", "iso": "CV", "lon": -23.521246992608987, "lat": 14.923010648471926, "tbd": false}, {"id": "muanda-congo-dem-rep-", "name": "Muanda, Congo, Dem. Rep.", "country": "Congo, Dem. Rep.", "iso": "CD", "lon": 12.349870174080092, "lat": -5.933359258652115, "tbd": false}, {"id": "pointe-noire-congo-rep-", "name": "Pointe-Noire, Congo, Rep.", "country": "Congo, Rep.", "iso": "CG", "lon": 11.863640049779946, "lat": -4.779091572143155, "tbd": false}, {"id": "abidjan-cte-divoire", "name": "Abidjan, C\u00f4te d'Ivoire", "country": "C\u00f4te d'Ivoire", "iso": "CI", "lon": -4.026241271803983, "lat": 5.323518612555771, "tbd": false}, {"id": "accra-ghana", "name": "Accra, Ghana", "country": "Ghana", "iso": "GH", "lon": -0.201097497196668, "lat": 5.558283401661053, "tbd": false}, {"id": "swakopmund-namibia", "name": "Swakopmund, Namibia", "country": "Namibia", "iso": "NA", "lon": 14.528091287257743, "lat": -22.678326281671723, "tbd": false}, {"id": "lagos-nigeria", "name": "Lagos, Nigeria", "country": "Nigeria", "iso": "NG", "lon": 3.423216341555379, "lat": 6.438874849613729, "tbd": false}, {"id": "yzerfontein-south-africa", "name": "Yzerfontein, South Africa", "country": "South Africa", "iso": "ZA", "lon": 18.15553012379608, "lat": -33.34822369818516, "tbd": false}, {"id": "lome-togo", "name": "Lome, Togo", "country": "Togo", "iso": "TG", "lon": 1.227807740553492, "lat": 6.126007437636297, "tbd": false}], "raw_status": "in service", "dash_status": "operating", "map_url": "https://www.submarinecablemap.com/submarine-cable/west-africa-cable-system-wacs"}}]}